threshold,tp,tn,fp,fn,n,positives,negatives,flagged,passed,recall,specificity,fpr,fnr,precision,npv,accuracy,f1,recall_lo,recall_hi,fpr_lo,fpr_hi
0.49940047961630696,54,453,399,0,906,54,852,453,453,1.0,0.5316901408450704,0.46830985915492956,0.0,0.11920529801324503,1.0,0.5596026490066225,0.21301775147928995,1.0,1.0,0.43786805299963194,0.5005820721769499
0.5030706305715863,54,454,398,0,906,54,852,452,454,1.0,0.5328638497652582,0.4671361502347418,0.0,0.11946902654867257,1.0,0.5607064017660044,0.2134387351778656,1.0,1.0,0.43720196696370356,0.49883734388458223
0.5057390701854748,54,455,397,0,906,54,852,451,455,1.0,0.534037558685446,0.465962441314554,0.0,0.1197339246119734,1.0,0.5618101545253863,0.21386138613861386,1.0,1.0,0.43668472372697725,0.4969921155579709
0.5070784537783307,54,456,396,0,906,54,852,450,456,1.0,0.5352112676056338,0.4647887323943662,0.0,0.12,1.0,0.5629139072847682,0.21428571428571427,1.0,1.0,0.43566184033018557,0.4959254947613504
0.5073025649730271,54,458,394,0,906,54,852,448,458,1.0,0.5375586854460094,0.4624413145539906,0.0,0.12053571428571429,1.0,0.565121412803532,0.2151394422310757,1.0,1.0,0.4340684899725003,0.4927365161245043
0.5079541035874963,54,459,393,0,906,54,852,447,459,1.0,0.5387323943661971,0.4612676056338028,0.0,0.12080536912751678,1.0,0.5662251655629139,0.2155688622754491,1.0,1.0,0.43317863278161045,0.4912753300053274
0.5091296990751633,54,460,392,0,906,54,852,446,460,1.0,0.539906103286385,0.460093896713615,0.0,0.1210762331838565,1.0,0.5673289183222958,0.216,1.0,1.0,0.4320550466449365,0.48997316304510247
0.5113537025598626,54,461,391,0,906,54,852,445,461,1.0,0.5410798122065728,0.45892018779342725,0.0,0.12134831460674157,1.0,0.5684326710816777,0.21643286573146292,1.0,1.0,0.43144091208972457,0.4881803659842098
0.5124093953995836,54,462,390,0,906,54,852,444,462,1.0,0.5422535211267606,0.45774647887323944,0.0,0.12162162162162163,1.0,0.5695364238410596,0.21686746987951808,1.0,1.0,0.43107220692015125,0.4863590515698372
0.5126353790613718,54,462,390,0,906,54,852,444,462,1.0,0.5422535211267606,0.45774647887323944,0.0,0.12162162162162163,1.0,0.5695364238410596,0.21686746987951808,1.0,1.0,0.43107220692015125,0.4863590515698372
0.5131279290370468,54,464,388,0,906,54,852,442,464,1.0,0.5446009389671361,0.45539906103286387,0.0,0.12217194570135746,1.0,0.5717439293598234,0.21774193548387097,1.0,1.0,0.42823414347596744,0.4846353775552774
0.5132211538461539,54,464,388,0,906,54,852,442,464,1.0,0.5446009389671361,0.45539906103286387,0.0,0.12217194570135746,1.0,0.5717439293598234,0.21774193548387097,1.0,1.0,0.42823414347596744,0.4846353775552774
0.5145192116983105,54,467,385,0,906,54,852,439,467,1.0,0.5481220657276995,0.4518779342723005,0.0,0.12300683371298406,1.0,0.5750551876379691,0.21906693711967545,1.0,1.0,0.42333883241977543,0.4812123346137431
0.5158888360682189,54,468,384,0,906,54,852,438,468,1.0,0.5492957746478874,0.4507042253521127,0.0,0.1232876712328767,1.0,0.5761589403973509,0.21951219512195122,1.0,1.0,0.42325361482214524,0.4788781526367507
0.517093345661848,54,469,383,0,906,54,852,437,469,1.0,0.5504694835680751,0.4495305164319249,0.0,0.12356979405034325,1.0,0.5772626931567328,0.219959266802444,1.0,1.0,0.42183771526751107,0.47847001094754626
0.5175332527206772,54,469,383,0,906,54,852,437,469,1.0,0.5504694835680751,0.4495305164319249,0.0,0.12356979405034325,1.0,0.5772626931567328,0.219959266802444,1.0,1.0,0.42183771526751107,0.47847001094754626
0.5180559749534083,54,472,380,0,906,54,852,434,472,1.0,0.5539906103286385,0.4460093896713615,0.0,0.12442396313364056,1.0,0.5805739514348786,0.22131147540983606,1.0,1.0,0.41784037558685444,0.47630204703535167
0.5223361526056975,54,473,379,0,906,54,852,433,473,1.0,0.5551643192488263,0.4448356807511737,0.0,0.12471131639722864,1.0,0.5816777041942605,0.22176591375770022,1.0,1.0,0.41609154642536883,0.47548518559387726
0.5267192196494117,54,475,377,0,906,54,852,431,475,1.0,0.5575117370892019,0.4424882629107981,0.0,0.12529002320185614,1.0,0.5838852097130243,0.22268041237113403,1.0,1.0,0.4154925385647217,0.4711459036698578
0.528415961305925,54,475,377,0,906,54,852,431,475,1.0,0.5575117370892019,0.4424882629107981,0.0,0.12529002320185614,1.0,0.5838852097130243,0.22268041237113403,1.0,1.0,0.4154925385647217,0.4711459036698578
0.5289086111623652,54,477,375,0,906,54,852,429,477,1.0,0.5598591549295775,0.44014084507042256,0.0,0.1258741258741259,1.0,0.5860927152317881,0.2236024844720497,1.0,1.0,0.41387083914690054,0.4687149476500585
0.5305154372742409,54,478,374,0,906,54,852,428,478,1.0,0.5610328638497653,0.43896713615023475,0.0,0.1261682242990654,1.0,0.58719646799117,0.22406639004149378,1.0,1.0,0.41182614031087805,0.4678584972495416
0.5316822121214031,54,479,373,0,906,54,852,427,479,1.0,0.562206572769953,0.43779342723004694,0.0,0.12646370023419204,1.0,0.5883002207505519,0.22453222453222454,1.0,1.0,0.40930098131469284,0.4675339706589706
0.5323367748882252,54,480,372,0,906,54,852,426,480,1.0,0.5633802816901409,0.43661971830985913,0.0,0.1267605633802817,1.0,0.5894039735099338,0.225,1.0,1.0,0.4081140066494682,0.46659178187403993
0.5326527942714862,54,481,371,0,906,54,852,425,481,1.0,0.5645539906103286,0.4354460093896714,0.0,0.12705882352941175,1.0,0.5905077262693157,0.2254697286012526,1.0,1.0,0.40752675388820514,0.46596415501351374
0.534661407768294,54,482,370,0,906,54,852,424,482,1.0,0.5657276995305164,0.43427230046948356,0.0,0.12735849056603774,1.0,0.5916114790286976,0.22594142259414227,1.0,1.0,0.4072345390898483,0.464330945524375
0.5351765848858909,54,484,368,0,906,54,852,422,484,1.0,0.568075117370892,0.431924882629108,0.0,0.12796208530805686,1.0,0.5938189845474614,0.226890756302521,1.0,1.0,0.40636032375673325,0.46117084826762245
0.5358360727716449,54,485,367,0,906,54,852,421,485,1.0,0.5692488262910798,0.4307511737089202,0.0,0.12826603325415678,1.0,0.5949227373068433,0.22736842105263158,1.0,1.0,0.4042540763571286,0.46004956291420845
0.5364684573267127,54,486,366,0,906,54,852,420,486,1.0,0.5704225352112676,0.4295774647887324,0.0,0.12857142857142856,1.0,0.5960264900662252,0.22784810126582278,1.0,1.0,0.40415527442309157,0.45863018643563935
0.5367955332435524,54,487,365,0,906,54,852,419,487,1.0,0.5715962441314554,0.4284037558685446,0.0,0.1288782816229117,1.0,0.5971302428256071,0.22832980972515857,1.0,1.0,0.4030010315277883,0.45731243218899054
0.5376742945634946,54,488,364,0,906,54,852,418,488,1.0,0.5727699530516432,0.4272300469483568,0.0,0.1291866028708134,1.0,0.5982339955849889,0.2288135593220339,1.0,1.0,0.4015889587161985,0.45639249047532265
0.5392588584803983,54,489,363,0,906,54,852,417,489,1.0,0.573943661971831,0.426056338028169,0.0,0.12949640287769784,1.0,0.5993377483443708,0.22929936305732485,1.0,1.0,0.4,0.45574343496161124
0.539568345323741,54,489,363,0,906,54,852,417,489,1.0,0.573943661971831,0.426056338028169,0.0,0.12949640287769784,1.0,0.5993377483443708,0.22929936305732485,1.0,1.0,0.4,0.45574343496161124
0.5417317372111712,54,492,360,0,906,54,852,414,492,1.0,0.5774647887323944,0.4225352112676056,0.0,0.13043478260869565,1.0,0.6026490066225165,0.23076923076923078,1.0,1.0,0.3988372093023256,0.448357851736755
0.5425331170934484,54,493,359,0,906,54,852,413,493,1.0,0.5786384976525821,0.4213615023474178,0.0,0.13075060532687652,1.0,0.6037527593818984,0.23126338329764454,1.0,1.0,0.3974447979457447,0.44724296926095486
0.5449029126213593,54,493,359,0,906,54,852,413,493,1.0,0.5786384976525821,0.4213615023474178,0.0,0.13075060532687652,1.0,0.6037527593818984,0.23126338329764454,1.0,1.0,0.3974447979457447,0.44724296926095486
0.5450059531605643,54,495,357,0,906,54,852,411,495,1.0,0.5809859154929577,0.41901408450704225,0.0,0.13138686131386862,1.0,0.6059602649006622,0.23225806451612904,1.0,1.0,0.3932680251186429,0.44579051500118116
0.5461672146295342,54,496,356,0,906,54,852,410,496,1.0,0.5821596244131455,0.41784037558685444,0.0,0.13170731707317074,1.0,0.6070640176600441,0.23275862068965517,1.0,1.0,0.39219957321356347,0.4448443451121456
0.5484045285523361,54,497,355,0,906,54,852,409,497,1.0,0.5833333333333334,0.4166666666666667,0.0,0.13202933985330073,1.0,0.608167770419426,0.23326133909287258,1.0,1.0,0.3910524516273229,0.4441860465116279
0.553036203199679,54,498,354,0,906,54,852,408,498,1.0,0.5845070422535211,0.4154929577464789,0.0,0.1323529411764706,1.0,0.609271523178808,0.23376623376623376,1.0,1.0,0.3897892608551541,0.44323735738513725
0.5536791314837153,54,498,354,0,906,54,852,408,498,1.0,0.5845070422535211,0.4154929577464789,0.0,0.1323529411764706,1.0,0.609271523178808,0.23376623376623376,1.0,1.0,0.3897892608551541,0.44323735738513725
0.555226164423374,54,501,351,0,906,54,852,405,501,1.0,0.5880281690140845,0.4119718309859155,0.0,0.13333333333333333,1.0,0.6125827814569537,0.23529411764705882,1.0,1.0,0.3860035246128866,0.44019471411067435
0.5556900726392252,54,501,351,0,906,54,852,405,501,1.0,0.5880281690140845,0.4119718309859155,0.0,0.13333333333333333,1.0,0.6125827814569537,0.23529411764705882,1.0,1.0,0.3860035246128866,0.44019471411067435
0.5562776944225348,53,502,350,1,906,54,852,403,503,0.9814814814814815,0.5892018779342723,0.4107981220657277,0.018518518518518517,0.1315136476426799,0.9980119284294234,0.6125827814569537,0.23194748358862144,0.9423076923076923,1.0,0.38549183129126735,0.43858007755340944
0.5572336645657989,53,503,349,1,906,54,852,402,504,0.9814814814814815,0.5903755868544601,0.4096244131455399,0.018518518518518517,0.1318407960199005,0.998015873015873,0.6136865342163356,0.2324561403508772,0.9423076923076923,1.0,0.38434376298767037,0.4375799344594325
0.5581981436160711,53,504,348,1,906,54,852,401,505,0.9814814814814815,0.5915492957746479,0.4084507042253521,0.018518518518518517,0.13216957605985039,0.998019801980198,0.6147902869757175,0.23296703296703297,0.9423076923076923,1.0,0.3831756771374178,0.43721086026683287
0.5593036017451148,53,505,347,1,906,54,852,400,506,0.9814814814814815,0.5927230046948356,0.4072769953051643,0.018518518518518517,0.1325,0.9980237154150198,0.6158940397350994,0.23348017621145375,0.9423076923076923,1.0,0.3817966903073286,0.43623740254733917
0.5599209770077215,53,506,346,1,906,54,852,399,507,0.9814814814814815,0.5938967136150235,0.4061032863849765,0.018518518518518517,0.13283208020050125,0.9980276134122288,0.6169977924944813,0.23399558498896247,0.9423076923076923,1.0,0.3797799259480828,0.4359296985738667
0.5601804993252361,53,508,344,1,906,54,852,397,509,0.9814814814814815,0.596244131455399,0.40375586854460094,0.018518518518518517,0.13350125944584382,0.9980353634577603,0.6192052980132451,0.23503325942350334,0.9423076923076923,1.0,0.37893469338483826,0.4316337422981299
0.5617442618119802,53,509,343,1,906,54,852,396,510,0.9814814814814815,0.5974178403755869,0.4025821596244131,0.018518518518518517,0.13383838383838384,0.9980392156862745,0.6203090507726269,0.23555555555555555,0.9423076923076923,1.0,0.37769666585310224,0.4310606564026741
0.5635567188888881,53,510,342,1,906,54,852,395,511,0.9814814814814815,0.5985915492957746,0.4014084507042254,0.018518518518518517,0.1341772151898734,0.9980430528375733,0.6214128035320088,0.23608017817371937,0.9423076923076923,1.0,0.37587006960556846,0.4302328989339949
0.5640223927604581,53,511,341,1,906,54,852,394,512,0.9814814814814815,0.5997652582159625,0.40023474178403756,0.018518518518518517,0.13451776649746192,0.998046875,0.6225165562913907,0.23660714285714285,0.9423076923076923,1.0,0.3744097114552903,0.4292549136182416
0.56460342434231,53,512,340,1,906,54,852,393,513,0.9814814814814815,0.6009389671361502,0.39906103286384975,0.018518518518518517,0.13486005089058525,0.9980506822612085,0.6236203090507726,0.2371364653243848,0.9423076923076923,1.0,0.37325540452014416,0.42857142857142855
0.5666437642251728,53,513,339,1,906,54,852,392,514,0.9814814814814815,0.602112676056338,0.397887323943662,0.018518518518518517,0.13520408163265307,0.9980544747081712,0.6247240618101545,0.23766816143497757,0.9423076923076923,1.0,0.3731504514373623,0.42621311220619523
0.5692501297891739,53,514,338,1,906,54,852,391,515,0.9814814814814815,0.6032863849765259,0.3967136150234742,0.018518518518518517,0.13554987212276215,0.9980582524271845,0.6258278145695364,0.23820224719101124,0.9423076923076923,1.0,0.37206160516819925,0.42512220730489864
0.5719467956469165,53,515,337,1,906,54,852,390,516,0.9814814814814815,0.6044600938967136,0.3955399061032864,0.018518518518518517,0.1358974358974359,0.998062015503876,0.6269315673289183,0.23873873873873874,0.9423076923076923,1.0,0.37032308873875636,0.4244621284104792
0.572288757351348,53,517,335,1,906,54,852,388,518,0.9814814814814815,0.6068075117370892,0.3931924882629108,0.018518518518518517,0.13659793814432988,0.9980694980694981,0.6291390728476821,0.2398190045248869,0.9423076923076923,1.0,0.3669685940315199,0.4233181869656304
0.5745903824425677,53,518,334,1,906,54,852,387,519,0.9814814814814815,0.607981220657277,0.392018779342723,0.018518518518518517,0.13695090439276486,0.9980732177263969,0.630242825607064,0.24036281179138322,0.9423076923076923,1.0,0.36674069855732727,0.4209290447692549
0.575290452404994,53,519,333,1,906,54,852,386,520,0.9814814814814815,0.6091549295774648,0.3908450704225352,0.018518518518518517,0.13730569948186527,0.9980769230769231,0.6313465783664459,0.2409090909090909,0.9423076923076923,1.0,0.3652252358117794,0.41974316713284043
0.5754573626417425,53,520,332,1,906,54,852,385,521,0.9814814814814815,0.6103286384976526,0.38967136150234744,0.018518518518518517,0.13766233766233765,0.9980806142034548,0.6324503311258278,0.24145785876993167,0.9423076923076923,1.0,0.3650230321675126,0.41725789581101075
0.5756629008534063,53,521,331,1,906,54,852,384,522,0.9814814814814815,0.6115023474178404,0.3884976525821596,0.018518518518518517,0.13802083333333334,0.9980842911877394,0.6335540838852097,0.2420091324200913,0.9423076923076923,1.0,0.3650057937427578,0.415349932626054
0.5771530904872072,53,522,330,1,906,54,852,383,523,0.9814814814814815,0.6126760563380281,0.3873239436619718,0.018518518518518517,0.13838120104438642,0.9980879541108987,0.6346578366445916,0.2425629290617849,0.9423076923076923,1.0,0.36291217108884727,0.4144893111638955
0.5779136598966016,53,523,329,1,906,54,852,382,524,0.9814814814814815,0.613849765258216,0.38615023474178406,0.018518518518518517,0.1387434554973822,0.9980916030534351,0.6357615894039735,0.24311926605504589,0.9423076923076923,1.0,0.3629006796044591,0.4121158233936948
0.5788517510729636,53,525,327,1,906,54,852,380,526,0.9814814814814815,0.6161971830985915,0.38380281690140844,0.018518518518518517,0.1394736842105263,0.9980988593155894,0.6379690949227373,0.24423963133640553,0.9423076923076923,1.0,0.3596242261592909,0.41078214118082124
0.579420748527303,53,526,326,1,906,54,852,379,527,0.9814814814814815,0.6173708920187794,0.3826291079812207,0.018518518518518517,0.13984168865435356,0.9981024667931688,0.6390728476821192,0.24480369515011546,0.9423076923076923,1.0,0.3577124007936508,0.4101692607650927
0.5802171290711701,53,526,326,1,906,54,852,379,527,0.9814814814814815,0.6173708920187794,0.3826291079812207,0.018518518518518517,0.13984168865435356,0.9981024667931688,0.6390728476821192,0.24480369515011546,0.9423076923076923,1.0,0.3577124007936508,0.4101692607650927
0.58036790951467,53,528,324,1,906,54,852,377,529,0.9814814814814815,0.6197183098591549,0.38028169014084506,0.018518518518518517,0.14058355437665782,0.998109640831758,0.6412803532008831,0.2459396751740139,0.9423076923076923,1.0,0.3557919621749409,0.4084022086010319
0.5820139290534027,53,529,323,1,906,54,852,376,530,0.9814814814814815,0.6208920187793427,0.37910798122065725,0.018518518518518517,0.14095744680851063,0.9981132075471698,0.6423841059602649,0.24651162790697675,0.9423076923076923,1.0,0.35420756718252194,0.4078025779846687
0.584673437879183,53,530,322,1,906,54,852,375,531,0.9814814814814815,0.6220657276995305,0.3779342723004695,0.018518518518518517,0.14133333333333334,0.9981167608286252,0.6434878587196468,0.24708624708624707,0.9423076923076923,1.0,0.3524632054097992,0.40718562874251496
0.5860604595951202,53,531,321,1,906,54,852,374,532,0.9814814814814815,0.6232394366197183,0.3767605633802817,0.018518518518518517,0.14171122994652408,0.9981203007518797,0.6445916114790287,0.24766355140186916,0.9423076923076923,1.0,0.3509076841584478,0.406661268774824
0.5865553072374738,53,533,319,1,906,54,852,372,534,0.9814814814814815,0.6255868544600939,0.3744131455399061,0.018518518518518517,0.1424731182795699,0.99812734082397,0.6467991169977925,0.24882629107981222,0.9423076923076923,1.0,0.3479756133294265,0.4046518602733707
0.5873903741752169,53,534,318,1,906,54,852,371,535,0.9814814814814815,0.6267605633802817,0.3732394366197183,0.018518518518518517,0.14285714285714285,0.9981308411214953,0.6479028697571744,0.24941176470588236,0.9423076923076923,1.0,0.3454716896351236,0.40425531914893614
0.5885612631748863,53,535,317,1,906,54,852,370,536,0.9814814814814815,0.6279342723004695,0.3720657276995305,0.018518518518518517,0.14324324324324325,0.9981343283582089,0.6490066225165563,0.25,0.9423076923076923,1.0,0.34439264681708237,0.40309984329983223
0.593227973800975,53,536,316,1,906,54,852,369,537,0.9814814814814815,0.6291079812206573,0.37089201877934275,0.018518518518518517,0.14363143631436315,0.9981378026070763,0.6501103752759382,0.25059101654846333,0.9423076923076923,1.0,0.34288573566782965,0.4028107182164994
0.595887633138851,53,537,315,1,906,54,852,368,538,0.9814814814814815,0.6302816901408451,0.36971830985915494,0.018518518518518517,0.14402173913043478,0.9981412639405205,0.6512141280353201,0.25118483412322273,0.9423076923076923,1.0,0.33990493610198197,0.4019092824277516
0.5960748640181692,53,538,314,1,906,54,852,367,539,0.9814814814814815,0.6314553990610329,0.3685446009389671,0.018518518518518517,0.1444141689373297,0.9981447124304267,0.652317880794702,0.2517814726840855,0.9423076923076923,1.0,0.33864788468165447,0.4012030837969869
0.5979327319877126,53,539,313,1,906,54,852,366,540,0.9814814814814815,0.6326291079812206,0.3673708920187793,0.018518518518518517,0.1448087431693989,0.9981481481481481,0.6534216335540839,0.2523809523809524,0.9423076923076923,1.0,0.33750696856925794,0.40000593824228026
0.5996997192660366,53,540,312,1,906,54,852,365,541,0.9814814814814815,0.6338028169014085,0.36619718309859156,0.018518518518518517,0.14520547945205478,0.9981515711645101,0.6545253863134658,0.2529832935560859,0.9423076923076923,1.0,0.33602589718971376,0.39976449275362314
0.6004790060580741,53,542,310,1,906,54,852,363,543,0.9814814814814815,0.636150234741784,0.36384976525821594,0.018518518518518517,0.14600550964187328,0.998158379373849,0.6567328918322296,0.2541966426858513,0.9423076923076923,1.0,0.3348332642916321,0.3958656228118178
0.6008121878399841,53,543,309,1,906,54,852,362,544,0.9814814814814815,0.6373239436619719,0.3626760563380282,0.018518518518518517,0.1464088397790055,0.9981617647058824,0.6578366445916115,0.2548076923076923,0.9423076923076923,1.0,0.33449054118773947,0.39405219780219775
0.6027012660676688,53,544,308,1,906,54,852,361,545,0.9814814814814815,0.6384976525821596,0.3615023474178404,0.018518518518518517,0.14681440443213298,0.998165137614679,0.6589403973509934,0.25542168674698795,0.9423076923076923,1.0,0.3329425212054341,0.393235523456121
0.6041905152713459,53,545,307,1,906,54,852,360,546,0.9814814814814815,0.6396713615023474,0.36032863849765256,0.018518518518518517,0.14722222222222223,0.9981684981684982,0.6600441501103753,0.2560386473429952,0.9423076923076923,1.0,0.33217531028368796,0.39083530180605036
0.6058251143446147,53,546,306,1,906,54,852,359,547,0.9814814814814815,0.6408450704225352,0.3591549295774648,0.018518518518518517,0.14763231197771587,0.9981718464351006,0.6611479028697572,0.2566585956416465,0.9423076923076923,1.0,0.3306162774772307,0.38992974238875877
0.6069103977951242,53,547,305,1,906,54,852,358,548,0.9814814814814815,0.642018779342723,0.357981220657277,0.018518518518518517,0.14804469273743018,0.9981751824817519,0.6622516556291391,0.25728155339805825,0.9423076923076923,1.0,0.32953151190957863,0.3888888888888889
0.6080939074210967,53,548,304,1,906,54,852,357,549,0.9814814814814815,0.6431924882629108,0.3568075117370892,0.018518518518518517,0.1484593837535014,0.9981785063752276,0.6633554083885209,0.25790754257907544,0.9423076923076923,1.0,0.3283909654824522,0.388113610028442
0.6082422022001887,53,550,302,1,906,54,852,355,551,0.9814814814814815,0.6455399061032864,0.3544600938967136,0.018518518518518517,0.14929577464788732,0.9981851179673321,0.6655629139072847,0.2591687041564792,0.9423076923076923,1.0,0.3254691491188529,0.3859862854539568
0.6090595380199068,53,551,301,1,906,54,852,354,552,0.9814814814814815,0.6467136150234741,0.3532863849765258,0.018518518518518517,0.1497175141242938,0.9981884057971014,0.6666666666666666,0.25980392156862747,0.9423076923076923,1.0,0.32505619390752555,0.38426583702808004
0.6101266290611802,53,552,300,1,906,54,852,353,553,0.9814814814814815,0.647887323943662,0.352112676056338,0.018518518518518517,0.1501416430594901,0.9981916817359855,0.6677704194260485,0.26044226044226043,0.9423076923076923,1.0,0.32373271889400923,0.38372767495818266
0.6107510576221067,53,553,299,1,906,54,852,352,554,0.9814814814814815,0.6490610328638498,0.35093896713615025,0.018518518518518517,0.15056818181818182,0.9981949458483754,0.6688741721854304,0.26108374384236455,0.9423076923076923,1.0,0.32373104825344556,0.3812351543942993
0.6123452524851142,53,554,298,1,906,54,852,351,555,0.9814814814814815,0.6502347417840375,0.34976525821596244,0.018518518518518517,0.150997150997151,0.9981981981981982,0.6699779249448123,0.2617283950617284,0.9423076923076923,1.0,0.3236624812337928,0.37873447302316127
0.6129807692307693,53,554,298,1,906,54,852,351,555,0.9814814814814815,0.6502347417840375,0.34976525821596244,0.018518518518518517,0.150997150997151,0.9981981981981982,0.6699779249448123,0.2617283950617284,0.9423076923076923,1.0,0.3236624812337928,0.37873447302316127
0.6137565150308902,53,556,296,1,906,54,852,349,557,0.9814814814814815,0.6525821596244131,0.3474178403755869,0.018518518518518517,0.1518624641833811,0.9982046678635548,0.6721854304635762,0.2630272952853598,0.9423076923076923,1.0,0.3211304808984843,0.377494486755917
0.6162348316835253,53,557,295,1,906,54,852,348,558,0.9814814814814815,0.653755868544601,0.34624413145539906,0.018518518518518517,0.15229885057471265,0.9982078853046595,0.673289183222958,0.263681592039801,0.9423076923076923,1.0,0.32018561484918795,0.376183366301481
0.616519790144829,53,559,293,1,906,54,852,346,560,0.9814814814814815,0.6561032863849765,0.3438967136150235,0.018518518518518517,0.1531791907514451,0.9982142857142857,0.6754966887417219,0.265,0.9423076923076923,1.0,0.3165703902193937,0.3747072599531616
0.6177502557005454,52,559,293,2,906,54,852,345,561,0.9629629629629629,0.6561032863849765,0.3438967136150235,0.037037037037037035,0.15072463768115943,0.9964349376114082,0.67439293598234,0.2606516290726817,0.9130434782608695,1.0,0.3165703902193937,0.3747072599531616
0.618531889290012,52,559,293,2,906,54,852,345,561,0.9629629629629629,0.6561032863849765,0.3438967136150235,0.037037037037037035,0.15072463768115943,0.9964349376114082,0.67439293598234,0.2606516290726817,0.9130434782608695,1.0,0.3165703902193937,0.3747072599531616
0.6198336138504847,52,561,291,2,906,54,852,343,563,0.9629629629629629,0.6584507042253521,0.3415492957746479,0.037037037037037035,0.15160349854227406,0.9964476021314387,0.6766004415011038,0.2619647355163728,0.9130434782608695,1.0,0.3137823772445575,0.3732577519379845
0.6213723605218161,52,562,290,2,906,54,852,342,564,0.9629629629629629,0.6596244131455399,0.3403755868544601,0.037037037037037035,0.15204678362573099,0.9964539007092199,0.6777041942604857,0.26262626262626265,0.9130434782608695,1.0,0.31278372308626784,0.3717034211110921
0.6215235792019347,52,562,290,2,906,54,852,342,564,0.9629629629629629,0.6596244131455399,0.3403755868544601,0.037037037037037035,0.15204678362573099,0.9964539007092199,0.6777041942604857,0.26262626262626265,0.9130434782608695,1.0,0.31278372308626784,0.3717034211110921
0.6234490666390999,51,563,289,3,906,54,852,340,566,0.9444444444444444,0.6607981220657277,0.3392018779342723,0.05555555555555555,0.15,0.9946996466431095,0.6777041942604857,0.25888324873096447,0.8846153846153846,1.0,0.31087350044171436,0.3707215078509545
0.6252471283198229,51,565,287,3,906,54,852,338,568,0.9444444444444444,0.6631455399061033,0.3368544600938967,0.05555555555555555,0.15088757396449703,0.9947183098591549,0.6799116997792495,0.2602040816326531,0.8846153846153846,1.0,0.3071491593299635,0.3695395513577332
0.6278604285280684,51,566,286,3,906,54,852,337,569,0.9444444444444444,0.6643192488262911,0.33568075117370894,0.05555555555555555,0.1513353115727003,0.9947275922671354,0.6810154525386314,0.2608695652173913,0.8846153846153846,1.0,0.3059771659971826,0.3683650572471925
0.6301106236660773,51,567,285,3,906,54,852,336,570,0.9444444444444444,0.6654929577464789,0.3345070422535211,0.05555555555555555,0.15178571428571427,0.9947368421052631,0.6821192052980133,0.26153846153846155,0.8846153846153846,1.0,0.3047934292607819,0.3676831968571537
0.6307450365266221,51,568,284,3,906,54,852,335,571,0.9444444444444444,0.6666666666666666,0.3333333333333333,0.05555555555555555,0.15223880597014924,0.9947460595446584,0.6832229580573952,0.2622107969151671,0.8846153846153846,1.0,0.3047508690614137,0.3658572580412935
0.6321106894391838,51,569,283,3,906,54,852,334,572,0.9444444444444444,0.6678403755868545,0.33215962441314556,0.05555555555555555,0.15269461077844312,0.9947552447552448,0.6843267108167771,0.26288659793814434,0.8846153846153846,1.0,0.3030294302471722,0.36542981370354516
0.633002153157497,51,570,282,3,906,54,852,333,573,0.9444444444444444,0.6690140845070423,0.33098591549295775,0.05555555555555555,0.15315315315315314,0.9947643979057592,0.6854304635761589,0.26356589147286824,0.8846153846153846,1.0,0.30292048276142797,0.36332545591433824
0.6358636945535849,51,571,281,3,906,54,852,332,574,0.9444444444444444,0.67018779342723,0.32981220657276994,0.05555555555555555,0.1536144578313253,0.9947735191637631,0.6865342163355408,0.26424870466321243,0.8846153846153846,1.0,0.3018383148352481,0.3622925524712254
0.6372265168803067,51,572,280,3,906,54,852,331,575,0.9444444444444444,0.6713615023474179,0.3286384976525822,0.05555555555555555,0.1540785498489426,0.9947826086956522,0.6876379690949227,0.2649350649350649,0.8846153846153846,1.0,0.30163951198560757,0.36065573770491804
0.6377977773043366,51,574,278,3,906,54,852,329,577,0.9444444444444444,0.6737089201877934,0.32629107981220656,0.05555555555555555,0.15501519756838905,0.9948006932409013,0.6898454746136865,0.26631853785900783,0.8846153846153846,1.0,0.29824509498598567,0.35944700460829493
0.6379723469633779,51,575,277,3,906,54,852,328,578,0.9444444444444444,0.6748826291079812,0.32511737089201875,0.05555555555555555,0.15548780487804878,0.9948096885813149,0.6909492273730684,0.2670157068062827,0.8846153846153846,1.0,0.29824509498598567,0.3563009868559426
0.6388849204811808,51,576,276,3,906,54,852,327,579,0.9444444444444444,0.676056338028169,0.323943661971831,0.05555555555555555,0.1559633027522936,0.9948186528497409,0.6920529801324503,0.2677165354330709,0.8846153846153846,1.0,0.2971996278575226,0.35537331759149937
0.640125849458937,51,577,275,3,906,54,852,326,580,0.9444444444444444,0.6772300469483568,0.3227699530516432,0.05555555555555555,0.15644171779141106,0.9948275862068966,0.6931567328918322,0.26842105263157895,0.8846153846153846,1.0,0.29678150470564596,0.3537772262806435
0.6405075187969925,51,578,274,3,906,54,852,325,581,0.9444444444444444,0.6784037558685446,0.3215962441314554,0.05555555555555555,0.15692307692307692,0.9948364888123924,0.6942604856512141,0.2691292875989446,0.8846153846153846,1.0,0.29529216143867115,0.3528769897813785
0.6424465255040495,51,579,273,3,906,54,852,324,582,0.9444444444444444,0.6795774647887324,0.3204225352112676,0.05555555555555555,0.1574074074074074,0.9948453608247423,0.695364238410596,0.2698412698412698,0.8846153846153846,1.0,0.29418568138999374,0.35184072748067263
0.643809376345029,51,580,272,3,906,54,852,323,583,0.9444444444444444,0.6807511737089202,0.3192488262910798,0.05555555555555555,0.15789473684210525,0.9948542024013722,0.6964679911699779,0.27055702917771884,0.8846153846153846,1.0,0.2922531191716509,0.3515468679002974
0.6444491890967239,51,582,270,3,906,54,852,321,585,0.9444444444444444,0.6830985915492958,0.31690140845070425,0.05555555555555555,0.1588785046728972,0.9948717948717949,0.6986754966887417,0.272,0.8846153846153846,1.0,0.29092735875878317,0.3470838272447525
0.645071775037966,51,583,269,3,906,54,852,320,586,0.9444444444444444,0.6842723004694836,0.31572769953051644,0.05555555555555555,0.159375,0.9948805460750854,0.6997792494481236,0.2727272727272727,0.8846153846153846,1.0,0.2891705069124424,0.3467746724388936
0.6453805977462214,51,584,268,3,906,54,852,319,587,0.9444444444444444,0.6854460093896714,0.3145539906103286,0.05555555555555555,0.15987460815047022,0.9948892674616695,0.7008830022075055,0.2734584450402145,0.8846153846153846,1.0,0.2863865663322185,0.34651629003949097
0.6461095469291311,51,585,267,3,906,54,852,318,588,0.9444444444444444,0.6866197183098591,0.31338028169014087,0.05555555555555555,0.16037735849056603,0.9948979591836735,0.7019867549668874,0.27419354838709675,0.8846153846153846,1.0,0.28537036776449565,0.34593795275213424
0.6472503080533273,51,586,266,3,906,54,852,317,589,0.9444444444444444,0.687793427230047,0.31220657276995306,0.05555555555555555,0.1608832807570978,0.9949066213921901,0.7030905077262694,0.2749326145552561,0.8846153846153846,1.0,0.2836683813954002,0.3456221198156682
0.650575770893136,51,587,265,3,906,54,852,316,590,0.9444444444444444,0.6889671361502347,0.31103286384976525,0.05555555555555555,0.16139240506329114,0.9949152542372881,0.7041942604856513,0.2756756756756757,0.8846153846153846,1.0,0.2825052409572355,0.3444700460829493
0.6521592677587816,51,588,264,3,906,54,852,315,591,0.9444444444444444,0.6901408450704225,0.30985915492957744,0.05555555555555555,0.1619047619047619,0.9949238578680203,0.7052980132450332,0.2764227642276423,0.8846153846153846,1.0,0.28109848319391967,0.3433901230269582
0.6522777869016099,51,589,263,3,906,54,852,314,592,0.9444444444444444,0.6913145539906104,0.3086854460093897,0.05555555555555555,0.1624203821656051,0.9949324324324325,0.7064017660044151,0.27717391304347827,0.8846153846153846,1.0,0.279574267447769,0.3425094471853559
0.6572742528938098,51,591,261,3,906,54,852,312,594,0.9444444444444444,0.6936619718309859,0.30633802816901406,0.05555555555555555,0.16346153846153846,0.9949494949494949,0.7086092715231788,0.2786885245901639,0.8846153846153846,1.0,0.27659261576971217,0.3408914624312109
0.6587677673203989,51,592,260,3,906,54,852,311,595,0.9444444444444444,0.6948356807511737,0.3051643192488263,0.05555555555555555,0.1639871382636656,0.9949579831932773,0.7097130242825607,0.27945205479452057,0.8846153846153846,1.0,0.2757780607544559,0.3396703306172038
0.6601812827112088,51,593,259,3,906,54,852,310,596,0.9444444444444444,0.6960093896713615,0.3039906103286385,0.05555555555555555,0.16451612903225807,0.9949664429530202,0.7108167770419426,0.2802197802197802,0.8846153846153846,1.0,0.27531156723073813,0.33838053263315826
0.6620511872975622,51,594,258,3,906,54,852,309,597,0.9444444444444444,0.6971830985915493,0.3028169014084507,0.05555555555555555,0.1650485436893204,0.9949748743718593,0.7119205298013245,0.2809917355371901,0.8846153846153846,1.0,0.27294391081820096,0.3376474407944996
0.662248824210601,51,595,257,3,906,54,852,308,598,0.9444444444444444,0.6983568075117371,0.30164319248826293,0.05555555555555555,0.16558441558441558,0.9949832775919732,0.7130242825607064,0.281767955801105,0.8846153846153846,1.0,0.272938560520362,0.33453696757522705
0.6625942011589518,51,596,256,3,906,54,852,307,599,0.9444444444444444,0.6995305164319249,0.3004694835680751,0.05555555555555555,0.16612377850162866,0.994991652754591,0.7141280353200883,0.28254847645429365,0.8846153846153846,1.0,0.271749505497846,0.3341525731795107
0.6634076334561099,51,597,255,3,906,54,852,306,600,0.9444444444444444,0.7007042253521126,0.2992957746478873,0.05555555555555555,0.16666666666666666,0.995,0.7152317880794702,0.2833333333333333,0.8846153846153846,1.0,0.27147343473471863,0.3329400585845634
0.6639259893654801,51,599,253,3,906,54,852,304,602,0.9444444444444444,0.7030516431924883,0.29694835680751175,0.05555555555555555,0.16776315789473684,0.9950166112956811,0.717439293598234,0.2849162011173184,0.8846153846153846,1.0,0.2689640683859751,0.33019890950916847
0.6648912906101162,51,600,252,3,906,54,852,303,603,0.9444444444444444,0.704225352112676,0.29577464788732394,0.05555555555555555,0.16831683168316833,0.9950248756218906,0.7185430463576159,0.2857142857142857,0.8846153846153846,1.0,0.2689561013979051,0.3278011758282581
0.6659981242055002,51,601,251,3,906,54,852,302,604,0.9444444444444444,0.7053990610328639,0.29460093896713613,0.05555555555555555,0.16887417218543047,0.9950331125827815,0.7196467991169978,0.28651685393258425,0.8846153846153846,1.0,0.26731211479758576,0.3273704015869367
0.6668288011443361,51,602,250,3,906,54,852,301,605,0.9444444444444444,0.7065727699530516,0.2934272300469484,0.05555555555555555,0.16943521594684385,0.9950413223140496,0.7207505518763797,0.28732394366197184,0.8846153846153846,1.0,0.2661161318901326,0.3268610697359512
0.6684303601295305,51,603,249,3,906,54,852,300,606,0.9444444444444444,0.7077464788732394,0.29225352112676056,0.05555555555555555,0.17,0.995049504950495,0.7218543046357616,0.288135593220339,0.8846153846153846,1.0,0.2646361975582865,0.3260901799989685
0.6708287505334078,51,604,248,3,906,54,852,299,607,0.9444444444444444,0.7089201877934272,0.29107981220657275,0.05555555555555555,0.1705685618729097,0.9950576606260296,0.7229580573951435,0.28895184135977336,0.8846153846153846,1.0,0.2636435869667577,0.324943475253507
0.6714628297362111,51,604,248,3,906,54,852,299,607,0.9444444444444444,0.7089201877934272,0.29107981220657275,0.05555555555555555,0.1705685618729097,0.9950576606260296,0.7229580573951435,0.28895184135977336,0.8846153846153846,1.0,0.2636435869667577,0.324943475253507
0.6734465397426995,51,607,245,3,906,54,852,296,610,0.9444444444444444,0.7124413145539906,0.2875586854460094,0.05555555555555555,0.17229729729729729,0.9950819672131147,0.7262693156732892,0.2914285714285714,0.8846153846153846,1.0,0.26002252284297184,0.3215547703180212
0.6739804254458985,51,608,244,3,906,54,852,295,611,0.9444444444444444,0.7136150234741784,0.2863849765258216,0.05555555555555555,0.17288135593220338,0.9950900163666121,0.7273730684326711,0.2922636103151863,0.8846153846153846,1.0,0.25859821604058025,0.3211520431513566
0.6749500613994766,51,609,243,3,906,54,852,294,612,0.9444444444444444,0.7147887323943662,0.2852112676056338,0.05555555555555555,0.17346938775510204,0.9950980392156863,0.7284768211920529,0.29310344827586204,0.8846153846153846,1.0,0.2573384184204811,0.3198637154363587
0.6755447941888619,51,609,243,3,906,54,852,294,612,0.9444444444444444,0.7147887323943662,0.2852112676056338,0.05555555555555555,0.17346938775510204,0.9950980392156863,0.7284768211920529,0.29310344827586204,0.8846153846153846,1.0,0.2573384184204811,0.3198637154363587
0.6761593732480297,51,611,241,3,906,54,852,292,614,0.9444444444444444,0.7171361502347418,0.2828638497652582,0.05555555555555555,0.17465753424657535,0.995114006514658,0.7306843267108167,0.2947976878612717,0.8846153846153846,1.0,0.25700853075418384,0.316418223729445
0.6774930113745903,51,612,240,3,906,54,852,291,615,0.9444444444444444,0.7183098591549296,0.28169014084507044,0.05555555555555555,0.17525773195876287,0.9951219512195122,0.7317880794701986,0.2956521739130435,0.8846153846153846,1.0,0.25508982035928146,0.3154314882333444
0.6811972771548439,51,613,239,3,906,54,852,290,616,0.9444444444444444,0.7194835680751174,0.2805164319248826,0.05555555555555555,0.17586206896551723,0.9951298701298701,0.7328918322295805,0.29651162790697677,0.8846153846153846,1.0,0.25348796834625326,0.3147317603155153
0.6822385678659662,51,614,238,3,906,54,852,289,617,0.9444444444444444,0.7206572769953051,0.2793427230046948,0.05555555555555555,0.17647058823529413,0.9951377633711507,0.7339955849889624,0.29737609329446063,0.8846153846153846,1.0,0.25236803022692034,0.3132271759597069
0.6832846929900325,51,616,236,3,906,54,852,287,619,0.9444444444444444,0.7230046948356808,0.27699530516431925,0.05555555555555555,0.17770034843205576,0.9951534733441034,0.7362030905077263,0.2991202346041056,0.8846153846153846,1.0,0.25029512470223936,0.30939483617553826
0.6844014510278114,51,616,236,3,906,54,852,287,619,0.9444444444444444,0.7230046948356808,0.27699530516431925,0.05555555555555555,0.17770034843205576,0.9951534733441034,0.7362030905077263,0.2991202346041056,0.8846153846153846,1.0,0.25029512470223936,0.30939483617553826
0.6844878889553212,51,618,234,3,906,54,852,285,621,0.9444444444444444,0.7253521126760564,0.2746478873239437,0.05555555555555555,0.17894736842105263,0.9951690821256038,0.7384105960264901,0.3008849557522124,0.8846153846153846,1.0,0.24681193661494935,0.30814883226906686
0.6846833599595175,51,619,233,3,906,54,852,284,622,0.9444444444444444,0.7265258215962441,0.2734741784037559,0.05555555555555555,0.1795774647887324,0.9951768488745981,0.739514348785872,0.30177514792899407,0.8846153846153846,1.0,0.24552952087964008,0.30733090243841316
0.685031452592373,51,620,232,3,906,54,852,283,623,0.9444444444444444,0.7276995305164319,0.27230046948356806,0.05555555555555555,0.18021201413427562,0.9951845906902087,0.7406181015452539,0.3026706231454006,0.8846153846153846,1.0,0.24410287416053725,0.30653108642239074
0.6874850972141512,51,621,231,3,906,54,852,282,624,0.9444444444444444,0.7288732394366197,0.2711267605633803,0.05555555555555555,0.18085106382978725,0.9951923076923077,0.7417218543046358,0.30357142857142855,0.8846153846153846,1.0,0.24392986916536724,0.3044548949493423
0.6898555869935667,51,622,230,3,906,54,852,281,625,0.9444444444444444,0.7300469483568075,0.2699530516431925,0.05555555555555555,0.18149466192170818,0.9952,0.7428256070640177,0.3044776119402985,0.8846153846153846,1.0,0.2425279422113673,0.3037548479224776
0.6905468163603602,51,624,228,3,906,54,852,279,627,0.9444444444444444,0.7323943661971831,0.2676056338028169,0.05555555555555555,0.1827956989247312,0.9952153110047847,0.7450331125827815,0.3063063063063063,0.8846153846153846,1.0,0.2414190981432361,0.3010866674265739
0.6914560016554875,51,625,227,3,906,54,852,278,628,0.9444444444444444,0.7335680751173709,0.2664319248826291,0.05555555555555555,0.18345323741007194,0.9952229299363057,0.7461368653421634,0.3072289156626506,0.8846153846153846,1.0,0.2409885428907168,0.2994152046783626
0.6919771296901172,51,626,226,3,906,54,852,277,629,0.9444444444444444,0.7347417840375586,0.2652582159624413,0.05555555555555555,0.18411552346570398,0.9952305246422893,0.7472406181015453,0.3081570996978852,0.8846153846153846,1.0,0.23943537403667287,0.2987012366007201
0.6936163041804843,51,627,225,3,906,54,852,276,630,0.9444444444444444,0.7359154929577465,0.2640845070422535,0.05555555555555555,0.18478260869565216,0.9952380952380953,0.7483443708609272,0.3090909090909091,0.8846153846153846,1.0,0.23786279323513368,0.2978070145959301
0.6963654062290942,51,628,224,3,906,54,852,275,631,0.9444444444444444,0.7370892018779343,0.26291079812206575,0.05555555555555555,0.18545454545454546,0.9952456418383518,0.7494481236203091,0.3100303951367781,0.8846153846153846,1.0,0.23592616653485482,0.2974910394265233
0.6984271849339556,51,629,223,3,906,54,852,274,632,0.9444444444444444,0.7382629107981221,0.26173708920187794,0.05555555555555555,0.18613138686131386,0.995253164556962,0.7505518763796909,0.31097560975609756,0.8846153846153846,1.0,0.23431952662721894,0.2966944699015018
0.6994307908494163,51,630,222,3,906,54,852,273,633,0.9444444444444444,0.7394366197183099,0.2605633802816901,0.05555555555555555,0.18681318681318682,0.995260663507109,0.7516556291390728,0.3119266055045872,0.8846153846153846,1.0,0.23352316932854833,0.29552056737588644
0.7013498440692212,51,631,221,3,906,54,852,272,634,0.9444444444444444,0.7406103286384976,0.25938967136150237,0.05555555555555555,0.1875,0.9952681388012619,0.7527593818984547,0.3128834355828221,0.8846153846153846,1.0,0.23140448534075525,0.2953508138171706
0.7018689057873974,51,633,219,3,906,54,852,270,636,0.9444444444444444,0.7429577464788732,0.25704225352112675,0.05555555555555555,0.18888888888888888,0.9952830188679245,0.7549668874172185,0.3148148148148148,0.8846153846153846,1.0,0.22800776775486828,0.2935775388885436
0.7050359712230215,51,633,219,3,906,54,852,270,636,0.9444444444444444,0.7429577464788732,0.25704225352112675,0.05555555555555555,0.18888888888888888,0.9952830188679245,0.7549668874172185,0.3148148148148148,0.8846153846153846,1.0,0.22800776775486828,0.2935775388885436
0.7052113803462724,51,635,217,3,906,54,852,268,638,0.9444444444444444,0.7453051643192489,0.2546948356807512,0.05555555555555555,0.19029850746268656,0.9952978056426333,0.7571743929359823,0.3167701863354037,0.8846153846153846,1.0,0.22618762816131238,0.2892561983471074
0.7055288461538461,51,635,217,3,906,54,852,268,638,0.9444444444444444,0.7453051643192489,0.2546948356807512,0.05555555555555555,0.19029850746268656,0.9952978056426333,0.7571743929359823,0.3167701863354037,0.8846153846153846,1.0,0.22618762816131238,0.2892561983471074
0.7056616340722989,51,637,215,3,906,54,852,266,640,0.9444444444444444,0.7476525821596244,0.25234741784037557,0.05555555555555555,0.19172932330827067,0.9953125,0.7593818984547461,0.31875,0.8846153846153846,1.0,0.222218992248062,0.28776026365400836
0.7067121779331609,51,638,214,3,906,54,852,265,641,0.9444444444444444,0.7488262910798122,0.2511737089201878,0.05555555555555555,0.19245283018867926,0.9953198127925117,0.760485651214128,0.31974921630094044,0.8846153846153846,1.0,0.2216802925989673,0.28655442369364265
0.7073378789690248,51,639,213,3,906,54,852,264,642,0.9444444444444444,0.75,0.25,0.05555555555555555,0.19318181818181818,0.9953271028037384,0.7615894039735099,0.32075471698113206,0.8846153846153846,1.0,0.2215673672751633,0.28423075251172314
0.7110359062078918,51,641,211,3,906,54,852,262,644,0.9444444444444444,0.7523474178403756,0.2476525821596244,0.05555555555555555,0.1946564885496183,0.9953416149068323,0.7637969094922737,0.3227848101265823,0.8846153846153846,1.0,0.21889400921658986,0.2827739643059032
0.7123387914553851,51,642,210,3,906,54,852,261,645,0.9444444444444444,0.7535211267605634,0.24647887323943662,0.05555555555555555,0.19540229885057472,0.9953488372093023,0.7649006622516556,0.3238095238095238,0.8846153846153846,1.0,0.21889040898617512,0.28009382387706855
0.7134139808970548,51,643,209,3,906,54,852,260,646,0.9444444444444444,0.7546948356807511,0.24530516431924881,0.05555555555555555,0.19615384615384615,0.9953560371517027,0.7660044150110376,0.3248407643312102,0.8846153846153846,1.0,0.21774193548387097,0.2789598108747045
0.7146282973621103,51,643,209,3,906,54,852,260,646,0.9444444444444444,0.7546948356807511,0.24530516431924881,0.05555555555555555,0.19615384615384615,0.9953560371517027,0.7660044150110376,0.3248407643312102,0.8846153846153846,1.0,0.21774193548387097,0.2789598108747045
0.7164431094732944,51,646,206,3,906,54,852,257,649,0.9444444444444444,0.7582159624413145,0.24178403755868544,0.05555555555555555,0.19844357976653695,0.9953775038520801,0.7693156732891833,0.3279742765273312,0.8846153846153846,1.0,0.2136127261791389,0.2739160044769329
0.7186175928393476,51,647,205,3,906,54,852,256,650,0.9444444444444444,0.7593896713615024,0.24061032863849766,0.05555555555555555,0.19921875,0.9953846153846154,0.7704194260485652,0.32903225806451614,0.8846153846153846,1.0,0.21283665933375234,0.2727272727272727
0.7196335039065588,51,648,204,3,906,54,852,255,651,0.9444444444444444,0.7605633802816901,0.23943661971830985,0.05555555555555555,0.2,0.9953917050691244,0.7715231788079471,0.3300970873786408,0.8846153846153846,1.0,0.2119815668202765,0.271253159476781
0.721370619783537,51,650,202,3,906,54,852,253,653,0.9444444444444444,0.7629107981220657,0.23708920187793428,0.05555555555555555,0.2015810276679842,0.9954058192955589,0.7737306843267108,0.3322475570032573,0.8846153846153846,1.0,0.21033167612280898,0.26891955830593167
0.7222442227716026,51,651,201,3,906,54,852,252,654,0.9444444444444444,0.7640845070422535,0.23591549295774647,0.05555555555555555,0.20238095238095238,0.9954128440366973,0.7748344370860927,0.3333333333333333,0.8846153846153846,1.0,0.20951827242524917,0.26802189420604877
0.7228833782562986,51,652,200,3,906,54,852,251,655,0.9444444444444444,0.7652582159624414,0.2347417840375587,0.05555555555555555,0.20318725099601595,0.9954198473282443,0.7759381898454746,0.3344262295081967,0.8846153846153846,1.0,0.2092753315198912,0.26659229595728445
0.7239296560161449,51,653,199,3,906,54,852,250,656,0.9444444444444444,0.7664319248826291,0.2335680751173709,0.05555555555555555,0.204,0.9954268292682927,0.7770419426048565,0.3355263157894737,0.8846153846153846,1.0,0.20790666960158485,0.2655245094080594
0.7251789697507466,51,654,198,3,906,54,852,249,657,0.9444444444444444,0.7676056338028169,0.2323943661971831,0.05555555555555555,0.20481927710843373,0.9954337899543378,0.7781456953642384,0.33663366336633666,0.8846153846153846,1.0,0.20546237664300718,0.2651173851726903
0.7254921758332077,51,655,197,3,906,54,852,248,658,0.9444444444444444,0.7687793427230047,0.2312206572769953,0.05555555555555555,0.2056451612903226,0.9954407294832827,0.7792494481236203,0.33774834437086093,0.8846153846153846,1.0,0.2037870439102381,0.2643284936479129
0.7261122183345505,51,656,196,3,906,54,852,247,659,0.9444444444444444,0.7699530516431925,0.2300469483568075,0.05555555555555555,0.20647773279352227,0.9954476479514416,0.7803532008830022,0.3388704318936877,0.8846153846153846,1.0,0.2024092778298824,0.2632199853438098
0.7302752367052997,51,658,194,3,906,54,852,245,661,0.9444444444444444,0.7723004694835681,0.22769953051643194,0.05555555555555555,0.20816326530612245,0.9954614220877458,0.782560706401766,0.3411371237458194,0.8846153846153846,1.0,0.20141637640609833,0.25921981997502047
0.7321423648000353,51,659,193,3,906,54,852,244,662,0.9444444444444444,0.7734741784037559,0.22652582159624413,0.05555555555555555,0.20901639344262296,0.9954682779456193,0.7836644591611479,0.3422818791946309,0.8846153846153846,1.0,0.2004687305849239,0.25739612293864483
0.7343094937875526,50,659,193,4,906,54,852,243,663,0.9259259259259259,0.7734741784037559,0.22652582159624413,0.07407407407407407,0.205761316872428,0.9939668174962293,0.782560706401766,0.3367003367003367,0.8292508710801393,1.0,0.2004687305849239,0.25739612293864483
0.7355288392859326,50,660,192,4,906,54,852,242,664,0.9259259259259259,0.7746478873239436,0.22535211267605634,0.07407407407407407,0.2066115702479339,0.9939759036144579,0.7836644591611479,0.33783783783783783,0.8292508710801393,1.0,0.1993080296634783,0.2561596531651709
0.7371340937981654,50,661,191,4,906,54,852,241,665,0.9259259259259259,0.7758215962441315,0.22417840375586853,0.07407407407407407,0.2074688796680498,0.9939849624060151,0.7847682119205298,0.3389830508474576,0.8292508710801393,1.0,0.19829437101334912,0.25545033165507863
0.7386848880630607,50,662,190,4,906,54,852,240,666,0.9259259259259259,0.7769953051643192,0.22300469483568075,0.07407407407407407,0.20833333333333334,0.993993993993994,0.7858719646799117,0.3401360544217687,0.8292508710801393,1.0,0.1967341666156077,0.25465170615083677
0.7395767151464906,50,663,189,4,906,54,852,239,667,0.9259259259259259,0.778169014084507,0.22183098591549297,0.07407407407407407,0.20920502092050208,0.9940029985007496,0.7869757174392936,0.3412969283276451,0.8292508710801393,1.0,0.19546774953571527,0.2535116428035207
0.7397094430992736,50,663,189,4,906,54,852,239,667,0.9259259259259259,0.778169014084507,0.22183098591549297,0.07407407407407407,0.20920502092050208,0.9940029985007496,0.7869757174392936,0.3412969283276451,0.8292508710801393,1.0,0.19546774953571527,0.2535116428035207
0.7404275862369266,50,666,186,4,906,54,852,236,670,0.9259259259259259,0.7816901408450704,0.21830985915492956,0.07407407407407407,0.211864406779661,0.9940298507462687,0.7902869757174393,0.3448275862068966,0.8292508710801393,1.0,0.19414943609022559,0.24857474628255768
0.7440398888110887,50,667,185,4,906,54,852,235,671,0.9259259259259259,0.7828638497652582,0.21713615023474178,0.07407407407407407,0.2127659574468085,0.9940387481371088,0.7913907284768212,0.3460207612456747,0.8292508710801393,1.0,0.19249380463572396,0.24793460587459953
0.7453945450107539,50,668,184,4,906,54,852,234,672,0.9259259259259259,0.784037558685446,0.215962441314554,0.07407407407407407,0.21367521367521367,0.9940476190476191,0.7924944812362031,0.3472222222222222,0.8292508710801393,1.0,0.19126198515369322,0.24711382457549638
0.7459400882163595,50,669,183,4,906,54,852,233,673,0.9259259259259259,0.7852112676056338,0.2147887323943662,0.07407407407407407,0.2145922746781116,0.9940564635958395,0.7935982339955849,0.34843205574912894,0.8292508710801393,1.0,0.19126198515369322,0.2433125086901876
0.7466541781549682,50,670,182,4,906,54,852,232,674,0.9259259259259259,0.7863849765258216,0.2136150234741784,0.07407407407407407,0.21551724137931033,0.9940652818991098,0.7947019867549668,0.34965034965034963,0.8292508710801393,1.0,0.19003800588920083,0.24214639459264578
0.7469960313130916,50,671,181,4,906,54,852,231,675,0.9259259259259259,0.7875586854460094,0.21244131455399062,0.07407407407407407,0.21645021645021645,0.9940740740740741,0.7958057395143487,0.3508771929824561,0.8292508710801393,1.0,0.18974908436591342,0.24070148403393646
0.7472557252540559,50,672,180,4,906,54,852,230,676,0.9259259259259259,0.7887323943661971,0.2112676056338028,0.07407407407407407,0.21739130434782608,0.9940828402366864,0.7969094922737306,0.352112676056338,0.8292508710801393,1.0,0.18974908436591342,0.23653862275611034
0.7482014388489209,50,673,179,4,906,54,852,229,677,0.9259259259259259,0.789906103286385,0.21009389671361503,0.07407407407407407,0.2183406113537118,0.9940915805022157,0.7980132450331126,0.35335689045936397,0.8292508710801393,1.0,0.1879479881247478,0.23612913899475166
0.7485797449535138,50,676,176,4,906,54,852,226,680,0.9259259259259259,0.7934272300469484,0.20657276995305165,0.07407407407407407,0.22123893805309736,0.9941176470588236,0.8013245033112583,0.35714285714285715,0.8292508710801393,1.0,0.1817115355586498,0.23425048754274272
0.7495313781231011,50,677,175,4,906,54,852,225,681,0.9259259259259259,0.7946009389671361,0.20539906103286384,0.07407407407407407,0.2222222222222222,0.9941262848751835,0.8024282560706402,0.35842293906810035,0.8292508710801393,1.0,0.18150675033652705,0.23272164342848556
0.7498746109530173,50,678,174,4,906,54,852,224,682,0.9259259259259259,0.795774647887324,0.20422535211267606,0.07407407407407407,0.22321428571428573,0.9941348973607038,0.8035320088300221,0.3597122302158273,0.8292508710801393,1.0,0.18006849798743027,0.23131487144149185
0.7508604046000168,50,679,173,4,906,54,852,223,683,0.9259259259259259,0.7969483568075117,0.20305164319248825,0.07407407407407407,0.2242152466367713,0.9941434846266471,0.804635761589404,0.36101083032490977,0.8292508710801393,1.0,0.17861336258353622,0.2306800512210738
0.7517102409736779,50,680,172,4,906,54,852,222,684,0.9259259259259259,0.7981220657276995,0.20187793427230047,0.07407407407407407,0.22522522522522523,0.9941520467836257,0.8057395143487859,0.36231884057971014,0.8292508710801393,1.0,0.17757009345794392,0.22976430264048744
0.7553506067326587,50,681,171,4,906,54,852,221,685,0.9259259259259259,0.7992957746478874,0.2007042253521127,0.07407407407407407,0.22624434389140272,0.9941605839416059,0.8068432671081678,0.36363636363636365,0.8292508710801393,1.0,0.17757009345794392,0.22654689471545583
0.7558471029178966,50,683,169,4,906,54,852,219,687,0.9259259259259259,0.8016431924882629,0.1983568075117371,0.07407407407407407,0.228310502283105,0.9941775836972343,0.8090507726269316,0.3663003663003663,0.8292508710801393,1.0,0.17598746081504704,0.22288075074419747
0.7570805462353236,50,684,168,4,906,54,852,218,688,0.9259259259259259,0.8028169014084507,0.19718309859154928,0.07407407407407407,0.22935779816513763,0.9941860465116279,0.8101545253863135,0.36764705882352944,0.8292508710801393,1.0,0.17488182086531162,0.221701330602744
0.758495145631068,50,684,168,4,906,54,852,218,688,0.9259259259259259,0.8028169014084507,0.19718309859154928,0.07407407407407407,0.22935779816513763,0.9941860465116279,0.8101545253863135,0.36764705882352944,0.8292508710801393,1.0,0.17488182086531162,0.221701330602744
0.7617855567397066,50,686,166,4,906,54,852,216,690,0.9259259259259259,0.8051643192488263,0.19483568075117372,0.07407407407407407,0.23148148148148148,0.9942028985507246,0.8123620309050773,0.37037037037037035,0.8292508710801393,1.0,0.1711133563839531,0.22000171037628277
0.7649157672148105,50,687,165,4,906,54,852,215,691,0.9259259259259259,0.8063380281690141,0.1936619718309859,0.07407407407407407,0.23255813953488372,0.9942112879884226,0.8134657836644592,0.37174721189591076,0.8292508710801393,1.0,0.17002951070293815,0.21925959265420478
0.7657761108924881,50,688,164,4,906,54,852,214,692,0.9259259259259259,0.8075117370892019,0.19248826291079812,0.07407407407407407,0.2336448598130841,0.9942196531791907,0.8145695364238411,0.373134328358209,0.8292508710801393,1.0,0.1697194215695484,0.21637426900584794
0.7665788018910067,50,689,163,4,906,54,852,213,693,0.9259259259259259,0.8086854460093896,0.19131455399061034,0.07407407407407407,0.2347417840375587,0.9942279942279942,0.8156732891832229,0.37453183520599254,0.8292508710801393,1.0,0.1686043154841828,0.21547669491525426
0.7674247530835944,50,691,161,4,906,54,852,211,695,0.9259259259259259,0.8110328638497653,0.18896713615023475,0.07407407407407407,0.23696682464454977,0.9942446043165467,0.8178807947019867,0.37735849056603776,0.8292508710801393,1.0,0.16589285910645363,0.21386124456646077
0.7683697930319712,50,692,160,4,906,54,852,210,696,0.9259259259259259,0.812206572769953,0.18779342723004694,0.07407407407407407,0.23809523809523808,0.9942528735632183,0.8189845474613686,0.3787878787878788,0.8292508710801393,1.0,0.16511600675344482,0.21251475796930341
0.7699063951249359,50,693,159,4,906,54,852,209,697,0.9259259259259259,0.8133802816901409,0.18661971830985916,0.07407407407407407,0.23923444976076555,0.994261119081779,0.8200883002207505,0.38022813688212925,0.8292508710801393,1.0,0.16257237617010725,0.21190573770491802
0.7703759097631921,50,694,158,4,906,54,852,208,698,0.9259259259259259,0.8145539906103286,0.18544600938967137,0.07407407407407407,0.2403846153846154,0.994269340974212,0.8211920529801324,0.3816793893129771,0.8292508710801393,1.0,0.16162521405291938,0.21058827068733632
0.7715563369437306,50,695,157,4,906,54,852,207,699,0.9259259259259259,0.8157276995305164,0.18427230046948356,0.07407407407407407,0.24154589371980675,0.994277539341917,0.8222958057395143,0.3831417624521073,0.8292508710801393,1.0,0.15990730011587487,0.2099647224446995
0.7726602588663597,50,696,156,4,906,54,852,206,700,0.9259259259259259,0.8169014084507042,0.18309859154929578,0.07407407407407407,0.24271844660194175,0.9942857142857143,0.8233995584988962,0.38461538461538464,0.8292508710801393,1.0,0.15725908482659118,0.20972039032459983
0.7728365384615384,50,696,156,4,906,54,852,206,700,0.9259259259259259,0.8169014084507042,0.18309859154929578,0.07407407407407407,0.24271844660194175,0.9942857142857143,0.8233995584988962,0.38461538461538464,0.8292508710801393,1.0,0.15725908482659118,0.20972039032459983
0.7730579745901348,50,698,154,4,906,54,852,204,702,0.9259259259259259,0.8192488262910798,0.1807511737089202,0.07407407407407407,0.24509803921568626,0.9943019943019943,0.82560706401766,0.3875968992248062,0.8292508710801393,1.0,0.15502667852378835,0.20714368386243387
0.773736939011117,50,700,152,4,906,54,852,202,704,0.9259259259259259,0.8215962441314554,0.1784037558685446,0.07407407407407407,0.24752475247524752,0.9943181818181818,0.8278145695364238,0.390625,0.8292508710801393,1.0,0.1527430306368254,0.20454809725158563
0.7745803357314148,50,700,152,4,906,54,852,202,704,0.9259259259259259,0.8215962441314554,0.1784037558685446,0.07407407407407407,0.24752475247524752,0.9943181818181818,0.8278145695364238,0.390625,0.8292508710801393,1.0,0.1527430306368254,0.20454809725158563
0.7749432835657162,50,702,150,4,906,54,852,200,706,0.9259259259259259,0.823943661971831,0.176056338028169,0.07407407407407407,0.25,0.9943342776203966,0.8300220750551877,0.3937007874015748,0.8292508710801393,1.0,0.15022798939453813,0.20119065440547476
0.7781463996018949,50,703,149,4,906,54,852,199,707,0.9259259259259259,0.8251173708920188,0.17488262910798122,0.07407407407407407,0.25125628140703515,0.9943422913719944,0.8311258278145696,0.3952569169960474,0.8292508710801393,1.0,0.1484558178374138,0.20091405162084264
0.7805367812011218,50,704,148,4,906,54,852,198,708,0.9259259259259259,0.8262910798122066,0.17370892018779344,0.07407407407407407,0.25252525252525254,0.9943502824858758,0.8322295805739515,0.3968253968253968,0.8292508710801393,1.0,0.14719366414816867,0.2
0.7810262468171856,50,705,147,4,906,54,852,197,709,0.9259259259259259,0.8274647887323944,0.17253521126760563,0.07407407407407407,0.25380710659898476,0.9943582510578279,0.8333333333333334,0.398406374501992,0.8292508710801393,1.0,0.14602739438602572,0.1990630460823755
0.7831578692009645,50,706,146,4,906,54,852,196,710,0.9259259259259259,0.8286384976525821,0.17136150234741784,0.07407407407407407,0.25510204081632654,0.9943661971830986,0.8344370860927153,0.4,0.8292508710801393,1.0,0.14450420117990587,0.19855659676882503
0.7836784792755113,50,708,144,4,906,54,852,194,712,0.9259259259259259,0.8309859154929577,0.16901408450704225,0.07407407407407407,0.25773195876288657,0.9943820224719101,0.8366445916114791,0.4032258064516129,0.8292508710801393,1.0,0.1420380918403333,0.19552928083699053
0.7852834740651388,50,708,144,4,906,54,852,194,712,0.9259259259259259,0.8309859154929577,0.16901408450704225,0.07407407407407407,0.25773195876288657,0.9943820224719101,0.8366445916114791,0.4032258064516129,0.8292508710801393,1.0,0.1420380918403333,0.19552928083699053
0.7853134363999953,50,710,142,4,906,54,852,192,714,0.9259259259259259,0.8333333333333334,0.16666666666666666,0.07407407407407407,0.2604166666666667,0.9943977591036415,0.8388520971302428,0.4065040650406504,0.8292508710801393,1.0,0.14001645367775117,0.19447942878218902
0.7856567161468433,50,711,141,4,906,54,852,191,715,0.9259259259259259,0.8345070422535211,0.16549295774647887,0.07407407407407407,0.2617801047120419,0.9944055944055944,0.8399558498896247,0.40816326530612246,0.8292508710801393,1.0,0.13773043481784,0.19431527898084955
0.7863364462033849,50,712,140,4,906,54,852,190,716,0.9259259259259259,0.8356807511737089,0.1643192488262911,0.07407407407407407,0.2631578947368421,0.994413407821229,0.8410596026490066,0.4098360655737705,0.8292508710801393,1.0,0.13584190159870324,0.1933971941427592
0.7879216859985659,50,713,139,4,906,54,852,189,717,0.9259259259259259,0.8368544600938967,0.16314553990610328,0.07407407407407407,0.26455026455026454,0.9944211994421199,0.8421633554083885,0.411522633744856,0.8292508710801393,1.0,0.13541514731621937,0.1910407649737382
0.7955905945463333,50,714,138,4,906,54,852,188,718,0.9259259259259259,0.8380281690140845,0.1619718309859155,0.07407407407407407,0.26595744680851063,0.9944289693593314,0.8432671081677704,0.4132231404958678,0.8292508710801393,1.0,0.1345702365425266,0.19008682108076766
0.7966328266445372,50,716,136,4,906,54,852,186,720,0.9259259259259259,0.8403755868544601,0.1596244131455399,0.07407407407407407,0.26881720430107525,0.9944444444444445,0.8454746136865342,0.4166666666666667,0.8292508710801393,1.0,0.13309999362895006,0.18648524483839585
0.796995132017882,50,717,135,4,906,54,852,185,721,0.9259259259259259,0.8415492957746479,0.15845070422535212,0.07407407407407407,0.2702702702702703,0.9944521497919556,0.8465783664459161,0.41841004184100417,0.8292508710801393,1.0,0.13194285168195719,0.1862158454073019
0.7985608082181612,50,718,134,4,906,54,852,184,722,0.9259259259259259,0.8427230046948356,0.1572769953051643,0.07407407407407407,0.2717391304347826,0.9944598337950139,0.847682119205298,0.42016806722689076,0.8292508710801393,1.0,0.13139387525452792,0.18399044205495818
0.8004807692307693,50,718,134,4,906,54,852,184,722,0.9259259259259259,0.8427230046948356,0.1572769953051643,0.07407407407407407,0.2717391304347826,0.9944598337950139,0.847682119205298,0.42016806722689076,0.8292508710801393,1.0,0.13139387525452792,0.18399044205495818
0.8011374590321959,50,720,132,4,906,54,852,182,724,0.9259259259259259,0.8450704225352113,0.15492957746478872,0.07407407407407407,0.27472527472527475,0.994475138121547,0.8498896247240618,0.423728813559322,0.8292508710801393,1.0,0.12977983777520277,0.18137298205501282
0.8020151596427507,50,721,131,4,906,54,852,181,725,0.9259259259259259,0.846244131455399,0.15375586854460094,0.07407407407407407,0.27624309392265195,0.9944827586206897,0.8509933774834437,0.425531914893617,0.8292508710801393,1.0,0.1290660197714934,0.18014868270629805
0.8021712907117008,50,721,131,4,906,54,852,181,725,0.9259259259259259,0.846244131455399,0.15375586854460094,0.07407407407407407,0.27624309392265195,0.9944827586206897,0.8509933774834437,0.425531914893617,0.8292508710801393,1.0,0.1290660197714934,0.18014868270629805
0.8026229503449333,50,723,129,4,906,54,852,179,727,0.9259259259259259,0.8485915492957746,0.15140845070422534,0.07407407407407407,0.27932960893854747,0.9944979367262724,0.8532008830022075,0.4291845493562232,0.8292508710801393,1.0,0.12599888494718378,0.179280448243343
0.8039696880008965,50,725,127,4,906,54,852,177,729,0.9259259259259259,0.8509389671361502,0.14906103286384975,0.07407407407407407,0.2824858757062147,0.9945130315500685,0.8554083885209713,0.4329004329004329,0.8292508710801393,1.0,0.12369911844652336,0.17689017949965713
0.8052953931953407,50,726,126,4,906,54,852,176,730,0.9259259259259259,0.852112676056338,0.14788732394366197,0.07407407407407407,0.2840909090909091,0.9945205479452055,0.8565121412803532,0.43478260869565216,0.8292508710801393,1.0,0.12206572769953052,0.1761314361586336
0.8061689895839963,50,727,125,4,906,54,852,175,731,0.9259259259259259,0.8532863849765259,0.1467136150234742,0.07407407407407407,0.2857142857142857,0.9945280437756497,0.8576158940397351,0.4366812227074236,0.8292508710801393,1.0,0.12042472487895757,0.17533830062209443
0.8085214002793819,50,728,124,4,906,54,852,174,732,0.9259259259259259,0.8544600938967136,0.14553990610328638,0.07407407407407407,0.28735632183908044,0.994535519125683,0.8587196467991169,0.43859649122807015,0.8292508710801393,1.0,0.11832946635730858,0.17502920723425344
0.8096713964568417,50,729,123,4,906,54,852,173,733,0.9259259259259259,0.8556338028169014,0.1443661971830986,0.07407407407407407,0.28901734104046245,0.9945429740791268,0.8598233995584988,0.44052863436123346,0.8292508710801393,1.0,0.11811426128228245,0.1729462689669507
0.8103827190412377,50,730,122,4,906,54,852,172,734,0.9259259259259259,0.8568075117370892,0.1431924882629108,0.07407407407407407,0.29069767441860467,0.9945504087193461,0.8609271523178808,0.4424778761061947,0.8292508710801393,1.0,0.11668611435239207,0.1721707916909425
0.8116153693586483,50,731,121,4,906,54,852,171,735,0.9259259259259259,0.857981220657277,0.142018779342723,0.07407407407407407,0.29239766081871343,0.9945578231292517,0.8620309050772627,0.4444444444444444,0.8292508710801393,1.0,0.1165119273515858,0.16884661117717004
0.8129529882189584,50,733,119,4,906,54,852,169,737,0.9259259259259259,0.8603286384976526,0.1396713615023474,0.07407407407407407,0.2958579881656805,0.994572591587517,0.8642384105960265,0.4484304932735426,0.8292508710801393,1.0,0.11547344110854503,0.16368086426789266
0.8135384156300464,50,734,118,4,906,54,852,168,738,0.9259259259259259,0.8615023474178404,0.13849765258215962,0.07407407407407407,0.2976190476190476,0.994579945799458,0.8653421633554084,0.45045045045045046,0.8292508710801393,1.0,0.11368710443581048,0.16290979098700656
0.816262762701283,50,735,117,4,906,54,852,167,739,0.9259259259259259,0.8626760563380281,0.13732394366197184,0.07407407407407407,0.2994011976047904,0.9945872801082544,0.8664459161147903,0.45248868778280543,0.8292508710801393,1.0,0.11228604654971909,0.16265273357581267
0.8174261551999275,50,736,116,4,906,54,852,166,740,0.9259259259259259,0.863849765258216,0.13615023474178403,0.07407407407407407,0.30120481927710846,0.9945945945945946,0.8675496688741722,0.45454545454545453,0.8292508710801393,1.0,0.11200878068406257,0.16052427466598906
0.8178054887778469,50,737,115,4,906,54,852,165,741,0.9259259259259259,0.8650234741784038,0.13497652582159625,0.07407407407407407,0.30303030303030304,0.9946018893387314,0.8686534216335541,0.45662100456621,0.8292508710801393,1.0,0.1114981577155673,0.15930441915378488
0.8224198884134696,50,738,114,4,906,54,852,164,742,0.9259259259259259,0.8661971830985915,0.13380281690140844,0.07407407407407407,0.3048780487804878,0.9946091644204852,0.869757174392936,0.45871559633027525,0.8292508710801393,1.0,0.1099361951258236,0.15821039189457348
0.8248555955068456,50,739,113,4,906,54,852,163,743,0.9259259259259259,0.8673708920187794,0.13262910798122066,0.07407407407407407,0.3067484662576687,0.9946164199192463,0.8708609271523179,0.4608294930875576,0.8292508710801393,1.0,0.10921501706484642,0.15684305068012286
0.8256898313044186,50,740,112,4,906,54,852,162,744,0.9259259259259259,0.8685446009389671,0.13145539906103287,0.07407407407407407,0.30864197530864196,0.9946236559139785,0.8719646799116998,0.46296296296296297,0.8292508710801393,1.0,0.10915227443547595,0.1544813792226867
0.8273536263183146,50,742,110,4,906,54,852,160,746,0.9259259259259259,0.8708920187793427,0.12910798122065728,0.07407407407407407,0.3125,0.9946380697050938,0.8741721854304636,0.4672897196261682,0.8292508710801393,1.0,0.10763456825037708,0.15180722891566265
0.8275410776816143,50,743,109,4,906,54,852,159,747,0.9259259259259259,0.8720657276995305,0.12793427230046947,0.07407407407407407,0.31446540880503143,0.9946452476572959,0.8752759381898455,0.4694835680751174,0.8292508710801393,1.0,0.10532404130489492,0.15101241242440056
0.8276993437046418,49,743,109,5,906,54,852,158,748,0.9074074074074074,0.8720657276995305,0.12793427230046947,0.09259259259259259,0.310126582278481,0.9933155080213903,0.8741721854304636,0.46226415094339623,0.8162887377173091,0.9761904761904762,0.10532404130489492,0.15101241242440056
0.8283447854084972,49,744,108,5,906,54,852,157,749,0.9074074074074074,0.8732394366197183,0.1267605633802817,0.09259259259259259,0.31210191082802546,0.9933244325767691,0.8752759381898455,0.46445497630331756,0.8162887377173091,0.9761904761904762,0.10519896698469353,0.1486337921339504
0.8291866115186752,49,745,107,5,906,54,852,156,750,0.9074074074074074,0.8744131455399061,0.1255868544600939,0.09259259259259259,0.3141025641025641,0.9933333333333333,0.8763796909492274,0.4666666666666667,0.8162887377173091,0.9761904761904762,0.10483098235360234,0.1465463881014711
0.8302301140726654,49,746,106,5,906,54,852,155,751,0.9074074074074074,0.8755868544600939,0.12441314553990611,0.09259259259259259,0.3161290322580645,0.9933422103861518,0.8774834437086093,0.4688995215311005,0.8162887377173091,0.9761904761904762,0.10418967063042658,0.14536928487690504
0.8308919323060732,49,747,105,5,906,54,852,154,752,0.9074074074074074,0.8767605633802817,0.12323943661971831,0.09259259259259259,0.3181818181818182,0.9933510638297872,0.8785871964679912,0.47115384615384615,0.8162887377173091,0.9761904761904762,0.10407239819004525,0.14370229477015403
0.8321537552943992,49,749,103,5,906,54,852,152,754,0.9074074074074074,0.8791079812206573,0.12089201877934272,0.09259259259259259,0.3223684210526316,0.993368700265252,0.8807947019867549,0.47572815533980584,0.8162887377173091,0.9761904761904762,0.10253303561251241,0.13973817199300026
0.8329322101885278,49,750,102,5,906,54,852,151,755,0.9074074074074074,0.8802816901408451,0.11971830985915492,0.09259259259259259,0.32450331125827814,0.9933774834437086,0.8818984547461368,0.47804878048780486,0.8162887377173091,0.9761904761904762,0.10093869481389497,0.13921148800862906
0.8348359015347372,49,751,101,5,906,54,852,150,756,0.9074074074074074,0.8814553990610329,0.11854460093896714,0.09259259259259259,0.32666666666666666,0.9933862433862434,0.8830022075055187,0.4803921568627451,0.8162887377173091,0.9761904761904762,0.09859113110969857,0.13859108783910037
0.8376530580776638,49,752,100,5,906,54,852,149,757,0.9074074074074074,0.8826291079812206,0.11737089201877934,0.09259259259259259,0.3288590604026846,0.9933949801849405,0.8841059602649006,0.4827586206896552,0.8162887377173091,0.9761904761904762,0.09833884177267814,0.13695635480557874
0.8395033459197488,49,753,99,5,906,54,852,148,758,0.9074074074074074,0.8838028169014085,0.11619718309859155,0.09259259259259259,0.3310810810810811,0.9934036939313984,0.8852097130242825,0.48514851485148514,0.8162887377173091,0.9761904761904762,0.09658240200509492,0.13589490365643755
0.8401937046004843,49,753,99,5,906,54,852,148,758,0.9074074074074074,0.8838028169014085,0.11619718309859155,0.09259259259259259,0.3310810810810811,0.9934036939313984,0.8852097130242825,0.48514851485148514,0.8162887377173091,0.9761904761904762,0.09658240200509492,0.13589490365643755
0.8404731875443773,49,755,97,5,906,54,852,146,760,0.9074074074074074,0.886150234741784,0.11384976525821597,0.09259259259259259,0.3356164383561644,0.993421052631579,0.8874172185430463,0.49,0.8162887377173091,0.9761904761904762,0.0954585001048964,0.1322535814898886
0.8413225608061844,49,756,96,5,906,54,852,145,761,0.9074074074074074,0.8873239436619719,0.11267605633802817,0.09259259259259259,0.33793103448275863,0.9934296977660972,0.8885209713024282,0.49246231155778897,0.8162887377173091,0.9761904761904762,0.09507042253521127,0.13058834198733907
0.8417543166119184,49,758,94,5,906,54,852,143,763,0.9074074074074074,0.8896713615023474,0.11032863849765258,0.09259259259259259,0.34265734265734266,0.9934469200524246,0.890728476821192,0.49746192893401014,0.8162887377173091,0.9761904761904762,0.09280682660798431,0.12833072379697522
0.845468618905051,49,759,93,5,906,54,852,142,764,0.9074074074074074,0.8908450704225352,0.10915492957746478,0.09259259259259259,0.34507042253521125,0.993455497382199,0.891832229580574,0.5,0.8162887377173091,0.9761904761904762,0.09174120795107034,0.1280558789289872
0.8462469733656174,49,759,93,5,906,54,852,142,764,0.9074074074074074,0.8908450704225352,0.10915492957746478,0.09259259259259259,0.34507042253521125,0.993455497382199,0.891832229580574,0.5,0.8162887377173091,0.9761904761904762,0.09174120795107034,0.1280558789289872
0.8477295399048935,49,762,90,5,906,54,852,139,767,0.9074074074074074,0.8943661971830986,0.1056338028169014,0.09259259259259259,0.35251798561151076,0.9934810951760105,0.8951434878587197,0.5077720207253886,0.8162887377173091,0.9761904761904762,0.08854342275061092,0.1244218033801074
0.8485576923076923,49,762,90,5,906,54,852,139,767,0.9074074074074074,0.8943661971830986,0.1056338028169014,0.09259259259259259,0.35251798561151076,0.9934810951760105,0.8951434878587197,0.5077720207253886,0.8162887377173091,0.9761904761904762,0.08854342275061092,0.1244218033801074
0.8516364192782181,49,764,88,5,906,54,852,137,769,0.9074074074074074,0.8967136150234741,0.10328638497652583,0.09259259259259259,0.35766423357664234,0.9934980494148244,0.8973509933774835,0.5130890052356021,0.8162887377173091,0.9761904761904762,0.08670384860093948,0.12324147878725343
0.8520349597690047,49,766,86,5,906,54,852,135,771,0.9074074074074074,0.8990610328638498,0.10093896713615023,0.09259259259259259,0.362962962962963,0.993514915693904,0.8995584988962473,0.5185185185185185,0.8162887377173091,0.9761904761904762,0.08244751610891707,0.12175226874094408
0.8542180753364714,49,767,85,5,906,54,852,134,772,0.9074074074074074,0.9002347417840375,0.09976525821596244,0.09259259259259259,0.3656716417910448,0.9935233160621761,0.9006622516556292,0.5212765957446809,0.8162887377173091,0.9761904761904762,0.08234614076844611,0.11896558976947669
0.8550243698986201,49,768,84,5,906,54,852,133,773,0.9074074074074074,0.9014084507042254,0.09859154929577464,0.09259259259259259,0.3684210526315789,0.9935316946959897,0.9017660044150111,0.5240641711229946,0.8162887377173091,0.9761904761904762,0.0814456630109671,0.11771565236190681
0.8552631578947368,49,768,84,5,906,54,852,133,773,0.9074074074074074,0.9014084507042254,0.09859154929577464,0.09259259259259259,0.3684210526315789,0.9935316946959897,0.9017660044150111,0.5240641711229946,0.8162887377173091,0.9761904761904762,0.0814456630109671,0.11771565236190681
0.8559538289250521,49,770,82,5,906,54,852,131,775,0.9074074074074074,0.903755868544601,0.09624413145539906,0.09259259259259259,0.37404580152671757,0.9935483870967742,0.9039735099337748,0.5297297297297298,0.8162887377173091,0.9761904761904762,0.08073633053807665,0.1127118537727957
0.8570682657733885,49,771,81,5,906,54,852,130,776,0.9074074074074074,0.9049295774647887,0.09507042253521127,0.09259259259259259,0.3769230769230769,0.9935567010309279,0.9050772626931567,0.532608695652174,0.8162887377173091,0.9761904761904762,0.07912697354384468,0.11190476190476191
0.858042838430239,49,772,80,5,906,54,852,129,777,0.9074074074074074,0.9061032863849765,0.09389671361502347,0.09259259259259259,0.3798449612403101,0.9935649935649936,0.9061810154525386,0.5355191256830601,0.8162887377173091,0.9761904761904762,0.07863785313034274,0.11033681765389082
0.8596852275264809,49,773,79,5,906,54,852,128,778,0.9074074074074074,0.9072769953051644,0.09272300469483569,0.09259259259259259,0.3828125,0.993573264781491,0.9072847682119205,0.5384615384615384,0.8162887377173091,0.9761904761904762,0.07764250207125103,0.10926690598512684
0.8633999652060577,49,775,77,5,906,54,852,126,780,0.9074074074074074,0.9096244131455399,0.0903755868544601,0.09259259259259259,0.3888888888888889,0.9935897435897436,0.9094922737306843,0.5444444444444444,0.8162887377173091,0.9761904761904762,0.07656598864776085,0.10532570276114436
0.8642770372986333,49,776,76,5,906,54,852,125,781,0.9074074074074074,0.9107981220657277,0.0892018779342723,0.09259259259259259,0.392,0.9935979513444302,0.9105960264900662,0.547486033519553,0.8162887377173091,0.9761904761904762,0.0740709139173303,0.10483539910138043
0.8660287081339713,49,776,76,5,906,54,852,125,781,0.9074074074074074,0.9107981220657277,0.0892018779342723,0.09259259259259259,0.392,0.9935979513444302,0.9105960264900662,0.547486033519553,0.8162887377173091,0.9761904761904762,0.0740709139173303,0.10483539910138043
0.8673410227725318,49,779,73,5,906,54,852,122,784,0.9074074074074074,0.9143192488262911,0.08568075117370892,0.09259259259259259,0.4016393442622951,0.9936224489795918,0.9139072847682119,0.5568181818181818,0.8162887377173091,0.9761904761904762,0.07142857142857142,0.09988675958188152
0.8686635857540693,49,780,72,5,906,54,852,121,785,0.9074074074074074,0.9154929577464789,0.08450704225352113,0.09259259259259259,0.4049586776859504,0.9936305732484076,0.9150110375275938,0.56,0.8162887377173091,0.9761904761904762,0.0706833545565842,0.09894083382578178
0.8689779383285344,49,781,71,5,906,54,852,120,786,0.9074074074074074,0.9166666666666666,0.08333333333333333,0.09259259259259259,0.4083333333333333,0.9936386768447837,0.9161147902869757,0.5632183908045977,0.8162887377173091,0.9761904761904762,0.06932904638748599,0.09839919949673233
0.8690077073679402,49,783,69,5,906,54,852,118,788,0.9074074074074074,0.9190140845070423,0.08098591549295775,0.09259259259259259,0.4152542372881356,0.9936548223350253,0.9183222958057395,0.5697674418604651,0.8162887377173091,0.9761904761904762,0.06697805812548617,0.09693044668408608
0.8695314425151608,49,784,68,5,906,54,852,117,789,0.9074074074074074,0.92018779342723,0.07981220657276995,0.09259259259259259,0.4188034188034188,0.9936628643852978,0.9194260485651214,0.5730994152046783,0.8162887377173091,0.9761904761904762,0.06642758897832868,0.09449923365796825
0.8705035971223022,49,784,68,5,906,54,852,117,789,0.9074074074074074,0.92018779342723,0.07981220657276995,0.09259259259259259,0.4188034188034188,0.9936628643852978,0.9194260485651214,0.5730994152046783,0.8162887377173091,0.9761904761904762,0.06642758897832868,0.09449923365796825
0.8725602224986925,49,786,66,5,906,54,852,115,791,0.9074074074074074,0.9225352112676056,0.07746478873239436,0.09259259259259259,0.4260869565217391,0.9936788874841972,0.9216335540838853,0.5798816568047337,0.8162887377173091,0.9761904761904762,0.06420587346979868,0.09270105527409708
0.8757109118951225,48,786,66,6,906,54,852,114,792,0.8888888888888888,0.9225352112676056,0.07746478873239436,0.1111111111111111,0.42105263157894735,0.9924242424242424,0.9205298013245033,0.5714285714285714,0.7843004769475358,0.9677671370967741,0.06420587346979868,0.09270105527409708
0.8764173269539371,48,787,65,6,906,54,852,113,793,0.8888888888888888,0.9237089201877934,0.07629107981220658,0.1111111111111111,0.4247787610619469,0.9924337957124842,0.9216335540838853,0.5748502994011976,0.7843004769475358,0.9677671370967741,0.06323031488919842,0.09186077327635796
0.8783100543856414,48,788,64,6,906,54,852,112,794,0.8888888888888888,0.9248826291079812,0.07511737089201878,0.1111111111111111,0.42857142857142855,0.9924433249370277,0.9227373068432672,0.5783132530120482,0.7843004769475358,0.9677671370967741,0.061370563994278315,0.09133723653395784
0.8790780379845764,48,789,63,6,906,54,852,111,795,0.8888888888888888,0.926056338028169,0.07394366197183098,0.1111111111111111,0.43243243243243246,0.9924528301886792,0.9238410596026491,0.5818181818181818,0.7843004769475358,0.9677671370967741,0.0603128823071461,0.09017341040462427
0.8802922307423409,48,791,61,6,906,54,852,109,797,0.8888888888888888,0.9284037558685446,0.0715962441314554,0.1111111111111111,0.44036697247706424,0.9924717691342535,0.9260485651214128,0.588957055214724,0.7843004769475358,0.9677671370967741,0.05978590234662443,0.08588235294117647
0.8814978960616962,48,792,60,6,906,54,852,108,798,0.8888888888888888,0.9295774647887324,0.07042253521126761,0.1111111111111111,0.4444444444444444,0.9924812030075187,0.9271523178807947,0.5925925925925926,0.7843004769475358,0.9677671370967741,0.05854066688907708,0.08488372093023255
0.8822377780845815,48,793,59,6,906,54,852,107,799,0.8888888888888888,0.9307511737089202,0.06924882629107981,0.1111111111111111,0.4485981308411215,0.9924906132665833,0.9282560706401766,0.5962732919254659,0.7843004769475358,0.9677671370967741,0.056869319092428504,0.08430913348946135
0.8829070182143147,48,794,58,6,906,54,852,106,800,0.8888888888888888,0.931924882629108,0.06807511737089202,0.1111111111111111,0.4528301886792453,0.9925,0.9293598233995585,0.6,0.7843004769475358,0.9677671370967741,0.05648916794478528,0.08198807225686273
0.8845043854607322,48,795,57,6,906,54,852,105,801,0.8888888888888888,0.9330985915492958,0.06690140845070422,0.1111111111111111,0.45714285714285713,0.9925093632958801,0.9304635761589404,0.6037735849056604,0.7843004769475358,0.9677671370967741,0.05437288004933703,0.08127280301071561
0.8869487498386488,48,796,56,6,906,54,852,104,802,0.8888888888888888,0.9342723004694836,0.06572769953051644,0.1111111111111111,0.46153846153846156,0.9925187032418953,0.9315673289183223,0.6075949367088608,0.7843004769475358,0.9677671370967741,0.054209206027037715,0.078234574531567
0.8882858843198643,48,797,55,6,906,54,852,103,803,0.8888888888888888,0.9354460093896714,0.06455399061032864,0.1111111111111111,0.46601941747572817,0.9925280199252802,0.9326710816777042,0.6114649681528662,0.7843004769475358,0.9677671370967741,0.05331595810314367,0.0774568509321827
0.8900069161848739,48,799,53,6,906,54,852,101,805,0.8888888888888888,0.937793427230047,0.062206572769953054,0.1111111111111111,0.4752475247524752,0.9925465838509316,0.934878587196468,0.6193548387096774,0.7843004769475358,0.9677671370967741,0.05034064905346369,0.07565106708308933
0.8908561406568747,48,800,52,6,906,54,852,100,806,0.8888888888888888,0.9389671361502347,0.06103286384976526,0.1111111111111111,0.48,0.9925558312655087,0.9359823399558499,0.6233766233766234,0.7843004769475358,0.9677671370967741,0.048170180733216605,0.07523526452689437
0.8913917366840505,48,801,51,6,906,54,852,99,807,0.8888888888888888,0.9401408450704225,0.05985915492957746,0.1111111111111111,0.48484848484848486,0.9925650557620818,0.9370860927152318,0.6274509803921569,0.7843004769475358,0.9677671370967741,0.04750862180484032,0.07251674267636303
0.8919485001934832,48,802,50,6,906,54,852,98,808,0.8888888888888888,0.9413145539906104,0.05868544600938967,0.1111111111111111,0.4897959183673469,0.9925742574257426,0.9381898454746137,0.631578947368421,0.7843004769475358,0.9677671370967741,0.04667385254001664,0.07174913843215412
0.8928090610218592,48,803,49,6,906,54,852,97,809,0.8888888888888888,0.9424882629107981,0.057511737089201875,0.1111111111111111,0.4948453608247423,0.992583436341162,0.9392935982339956,0.6357615894039735,0.7843004769475358,0.9677671370967741,0.04631828978622328,0.0694125816993464
0.8935107880093176,48,804,48,6,906,54,852,96,810,0.8888888888888888,0.9436619718309859,0.056338028169014086,0.1111111111111111,0.5,0.9925925925925926,0.9403973509933775,0.64,0.7843004769475358,0.9677671370967741,0.04550762112139358,0.06742924767540152
0.8954134126125469,48,805,47,6,906,54,852,95,811,0.8888888888888888,0.9448356807511737,0.05516431924882629,0.1111111111111111,0.5052631578947369,0.9926017262638718,0.9415011037527594,0.6442953020134228,0.7843004769475358,0.9677671370967741,0.04513868269992082,0.06481481481481481
0.8968837305591725,48,807,45,6,906,54,852,93,813,0.8888888888888888,0.9471830985915493,0.0528169014084507,0.1111111111111111,0.5161290322580645,0.992619926199262,0.9437086092715232,0.6530612244897959,0.7843004769475358,0.9677671370967741,0.04394268394821029,0.061856897398134505
0.8972275776508809,48,808,44,6,906,54,852,92,814,0.8888888888888888,0.9483568075117371,0.051643192488262914,0.1111111111111111,0.5217391304347826,0.9926289926289926,0.9448123620309051,0.6575342465753424,0.7843004769475358,0.9677671370967741,0.042754590137854986,0.06090941488512305
0.8981648833622518,48,809,43,6,906,54,852,91,815,0.8888888888888888,0.9495305164319249,0.05046948356807512,0.1111111111111111,0.5274725274725275,0.992638036809816,0.9459161147902869,0.6620689655172414,0.7843004769475358,0.9677671370967741,0.04141889434442626,0.06026928136393768
0.900363490788305,48,810,42,6,906,54,852,90,816,0.8888888888888888,0.9507042253521126,0.04929577464788732,0.1111111111111111,0.5333333333333333,0.9926470588235294,0.9470198675496688,0.6666666666666666,0.7843004769475358,0.9677671370967741,0.04014167650531287,0.05916473317865429
0.9024826436974872,48,811,41,6,906,54,852,89,817,0.8888888888888888,0.9518779342723005,0.04812206572769953,0.1111111111111111,0.5393258426966292,0.99265605875153,0.9481236203090507,0.6713286713286714,0.7843004769475358,0.9677671370967741,0.03841672874039022,0.05856518282988867
0.9036452191672234,48,812,40,6,906,54,852,88,818,0.8888888888888888,0.9530516431924883,0.046948356807511735,0.1111111111111111,0.5454545454545454,0.9926650366748166,0.9492273730684326,0.676056338028169,0.7843004769475358,0.9677671370967741,0.03649463490783706,0.05813953488372093
0.9050568144652101,48,813,39,6,906,54,852,87,819,0.8888888888888888,0.954225352112676,0.045774647887323945,0.1111111111111111,0.5517241379310345,0.9926739926739927,0.9503311258278145,0.6808510638297872,0.7843004769475358,0.9677671370967741,0.03423848878394333,0.057736720554272515
0.9053361953112159,48,814,38,6,906,54,852,86,820,0.8888888888888888,0.9553990610328639,0.04460093896713615,0.1111111111111111,0.5581395348837209,0.9926829268292683,0.9514348785871964,0.6857142857142857,0.7843004769475358,0.9677671370967741,0.033332342449464925,0.0564976638711317
0.905683192261185,48,815,37,6,906,54,852,85,821,0.8888888888888888,0.9565727699530516,0.04342723004694836,0.1111111111111111,0.5647058823529412,0.9926918392204629,0.9525386313465783,0.6906474820143885,0.7843004769475358,0.9677671370967741,0.03074987132850052,0.05633882210965908
0.9058508427776966,48,817,35,6,906,54,852,83,823,0.8888888888888888,0.9589201877934272,0.04107981220657277,0.1111111111111111,0.5783132530120482,0.9927095990279465,0.9547461368653422,0.7007299270072993,0.7843004769475358,0.9677671370967741,0.029308323563892145,0.05219478412365516
0.9071904496977321,48,818,34,6,906,54,852,82,824,0.8888888888888888,0.960093896713615,0.03990610328638498,0.1111111111111111,0.5853658536585366,0.9927184466019418,0.9558498896247241,0.7058823529411765,0.7843004769475358,0.9677671370967741,0.02813434524176796,0.05116279069767442
0.9087018162674605,48,819,33,6,906,54,852,81,825,0.8888888888888888,0.9612676056338029,0.03873239436619718,0.1111111111111111,0.5925925925925926,0.9927272727272727,0.956953642384106,0.7111111111111111,0.7843004769475358,0.9677671370967741,0.026619600995504176,0.05041327835812773
0.9096091547814379,48,820,32,6,906,54,852,80,826,0.8888888888888888,0.9624413145539906,0.03755868544600939,0.1111111111111111,0.6,0.9927360774818402,0.9580573951434879,0.7164179104477612,0.7843004769475358,0.9677671370967741,0.025850423541437354,0.04924087653584568
0.9120226537049309,48,821,31,6,906,54,852,79,827,0.8888888888888888,0.9636150234741784,0.036384976525821594,0.1111111111111111,0.6075949367088608,0.992744860943168,0.9591611479028698,0.7218045112781954,0.7843004769475358,0.9677671370967741,0.02447339246119734,0.048294483073065074
0.913369409906806,48,822,30,6,906,54,852,78,828,0.8888888888888888,0.9647887323943662,0.035211267605633804,0.1111111111111111,0.6153846153846154,0.9927536231884058,0.9602649006622517,0.7272727272727273,0.7843004769475358,0.9677671370967741,0.023612750885478158,0.046965466138482716
0.9160899039159865,48,824,28,6,906,54,852,76,830,0.8888888888888888,0.9671361502347418,0.03286384976525822,0.1111111111111111,0.631578947368421,0.9927710843373494,0.9624724061810155,0.7384615384615385,0.7843004769475358,0.9677671370967741,0.020237493630032275,0.04566223412787527
0.9174641148325359,48,824,28,6,906,54,852,76,830,0.8888888888888888,0.9671361502347418,0.03286384976525822,0.1111111111111111,0.631578947368421,0.9927710843373494,0.9624724061810155,0.7384615384615385,0.7843004769475358,0.9677671370967741,0.020237493630032275,0.04566223412787527
0.9178965429199899,48,826,26,6,906,54,852,74,832,0.8888888888888888,0.9694835680751174,0.03051643192488263,0.1111111111111111,0.6486486486486487,0.9927884615384616,0.9646799116997793,0.75,0.7843004769475358,0.9677671370967741,0.01670594610585963,0.04467997292032872
0.9189842805320435,48,826,26,6,906,54,852,74,832,0.8888888888888888,0.9694835680751174,0.03051643192488263,0.1111111111111111,0.6486486486486487,0.9927884615384616,0.9646799116997793,0.75,0.7843004769475358,0.9677671370967741,0.01670594610585963,0.04467997292032872
0.9193600634034872,48,828,24,6,906,54,852,72,834,0.8888888888888888,0.971830985915493,0.028169014084507043,0.1111111111111111,0.6666666666666666,0.9928057553956835,0.9668874172185431,0.7619047619047619,0.7843004769475358,0.9677671370967741,0.01527435902721944,0.04176308437943678
0.9211824149702792,48,829,23,6,906,54,852,71,835,0.8888888888888888,0.9730046948356808,0.02699530516431925,0.1111111111111111,0.676056338028169,0.9928143712574851,0.9679911699779249,0.768,0.7843004769475358,0.9677671370967741,0.014150943396226415,0.04103325892498674
0.924981302551943,48,830,22,6,906,54,852,70,836,0.8888888888888888,0.9741784037558685,0.025821596244131457,0.1111111111111111,0.6857142857142857,0.992822966507177,0.9690949227373068,0.7741935483870968,0.7843004769475358,0.9677671370967741,0.013157501729233478,0.039860556544010606
0.9256594724220624,48,830,22,6,906,54,852,70,836,0.8888888888888888,0.9741784037558685,0.025821596244131457,0.1111111111111111,0.6857142857142857,0.992822966507177,0.9690949227373068,0.7741935483870968,0.7843004769475358,0.9677671370967741,0.013157501729233478,0.039860556544010606
0.9257031266246629,48,833,19,6,906,54,852,67,839,0.8888888888888888,0.9776995305164319,0.022300469483568074,0.1111111111111111,0.7164179104477612,0.9928486293206198,0.9724061810154525,0.7933884297520661,0.7843004769475358,0.9677671370967741,0.009603553651676497,0.036783727951692345
0.9261501210653753,48,833,19,6,906,54,852,67,839,0.8888888888888888,0.9776995305164319,0.022300469483568074,0.1111111111111111,0.7164179104477612,0.9928486293206198,0.9724061810154525,0.7933884297520661,0.7843004769475358,0.9677671370967741,0.009603553651676497,0.036783727951692345
0.9266138669104844,48,835,17,6,906,54,852,65,841,0.8888888888888888,0.9800469483568075,0.01995305164319249,0.1111111111111111,0.7384615384615385,0.9928656361474435,0.9746136865342163,0.8067226890756303,0.7843004769475358,0.9677671370967741,0.009356179246248644,0.033334292289988486
0.9274486094316807,48,835,17,6,906,54,852,65,841,0.8888888888888888,0.9800469483568075,0.01995305164319249,0.1111111111111111,0.7384615384615385,0.9928656361474435,0.9746136865342163,0.8067226890756303,0.7843004769475358,0.9677671370967741,0.009356179246248644,0.033334292289988486
0.9285791666509506,48,837,15,6,906,54,852,63,843,0.8888888888888888,0.9823943661971831,0.017605633802816902,0.1111111111111111,0.7619047619047619,0.9928825622775801,0.9768211920529801,0.8205128205128205,0.7843004769475358,0.9677671370967741,0.009301248923341946,0.02662037037037037
0.9306383842567281,48,838,14,6,906,54,852,62,844,0.8888888888888888,0.9835680751173709,0.01643192488262911,0.1111111111111111,0.7741935483870968,0.9928909952606635,0.977924944812362,0.8275862068965517,0.7843004769475358,0.9677671370967741,0.007237417704594009,0.02631654307590281
0.9314462649653852,48,839,13,6,906,54,852,61,845,0.8888888888888888,0.9847417840375586,0.015258215962441314,0.1111111111111111,0.7868852459016393,0.9928994082840237,0.9790286975717439,0.8347826086956521,0.7843004769475358,0.9677671370967741,0.007159904534606206,0.02320252983769479
0.9323187048637314,48,841,11,6,906,54,852,59,847,0.8888888888888888,0.9870892018779343,0.012910798122065728,0.1111111111111111,0.8135593220338984,0.9929161747343566,0.9812362030905077,0.8495575221238938,0.7843004769475358,0.9677671370967741,0.005854629743758303,0.02057142857142857
0.9343244263470585,48,842,10,6,906,54,852,58,848,0.8888888888888888,0.9882629107981221,0.011737089201877934,0.1111111111111111,0.8275862068965517,0.9929245283018868,0.9823399558498896,0.8571428571428571,0.7843004769475358,0.9677671370967741,0.00580046403712297,0.018062286047401475
0.9388979763479389,47,842,10,7,906,54,852,57,849,0.8703703703703703,0.9882629107981221,0.011737089201877934,0.12962962962962962,0.8245614035087719,0.9917550058892816,0.9812362030905077,0.8468468468468469,0.7741935483870968,0.9482758620689655,0.00580046403712297,0.018062286047401475
0.939540507859734,47,842,10,7,906,54,852,57,849,0.8703703703703703,0.9882629107981221,0.011737089201877934,0.12962962962962962,0.8245614035087719,0.9917550058892816,0.9812362030905077,0.8468468468468469,0.7741935483870968,0.9482758620689655,0.00580046403712297,0.018062286047401475
0.939704617118821,47,844,8,7,906,54,852,55,851,0.8703703703703703,0.9906103286384976,0.009389671361502348,0.12962962962962962,0.8545454545454545,0.9917743830787309,0.9834437086092715,0.8623853211009175,0.7741935483870968,0.9482758620689655,0.0035211267605633804,0.015330188679245283
0.9398820057932019,46,844,8,8,906,54,852,54,852,0.8518518518518519,0.9906103286384976,0.009389671361502348,0.14814814814814814,0.8518518518518519,0.9906103286384976,0.9823399558498896,0.8518518518518519,0.7543859649122807,0.9428706199460916,0.0035211267605633804,0.015330188679245283
0.9400237617887183,45,844,8,9,906,54,852,53,853,0.8333333333333334,0.9906103286384976,0.009389671361502348,0.16666666666666666,0.8490566037735849,0.9894490035169988,0.9812362030905077,0.8411214953271028,0.7380854800936768,0.918918918918919,0.0035211267605633804,0.015330188679245283
0.9430625095617696,44,844,8,10,906,54,852,52,854,0.8148148148148148,0.9906103286384976,0.009389671361502348,0.18518518518518517,0.8461538461538461,0.9882903981264637,0.9801324503311258,0.8301886792452831,0.6874553571428571,0.9180411508865841,0.0035211267605633804,0.015330188679245283
0.9456419499110974,43,845,7,11,906,54,852,50,856,0.7962962962962963,0.9917840375586855,0.008215962441314555,0.2037037037037037,0.86,0.9871495327102804,0.9801324503311258,0.8269230769230769,0.6730681818181818,0.9024390243902439,0.002338976812661023,0.0143202367815502
0.9468063418511956,43,846,6,11,906,54,852,49,857,0.7962962962962963,0.9929577464788732,0.007042253521126761,0.2037037037037037,0.8775510204081632,0.9871645274212368,0.9812362030905077,0.8349514563106796,0.6730681818181818,0.9024390243902439,0.0023121387283236996,0.012005162641979867
0.947379692577218,43,847,5,11,906,54,852,48,858,0.7962962962962963,0.994131455399061,0.005868544600938967,0.2037037037037037,0.8958333333333334,0.9871794871794872,0.9823399558498896,0.8431372549019608,0.6730681818181818,0.9024390243902439,0.0011668271440733516,0.011442303655029072
0.9493978703326914,43,848,4,11,906,54,852,47,859,0.7962962962962963,0.9953051643192489,0.004694835680751174,0.2037037037037037,0.9148936170212766,0.9871944121071012,0.9834437086092715,0.8514851485148515,0.6730681818181818,0.9024390243902439,0.0,0.010416968424101967
0.9513069185642584,42,848,4,12,906,54,852,46,860,0.7777777777777778,0.9953051643192489,0.004694835680751174,0.2222222222222222,0.9130434782608695,0.986046511627907,0.9823399558498896,0.84,0.6153846153846154,0.9,0.0,0.010416968424101967
0.9526385536271068,41,848,4,13,906,54,852,45,861,0.7592592592592593,0.9953051643192489,0.004694835680751174,0.24074074074074073,0.9111111111111111,0.9849012775842044,0.9812362030905077,0.8282828282828283,0.6,0.8923076923076924,0.0,0.010416968424101967
0.9529553679131484,41,848,4,13,906,54,852,45,861,0.7592592592592593,0.9953051643192489,0.004694835680751174,0.24074074074074073,0.9111111111111111,0.9849012775842044,0.9812362030905077,0.8282828282828283,0.6,0.8923076923076924,0.0,0.010416968424101967
0.9539951573849879,41,850,2,13,906,54,852,43,863,0.7592592592592593,0.9976525821596244,0.002347417840375587,0.24074074074074073,0.9534883720930233,0.984936268829664,0.9834437086092715,0.845360824742268,0.6,0.8923076923076924,0.0,0.0059031877213695395
0.9540525303993826,39,850,2,15,906,54,852,41,865,0.7222222222222222,0.9976525821596244,0.002347417840375587,0.2777777777777778,0.9512195121951219,0.9826589595375722,0.9812362030905077,0.8210526315789474,0.5272727272727272,0.8857142857142857,0.0,0.0059031877213695395
0.9550649460188934,39,851,1,15,906,54,852,40,866,0.7222222222222222,0.9988262910798122,0.0011737089201877935,0.2777777777777778,0.975,0.9826789838337182,0.9823399558498896,0.8297872340425532,0.5272727272727272,0.8857142857142857,0.0,0.00360154879259396
0.9567765394393566,38,851,1,16,906,54,852,39,867,0.7037037037037037,0.9988262910798122,0.0011737089201877935,0.2962962962962963,0.9743589743589743,0.9815455594002307,0.9812362030905077,0.8172043010752689,0.509090909090909,0.8679477265697494,0.0,0.00360154879259396
0.9588488441461985,38,852,0,16,906,54,852,38,868,0.7037037037037037,1.0,0.0,0.2962962962962963,1.0,0.9815668202764977,0.9823399558498896,0.8260869565217391,0.509090909090909,0.8679477265697494,0.0,0.0
0.962167968227525,37,852,0,17,906,54,852,37,869,0.6851851851851852,1.0,0.0,0.3148148148148148,1.0,0.9804372842347526,0.9812362030905077,0.8131868131868132,0.5070652173913044,0.8392857142857143,0.0,0.0
0.9629186602870813,37,852,0,17,906,54,852,37,869,0.6851851851851852,1.0,0.0,0.3148148148148148,1.0,0.9804372842347526,0.9812362030905077,0.8131868131868132,0.5070652173913044,0.8392857142857143,0.0,0.0
0.9635770396400254,35,852,0,19,906,54,852,35,871,0.6481481481481481,1.0,0.0,0.35185185185185186,1.0,0.9781859931113662,0.9790286975717439,0.7865168539325843,0.4893227815256876,0.793128803245436,0.0,0.0
0.9638449254262315,33,852,0,21,906,54,852,33,873,0.6111111111111112,1.0,0.0,0.3888888888888889,1.0,0.9759450171821306,0.9768211920529801,0.7586206896551724,0.4545025728987993,0.7543942403177756,0.0,0.0
0.9648267554685628,32,852,0,22,906,54,852,32,874,0.5925925925925926,1.0,0.0,0.4074074074074074,1.0,0.9748283752860412,0.9757174392935982,0.7441860465116279,0.43097290640394087,0.7461309523809518,0.0,0.0
0.9649871770656385,31,852,0,23,906,54,852,31,875,0.5740740740740741,1.0,0.0,0.42592592592592593,1.0,0.9737142857142858,0.9746136865342163,0.7294117647058823,0.3906051377118644,0.7442254631454471,0.0,0.0
0.9680879874256211,30,852,0,24,906,54,852,30,876,0.5555555555555556,1.0,0.0,0.4444444444444444,1.0,0.9726027397260274,0.9735099337748344,0.7142857142857143,0.36837719298245614,0.7307926829268291,0.0,0.0
0.9709875981720025,29,852,0,25,906,54,852,29,877,0.5370370370370371,1.0,0.0,0.46296296296296297,1.0,0.9714937286202965,0.9724061810154525,0.6987951807228916,0.34615384615384615,0.7213342440801456,0.0,0.0
0.971049457177322,29,852,0,25,906,54,852,29,877,0.5370370370370371,1.0,0.0,0.46296296296296297,1.0,0.9714937286202965,0.9724061810154525,0.6987951807228916,0.34615384615384615,0.7213342440801456,0.0,0.0
0.9722460914017204,27,852,0,27,906,54,852,27,879,0.5,1.0,0.0,0.5,1.0,0.9692832764505119,0.9701986754966887,0.6666666666666666,0.3275862068965517,0.6521739130434783,0.0,0.0
0.9735330991725739,25,852,0,29,906,54,852,25,881,0.46296296296296297,1.0,0.0,0.5370370370370371,1.0,0.9670828603859251,0.9679911699779249,0.6329113924050633,0.3170731707317073,0.594610682110682,0.0,0.0
0.9748803827751196,25,852,0,29,906,54,852,25,881,0.46296296296296297,1.0,0.0,0.5370370370370371,1.0,0.9670828603859251,0.9679911699779249,0.6329113924050633,0.3170731707317073,0.594610682110682,0.0,0.0
0.9752611193054407,23,852,0,31,906,54,852,23,883,0.42592592592592593,1.0,0.0,0.5740740740740741,1.0,0.9648924122310306,0.9657836644591612,0.5974025974025974,0.29027605459057076,0.5614309210526314,0.0,0.0
0.9770528056978767,22,852,0,32,906,54,852,22,884,0.4074074074074074,1.0,0.0,0.5925925925925926,1.0,0.9638009049773756,0.9646799116997793,0.5789473684210527,0.2641509433962264,0.5555555555555556,0.0,0.0
0.9782960253361065,21,852,0,33,906,54,852,21,885,0.3888888888888889,1.0,0.0,0.6111111111111112,1.0,0.9627118644067797,0.9635761589403974,0.56,0.25,0.5319234728894989,0.0,0.0
0.9791708775101498,20,852,0,34,906,54,852,20,886,0.37037037037037035,1.0,0.0,0.6296296296296297,1.0,0.9616252821670429,0.9624724061810155,0.5405405405405406,0.25,0.49059002238567306,0.0,0.0
0.9794933655006032,20,852,0,34,906,54,852,20,886,0.37037037037037035,1.0,0.0,0.6296296296296297,1.0,0.9616252821670429,0.9624724061810155,0.5405405405405406,0.25,0.49059002238567306,0.0,0.0
0.9796631352334583,18,852,0,36,906,54,852,18,888,0.3333333333333333,1.0,0.0,0.6666666666666666,1.0,0.9594594594594594,0.9602649006622517,0.5,0.21621621621621623,0.46269347705914865,0.0,0.0
0.9830222933397766,16,852,0,38,906,54,852,16,890,0.2962962962962963,1.0,0.0,0.7037037037037037,1.0,0.9573033707865168,0.9580573951434879,0.45714285714285713,0.1555128205128205,0.4473911070780398,0.0,0.0
0.9834365911385822,15,852,0,39,906,54,852,15,891,0.2777777777777778,1.0,0.0,0.7222222222222222,1.0,0.9562289562289562,0.956953642384106,0.43478260869565216,0.12764990328820114,0.4375274122807016,0.0,0.0
0.9852773011523968,14,852,0,40,906,54,852,14,892,0.25925925925925924,1.0,0.0,0.7407407407407407,1.0,0.9551569506726457,0.9558498896247241,0.4117647058823529,0.125,0.40008771929824516,0.0,0.0
0.9873030489314802,13,852,0,41,906,54,852,13,893,0.24074074074074073,1.0,0.0,0.7592592592592593,1.0,0.9540873460246361,0.9547461368653422,0.3880597014925373,0.1016949152542373,0.3958431603773584,0.0,0.0
0.987931461029052,12,852,0,42,906,54,852,12,894,0.2222222222222222,1.0,0.0,0.7777777777777778,1.0,0.9530201342281879,0.9536423841059603,0.36363636363636365,0.06976744186046512,0.3846491228070174,0.0,0.0
0.9879777786419673,11,852,0,43,906,54,852,11,895,0.2037037037037037,1.0,0.0,0.7962962962962963,1.0,0.9519553072625698,0.9525386313465783,0.3384615384615385,0.06663934426229508,0.35,0.0,0.0
0.9902098997493736,10,852,0,44,906,54,852,10,896,0.18518518518518517,1.0,0.0,0.8148148148148148,1.0,0.9508928571428571,0.9514348785871964,0.3125,0.06449897048730267,0.3181818181818182,0.0,0.0
0.9927470053041535,8,852,0,46,906,54,852,8,898,0.14814814814814814,1.0,0.0,0.8518518518518519,1.0,0.9487750556792873,0.9492273730684326,0.25806451612903225,0.04918032786885246,0.2692307692307692,0.0,0.0
0.9930150285460945,7,852,0,47,906,54,852,7,899,0.12962962962962962,1.0,0.0,0.8703703703703703,1.0,0.9477196885428254,0.9481236203090507,0.22950819672131148,0.04650268336314848,0.23076923076923078,0.0,0.0
0.9939855362365694,6,852,0,48,906,54,852,6,900,0.1111111111111111,1.0,0.0,0.8888888888888888,1.0,0.9466666666666667,0.9470198675496688,0.2,0.04,0.2,0.0,0.0
0.9945341900351287,5,852,0,49,906,54,852,5,901,0.09259259259259259,1.0,0.0,0.9074074074074074,1.0,0.9456159822419534,0.9459161147902869,0.1694915254237288,0.02039795918367347,0.18181818181818182,0.0,0.0
0.9958964643874537,4,852,0,50,906,54,852,4,902,0.07407407407407407,1.0,0.0,0.9259259259259259,1.0,0.9445676274944568,0.9448123620309051,0.13793103448275862,0.0,0.16363636363636364,0.0,0.0
0.9981522728648891,3,852,0,51,906,54,852,3,903,0.05555555555555555,1.0,0.0,0.9444444444444444,1.0,0.9435215946843853,0.9437086092715232,0.10526315789473684,0.0,0.14707087753134035,0.0,0.0
0.9987980769230769,3,852,0,51,906,54,852,3,903,0.05555555555555555,1.0,0.0,0.9444444444444444,1.0,0.9435215946843853,0.9437086092715232,0.10526315789473684,0.0,0.14707087753134035,0.0,0.0
1.0,1,852,0,53,906,54,852,1,905,0.018518518518518517,1.0,0.0,0.9814814814814815,1.0,0.9414364640883978,0.9415011037527594,0.03636363636363636,0.0,0.06384694577899784,0.0,0.0
