component_id,lot_id,device_family,device_variant,IDDQ_0h,IDDQ_24h,IDDQ_96h,IDDQ_168h,Input_Leakage_Current_0h,Input_Leakage_Current_24h,Input_Leakage_Current_96h,Input_Leakage_Current_168h,Active_Supply_Current_0h,Active_Supply_Current_24h,Active_Supply_Current_96h,Active_Supply_Current_168h,Propagation_Delay_0h,Propagation_Delay_24h,Propagation_Delay_96h,Propagation_Delay_168h,Output_Rise_Time_0h,Output_Rise_Time_24h,Output_Rise_Time_96h,Output_Rise_Time_168h,Output_Fall_Time_0h,Output_Fall_Time_24h,Output_Fall_Time_96h,Output_Fall_Time_168h,is_anomalous
C00669,A_L10,DIGITAL_CMOS,CMOS_A,1.763058,1.750275,1.762809,1.791835,0.021464,0.021551,0.022143,0.022197,83.588897,82.808315,82.784319,83.728249,9.073551,9.161236,9.161398,9.194114,8.34057,8.383157,8.411247,8.41181,7.389947,7.412337,7.496033,7.572246,0
C00670,A_L10,DIGITAL_CMOS,CMOS_A,1.098346,1.107058,1.104182,1.114481,0.015608,0.015637,0.015814,0.015731,86.999144,85.820001,86.204527,86.885159,9.207037,9.295752,9.298069,9.365784,8.411471,8.543088,8.666858,8.765373,7.926322,8.009112,8.239666,8.45294,0
C00671,A_L10,DIGITAL_CMOS,CMOS_A,1.452263,1.443647,1.491227,1.502578,0.022201,0.022463,0.022383,0.022081,91.596352,92.828422,93.079974,92.730036,9.174128,9.203465,9.275955,9.210927,8.44106,8.386028,8.433157,8.451968,7.893879,7.887411,7.987057,8.060259,0
C00672,A_L10,DIGITAL_CMOS,CMOS_A,1.545857,1.55848,1.626324,1.720059,0.018771,0.018929,0.019964,0.01972,85.693752,86.414719,87.573399,90.062567,9.460212,9.395854,9.528924,9.519472,8.654504,8.660905,8.725706,8.694598,8.199217,8.223276,8.330663,8.420838,0
C00673,A_L10,DIGITAL_CMOS,CMOS_A,1.934917,1.92761,1.941076,1.975419,0.016547,0.016592,0.017014,0.017045,91.683222,91.157024,91.86495,91.521278,8.873933,8.904254,9.012139,8.99257,8.28144,8.280787,8.324521,8.379319,7.795844,7.814179,7.937249,7.997733,0
C00674,A_L10,DIGITAL_CMOS,CMOS_A,1.174022,1.18435,1.187143,1.206086,0.02067,0.020751,0.020726,0.021204,84.475495,83.951981,84.166674,83.763012,8.757207,8.786401,8.81997,8.758084,8.292675,8.312478,8.334017,8.405223,7.409314,7.466539,7.493767,7.578369,0
C00675,A_L10,DIGITAL_CMOS,CMOS_A,1.425721,1.451559,1.414155,1.44934,0.027963,0.028238,0.028239,0.0281,76.207565,75.575192,76.131628,77.283349,9.034788,9.040169,9.046649,9.083878,8.88111,8.87078,8.805384,8.95687,7.815051,7.88617,7.90614,8.046567,0
C00676,A_L10,DIGITAL_CMOS,CMOS_A,1.712863,1.765613,1.830237,1.889757,0.019943,0.020178,0.02071,0.020793,94.076529,95.993167,97.034354,97.709904,9.373168,9.496472,9.661519,9.741045,8.165483,8.202344,8.344056,8.416807,7.323017,7.523807,7.783878,7.828845,0
C00677,A_L10,DIGITAL_CMOS,CMOS_A,2.273955,2.322685,2.403452,2.42211,0.025912,0.026536,0.027254,0.02788,90.366229,92.011564,93.608095,95.14973,8.930184,8.942826,9.017554,8.999262,7.992389,8.111601,8.152317,8.239105,7.38863,7.503085,7.583812,7.688938,0
C00678,A_L10,DIGITAL_CMOS,CMOS_A,1.530262,1.56684,1.560892,1.556394,0.025767,0.026259,0.025873,0.025683,78.334218,78.771924,78.703416,78.903931,8.936838,8.973973,9.120869,9.064723,7.589486,7.630198,7.591118,7.723354,7.404489,7.393472,7.493037,7.53903,0
C00679,A_L10,DIGITAL_CMOS,CMOS_A,1.430937,1.496293,1.566646,1.626131,0.019006,0.019876,0.020389,0.020638,89.337419,91.160797,93.69584,94.542578,9.230176,9.321279,9.450431,9.538443,8.793468,8.899659,9.136838,9.339762,7.978107,8.034819,8.398182,8.736216,0
C00680,A_L10,DIGITAL_CMOS,CMOS_A,1.469981,1.548542,1.617239,1.722222,0.025932,0.026178,0.027001,0.028256,90.850403,91.31201,92.586223,95.428649,8.733689,8.820816,9.046913,9.166036,8.171134,8.271423,8.442077,8.579194,7.156774,7.292082,7.613325,7.895126,0
C00681,A_L10,DIGITAL_CMOS,CMOS_A,1.502187,1.513321,1.575717,1.63382,0.02114,0.021293,0.02278,0.023578,94.260362,93.443415,96.096585,97.748884,9.141688,9.187397,9.375079,9.588211,8.283538,8.357996,8.556075,8.758084,7.1195,7.258481,7.622326,7.952557,0
C00682,A_L10,DIGITAL_CMOS,CMOS_A,1.612732,1.606768,1.575193,1.607116,0.027068,0.026731,0.027002,0.026837,89.813519,90.255049,89.63082,91.079227,8.723309,8.695861,8.761509,8.792428,8.587177,8.427766,8.541566,8.507776,7.683787,7.681567,7.705365,7.676285,0
C00683,A_L10,DIGITAL_CMOS,CMOS_A,1.735949,1.725599,1.740957,1.735657,0.025377,0.025133,0.025722,0.026068,87.634422,86.918223,87.794198,88.953661,8.803956,8.878929,9.155368,9.372442,8.079038,8.163154,8.304643,8.527101,7.345552,7.468086,7.778592,8.123217,0
C00684,A_L10,DIGITAL_CMOS,CMOS_A,1.976465,2.007163,2.148509,2.207002,0.031077,0.032361,0.032962,0.033061,83.674081,83.964474,85.834938,86.377236,9.364712,9.455788,9.731888,10.021407,8.329007,8.494998,8.652816,8.923687,7.794982,7.868675,8.115598,8.280622,0
C00685,A_L10,DIGITAL_CMOS,CMOS_A,1.29612,1.294548,1.296945,1.273345,0.025095,0.025418,0.025667,0.025864,98.377369,99.210965,99.304323,99.955127,8.812904,8.832874,9.01093,9.206936,7.674518,7.632733,7.824927,7.936646,7.450003,7.482511,7.763994,8.040966,0
C00686,A_L10,DIGITAL_CMOS,CMOS_A,1.513001,1.56446,1.666117,1.704307,0.015985,0.016755,0.017115,0.017277,80.102979,79.956631,81.602964,82.525494,9.223274,9.349362,9.31567,9.394588,8.128903,8.104068,8.139625,8.099535,7.134741,7.180653,7.214549,7.232439,0
C00687,A_L10,DIGITAL_CMOS,CMOS_A,1.845791,1.845986,1.860604,1.84548,0.028235,0.028191,0.028537,0.02877,83.575821,84.391756,84.868381,85.584857,9.306597,9.396967,9.431086,9.549434,8.681253,8.710617,8.882713,8.980636,7.53705,7.577486,7.7576,7.943881,0
C00688,A_L10,DIGITAL_CMOS,CMOS_A,1.119431,1.154111,1.195403,1.202435,0.020109,0.020454,0.02145,0.02198,85.960236,87.304159,89.282576,90.196396,8.962862,8.968018,9.032153,9.065924,8.891555,8.834409,8.92895,8.956752,7.973939,8.021498,8.078265,8.207248,0
C00689,A_L10,DIGITAL_CMOS,CMOS_A,1.762067,1.772038,1.77714,1.827381,0.024423,0.025004,0.025366,0.025795,85.831099,85.453038,86.560537,86.780061,8.720628,8.913068,8.930619,8.981962,7.791269,7.90454,8.022327,8.137128,7.821482,7.937963,8.135247,8.273657,0
C00690,A_L10,DIGITAL_CMOS,CMOS_A,1.481021,1.464257,1.493322,1.504888,0.027694,0.028243,0.028062,0.028509,88.10658,88.292175,88.806986,88.720483,9.273154,9.497116,10.272262,11.265235,8.585786,8.65697,9.191206,9.605597,7.586816,7.714984,7.905145,8.164826,1
C00691,A_L10,DIGITAL_CMOS,CMOS_A,1.77769,1.770294,1.753181,1.772097,0.024252,0.02455,0.024988,0.024836,91.978574,91.542354,92.970013,92.819142,8.90418,8.812742,8.838304,8.86123,7.972398,7.967664,7.962876,7.974248,7.344144,7.423528,7.39398,7.470361,0
C00692,A_L10,DIGITAL_CMOS,CMOS_A,1.703017,1.733274,1.739653,1.748638,0.0267,0.027277,0.027212,0.027514,91.236134,91.520238,91.995675,91.322055,8.777337,8.752575,8.775733,8.871447,8.01133,8.088012,8.133984,8.080805,7.612952,7.603975,7.689988,7.704647,0
C00693,A_L10,DIGITAL_CMOS,CMOS_A,1.566655,1.563633,1.583928,1.582348,0.019586,0.019864,0.020317,0.020614,84.517553,84.036529,85.101897,85.946157,8.792479,8.846435,8.93086,9.108927,8.089798,8.214451,8.293275,8.361035,7.639817,7.727932,7.873715,8.036886,0
C00694,A_L10,DIGITAL_CMOS,CMOS_A,1.859842,1.882246,1.943503,1.943719,0.018786,0.019167,0.019261,0.019595,90.28753,91.04847,91.187135,91.501351,9.003868,8.981364,9.054767,9.044966,8.040561,8.033648,8.034935,7.968173,7.468354,7.477391,7.45004,7.474425,0
C00695,A_L10,DIGITAL_CMOS,CMOS_A,1.50826,1.558191,1.552088,1.574925,0.018068,0.017944,0.018056,0.018221,84.782101,84.464844,85.034052,85.02506,9.099927,9.176094,9.36662,9.634796,8.000139,8.083292,8.291585,8.464301,7.695157,7.73905,8.047155,8.295496,0
C00696,A_L10,DIGITAL_CMOS,CMOS_A,1.740348,1.695379,1.767058,1.766705,0.021751,0.02144,0.021717,0.021952,90.71177,91.235729,92.043089,91.734377,9.262874,9.26129,9.353343,9.265123,8.551624,8.53193,8.643745,8.565153,7.979888,8.034158,8.057449,8.09795,0
C00697,A_L10,DIGITAL_CMOS,CMOS_A,1.856864,1.943094,2.027119,2.132869,0.019244,0.019461,0.020027,0.020482,92.188368,93.355427,93.808236,95.663189,8.481143,8.534366,8.601644,8.624468,8.291166,8.309179,8.331945,8.337351,7.496922,7.603125,7.566082,7.610257,0
C00698,A_L10,DIGITAL_CMOS,CMOS_A,1.864247,1.847992,1.922755,1.900751,0.022412,0.022497,0.022996,0.022659,86.34711,86.26544,86.538476,87.205062,8.951889,8.952282,9.172915,9.309314,8.228599,8.180121,8.375394,8.524557,7.407873,7.395108,7.690859,7.9038,0
C00699,A_L10,DIGITAL_CMOS,CMOS_A,1.262373,1.265822,1.298405,1.334326,0.023412,0.024234,0.024557,0.025687,89.552646,90.667085,92.778908,94.978369,9.000092,9.115718,9.278389,9.543885,8.488613,8.55753,8.619833,8.843419,7.764502,7.995282,8.361871,8.585259,0
C00700,A_L10,DIGITAL_CMOS,CMOS_A,2.022396,2.051479,2.052403,2.103448,0.026567,0.027301,0.026803,0.027211,84.384986,85.578679,85.159235,86.447351,8.613024,8.666643,8.766021,8.793032,7.835752,7.799977,7.977081,7.960975,7.499901,7.653372,7.913911,8.031927,0
C00701,A_L10,DIGITAL_CMOS,CMOS_A,1.621988,1.631291,1.7113,1.790179,0.014175,0.014443,0.014747,0.015117,87.035607,88.033645,89.089931,90.937907,9.310889,9.364076,9.503327,9.547215,8.435843,8.572725,8.612754,8.681928,7.729698,7.95232,8.186115,8.309225,0
C00702,A_L10,DIGITAL_CMOS,CMOS_A,1.705874,1.782023,1.913802,1.997111,0.031963,0.032174,0.033234,0.034249,87.947104,87.74895,89.900585,90.991834,8.611764,8.685587,8.630354,8.719069,8.122056,8.067366,8.103001,8.173893,7.536153,7.585944,7.63511,7.677351,0
C00703,A_L10,DIGITAL_CMOS,CMOS_A,1.760161,1.79186,1.82598,1.891982,0.018762,0.019601,0.019946,0.020135,90.089002,90.253565,91.70935,91.857504,9.6788,9.724448,9.816819,9.966017,8.525428,8.521904,8.798395,8.804896,7.609463,7.628885,7.934688,8.320481,0
C00704,A_L10,DIGITAL_CMOS,CMOS_A,1.508055,1.605501,1.669898,1.704832,0.015485,0.015936,0.016342,0.016782,85.008708,85.883454,88.258049,89.882725,9.020171,9.085514,9.294773,9.491091,8.325864,8.269499,8.464715,8.51518,8.012665,8.147686,8.454181,8.899513,0
C00705,A_L10,DIGITAL_CMOS,CMOS_A,1.533746,1.525792,1.553001,1.554922,0.022409,0.022178,0.022205,0.022296,86.278017,85.063144,85.858886,86.531162,8.930786,8.983112,9.113583,9.27485,8.081242,8.160121,8.290909,8.458847,7.235812,7.281187,7.595835,7.915348,0
C00706,A_L10,DIGITAL_CMOS,CMOS_A,1.44315,1.411157,1.444155,1.463352,0.015974,0.016053,0.016217,0.016333,93.187373,93.372579,93.50952,94.702037,8.69077,8.723505,8.717307,8.810054,7.922247,7.897512,7.965013,7.989699,7.400364,7.502813,7.571928,7.607594,0
C00707,A_L10,DIGITAL_CMOS,CMOS_A,1.616144,1.653972,1.662581,1.686082,0.038014,0.037997,0.038223,0.038752,89.327544,90.261987,90.307332,91.258697,8.37536,8.396725,8.590766,8.537996,7.831344,7.864731,8.003031,8.05291,7.364275,7.508778,7.752256,7.875336,0
C00708,A_L10,DIGITAL_CMOS,CMOS_A,1.84149,1.899499,1.899044,1.968735,0.030364,0.030508,0.030939,0.030698,89.9264,90.492921,89.7342,90.407226,9.447292,9.474534,9.634021,9.708805,7.989593,8.092387,8.240138,8.306872,7.905721,8.132221,8.306527,8.45097,0
C00709,A_L10,DIGITAL_CMOS,CMOS_A,1.365371,1.367199,1.436112,1.461327,0.028146,0.028133,0.028557,0.029234,91.923958,92.748763,93.919853,95.779445,8.816253,8.810392,8.838145,8.800886,7.679005,7.618914,7.725718,7.685109,7.844609,7.871484,7.967607,7.983022,0
C00710,A_L10,DIGITAL_CMOS,CMOS_A,1.317992,1.335785,1.394777,1.385663,0.022117,0.022881,0.023112,0.023993,82.635636,83.522784,85.914424,88.293379,8.772508,8.745475,8.937237,9.013901,8.129396,8.244986,8.381687,8.439194,7.698677,7.620353,7.915562,8.171074,0
C00711,A_L10,DIGITAL_CMOS,CMOS_A,1.422804,1.455448,1.480339,1.502217,0.03338,0.034171,0.034512,0.034365,87.835676,87.905426,88.044266,87.5332,9.360225,9.447564,9.564789,9.679301,8.260106,8.405097,8.408044,8.440145,7.826241,7.914061,8.128447,8.271536,0
C00712,A_L10,DIGITAL_CMOS,CMOS_A,1.949156,1.945797,2.098215,2.200638,0.029289,0.029691,0.03071,0.031816,94.520906,94.97367,96.96832,99.420507,9.009843,9.002721,9.061085,9.113352,8.015283,8.005233,8.077465,8.08328,7.061892,7.102328,7.0736,7.111705,0
C00713,A_L10,DIGITAL_CMOS,CMOS_A,1.489371,1.592483,1.628933,1.751056,0.017768,0.01835,0.018616,0.018753,91.356618,91.983575,94.096624,94.379825,8.800383,8.882379,8.981397,9.11361,8.366871,8.426562,8.556766,8.673994,6.865477,6.975952,7.134293,7.812782,1
C00714,A_L10,DIGITAL_CMOS,CMOS_A,1.290166,1.354391,1.406986,1.41159,0.019365,0.019827,0.020124,0.020425,84.506129,84.60752,87.049623,87.381662,8.991347,8.933091,8.929426,9.00743,8.149181,8.143621,8.139997,8.114584,7.984043,8.000597,8.012438,8.073816,0
C00715,A_L10,DIGITAL_CMOS,CMOS_A,1.88667,1.90365,1.967616,1.984587,0.022399,0.022928,0.023376,0.023785,90.47029,91.830283,92.862894,94.602252,9.388811,9.416969,9.409017,9.467641,8.555887,8.660522,8.588683,8.610548,7.175528,7.221212,7.289264,7.363852,0
C00716,A_L10,DIGITAL_CMOS,CMOS_A,1.165138,1.163251,1.202607,1.210929,0.019822,0.020097,0.020282,0.02043,89.77935,89.821824,90.932413,91.183826,8.803602,8.836558,8.863509,8.864188,8.339076,8.323649,8.38896,8.458585,7.611489,7.665636,7.790668,7.733865,0
C00717,A_L10,DIGITAL_CMOS,CMOS_A,1.419554,1.400824,1.400517,1.405448,0.028638,0.028867,0.029207,0.029228,91.291528,89.753954,90.891056,90.714777,8.339132,8.439573,8.33914,8.407077,7.254474,7.28989,7.197968,7.277761,6.882632,6.91616,7.056798,7.078522,0
C00718,A_L10,DIGITAL_CMOS,CMOS_A,1.603863,1.605637,1.65257,1.729866,0.021347,0.021776,0.02182,0.02202,89.977684,91.235145,91.846626,93.033906,8.749899,8.781437,8.808926,8.870017,8.350055,8.414408,8.513523,8.56627,7.83469,7.769465,7.798305,7.815108,0
C00719,A_L10,DIGITAL_CMOS,CMOS_A,2.234926,2.283347,2.282958,2.345312,0.02827,0.028722,0.029959,0.030237,92.049548,92.680111,94.403657,95.544141,9.324027,9.310269,9.354489,9.457781,7.967126,7.999773,8.012145,8.032589,7.375751,7.40432,7.441695,7.523035,0
C00720,A_L10,DIGITAL_CMOS,CMOS_A,1.288074,1.287294,1.318797,1.345962,0.018611,0.018598,0.018758,0.018575,89.933427,89.655989,90.227354,90.059016,8.868929,8.907962,8.982673,9.152637,7.360395,7.458299,7.645075,7.714796,7.86553,7.937719,8.257651,8.446699,0
C00721,A_L10,DIGITAL_CMOS,CMOS_A,1.707097,1.733285,1.767657,1.758841,0.025963,0.026041,0.02665,0.026634,91.908941,92.688485,93.825811,93.983277,8.649796,8.659213,8.835289,9.084805,8.070521,8.167864,8.303728,8.458726,7.526536,7.713356,7.892503,8.193904,0
C00722,A_L10,DIGITAL_CMOS,CMOS_A,1.177955,1.164952,1.152377,1.168757,0.019318,0.019229,0.019442,0.019668,89.786861,91.24274,91.132275,91.574777,8.885004,8.938825,8.994372,9.285042,8.508753,8.482133,8.752738,9.157509,7.669362,7.656669,7.730479,7.925866,1
C00723,A_L10,DIGITAL_CMOS,CMOS_A,1.252319,1.303368,1.357175,1.364118,0.016631,0.016923,0.01735,0.017374,90.003881,92.086106,93.033575,94.160658,9.039591,9.056251,9.136142,9.123352,8.196384,8.20496,8.378983,8.394012,7.486594,7.559126,7.631537,7.762168,0
C00724,A_L10,DIGITAL_CMOS,CMOS_A,1.586823,1.583921,1.570588,1.63744,0.018144,0.01819,0.018253,0.0182,87.551125,87.454476,88.51127,88.663909,9.457021,9.636072,9.73323,9.797278,8.917942,9.013182,9.055363,9.199661,8.04534,8.263198,8.498853,8.622258,0
C00725,A_L10,DIGITAL_CMOS,CMOS_A,1.220185,1.219622,1.256308,1.270248,0.021833,0.022144,0.022534,0.022375,89.088946,88.393047,88.972425,88.366891,8.802375,8.826059,8.890341,8.908532,8.518495,8.503098,8.490079,8.506356,7.756848,7.744421,7.818013,7.865043,0
C00726,A_L10,DIGITAL_CMOS,CMOS_A,2.136565,2.225287,2.389077,2.566363,0.030044,0.030759,0.032388,0.035593,93.23865,95.308214,99.117081,102.065656,9.01156,9.033673,9.178303,9.513689,8.20262,8.319469,8.415654,8.5109,7.543077,7.651282,8.034045,8.356175,1
C00727,A_L10,DIGITAL_CMOS,CMOS_A,1.614326,1.611844,1.718344,1.746293,0.01531,0.016163,0.016731,0.017294,89.809251,90.148903,92.291993,92.83261,9.08112,9.015102,9.130743,9.150975,8.336212,8.369541,8.404344,8.431441,7.874597,7.890487,7.964521,8.086688,0
C00728,A_L10,DIGITAL_CMOS,CMOS_A,1.580088,1.678719,1.713064,1.748912,0.020626,0.021165,0.02195,0.021648,90.434063,91.862446,92.983422,93.351766,9.063377,9.124396,9.0964,9.183873,8.045595,8.026696,8.164597,8.085567,7.434092,7.404467,7.475904,7.432676,0
C00729,A_L10,DIGITAL_CMOS,CMOS_A,1.417325,1.404433,1.423598,1.451075,0.021071,0.021038,0.020908,0.02067,84.232974,84.413281,84.541057,84.567678,8.830688,8.867823,8.952249,8.90809,8.4461,8.385783,8.424048,8.490829,8.12928,8.179634,8.147355,8.191431,0
C00730,A_L10,DIGITAL_CMOS,CMOS_A,1.548392,1.574392,1.596265,1.61333,0.025817,0.026026,0.026372,0.026262,91.056212,90.789072,91.70197,92.525589,9.305592,9.368017,9.374251,9.422897,8.419438,8.405432,8.402959,8.429547,7.959843,7.951956,8.038736,8.057628,0
C00731,A_L10,DIGITAL_CMOS,CMOS_A,1.647767,1.672418,1.708912,1.728292,0.025623,0.026154,0.030003,0.0396,84.749226,86.618735,86.741523,86.796181,9.291607,9.360291,9.489411,9.507058,8.007025,8.059563,8.188675,8.244158,7.293877,7.46927,7.611524,7.74511,1
C00732,A_L10,DIGITAL_CMOS,CMOS_A,1.677498,1.683492,1.702718,1.707084,0.024486,0.02482,0.024976,0.025331,86.833843,85.753479,86.541399,87.299074,8.657211,8.663098,8.670866,8.723202,8.028948,8.059993,7.995106,8.084162,7.80053,7.892169,7.852066,7.926924,0
C00733,A_L10,DIGITAL_CMOS,CMOS_A,1.804207,1.872945,1.978754,2.129043,0.021324,0.021586,0.021929,0.022041,93.526255,94.508521,96.779767,98.665937,8.884772,8.985567,9.167861,9.238848,8.368404,8.413647,8.502111,8.509368,7.862042,8.110599,8.376081,8.648163,0
C00734,A_L10,DIGITAL_CMOS,CMOS_A,1.105712,1.118801,1.127138,1.141268,0.013628,0.013798,0.013859,0.013632,85.617568,86.08686,86.164402,87.135817,9.015278,8.986971,9.079307,9.127609,8.01986,8.008816,8.143934,8.057657,7.933801,8.034957,7.961763,8.089012,0
C00735,A_L10,DIGITAL_CMOS,CMOS_A,1.355152,1.392686,1.457937,1.53738,0.015451,0.015553,0.015958,0.016323,80.230263,79.933568,82.153489,83.430187,9.747083,9.817702,9.803913,9.890041,8.715294,8.6931,8.688448,8.731919,8.165448,8.169819,8.258631,8.353626,0
C00736,A_L10,DIGITAL_CMOS,CMOS_A,1.491471,1.563181,1.58222,1.597242,0.020576,0.020924,0.021425,0.021955,88.791949,89.216813,90.743351,93.640646,8.589343,8.673342,8.794491,8.851302,7.580947,7.615865,7.705702,7.704863,6.9589,7.113125,7.340249,7.442574,0
C00737,A_L10,DIGITAL_CMOS,CMOS_A,1.706442,1.733028,1.713247,1.724883,0.021803,0.022439,0.022574,0.022886,84.738977,85.468483,85.391232,85.22417,8.684223,8.77048,8.941703,9.141443,7.727496,7.745285,7.910983,8.075897,6.823863,6.879539,7.165095,7.482714,0
C00738,A_L10,DIGITAL_CMOS,CMOS_A,1.26048,1.292632,1.32659,1.370376,0.020004,0.02016,0.020738,0.020574,94.468217,95.165472,95.931231,96.837079,8.949717,9.076554,9.217933,9.332902,8.572648,8.729394,8.777644,8.836518,7.479343,7.575799,7.859113,8.068762,0
C00739,A_L10,DIGITAL_CMOS,CMOS_A,1.642227,1.648593,1.661148,1.685849,0.023589,0.02374,0.023755,0.023991,85.120104,85.135541,86.229746,86.865206,8.77528,8.791443,8.734938,8.773425,8.047251,8.090825,8.106053,8.059567,7.372927,7.341794,7.411022,7.524392,0
C00740,A_L10,DIGITAL_CMOS,CMOS_A,1.387634,1.388807,1.37753,1.420411,0.024388,0.025203,0.024839,0.024901,94.355805,96.132944,95.879408,96.528101,8.609039,8.608371,8.632389,8.670499,8.11799,8.087427,8.125647,8.137882,7.104544,7.026463,7.20316,7.220597,0
C00741,A_L10,DIGITAL_CMOS,CMOS_A,1.576387,1.563108,1.588681,1.580126,0.017105,0.017233,0.017312,0.017653,88.25134,88.951733,88.617579,89.342439,8.918878,8.991303,9.15609,10.316113,8.023627,8.093283,8.2522,8.85692,7.063912,7.147795,7.383006,7.620955,1
C00742,A_L10,DIGITAL_CMOS,CMOS_A,1.673879,1.690103,1.725667,1.753359,0.016894,0.018797,0.021991,0.02549,92.310097,97.334136,106.609027,114.532286,9.276196,9.320686,9.541971,9.594635,8.362618,8.540843,8.789806,9.00104,8.049234,8.142636,8.331463,8.391769,1
C00743,A_L10,DIGITAL_CMOS,CMOS_A,1.565495,1.621492,1.695016,1.766267,0.019851,0.020593,0.020949,0.020938,90.377729,90.783956,92.31205,93.272249,9.323306,9.367318,9.544453,9.548716,9.038431,9.093524,9.269898,9.375731,7.968578,8.246854,8.393128,8.643879,0
C00744,A_L10,DIGITAL_CMOS,CMOS_A,1.644971,1.665378,1.727454,1.809322,0.026625,0.02749,0.028639,0.028385,92.277756,92.902667,94.267139,96.159922,8.353515,8.387928,8.370203,8.403017,7.762461,7.769525,7.788605,7.77265,7.086105,7.103378,7.186227,7.273765,0
C00745,A_L10,DIGITAL_CMOS,CMOS_A,1.123222,1.121473,1.158724,1.149613,0.020477,0.020497,0.020555,0.021121,93.532104,94.191638,94.446707,94.047455,9.310764,9.335047,9.442739,9.579928,8.380574,8.434174,8.542588,8.759582,7.443596,7.461728,7.684149,7.978623,0
C00746,A_L10,DIGITAL_CMOS,CMOS_A,1.34576,1.317784,1.392301,1.423941,0.03087,0.031005,0.031126,0.031682,84.483919,85.730416,85.837045,86.961053,8.659631,8.742776,8.981032,9.225778,8.196975,8.312523,8.466003,8.762302,7.826939,7.913815,8.179216,8.504525,0
C00747,A_L10,DIGITAL_CMOS,CMOS_A,1.656094,1.719106,1.760561,1.802804,0.014917,0.015072,0.015733,0.015702,88.731683,88.775963,89.376543,90.18053,8.99155,9.073022,9.187641,9.320667,8.431846,8.486588,8.519098,8.589368,7.835002,8.063255,8.233169,8.48074,0
C00748,A_L10,DIGITAL_CMOS,CMOS_A,1.72477,1.734546,1.847065,1.957303,0.019499,0.019646,0.020665,0.021242,91.473082,92.740557,93.709799,97.13319,9.136964,9.223389,9.225456,9.240946,8.198058,8.210424,8.232388,8.265238,7.597546,7.616991,7.675781,7.629043,0
C00749,A_L10,DIGITAL_CMOS,CMOS_A,1.652314,1.719687,1.790697,1.830298,0.023094,0.024464,0.024675,0.025005,96.25987,97.190509,98.480637,101.044843,9.279231,9.253257,9.331973,9.342241,8.025713,7.964754,7.919467,7.964804,7.417676,7.367669,7.431243,7.466616,0
C00750,A_L10,DIGITAL_CMOS,CMOS_A,1.435487,1.407479,1.42324,1.409492,0.029598,0.02974,0.029292,0.029185,91.189168,91.58288,91.586889,92.000367,8.665419,8.743201,8.936841,9.005077,7.644941,7.675948,7.853099,7.911068,7.256056,7.369436,7.546391,7.646518,0
C00827,A_L12,DIGITAL_CMOS,CMOS_A,1.359362,1.355859,1.418432,1.405815,0.015038,0.015152,0.015832,0.016254,89.842018,91.098395,91.966028,92.698511,8.745792,8.751668,8.740267,8.746268,8.198816,8.218699,8.247624,8.300898,6.971685,7.006772,7.065881,7.079766,0
C00828,A_L12,DIGITAL_CMOS,CMOS_A,2.049365,2.047946,2.094765,2.12043,0.023351,0.024355,0.025536,0.026057,88.126118,87.989268,89.603725,90.870444,9.047823,8.9851,8.992547,9.095335,7.848575,7.977361,8.006254,7.943302,6.89414,6.97997,7.014221,7.028522,0
C00829,A_L12,DIGITAL_CMOS,CMOS_A,1.632122,1.641916,1.639771,1.638096,0.02692,0.027007,0.027605,0.027979,84.963481,85.450051,86.067529,85.455708,9.120404,9.217387,9.252593,9.41644,8.372993,8.451423,8.697922,8.997635,7.621496,7.811022,8.035063,8.32192,0
C00830,A_L12,DIGITAL_CMOS,CMOS_A,1.506823,1.523714,1.562345,1.587404,0.014106,0.014269,0.014467,0.014458,95.001074,96.738162,96.755621,97.92783,9.45432,9.474109,9.551979,9.622704,8.214123,8.355964,8.402292,8.57618,7.356363,7.516243,7.671651,7.83575,0
C00831,A_L12,DIGITAL_CMOS,CMOS_A,1.311634,1.318505,1.34822,1.363668,0.018276,0.018626,0.018537,0.018791,87.998475,89.263277,90.981151,90.813403,8.463973,8.468841,8.498221,8.496594,8.264218,8.252361,8.281055,8.289396,7.239305,7.241897,7.203231,7.258938,0
C00832,A_L12,DIGITAL_CMOS,CMOS_A,1.739292,1.735749,1.737324,1.77003,0.016511,0.016874,0.017081,0.017205,91.923821,92.326217,92.57426,93.096884,9.032707,9.044503,9.067992,9.141173,8.19599,8.209115,8.216507,8.331083,7.304177,7.27829,7.250279,7.349912,0
C00833,A_L12,DIGITAL_CMOS,CMOS_A,1.324323,1.351926,1.334686,1.329096,0.01981,0.01989,0.019967,0.020078,78.36615,78.397485,78.80677,78.587106,9.006729,9.053239,9.116762,9.098017,8.579087,8.611756,8.707485,8.674448,7.555488,7.612441,7.688147,7.652371,0
C00834,A_L12,DIGITAL_CMOS,CMOS_A,1.431592,1.460593,1.501196,1.535732,0.024755,0.025444,0.026047,0.02694,86.594849,86.828176,87.276314,88.425581,9.427628,9.485363,9.701976,9.823026,8.467195,8.53744,8.754339,9.066299,7.758893,7.789328,8.209941,8.749923,0
C00835,A_L12,DIGITAL_CMOS,CMOS_A,1.381106,1.406322,1.402935,1.425456,0.013437,0.013451,0.013663,0.013613,98.357765,98.893934,99.010674,98.932681,9.036803,9.182303,9.161246,9.210986,8.271467,8.372983,8.359229,8.480532,7.457482,7.547588,7.589812,7.71164,0
C00836,A_L12,DIGITAL_CMOS,CMOS_A,1.10144,1.122777,1.129505,1.140502,0.01435,0.01476,0.014811,0.015271,87.263574,87.872417,87.067499,87.709099,9.057435,9.321602,9.40306,9.51105,8.251253,8.450329,8.573758,8.840326,7.351416,7.439696,7.612964,7.647365,0
C00837,A_L12,DIGITAL_CMOS,CMOS_A,1.454892,1.492851,1.471923,1.5229,0.019008,0.019011,0.019151,0.01937,89.348525,89.2273,89.101905,90.627584,8.727729,8.834495,8.926667,8.967533,7.577998,7.612329,7.888695,7.862461,7.059443,7.288478,7.641952,7.727986,0
C00838,A_L12,DIGITAL_CMOS,CMOS_A,1.475458,1.471159,1.509168,1.534476,0.015625,0.015922,0.016463,0.016832,85.465125,84.638779,85.23514,86.363875,8.306214,8.331962,8.424582,8.43301,7.634621,7.581576,7.642847,7.660351,6.644075,6.667159,6.719356,6.762837,0
C00839,A_L12,DIGITAL_CMOS,CMOS_A,1.557421,1.590154,1.629348,1.58759,0.030818,0.031215,0.031182,0.032103,93.038481,92.91215,92.26485,92.644493,8.806941,8.900409,8.98311,9.181875,8.417444,8.455225,8.820715,9.202333,7.133009,7.251512,7.587868,7.962303,0
C00840,A_L12,DIGITAL_CMOS,CMOS_A,1.729858,1.763577,1.807412,1.845971,0.016955,0.017384,0.017965,0.018281,94.97697,94.582889,96.912367,98.265174,8.956333,8.947733,8.954238,9.058164,7.968169,7.981932,8.10836,8.132092,7.453885,7.44783,7.505133,7.51964,0
C00841,A_L12,DIGITAL_CMOS,CMOS_A,1.263794,1.31119,1.344659,1.3381,0.020144,0.020788,0.021027,0.021391,91.944719,91.869118,93.592138,94.680628,8.962765,8.968907,9.114285,9.25973,7.803889,7.860871,8.101981,8.361587,7.236488,7.405223,7.746685,7.993671,0
C00842,A_L12,DIGITAL_CMOS,CMOS_A,1.283901,1.283621,1.306515,1.306027,0.014212,0.014503,0.014567,0.014453,84.565994,84.23536,84.397335,84.853882,8.575417,8.727286,8.805406,8.88826,8.064904,8.174271,8.355998,8.483664,7.27398,7.442422,7.697885,7.878648,0
C00843,A_L12,DIGITAL_CMOS,CMOS_A,1.41788,1.449541,1.489083,1.528666,0.012935,0.013088,0.013154,0.013557,85.512951,86.399898,87.451241,87.455665,8.688433,8.771742,8.82268,8.909502,8.646815,8.862688,8.917112,8.998354,7.399827,7.540966,7.678254,7.796829,0
C00844,A_L12,DIGITAL_CMOS,CMOS_A,1.3945,1.375744,1.390896,1.402825,0.021308,0.021395,0.020967,0.021343,92.365835,92.975435,92.948363,93.001047,8.941544,8.9709,8.983218,9.023114,8.034781,8.058439,8.067541,8.08012,7.550645,7.595123,7.678707,7.758305,0
C00845,A_L12,DIGITAL_CMOS,CMOS_A,1.417844,1.422689,1.480571,1.521988,0.026641,0.027147,0.02851,0.029544,93.030647,92.386893,93.64943,94.802763,8.523006,8.588227,8.766097,8.866214,8.027861,8.114039,8.357005,8.637147,6.898747,7.025473,7.416956,7.806486,0
C00846,A_L12,DIGITAL_CMOS,CMOS_A,1.866231,1.895283,1.910187,1.991816,0.021413,0.022093,0.022613,0.02274,80.62448,81.855471,82.392537,83.001436,9.223525,9.230111,9.280521,9.304229,7.92309,7.966396,7.925624,7.89242,7.056587,7.090078,7.065528,7.136093,0
C00847,A_L12,DIGITAL_CMOS,CMOS_A,1.596475,1.559318,1.557344,1.569574,0.017235,0.017369,0.01765,0.017899,87.666415,88.416093,88.154203,88.550047,9.427589,9.525293,9.534159,9.539936,8.01641,7.969602,8.079636,8.010513,7.585482,7.751064,7.747911,7.83603,0
C00848,A_L12,DIGITAL_CMOS,CMOS_A,1.561143,1.568081,1.614602,1.632922,0.016022,0.016648,0.01731,0.017227,92.69665,93.63013,93.565898,94.888291,9.290617,9.350719,9.498809,9.71937,8.598051,8.589626,8.755739,9.086277,7.598983,7.661606,8.048678,8.375211,0
C00849,A_L12,DIGITAL_CMOS,CMOS_A,1.254469,1.281662,1.298863,1.346208,0.017064,0.017596,0.018042,0.01798,84.131031,84.489338,84.55992,86.536686,8.807457,8.844382,9.110415,9.419653,7.633469,7.670171,7.927713,8.08436,7.266807,7.431902,7.950259,8.428502,0
C00850,A_L12,DIGITAL_CMOS,CMOS_A,1.233595,1.250509,1.274797,1.289113,0.015345,0.015743,0.016553,0.017356,88.462914,89.128164,90.052884,90.652132,8.779447,8.816307,8.817645,8.917308,7.978597,8.092926,8.096846,8.10272,7.25021,7.275075,7.294216,7.252578,0
C00851,A_L12,DIGITAL_CMOS,CMOS_A,1.48513,1.510963,1.48386,1.534664,0.017476,0.017809,0.018111,0.017994,87.2463,88.121781,87.670304,88.49956,9.18155,9.277075,9.448467,9.594959,7.980096,8.025857,8.267566,8.575857,7.425254,7.478058,7.785267,8.076929,0
C00852,A_L12,DIGITAL_CMOS,CMOS_A,1.306834,1.309016,1.312012,1.301875,0.021855,0.021857,0.022184,0.021996,97.306683,96.076935,98.182798,98.149943,9.24324,9.300286,9.324868,9.307595,8.425067,8.424358,8.508158,8.646126,7.144667,7.194334,7.305744,7.392695,0
C00853,A_L12,DIGITAL_CMOS,CMOS_A,1.258749,1.239955,1.271039,1.248982,0.017065,0.017119,0.017095,0.017166,84.538997,84.743919,84.77304,84.692932,9.318708,9.422192,9.450241,9.490871,8.999704,9.055933,9.025036,9.071529,7.388206,7.403151,7.526858,7.673739,0
C00854,A_L12,DIGITAL_CMOS,CMOS_A,1.497978,1.525733,1.597297,1.591415,0.033235,0.033583,0.034702,0.03559,89.03263,88.381086,90.184692,91.08124,9.256799,9.336403,9.544706,9.728088,7.867198,8.02787,8.313923,8.472592,6.925839,7.112649,7.409346,8.027664,0
C00855,A_L12,DIGITAL_CMOS,CMOS_A,1.102471,1.11269,1.128737,1.116446,0.022646,0.022945,0.022871,0.022582,85.123057,84.889819,84.962187,85.216068,8.449392,8.46169,8.522411,8.508622,8.242283,8.233575,8.320225,8.317823,7.611968,7.756409,7.692251,7.825643,0
C00856,A_L12,DIGITAL_CMOS,CMOS_A,1.897985,1.898333,1.901191,1.958032,0.026678,0.026614,0.026708,0.027489,89.832278,90.337604,90.545021,91.739081,8.98111,9.024017,9.047682,9.033504,8.604695,8.655657,8.654913,8.712903,6.911268,6.925125,6.994791,7.042217,0
C00857,A_L12,DIGITAL_CMOS,CMOS_A,1.49838,1.498105,1.522773,1.518626,0.015736,0.015805,0.015916,0.016037,92.306795,93.118394,93.045888,93.43048,9.357222,9.37695,9.519186,9.635922,8.522205,8.679979,8.907612,8.943579,7.686436,7.956295,8.085414,8.250148,0
C00858,A_L12,DIGITAL_CMOS,CMOS_A,0.995239,1.019114,1.021541,1.040979,0.019297,0.019569,0.019581,0.019305,89.150215,88.733098,89.270628,90.496448,8.718348,8.697287,8.728466,8.76323,8.422635,8.383959,8.546635,8.573324,7.552456,7.604822,7.638539,7.925049,0
C00859,A_L12,DIGITAL_CMOS,CMOS_A,1.996541,1.947059,1.992663,2.003597,0.021085,0.021135,0.020773,0.021486,87.483146,87.046068,86.816764,87.0221,8.807873,8.937259,9.131741,9.345562,8.102961,8.070691,8.354525,8.681637,7.551456,7.682939,8.046448,8.244669,0
C00860,A_L12,DIGITAL_CMOS,CMOS_A,1.441013,1.476657,1.493036,1.500744,0.01959,0.020093,0.020802,0.021013,96.636483,96.081294,96.596999,98.059755,8.46556,8.461473,8.562004,8.504881,7.906598,7.842813,7.942681,8.020722,6.573098,6.61427,6.625029,6.727019,0
C00861,A_L12,DIGITAL_CMOS,CMOS_A,1.309732,1.337299,1.339607,1.331569,0.016663,0.016618,0.016861,0.017075,91.840592,91.991,92.06422,90.9368,8.642867,8.715877,8.863122,9.017864,8.16223,8.156149,8.342326,8.457181,6.839459,7.027866,7.240917,7.358533,0
C00862,A_L12,DIGITAL_CMOS,CMOS_A,1.199425,1.202563,1.195882,1.209572,0.016139,0.016218,0.016308,0.016294,84.367749,84.689939,85.09225,84.470939,9.141408,9.170362,9.333052,9.551824,8.169832,8.208322,8.382504,8.590488,7.249684,7.334248,7.66222,7.980495,0
C00863,A_L12,DIGITAL_CMOS,CMOS_A,1.228918,1.221811,1.23349,1.229677,0.022129,0.022535,0.022604,0.022568,88.970034,87.268926,88.588393,88.47571,9.053987,9.020421,9.078543,9.106038,7.523216,7.535131,7.554976,7.607456,7.039854,7.102457,7.168739,7.252318,0
C00864,A_L12,DIGITAL_CMOS,CMOS_A,1.990152,2.060484,2.119771,2.112824,0.021188,0.021435,0.021879,0.022142,91.220637,92.667812,92.630611,93.159779,8.471528,8.638951,8.669211,8.848783,8.005842,8.141559,8.284988,8.371949,6.949975,7.120105,7.42161,7.471348,0
C00865,A_L12,DIGITAL_CMOS,CMOS_A,1.145719,1.165439,1.162871,1.208299,0.011942,0.012256,0.012711,0.013005,87.89654,89.263653,90.66626,90.67371,8.647382,8.65596,8.868695,8.982419,7.352285,7.358481,7.648581,7.812175,6.550172,6.709334,6.836442,7.014425,0
C00866,A_L12,DIGITAL_CMOS,CMOS_A,0.953727,0.95774,0.985433,0.976762,0.015701,0.016113,0.016431,0.01667,88.980029,89.554146,90.13795,90.247847,8.800629,8.861784,8.90432,8.974355,7.928641,7.904902,8.052158,8.00394,7.158412,7.190151,7.266253,7.296343,0
C00867,A_L12,DIGITAL_CMOS,CMOS_A,1.50926,1.536239,1.541588,1.557148,0.01958,0.01975,0.019686,0.020127,84.19976,84.577463,84.671636,84.245466,8.793216,8.880099,9.056838,9.162373,8.249025,8.393056,8.502196,8.59006,7.281354,7.3549,7.502638,7.62177,0
C00868,A_L12,DIGITAL_CMOS,CMOS_A,1.393811,1.438729,1.398391,1.444132,0.023284,0.02365,0.024044,0.024322,96.275018,96.45477,98.739643,98.104589,9.279323,9.432975,9.480599,9.625471,8.374642,8.542789,8.664256,8.632622,7.706703,7.968332,8.312901,8.469742,0
C00869,A_L12,DIGITAL_CMOS,CMOS_A,1.33126,1.323546,1.356654,1.304719,0.021967,0.021986,0.022263,0.022398,90.162474,89.934122,90.905815,90.245785,9.314976,9.2512,9.396073,9.370487,8.418809,8.539486,8.583846,8.604588,7.385926,7.3941,7.41636,7.575317,0
C00870,A_L12,DIGITAL_CMOS,CMOS_A,1.132551,1.141322,1.136417,1.145563,0.02609,0.026327,0.026612,0.026766,91.230141,91.240102,90.959553,92.332736,9.061067,9.132517,9.270537,9.392867,8.144137,8.211776,8.307583,8.415531,7.544002,7.589015,7.854336,8.088991,0
C00871,A_L12,DIGITAL_CMOS,CMOS_A,1.2803,1.245949,1.255526,1.267888,0.024921,0.024945,0.025076,0.024963,92.365716,92.109398,92.368987,92.288028,9.22002,9.198639,9.263226,9.215697,8.149936,8.191714,8.280733,8.431481,6.765013,6.725626,6.792837,6.769443,0
C00872,A_L12,DIGITAL_CMOS,CMOS_A,1.449912,1.435619,1.447375,1.457477,0.021314,0.021488,0.021294,0.021823,87.078777,87.111461,86.999775,87.231379,9.582008,9.57672,9.574585,9.603735,8.370083,8.402511,8.514493,8.556531,7.877317,7.920766,7.944426,8.090807,0
C00873,A_L12,DIGITAL_CMOS,CMOS_A,1.62877,1.607827,1.584657,1.63297,0.01745,0.01791,0.017814,0.017824,98.929553,98.848677,98.627948,98.89912,9.266358,9.269636,9.259331,9.258893,8.341146,8.431428,8.41648,8.509413,7.671333,7.691866,7.836596,7.891482,0
C00874,A_L12,DIGITAL_CMOS,CMOS_A,1.481451,1.496606,1.512882,1.498117,0.018455,0.018966,0.019842,0.020157,82.1003,81.866791,82.721919,83.972851,9.022317,8.963705,9.036187,9.046753,7.937411,7.971048,7.941327,8.04422,7.652016,7.619276,7.826936,7.832002,0
C00875,A_L12,DIGITAL_CMOS,CMOS_A,1.514396,1.516536,1.522901,1.545888,0.021807,0.02228,0.022161,0.022461,94.336761,94.240701,93.890708,94.365448,8.914045,8.895699,8.902579,8.904015,8.35253,8.220212,8.221595,8.275148,7.191166,7.272306,7.40462,7.484194,0
C00876,A_L12,DIGITAL_CMOS,CMOS_A,1.835146,1.839708,1.869196,1.898626,0.021873,0.022341,0.02256,0.023365,89.5384,90.408116,90.972867,91.080792,9.155149,9.117047,9.181357,9.273636,8.163376,8.177375,8.157457,8.269163,7.772662,7.69203,7.819297,7.944652,0
C00877,A_L12,DIGITAL_CMOS,CMOS_A,1.410251,1.443808,1.420664,1.443817,0.021651,0.021724,0.021942,0.022052,86.13024,85.358423,86.330733,84.875347,9.539796,9.65168,9.563744,9.629698,8.67328,8.758272,8.795854,8.81369,7.579437,7.610032,7.654566,7.661363,0
C00878,A_L12,DIGITAL_CMOS,CMOS_A,1.19373,1.207318,1.227873,1.251476,0.015853,0.016067,0.016545,0.016426,89.768537,90.740917,92.00307,91.670046,8.905906,9.06209,9.187823,9.260262,8.292578,8.434401,8.68587,8.916264,7.266475,7.344637,7.615559,7.840293,0
C00879,A_L12,DIGITAL_CMOS,CMOS_A,1.464896,1.494609,1.468859,1.51473,0.018255,0.01814,0.018062,0.018321,93.217899,93.810266,93.908376,94.322602,9.203099,9.252682,9.194886,9.178015,8.094445,8.131698,8.134294,8.223389,7.25612,7.28807,7.417842,7.604161,0
C00880,A_L12,DIGITAL_CMOS,CMOS_A,1.353833,1.347917,1.378728,1.37326,0.028138,0.028461,0.028813,0.028828,91.813666,90.211012,90.436279,91.716326,8.89818,9.008919,9.191972,9.51931,8.346172,8.398416,8.703031,8.997243,7.108767,7.157746,7.599584,7.861268,0
C00881,A_L12,DIGITAL_CMOS,CMOS_A,1.270992,1.28887,1.328758,1.303544,0.023073,0.023777,0.024516,0.024895,81.781529,82.727787,83.092063,83.682702,8.51182,8.65169,8.899786,9.149526,7.729227,7.747683,8.009659,8.182352,7.410339,7.528083,7.866073,8.298574,0
C00882,A_L12,DIGITAL_CMOS,CMOS_A,1.292569,1.282158,1.29666,1.340464,0.019979,0.020393,0.021024,0.020795,95.006304,97.241798,98.170253,99.278559,8.977438,9.040055,9.277096,9.430982,8.048604,8.160218,8.419179,8.611397,7.188283,7.273328,7.548334,7.829621,0
C00883,A_L12,DIGITAL_CMOS,CMOS_A,1.292453,1.264117,1.328744,1.289198,0.01369,0.013944,0.013953,0.014085,81.496739,81.778826,82.022626,82.632765,9.073213,9.13747,9.135284,9.128629,8.181331,8.111236,8.151639,8.15585,7.427868,7.410698,7.436573,7.466782,0
C00884,A_L12,DIGITAL_CMOS,CMOS_A,1.716454,1.691576,1.737144,1.784394,0.01647,0.016728,0.017027,0.017523,94.009869,94.307097,95.288519,96.336767,8.649094,8.722123,8.747197,8.828769,7.923975,7.886737,7.970917,7.92979,7.318197,7.358584,7.374655,7.554359,0
C00885,A_L12,DIGITAL_CMOS,CMOS_A,1.301299,1.284141,1.302309,1.30241,0.024535,0.024373,0.02453,0.024826,93.092706,92.294539,93.040333,92.782307,8.749526,8.849716,8.916835,8.98621,7.904997,8.12636,8.263558,8.333956,7.770624,7.862461,8.164026,8.170622,0
C00886,A_L12,DIGITAL_CMOS,CMOS_A,1.377147,1.389036,1.411477,1.418912,0.014236,0.014266,0.014658,0.014874,84.465977,85.0442,85.320335,85.701476,9.123955,9.139769,9.19564,9.19581,7.705156,7.678375,7.698159,7.732305,7.264933,7.321108,7.244755,7.37303,0
C00887,A_L12,DIGITAL_CMOS,CMOS_A,1.555039,1.562373,1.594536,1.628201,0.023072,0.023865,0.024417,0.024446,87.216527,88.925113,88.620643,88.290238,8.996229,9.028483,9.212547,9.389768,7.152585,7.206588,7.420352,7.7674,7.318261,7.341148,7.572974,7.945681,0
C00888,A_L12,DIGITAL_CMOS,CMOS_A,1.575411,1.573227,1.59951,1.58191,0.024462,0.024679,0.025145,0.024934,95.006242,96.442812,95.640737,95.69853,8.576241,8.625947,8.606129,8.687135,8.269462,8.305981,8.36953,8.385821,7.371524,7.441793,7.616651,7.681982,0
C00889,A_L12,DIGITAL_CMOS,CMOS_A,1.361469,1.385403,1.422552,1.433206,0.017892,0.017958,0.01896,0.019572,91.319209,91.693968,91.788902,92.632558,9.073384,9.13036,9.295838,9.408123,8.234582,8.376933,8.747547,9.091193,7.541524,7.602096,7.803806,7.973842,0
C00890,A_L12,DIGITAL_CMOS,CMOS_A,1.342747,1.364515,1.378621,1.376553,0.015029,0.015184,0.014845,0.015071,86.974459,87.337337,86.212792,86.825769,8.576035,8.66116,8.801866,8.936826,8.093345,8.124364,8.309589,8.481916,7.082338,7.381802,7.657407,7.891823,0
C00891,A_L12,DIGITAL_CMOS,CMOS_A,1.476106,1.487487,1.507581,1.520794,0.021913,0.02227,0.021998,0.022665,92.903108,91.684246,92.739364,93.050159,8.533782,8.571906,8.620371,8.757945,8.04833,8.060242,8.058184,8.194555,7.144754,7.166333,7.250767,7.283402,0
C00892,A_L12,DIGITAL_CMOS,CMOS_A,1.574392,1.606009,1.620172,1.684696,0.020634,0.021199,0.022231,0.022757,80.937477,82.138831,82.724439,83.527422,8.694793,8.744059,8.821815,8.933226,7.632648,7.831357,7.97121,8.158699,8.015749,8.280884,8.650834,8.930946,0
C00893,A_L12,DIGITAL_CMOS,CMOS_A,1.841424,1.837699,1.816057,1.839593,0.031693,0.032219,0.032139,0.031967,83.358808,83.831725,84.09553,83.542075,8.786015,8.819462,9.071627,9.308911,8.448885,8.42563,8.729647,9.014613,7.503959,7.668169,8.062527,8.50113,0
C00894,A_L12,DIGITAL_CMOS,CMOS_A,1.377807,1.404651,1.409947,1.416943,0.014645,0.014694,0.014852,0.01484,90.489887,89.653278,90.787885,90.109057,8.430883,8.480908,8.499054,8.683561,7.504292,7.568114,7.886192,8.104609,7.387103,7.657354,7.821505,8.045245,0
C00895,A_L12,DIGITAL_CMOS,CMOS_A,1.389838,1.381811,1.416674,1.435109,0.023924,0.024114,0.024776,0.025031,90.932315,91.046548,90.84064,91.798579,8.719643,8.814012,8.865177,8.997617,8.863195,9.056028,9.278295,9.379971,8.025546,8.350721,8.757488,9.022395,0
C00896,A_L12,DIGITAL_CMOS,CMOS_A,1.697907,1.704119,1.720542,1.758093,0.018354,0.018555,0.019219,0.019505,78.678388,80.163556,80.189496,80.117749,8.766956,8.852226,8.998384,8.982746,7.567235,7.661509,7.789228,7.854725,7.432861,7.588451,7.816419,7.975837,0
C00897,A_L12,DIGITAL_CMOS,CMOS_A,1.06083,1.052595,1.079484,1.101895,0.021237,0.021639,0.022567,0.022865,96.981099,96.932477,98.741717,99.011851,9.017526,9.052849,9.144228,9.296004,7.964888,8.022251,8.18917,8.406642,7.774888,7.965778,8.294384,8.53275,0
C00898,A_L12,DIGITAL_CMOS,CMOS_A,1.407311,1.43031,1.434142,1.482077,0.020811,0.021086,0.021978,0.022268,88.836713,89.206342,89.555394,90.381707,9.002754,9.040507,9.150293,9.42894,8.012519,7.940392,8.150999,8.449729,7.216258,7.3624,7.647366,7.920069,0
C01281,A_L18,DIGITAL_CMOS,CMOS_A,1.733073,1.736758,1.745311,1.788234,0.016152,0.016323,0.016702,0.016657,88.218127,88.92923,88.119573,89.293333,8.741954,8.744896,8.804112,8.783782,7.788919,7.8603,7.824122,7.927995,7.30934,7.354743,7.31273,7.324092,0
C01282,A_L18,DIGITAL_CMOS,CMOS_A,2.048355,2.058246,2.059109,2.105687,0.021936,0.021796,0.02217,0.022643,95.206483,96.097016,98.299243,99.81482,8.12085,8.168716,8.226535,8.2727,7.733035,7.696229,7.746691,7.702956,7.440184,7.416691,7.457769,7.482247,0
C01283,A_L18,DIGITAL_CMOS,CMOS_A,2.121552,2.141475,2.143929,2.10422,0.014678,0.014629,0.01478,0.014883,91.546449,90.79023,91.030504,91.980003,8.022089,8.054687,8.014076,7.99488,7.881073,7.963336,7.915872,7.941048,7.024509,7.09776,7.104504,7.116792,0
C01284,A_L18,DIGITAL_CMOS,CMOS_A,1.66348,1.666866,1.716067,1.693926,0.030075,0.030698,0.031449,0.032088,102.556993,103.025372,106.152155,107.384274,8.667778,8.610495,8.636683,8.618019,7.711265,7.726121,7.733575,7.793124,7.363618,7.351626,7.353322,7.361821,0
C01285,A_L18,DIGITAL_CMOS,CMOS_A,1.777067,1.757422,1.815846,1.82726,0.014616,0.014871,0.015179,0.015458,93.941447,94.954301,95.479786,97.187577,7.965564,7.931075,8.008142,7.997148,7.599787,7.677373,7.695215,7.658387,7.248884,7.218192,7.279018,7.268112,0
C01286,A_L18,DIGITAL_CMOS,CMOS_A,1.446544,1.480646,1.48257,1.567857,0.010216,0.010357,0.010752,0.011032,97.830006,99.702421,101.790479,103.689073,8.957186,8.98053,8.990408,9.106765,8.434401,8.522894,8.426734,8.502075,7.849913,7.840779,7.826507,7.862068,0
C01287,A_L18,DIGITAL_CMOS,CMOS_A,1.350173,1.365698,1.347808,1.35025,0.014622,0.014856,0.014861,0.014876,94.647876,94.390412,94.659843,95.579918,8.445731,8.439158,8.436066,8.463991,7.938633,7.928085,7.986961,7.990334,7.181576,7.121025,7.252882,7.229273,0
C01288,A_L18,DIGITAL_CMOS,CMOS_A,1.680846,1.694162,1.76623,1.757055,0.025423,0.025752,0.02589,0.026205,99.078019,99.951007,101.139559,102.81528,8.17862,8.183926,8.299604,8.41735,7.555133,7.582049,7.784629,8.070744,7.223141,7.284569,7.428395,7.561807,0
C01289,A_L18,DIGITAL_CMOS,CMOS_A,1.407394,1.398281,1.432818,1.46139,0.018686,0.01918,0.01985,0.01983,95.571698,96.402205,97.80269,98.992158,8.342577,8.383871,8.532654,8.65123,7.819417,7.897215,8.002539,7.998007,6.931311,6.981031,6.956671,7.037258,0
C01290,A_L18,DIGITAL_CMOS,CMOS_A,1.249288,1.25812,1.304238,1.27697,0.017227,0.017304,0.01762,0.017693,95.032201,95.601094,97.04707,98.853655,8.4997,8.551741,8.552571,8.570828,7.576401,7.527574,7.675341,7.622845,7.213095,7.189715,7.216988,7.234182,0
C01291,A_L18,DIGITAL_CMOS,CMOS_A,1.762759,1.843485,1.894418,1.93404,0.01874,0.018889,0.019224,0.019419,95.864995,97.384545,99.488575,100.176175,7.931265,7.932642,7.980425,7.998256,7.194368,7.279494,7.279425,7.280473,6.429065,6.420815,6.489333,6.512386,0
C01292,A_L18,DIGITAL_CMOS,CMOS_A,1.930701,1.971019,2.079634,2.061256,0.017264,0.017307,0.01761,0.017733,89.901287,91.037979,92.685182,94.361738,8.610604,8.602245,8.774806,8.77481,7.901338,7.982136,8.137416,8.298198,7.154863,7.233444,7.264591,7.338295,0
C01293,A_L18,DIGITAL_CMOS,CMOS_A,1.548134,1.553098,1.61197,1.669158,0.015613,0.016053,0.016486,0.016876,89.10597,91.576006,92.084082,95.601765,8.882194,8.895607,8.965245,9.051243,8.436292,8.431131,8.549732,8.664656,7.427568,7.411571,7.552563,7.590686,0
C01294,A_L18,DIGITAL_CMOS,CMOS_A,1.203334,1.240417,1.254302,1.253659,0.018936,0.019364,0.019598,0.020024,89.632119,90.12012,91.402272,92.04756,8.861261,8.907938,8.986271,9.155026,8.095189,8.226161,8.2823,8.346978,7.29952,7.324764,7.35222,7.426027,0
C01295,A_L18,DIGITAL_CMOS,CMOS_A,1.846318,1.841885,1.949607,2.006303,0.024614,0.024858,0.025478,0.026261,103.83816,103.805814,107.647542,111.805877,7.913576,7.990644,7.985917,8.018504,7.341445,7.341379,7.4157,7.401134,7.099625,7.111147,7.192132,7.203456,0
C01296,A_L18,DIGITAL_CMOS,CMOS_A,1.820827,1.844664,1.871629,1.897035,0.018325,0.018979,0.01924,0.019546,93.285547,93.417854,94.449263,96.641598,8.950956,8.963677,9.064783,9.169762,8.536618,8.61337,8.750204,8.954461,7.66979,7.649419,7.717295,7.814791,1
C01297,A_L18,DIGITAL_CMOS,CMOS_A,1.558375,1.58632,1.58136,1.598848,0.01521,0.015521,0.015693,0.015556,91.963541,92.281431,91.312825,91.367637,8.557659,8.56704,8.606888,8.662831,8.205831,8.2612,8.307183,8.360804,7.375236,7.451218,7.423631,7.37629,0
C01298,A_L18,DIGITAL_CMOS,CMOS_A,1.275754,1.280859,1.321151,1.35148,0.012736,0.012987,0.013387,0.013274,97.191943,98.802565,100.437828,101.249001,8.574237,8.565057,8.558048,8.523107,7.709551,7.742078,7.809243,7.826816,7.464804,7.392428,7.494091,7.490097,0
C01299,A_L18,DIGITAL_CMOS,CMOS_A,1.413676,1.400051,1.428858,1.457659,0.014513,0.014556,0.014912,0.015194,96.951655,98.208385,99.694531,100.418522,8.526029,8.544863,8.661152,8.7472,8.032518,8.181023,8.269496,8.528568,6.987043,7.067046,7.101958,7.184325,0
C01300,A_L18,DIGITAL_CMOS,CMOS_A,1.068785,1.086577,1.101349,1.105593,0.013049,0.013533,0.013443,0.013501,91.264305,92.535676,93.245901,94.072932,8.655296,8.66008,8.650764,8.697329,8.013621,7.989062,8.03049,8.039644,7.569381,7.562935,7.579349,7.611419,0
C01301,A_L18,DIGITAL_CMOS,CMOS_A,1.303186,1.345528,1.341471,1.409083,0.013517,0.013732,0.014013,0.014394,93.650053,92.926485,96.593211,99.737551,8.017393,8.016772,8.027156,8.115052,7.531098,7.572779,7.607653,7.604206,6.959481,7.0428,6.979321,6.980951,0
C01302,A_L18,DIGITAL_CMOS,CMOS_A,1.47541,1.508186,1.553934,1.625046,0.031221,0.031766,0.0328,0.033731,97.32,98.688928,101.817254,104.066741,8.823008,8.854031,8.981094,9.060615,7.975758,7.999089,8.110512,8.236747,7.026115,7.116503,7.0947,7.11863,0
C01303,A_L18,DIGITAL_CMOS,CMOS_A,1.413725,1.416018,1.409424,1.463648,0.011798,0.011904,0.012326,0.012493,92.329399,93.375081,94.515737,97.167518,8.961249,8.998038,8.952004,8.958553,8.481538,8.505418,8.479025,8.555531,7.504637,7.563789,7.563627,7.578144,0
C01304,A_L18,DIGITAL_CMOS,CMOS_A,1.465632,1.478808,1.506697,1.548966,0.019508,0.019757,0.020387,0.030582,87.846859,88.87412,92.259392,94.269402,8.471186,8.502659,8.629279,10.446022,8.423286,8.464467,8.601314,8.660427,7.721325,7.816636,7.86686,7.932304,1
C01305,A_L18,DIGITAL_CMOS,CMOS_A,1.88743,1.881447,1.853476,1.877762,0.033398,0.033298,0.033554,0.034212,103.622303,104.817699,105.975049,107.008159,8.456514,8.584268,8.58571,8.696306,7.846855,7.905488,8.131787,8.229353,7.331209,7.359175,7.410012,7.42696,0
C01306,A_L18,DIGITAL_CMOS,CMOS_A,1.520261,1.546435,1.517641,1.49918,0.020011,0.020009,0.020029,0.019777,96.00053,97.070469,97.818198,97.976185,8.600847,8.611318,8.626364,8.762738,8.215959,8.152634,8.23181,8.233617,7.669071,7.609513,7.620188,7.681638,0
C01307,A_L18,DIGITAL_CMOS,CMOS_A,2.059875,2.109666,2.126723,2.184061,0.021852,0.022336,0.022767,0.023191,93.371894,95.59113,97.293806,98.740062,8.744478,8.777997,8.819616,8.828486,8.304658,8.304963,8.286991,8.419484,7.441671,7.396815,7.474979,7.440888,0
C01308,A_L18,DIGITAL_CMOS,CMOS_A,1.465713,1.513545,1.565718,1.630142,0.023861,0.024266,0.024762,0.02549,97.6689,97.814346,99.823563,100.099734,8.641482,8.68316,8.676789,8.568031,8.257881,8.260954,8.239383,8.310954,7.32039,7.340908,7.362882,7.380941,0
C01309,A_L18,DIGITAL_CMOS,CMOS_A,1.308602,1.2948,1.314868,1.330722,0.0183,0.018423,0.018467,0.018622,92.009198,91.744795,94.00185,94.327391,8.321672,8.356074,8.599403,8.748208,7.694759,7.71582,7.850422,7.927469,7.049123,7.13806,7.205599,7.364265,0
C01310,A_L18,DIGITAL_CMOS,CMOS_A,1.436038,1.434867,1.442279,1.480301,0.02376,0.024078,0.023975,0.024024,97.254481,97.75891,99.417667,99.950676,8.61651,8.65226,8.713568,8.647906,7.697554,7.727386,7.757548,7.703537,7.308971,7.265532,7.252004,7.29586,0
C01311,A_L18,DIGITAL_CMOS,CMOS_A,1.468261,1.488362,1.54684,1.575914,0.019082,0.019439,0.019636,0.019749,97.389943,98.030925,99.967543,102.072582,8.615535,8.715087,8.786425,8.918734,7.787935,7.843496,7.971553,8.122419,7.274176,7.327859,7.433783,7.468437,0
C01312,A_L18,DIGITAL_CMOS,CMOS_A,1.626124,1.622498,1.629117,1.715331,0.016283,0.016525,0.016937,0.017063,82.388068,84.173783,86.872031,88.47393,8.710333,8.848483,8.898692,8.965316,7.680961,7.678091,7.754128,7.811124,7.277866,7.335947,7.343177,7.48856,0
C01313,A_L18,DIGITAL_CMOS,CMOS_A,2.018846,1.993269,2.001805,2.044255,0.014369,0.01462,0.014539,0.014738,99.975155,100.178171,100.395264,101.015151,8.626614,8.695393,8.629456,8.735097,7.669627,7.710683,7.771905,7.721746,7.673353,7.646908,7.653912,7.736269,0
C01314,A_L18,DIGITAL_CMOS,CMOS_A,1.31254,1.315529,1.299953,1.318693,0.023572,0.023332,0.02367,0.023669,92.028335,90.874098,91.852972,93.14259,8.793893,8.886073,8.910986,8.929178,8.024578,8.139068,8.211165,8.293322,7.305193,7.289606,7.436485,7.471391,0
C01315,A_L18,DIGITAL_CMOS,CMOS_A,1.636322,1.620867,1.638145,1.666035,0.011973,0.012022,0.011944,0.012232,96.704536,96.804014,97.55765,97.785761,8.296595,8.275989,8.385051,8.421958,7.849998,7.888983,7.884809,7.883128,6.998503,7.029363,6.940361,6.995094,0
C01316,A_L18,DIGITAL_CMOS,CMOS_A,1.530316,1.550323,1.546013,1.595298,0.018114,0.018118,0.018549,0.018807,91.031519,92.802468,94.216444,95.08516,8.97775,9.027004,9.082316,9.124037,8.014921,8.081986,8.19402,8.23542,7.771951,7.835848,7.902587,8.008461,0
C01317,A_L18,DIGITAL_CMOS,CMOS_A,1.503718,1.528843,1.544649,1.628784,0.017759,0.017957,0.018282,0.018634,95.85891,97.190474,98.782732,101.975797,8.492526,8.507779,8.527718,8.580546,7.927571,7.902094,7.960769,7.949222,6.894157,6.892303,6.917612,6.967952,0
C01318,A_L18,DIGITAL_CMOS,CMOS_A,1.048783,1.079493,1.05137,1.092233,0.013243,0.013388,0.013368,0.013504,90.07247,90.864827,91.639126,91.729073,8.600683,8.663604,8.651773,8.700796,7.352394,7.453595,7.517901,7.622711,6.972136,7.030589,7.10056,7.139671,0
C01319,A_L18,DIGITAL_CMOS,CMOS_A,1.571779,1.600977,1.606285,1.638165,0.020736,0.020884,0.021203,0.021472,90.44956,90.614611,92.763689,93.375042,8.714065,8.734125,8.721746,8.806498,8.372934,8.447007,8.477272,8.542629,7.551306,7.531729,7.566302,7.629178,0
C01320,A_L18,DIGITAL_CMOS,CMOS_A,1.617723,1.632566,1.647923,1.679827,0.022644,0.022816,0.022868,0.022932,103.023736,104.26602,105.6552,106.553432,8.485563,8.57969,8.648209,8.651869,7.907386,8.006252,8.201927,8.287582,7.086895,7.171931,7.234565,7.348857,0
C01321,A_L18,DIGITAL_CMOS,CMOS_A,1.450581,1.466329,1.531754,1.520462,0.018476,0.019196,0.019527,0.019708,93.026484,94.313075,95.561105,97.570092,8.488059,8.501038,8.531808,8.595922,8.365203,8.327803,8.326983,8.270282,7.145332,7.168977,7.165018,7.196161,0
C01322,A_L18,DIGITAL_CMOS,CMOS_A,1.908632,1.938881,1.939966,1.899649,0.020623,0.020869,0.020767,0.020866,103.725422,103.60323,104.246451,103.860449,8.541253,8.573184,8.670552,8.66374,8.512763,8.548283,8.541809,8.537195,7.490486,7.512008,7.479063,7.496584,0
C01323,A_L18,DIGITAL_CMOS,CMOS_A,1.527659,1.508944,1.506353,1.540409,0.029825,0.030243,0.030628,0.030492,99.446942,99.741656,100.300629,100.667722,8.663518,8.647814,8.64483,8.744402,8.149838,8.139753,8.229512,8.290642,6.973316,7.013816,7.024199,7.058752,0
C01324,A_L18,DIGITAL_CMOS,CMOS_A,1.816148,1.835394,1.837687,1.939157,0.019602,0.0201,0.020348,0.027827,93.478369,93.465108,94.481897,97.783467,8.926024,8.973607,9.082963,9.212274,7.930558,7.963117,8.109797,8.290318,7.03049,7.058462,7.150274,7.384394,1
C01325,A_L18,DIGITAL_CMOS,CMOS_A,1.489278,1.505091,1.566568,1.549639,0.010536,0.010303,0.010593,0.010491,91.184396,91.92331,92.521017,92.287768,8.669469,8.706025,8.677972,8.723257,7.831115,7.868347,7.885415,7.919482,7.090101,7.162532,7.055404,7.077518,0
C01326,A_L18,DIGITAL_CMOS,CMOS_A,1.594537,1.604022,1.60193,1.62682,0.026229,0.026326,0.026855,0.026873,90.468064,90.567745,91.265397,91.495333,8.654302,8.671516,8.805922,8.84426,8.011565,8.236641,8.319901,8.432818,7.425312,7.44319,7.555097,7.646458,0
C01327,A_L18,DIGITAL_CMOS,CMOS_A,2.170342,2.225566,2.257626,2.239776,0.033178,0.033837,0.034762,0.035255,94.276461,94.8102,96.21403,97.611536,9.126596,9.060804,9.065887,9.113262,8.254552,8.264059,8.398572,8.248963,7.23797,7.336281,7.283019,7.322539,0
C01328,A_L18,DIGITAL_CMOS,CMOS_A,1.215436,1.217023,1.241095,1.251722,0.020254,0.020471,0.020243,0.020486,101.005652,100.380762,101.027395,101.177358,8.436668,8.482382,8.602731,8.623644,7.816628,7.89982,8.086681,8.146464,7.269827,7.334307,7.38162,7.482047,0
C01329,A_L18,DIGITAL_CMOS,CMOS_A,1.410997,1.433361,1.417408,1.437055,0.016467,0.016601,0.016774,0.016891,102.423331,102.817038,102.689131,103.107643,9.217532,9.249388,9.298232,9.372297,8.664192,8.658225,8.643648,8.761618,8.181794,8.112897,8.159583,8.233308,0
C01330,A_L18,DIGITAL_CMOS,CMOS_A,1.109656,1.147225,1.178606,1.167612,0.015405,0.015989,0.016456,0.016613,104.187655,105.135432,107.241875,108.680387,8.123499,8.189138,8.175433,8.220994,7.326429,7.394709,7.373779,7.41423,6.696657,6.639105,6.739569,6.70009,0
C01331,A_L18,DIGITAL_CMOS,CMOS_A,1.785523,1.802995,1.768265,1.822062,0.016649,0.016613,0.016589,0.016575,91.27244,91.871746,91.887733,92.109433,8.410782,8.464043,8.478884,8.42172,7.03947,7.069811,7.048922,7.113851,7.44255,7.535963,7.477427,7.495028,0
C01332,A_L18,DIGITAL_CMOS,CMOS_A,1.384475,1.380449,1.400966,1.394839,0.016973,0.016808,0.017115,0.016798,96.81945,96.416466,97.241735,98.032623,8.260008,8.348686,8.335966,8.350127,7.431642,7.438796,7.457869,7.492256,7.015046,7.043364,6.987206,7.08805,0
C01333,A_L18,DIGITAL_CMOS,CMOS_A,2.010176,2.059132,2.081693,2.108309,0.018563,0.019323,0.019307,0.019469,93.94878,94.340093,95.887916,96.679317,8.805298,8.877655,8.886465,8.872798,8.130291,8.152754,8.206491,8.187191,7.329475,7.411738,7.413089,7.394366,0
C01334,A_L18,DIGITAL_CMOS,CMOS_A,1.495098,1.543644,1.527258,1.55184,0.027086,0.027451,0.028109,0.02836,95.771943,97.389134,100.667371,101.914522,8.617112,8.607645,8.669352,8.782857,7.60665,7.638041,7.731103,7.82153,7.091132,7.242012,7.294737,7.36934,0
C01335,A_L18,DIGITAL_CMOS,CMOS_A,1.671284,1.722096,1.773648,1.821314,0.014749,0.015092,0.015335,0.015768,93.243777,93.312602,96.708989,98.526127,8.550328,8.619263,8.765604,8.754634,7.458358,7.602364,7.715814,7.757063,7.04942,7.118594,7.152042,7.174466,0
C01336,A_L18,DIGITAL_CMOS,CMOS_A,1.353304,1.370679,1.408491,1.458248,0.022144,0.022181,0.023039,0.023513,90.277202,92.464868,93.887802,95.005391,8.716847,8.859607,8.821454,8.85229,8.27698,8.268536,8.308004,8.285993,7.745045,7.679388,7.711033,7.773111,0
C01337,A_L18,DIGITAL_CMOS,CMOS_A,2.067516,2.093526,2.100849,2.134225,0.025065,0.024672,0.025269,0.025111,92.100168,93.269336,94.137455,94.108243,8.852277,8.923814,8.866762,8.88656,15.496157,14.455981,15.076143,15.760338,7.70723,7.656911,7.724798,7.81197,1
C01338,A_L18,DIGITAL_CMOS,CMOS_A,1.594255,1.562632,1.599033,1.623609,0.01996,0.020419,0.020694,0.021222,99.67236,101.754475,103.658995,105.9126,8.641937,8.747822,8.730522,8.738556,7.755529,7.814338,7.856926,7.835298,7.132992,7.128984,7.160819,7.169954,0
C01339,A_L18,DIGITAL_CMOS,CMOS_A,2.084382,2.07673,2.138709,2.27929,0.016657,0.016815,0.01726,0.017937,99.526044,99.894656,102.045883,104.387368,8.949741,9.127797,9.36193,9.375066,7.977094,7.989349,8.189943,8.221746,7.268778,7.277442,7.372567,7.402821,0
C01340,A_L18,DIGITAL_CMOS,CMOS_A,1.673589,1.719916,1.749597,1.790697,0.01854,0.019271,0.019299,0.019298,91.492543,91.019898,94.099652,96.620893,8.735442,8.750815,8.856311,8.970813,7.951788,8.008202,8.023823,8.081675,7.57739,7.627296,7.641878,7.722359,0
C01341,A_L18,DIGITAL_CMOS,CMOS_A,1.688158,1.741085,1.746173,1.801355,0.016149,0.0167,0.016842,0.017048,95.344883,96.174257,98.658446,101.632156,8.649937,8.551618,8.676127,8.701147,7.394766,7.399815,7.374421,7.451393,7.237514,7.213389,7.267776,7.210588,0
C01342,A_L18,DIGITAL_CMOS,CMOS_A,2.027248,2.046924,2.078158,2.129793,0.020699,0.021138,0.021629,0.022321,93.142734,95.156333,97.616589,98.862456,8.499559,8.557387,8.673079,8.740913,7.813217,7.931157,8.053322,8.20786,7.425788,7.432818,7.452155,7.541461,0
C01343,A_L18,DIGITAL_CMOS,CMOS_A,1.46082,1.483675,1.472562,1.514248,0.024593,0.024882,0.025382,0.025614,94.946814,95.331327,96.689906,97.398035,8.642747,8.77203,8.927496,8.964357,7.927601,7.990861,8.146205,8.235458,7.306211,7.320557,7.389776,7.395075,0
C01344,A_L18,DIGITAL_CMOS,CMOS_A,1.585593,1.598961,1.610813,1.61006,0.022549,0.022981,0.02289,0.022777,102.624177,103.097307,103.84561,105.096631,7.996123,7.986926,8.001244,8.041762,7.356827,7.381518,7.380949,7.409297,7.221942,7.241976,7.292702,7.273702,0
C01345,A_L18,DIGITAL_CMOS,CMOS_A,1.486473,1.522938,1.556202,1.610952,0.01806,0.018423,0.018816,0.01969,97.089164,97.94107,101.129405,105.621255,8.190369,8.30972,8.307242,8.344491,7.156284,7.255274,7.331909,7.377024,6.445132,6.492186,6.547894,6.550664,0
C01346,A_L18,DIGITAL_CMOS,CMOS_A,1.870618,1.92284,1.895677,1.902642,0.021425,0.021468,0.021676,0.021664,106.758584,105.991272,107.058067,106.873893,8.262265,8.356561,8.386011,8.462695,8.19606,8.330911,8.455971,8.528471,7.425705,7.423333,7.564778,7.537433,0
C01347,A_L18,DIGITAL_CMOS,CMOS_A,1.242551,1.273226,1.291124,1.329102,0.016279,0.016347,0.016771,0.017014,94.171565,95.227677,98.042306,99.154212,8.787343,8.825263,8.97015,9.253268,8.052007,8.051552,8.19009,8.455156,7.610649,7.553608,7.709372,7.838718,0
C01348,A_L18,DIGITAL_CMOS,CMOS_A,1.694386,1.66175,1.67653,1.748409,0.014443,0.014515,0.01481,0.014689,91.077372,91.678297,91.784256,92.815517,8.461541,8.460082,8.492293,8.57237,7.995156,7.946798,8.047844,7.995044,7.214288,7.233817,7.261608,7.214274,0
C01349,A_L18,DIGITAL_CMOS,CMOS_A,1.596718,1.604045,1.653756,1.727651,0.020856,0.021162,0.021662,0.022606,94.214215,95.199564,97.010671,99.149478,8.694961,8.74855,8.915365,9.168616,7.74364,7.872805,8.03598,8.192224,7.317782,7.3865,7.471038,7.602435,0
C01350,A_L18,DIGITAL_CMOS,CMOS_A,1.58978,1.594663,1.624643,1.675107,0.022165,0.022571,0.02331,0.02408,97.127926,97.496662,100.833887,102.344783,8.241006,8.211082,8.265459,8.278179,8.297204,8.326301,8.354896,8.398013,7.134125,7.100253,7.078387,7.089613,0
C01351,A_L18,DIGITAL_CMOS,CMOS_A,1.320169,1.340972,1.373875,1.430114,0.021534,0.021814,0.022231,0.022937,89.709495,90.26134,92.327576,95.481695,8.43991,8.495688,8.67362,8.772631,7.845234,7.870371,8.057556,8.107406,7.101842,7.197668,7.236402,7.304391,0
C01352,A_L18,DIGITAL_CMOS,CMOS_A,1.664839,1.653133,1.716477,1.726888,0.020058,0.02019,0.02012,0.020661,97.986241,99.772936,102.54316,103.739642,9.032568,9.087318,9.252726,9.326068,7.862638,7.964229,8.053433,8.197618,7.484978,7.547596,7.636666,7.721779,0
C01353,A_L18,DIGITAL_CMOS,CMOS_A,1.687227,1.694759,1.732288,1.73756,0.013475,0.013795,0.013872,0.014105,90.765169,92.083252,93.07882,94.585898,8.643714,8.741948,8.911269,9.122907,7.544291,7.589954,7.704416,7.780801,7.168339,7.188612,7.318851,7.36386,0
C01354,A_L18,DIGITAL_CMOS,CMOS_A,1.540577,1.566717,1.61429,1.668555,0.013121,0.013339,0.013508,0.013837,98.194421,99.090398,101.268503,105.538842,8.68304,8.647696,8.770258,8.75321,8.04501,8.153041,8.145964,8.263527,7.338898,7.365913,7.384502,7.441141,0
C01355,A_L18,DIGITAL_CMOS,CMOS_A,1.039313,1.065161,1.062253,1.088026,0.015849,0.016016,0.016014,0.016326,89.140018,90.351492,91.054265,92.546758,8.289836,8.335882,8.328289,8.367046,7.820603,7.909671,7.890127,7.920068,7.382862,7.370802,7.433053,7.409573,0
C01356,A_L18,DIGITAL_CMOS,CMOS_A,1.37932,1.373856,1.523569,1.832142,0.013253,0.013222,0.013362,0.013265,94.89557,95.338369,96.93236,100.239211,8.05922,8.13084,8.16433,8.296511,7.735019,7.82954,8.044891,8.001045,7.24433,7.324199,7.276005,7.296698,1
C01357,A_L18,DIGITAL_CMOS,CMOS_A,1.28867,1.282332,1.31986,1.310258,0.024235,0.024199,0.02434,0.024262,95.336724,93.955296,95.507831,94.903228,8.762258,8.804304,8.842951,9.030393,7.671729,7.732594,7.950664,8.06323,7.344605,7.325765,7.412531,7.437881,0
C01358,A_L18,DIGITAL_CMOS,CMOS_A,1.950424,1.940887,2.003929,2.019976,0.028998,0.029101,0.029624,0.029713,97.946124,97.245341,98.538098,98.712693,7.990451,8.067884,8.022522,8.029134,7.497175,7.542136,7.551721,7.601652,7.58913,7.497636,7.625728,7.587619,0
C01359,A_L18,DIGITAL_CMOS,CMOS_A,1.465758,1.489232,1.481229,1.521419,0.013803,0.01433,0.014384,0.014826,93.872235,96.279874,97.728154,98.765635,8.827932,8.812569,8.910241,8.871172,7.58726,7.57508,7.596454,7.725544,7.077685,7.078724,7.034497,7.104649,0
C01726,A_L24,DIGITAL_CMOS,CMOS_A,1.680247,1.710932,1.70551,1.700672,0.024112,0.024519,0.024669,0.02475,87.977109,88.282995,89.398699,89.497312,8.579865,8.59864,8.698457,8.799293,7.638889,7.658395,7.762109,7.937071,7.222141,7.231873,7.454887,7.577942,0
C01727,A_L24,DIGITAL_CMOS,CMOS_A,1.350541,1.358371,1.332167,1.367155,0.01982,0.019743,0.019905,0.01973,84.403015,84.730943,84.016444,85.029627,8.699119,8.718671,8.874086,8.991186,8.466469,8.495373,8.627878,8.81456,7.471732,7.501701,7.648466,7.797492,0
C01728,A_L24,DIGITAL_CMOS,CMOS_A,1.523355,1.586395,1.61536,1.621338,0.010042,0.010197,0.010444,0.010604,85.377857,86.776093,87.70021,88.4618,8.933617,8.961819,8.965569,8.953272,8.201132,8.25951,8.307526,8.366006,7.5128,7.59171,7.592761,7.526831,0
C01729,A_L24,DIGITAL_CMOS,CMOS_A,1.460583,1.519473,1.474239,1.49082,0.015974,0.016165,0.01643,0.01667,83.440436,86.357208,88.199413,90.317653,8.906945,8.993296,9.096934,9.297958,8.727479,8.782204,9.032401,9.071722,7.897637,7.88903,8.038977,8.150293,0
C01730,A_L24,DIGITAL_CMOS,CMOS_A,1.43282,1.454856,1.471293,1.53128,0.015555,0.015902,0.016446,0.017445,82.315869,85.067688,88.840418,91.400045,8.661225,8.666933,8.797289,8.833864,8.123505,8.221889,8.313925,8.358984,6.98748,7.038259,7.146316,7.3193,0
C01731,A_L24,DIGITAL_CMOS,CMOS_A,1.778295,1.7777,1.852296,1.892304,0.10441,0.106556,0.106269,0.107558,84.163606,84.180372,86.835732,88.84763,8.616371,8.677779,8.67569,8.61663,7.974304,8.112509,8.087209,8.135337,7.507053,7.581556,7.618745,7.588821,1
C01732,A_L24,DIGITAL_CMOS,CMOS_A,1.524313,1.522891,1.513507,1.494002,0.026399,0.02677,0.026309,0.026547,90.791165,91.427196,92.200227,92.014808,9.036165,9.042217,9.115201,9.179957,8.361331,8.367181,8.444834,8.442323,7.632789,7.685297,7.88581,8.021634,0
C01733,A_L24,DIGITAL_CMOS,CMOS_A,1.521873,1.516987,1.49024,1.516716,0.016115,0.016279,0.0162,0.016423,89.05514,88.412799,89.677312,90.292111,8.424167,8.478095,8.471297,8.494282,7.86366,7.838397,7.86309,7.844487,7.386606,7.405203,7.416501,7.462799,0
C01734,A_L24,DIGITAL_CMOS,CMOS_A,1.851349,1.874479,1.83207,1.878536,0.030506,0.030126,0.030741,0.030921,98.643003,98.381935,99.063284,100.168495,9.002044,9.069814,9.165172,9.203123,7.695533,7.735622,7.867551,7.965183,7.434287,7.563587,7.808726,8.070334,0
C01735,A_L24,DIGITAL_CMOS,CMOS_A,1.30079,1.305834,1.325285,1.335435,0.016551,0.0165,0.016471,0.016648,81.609826,81.542631,82.615305,83.169899,9.082696,9.132349,9.186035,9.182463,8.819331,8.769912,8.759134,8.879801,7.798737,7.848038,7.867175,7.9083,0
C01736,A_L24,DIGITAL_CMOS,CMOS_A,2.139068,2.10752,2.128618,2.139802,0.026137,0.026305,0.026668,0.026565,88.303016,87.76787,89.230707,88.86466,8.726246,8.77118,8.780897,8.735982,7.925679,7.877498,7.92259,7.975543,7.198304,7.221875,7.174308,7.287743,0
C01737,A_L24,DIGITAL_CMOS,CMOS_A,1.436059,1.420876,1.423217,1.439147,0.024532,0.02476,0.024958,0.025038,88.573754,89.850438,89.341427,90.427627,8.900841,9.030385,9.178157,9.177886,7.836952,7.834982,8.007117,8.072424,7.588527,7.593853,7.751815,7.792656,0
C01738,A_L24,DIGITAL_CMOS,CMOS_A,1.699554,1.696045,1.781392,1.736102,0.020819,0.021297,0.021474,0.021793,89.041676,91.075536,94.05252,95.431911,9.156036,9.201724,9.199443,9.330027,8.720672,8.784675,8.842513,8.846041,7.674749,7.749425,7.786333,7.825331,0
C01739,A_L24,DIGITAL_CMOS,CMOS_A,1.161004,1.181996,1.191556,1.195759,0.018185,0.018178,0.018693,0.018787,82.663341,83.892163,85.770473,86.209378,8.371961,8.438483,8.458876,8.513716,8.647828,8.944705,9.751806,10.814359,7.220497,7.166366,7.218036,7.182708,1
C01740,A_L24,DIGITAL_CMOS,CMOS_A,1.582844,1.567075,1.644099,1.709106,0.013556,0.013906,0.014196,0.014541,91.03321,91.667938,94.294716,96.817974,8.441463,8.51364,8.610035,8.798309,7.764806,7.747718,7.909133,7.954397,7.166847,7.323516,7.361961,7.539608,0
C01741,A_L24,DIGITAL_CMOS,CMOS_A,1.233543,1.241726,1.257545,1.272253,0.020357,0.020601,0.020925,0.021262,93.64491,93.538052,94.241217,95.702091,8.089672,8.038522,8.072114,8.093782,7.75621,7.820596,7.745383,7.734637,7.471503,7.453859,7.570342,7.501498,0
C01742,A_L24,DIGITAL_CMOS,CMOS_A,1.638782,1.693236,1.729972,1.7833,0.018583,0.018932,0.019386,0.019951,90.88289,92.667378,94.268023,97.662546,8.375171,8.427964,8.440527,8.406934,8.004758,7.986648,8.040105,8.049645,6.590412,6.626834,6.66278,6.65768,0
C01743,A_L24,DIGITAL_CMOS,CMOS_A,1.643974,1.617124,1.635077,1.619188,0.022468,0.022722,0.022716,0.023219,87.696038,87.264366,87.324962,89.352756,8.511272,8.615106,8.629159,8.636046,8.244819,8.238465,8.261496,8.216861,6.8652,6.841685,6.877065,6.810906,0
C01744,A_L24,DIGITAL_CMOS,CMOS_A,1.317659,1.31894,1.351322,1.377406,0.01767,0.017883,0.018452,0.018877,84.309571,85.268528,87.920596,90.99404,8.572517,8.574682,8.697149,8.690258,8.228823,8.35102,8.47804,8.482306,6.921883,6.990817,7.013859,7.093088,0
C01745,A_L24,DIGITAL_CMOS,CMOS_A,1.761945,1.782285,1.799188,1.812489,0.021459,0.021396,0.021534,0.021614,90.537454,90.135917,90.912239,91.684501,8.209569,8.24991,8.28574,8.362399,7.338526,7.461024,7.568544,7.7147,7.093207,7.154485,7.281473,7.301976,0
C01746,A_L24,DIGITAL_CMOS,CMOS_A,2.757624,2.805073,2.803486,2.79131,0.021749,0.021933,0.02229,0.022098,92.304414,93.165329,94.414025,96.357068,9.028051,9.03676,9.184817,9.321765,8.417131,8.447437,8.614716,8.802053,7.423155,7.457738,7.641566,7.740862,0
C01747,A_L24,DIGITAL_CMOS,CMOS_A,1.433947,1.485121,1.484329,1.501362,0.019556,0.019843,0.02016,0.020509,84.68213,85.488877,87.260346,89.274918,8.739487,8.735594,8.788469,8.882641,8.332751,8.452609,8.606582,8.706702,7.551386,7.683326,7.74878,7.785635,0
C01748,A_L24,DIGITAL_CMOS,CMOS_A,1.683945,1.708167,1.762474,1.773364,0.01699,0.017843,0.018001,0.018217,85.888975,88.571162,89.296134,90.791641,8.437526,8.371602,8.442546,8.46394,7.985423,7.886954,8.011891,8.081482,6.62794,6.619859,6.638017,6.647454,0
C01749,A_L24,DIGITAL_CMOS,CMOS_A,1.505991,1.563094,1.554039,1.543935,0.017918,0.018301,0.018882,0.01905,89.644138,89.91405,91.136943,91.516708,9.126626,9.113377,9.156358,9.14385,8.417014,8.45474,8.46061,8.56156,7.295599,7.343671,7.329675,7.390174,0
C01750,A_L24,DIGITAL_CMOS,CMOS_A,1.71626,1.719114,1.701765,1.696086,0.024951,0.025223,0.025593,0.025849,79.69087,80.927528,81.450465,81.854547,9.594312,9.549272,9.57687,9.702301,8.88602,8.871816,8.906397,8.99393,7.904452,7.895069,7.993613,8.030486,0
C01751,A_L24,DIGITAL_CMOS,CMOS_A,1.487897,1.514322,1.539901,1.538204,0.017034,0.017179,0.017299,0.017669,82.279862,84.337603,86.198021,86.696389,8.503958,8.578596,8.517549,8.633091,8.327079,8.295443,8.559341,8.612814,6.806296,6.941673,7.093575,7.181972,0
C01752,A_L24,DIGITAL_CMOS,CMOS_A,1.806604,1.845586,1.809651,1.873555,0.021896,0.022092,0.022569,0.02248,87.21044,88.712974,91.047579,93.326427,8.940981,8.966479,8.959628,8.969795,8.771668,8.786422,8.765764,8.859602,7.439613,7.536888,7.518998,7.548034,0
C01753,A_L24,DIGITAL_CMOS,CMOS_A,1.564156,1.541288,1.62202,1.674963,0.012271,0.012547,0.012828,0.013207,87.584174,89.225562,92.019611,94.03792,9.032446,9.105025,9.174678,9.232601,8.356317,8.414015,8.473546,8.565078,7.786358,7.746509,7.951808,8.096906,0
C01754,A_L24,DIGITAL_CMOS,CMOS_A,1.828347,1.840065,1.855952,1.836429,0.018123,0.018085,0.018229,0.018449,93.029558,93.281113,92.529964,94.070552,8.795101,8.731295,8.917431,9.050765,8.325011,8.386754,8.389924,8.60829,7.330856,7.335129,7.507942,7.640394,0
C01755,A_L24,DIGITAL_CMOS,CMOS_A,1.651655,1.655694,1.68892,1.697814,0.020464,0.020848,0.021225,0.021378,86.064385,88.825948,91.05499,92.372513,9.594029,9.640169,9.641772,9.755081,8.667086,8.767124,9.01323,9.054218,8.155055,8.172514,8.315234,8.328408,0
C01756,A_L24,DIGITAL_CMOS,CMOS_A,1.714254,1.763011,1.808129,1.813167,0.019687,0.019778,0.020373,0.020278,82.451982,85.455727,91.335411,97.398857,8.727919,8.734137,8.839115,8.794786,7.994129,7.925695,7.965876,8.014564,7.486843,7.514723,7.46377,7.495391,1
C01757,A_L24,DIGITAL_CMOS,CMOS_A,1.907207,1.971377,2.03317,2.090517,0.023148,0.023406,0.024678,0.025375,84.765416,84.029528,84.878838,84.792866,9.030719,9.084904,9.273995,9.330872,7.977108,8.003241,8.040076,8.055713,7.974299,8.00347,8.093447,8.20548,1
C01758,A_L24,DIGITAL_CMOS,CMOS_A,1.777932,1.699456,1.762428,1.763925,0.017816,0.017633,0.017878,0.017953,89.456828,90.981274,90.741098,91.305073,8.262531,8.315223,8.277617,8.21129,7.550864,7.668788,7.624268,7.635098,6.747051,6.804734,6.83365,6.822691,0
C01759,A_L24,DIGITAL_CMOS,CMOS_A,1.501393,1.517321,1.561756,1.540686,0.03255,0.032769,0.032946,0.033439,86.335661,88.47611,90.012316,92.310874,9.007692,9.032951,9.027158,9.129358,8.112269,8.213429,8.172034,8.144592,7.087551,7.061319,7.062531,7.151063,0
C01760,A_L24,DIGITAL_CMOS,CMOS_A,1.924292,1.931763,1.95614,2.006096,0.021222,0.021102,0.022028,0.021985,80.84077,82.395021,83.860039,86.083486,8.989387,9.060465,9.173604,9.222858,8.171241,8.26759,8.420605,8.463555,7.95943,8.064898,8.27311,8.419726,0
C01761,A_L24,DIGITAL_CMOS,CMOS_A,1.732857,1.731019,1.75012,1.752028,0.017593,0.017631,0.017688,0.017809,85.452784,86.344942,86.708462,88.412211,8.871557,8.949113,8.961015,8.932011,8.719854,8.726653,8.760199,8.75313,7.875246,7.881748,7.909774,7.937613,0
C01762,A_L24,DIGITAL_CMOS,CMOS_A,1.793692,1.792399,1.803526,1.797734,0.02402,0.024089,0.024178,0.024477,88.136723,87.995089,89.01093,89.735439,9.130032,9.203171,9.259372,9.315302,8.576208,8.639426,8.750427,8.832987,7.864435,7.932994,7.987299,8.171635,0
C01763,A_L24,DIGITAL_CMOS,CMOS_A,2.157291,2.173825,2.187372,2.260004,0.020595,0.020813,0.021283,0.021742,87.573017,89.202685,91.70652,94.370373,8.167271,8.158203,8.202189,8.237149,7.822495,7.825076,7.905662,7.850291,7.261414,7.299545,7.393266,7.431359,0
C01764,A_L24,DIGITAL_CMOS,CMOS_A,1.442808,1.46219,1.527334,1.525063,0.011078,0.011398,0.011521,0.011821,89.067013,89.348861,90.740797,91.721619,9.438674,9.517428,9.661392,9.802097,8.850911,8.937546,8.979367,9.103223,7.223084,7.298486,7.405801,7.49782,0
C01765,A_L24,DIGITAL_CMOS,CMOS_A,2.006448,2.015497,2.047356,2.073021,0.025732,0.025946,0.026494,0.026366,91.375131,93.809545,96.477301,98.30191,9.05152,9.06021,9.107606,9.121979,8.102153,8.131429,8.116714,8.18831,7.502937,7.536353,7.548711,7.567775,0
C01766,A_L24,DIGITAL_CMOS,CMOS_A,1.982855,1.934592,1.918758,1.964924,0.021154,0.021508,0.021374,0.021085,90.627652,90.86818,91.868882,92.28544,9.353713,9.369936,9.499038,9.488885,8.594943,8.804112,8.947189,8.995626,8.012693,8.045491,8.13176,8.23379,0
C01767,A_L24,DIGITAL_CMOS,CMOS_A,1.817593,1.864735,1.928073,1.945418,0.012216,0.01247,0.012856,0.013055,87.382722,88.653306,89.939661,90.379128,8.739616,8.792277,8.769578,8.744673,8.542555,8.550191,8.65436,8.65796,7.824921,7.860525,7.856424,7.872395,0
C01768,A_L24,DIGITAL_CMOS,CMOS_A,1.685205,1.680322,1.750918,1.806317,0.08795,0.095204,0.0982,0.103506,85.774118,86.518224,89.73174,92.210687,8.787158,8.766662,8.907843,9.03571,7.846257,7.967189,8.048866,8.269533,7.088957,7.15119,7.390465,7.533827,1
C01769,A_L24,DIGITAL_CMOS,CMOS_A,1.267058,1.247941,1.276991,1.278263,0.015136,0.015222,0.015149,0.01517,83.422995,83.395742,83.807254,85.437424,9.145384,9.19456,9.20209,9.237474,8.442253,8.451554,8.485478,8.573472,7.866417,7.875561,7.775187,7.806158,0
C01770,A_L24,DIGITAL_CMOS,CMOS_A,1.833304,1.86303,1.91959,1.949046,0.022195,0.02245,0.023134,0.02309,87.042913,89.21108,91.557389,92.866271,8.700352,8.766082,8.94039,9.084014,7.594055,7.629259,7.734986,7.944518,6.682205,6.752891,7.013222,7.241052,0
C01771,A_L24,DIGITAL_CMOS,CMOS_A,1.732588,1.803073,1.831411,1.868116,0.024334,0.0249,0.024873,0.025286,90.879485,91.328641,95.252801,100.259412,9.317035,9.472949,9.708102,9.89933,11.891655,13.110406,14.673452,15.793255,7.864504,8.050937,8.319637,8.519836,1
C01772,A_L24,DIGITAL_CMOS,CMOS_A,1.33813,1.350867,1.351671,1.35249,0.015045,0.015002,0.015179,0.015244,86.851801,88.03301,87.473146,88.076863,9.213137,9.186033,9.267998,9.261135,8.316277,8.403636,8.422902,8.431113,7.610654,7.577309,7.643327,7.692557,0
C01773,A_L24,DIGITAL_CMOS,CMOS_A,1.157526,1.179217,1.206488,1.218601,0.013551,0.013758,0.013969,0.014074,82.172831,82.878511,85.170939,87.700379,8.879217,8.892618,8.945138,8.964724,8.875508,9.003172,9.054145,9.089349,7.037959,7.007322,7.079908,7.061478,0
C01774,A_L24,DIGITAL_CMOS,CMOS_A,1.695865,1.687742,1.690923,1.715748,0.022151,0.02292,0.023243,0.023641,90.543871,93.887913,95.149197,97.806247,8.293352,8.366779,8.352056,8.370468,8.111677,8.143309,8.081308,8.170549,6.890858,6.989852,6.983655,7.021782,0
C01775,A_L24,DIGITAL_CMOS,CMOS_A,1.517525,1.524605,1.527272,1.540848,0.018004,0.018211,0.018281,0.018311,83.849096,84.518535,85.576817,85.358658,8.811619,8.899211,8.969524,9.141222,8.486545,8.400556,8.598321,8.78932,7.593424,7.674351,7.926196,8.169873,0
C01776,A_L24,DIGITAL_CMOS,CMOS_A,1.638165,1.645255,1.650314,1.68863,0.020337,0.020568,0.02077,0.020821,96.38921,96.064252,96.474483,96.441933,9.224601,9.199509,9.228208,9.272678,8.541357,8.643667,8.615399,8.715734,7.715152,7.829785,7.812676,7.880759,0
C01777,A_L24,DIGITAL_CMOS,CMOS_A,1.484697,1.486151,1.496423,1.536497,0.015632,0.01575,0.015955,0.015966,85.795018,87.662521,88.506577,90.241303,8.520004,8.629193,8.670028,8.755538,7.625166,7.628531,7.844578,7.949915,6.98214,7.047684,7.14689,7.191107,0
C01778,A_L24,DIGITAL_CMOS,CMOS_A,1.483771,1.535796,1.563846,1.584879,0.020636,0.02109,0.021076,0.021227,84.61002,85.733383,87.081076,88.236872,8.859623,8.94315,8.937936,8.956544,8.224622,8.154036,8.184633,8.248856,7.527726,7.532119,7.623623,7.64942,0
C01779,A_L24,DIGITAL_CMOS,CMOS_A,1.848303,1.878033,1.888921,1.913655,0.018941,0.018992,0.019202,0.019445,94.6935,94.798828,95.453127,96.050287,8.434505,8.404601,8.475043,8.462117,7.801332,7.811582,7.772904,7.793852,7.074278,7.0839,7.116329,7.198896,0
C01780,A_L24,DIGITAL_CMOS,CMOS_A,1.668706,1.691596,1.670125,1.713833,0.016377,0.016489,0.016473,0.01688,87.348734,88.179189,90.217807,91.973129,9.161086,9.1845,9.215939,9.245041,7.889641,7.909072,7.86744,7.983256,7.743366,7.728068,7.821225,7.834962,0
C01781,A_L24,DIGITAL_CMOS,CMOS_A,1.476543,1.503713,1.537059,1.549748,0.0176,0.017715,0.017772,0.017768,78.550349,79.197235,79.619755,80.158099,8.571813,8.620385,8.647696,8.702374,8.382701,8.342238,8.351444,8.420017,7.414494,7.392133,7.424193,7.455024,0
C01782,A_L24,DIGITAL_CMOS,CMOS_A,1.557922,1.561261,1.609489,1.644215,0.021397,0.021584,0.022183,0.022421,89.927425,89.864995,92.403381,93.119959,9.428056,9.440507,9.416153,9.491425,8.716657,8.798333,8.843525,8.83101,8.007806,8.037671,8.028333,8.063796,0
C01783,A_L24,DIGITAL_CMOS,CMOS_A,1.341532,1.363127,1.361937,1.393369,0.021423,0.021366,0.021671,0.021886,88.937081,90.62063,93.077714,93.20569,8.986515,8.952371,9.028087,9.137446,8.549448,8.560725,8.77063,8.822822,7.708673,7.759175,7.869314,8.01497,0
C01784,A_L24,DIGITAL_CMOS,CMOS_A,1.323651,1.336035,1.367483,1.436588,0.026763,0.026794,0.027522,0.028381,84.311346,84.294804,87.775268,89.944981,8.861474,8.898913,8.976932,9.114697,8.195983,8.241029,8.463864,8.718838,7.536858,7.625238,7.835577,8.031128,0
C01785,A_L24,DIGITAL_CMOS,CMOS_A,1.319545,1.307502,1.327925,1.323689,0.020908,0.020868,0.021108,0.020796,86.411992,86.924758,87.504076,89.123711,8.735241,8.754903,8.767496,8.774416,8.267831,8.246687,8.266097,8.26789,7.543813,7.575396,7.541405,7.548139,0
C01786,A_L24,DIGITAL_CMOS,CMOS_A,1.33993,1.349698,1.336192,1.34447,0.02803,0.028077,0.027421,0.027862,87.258709,86.462572,86.043228,87.298397,8.848798,8.897888,8.928372,8.89531,8.671617,8.770737,8.761377,8.858428,7.771651,7.775019,7.852129,7.807116,0
C01787,A_L24,DIGITAL_CMOS,CMOS_A,1.623387,1.642325,1.631745,1.630429,0.024209,0.024376,0.02448,0.024696,82.354499,81.719082,82.660262,83.66563,8.784967,8.825498,8.89226,8.874672,7.842562,7.897454,7.909894,7.956786,7.396809,7.402656,7.466082,7.453937,0
C01788,A_L24,DIGITAL_CMOS,CMOS_A,1.734617,1.710324,1.694807,1.704645,0.01596,0.01599,0.016018,0.015957,82.979,83.764787,84.333659,85.263938,8.847076,8.867734,8.937681,9.041403,7.806366,7.821064,7.97815,8.044625,7.43612,7.508282,7.616211,7.744406,0
C01789,A_L24,DIGITAL_CMOS,CMOS_A,1.492815,1.530014,1.551605,1.596116,0.020742,0.020834,0.020957,0.021149,87.028504,86.812744,88.137133,89.983259,8.696126,8.709022,8.74007,8.763533,7.258111,7.314057,7.37293,7.400991,7.549094,7.550054,7.623318,7.694448,0
C01790,A_L24,DIGITAL_CMOS,CMOS_A,1.784612,1.718065,1.780802,1.753744,0.016539,0.016851,0.016885,0.016741,87.390947,86.516564,86.994653,87.888327,8.668806,8.682297,8.801226,8.947203,8.132254,8.16668,8.324341,8.517823,7.267535,7.344158,7.460634,7.462059,0
C01791,A_L24,DIGITAL_CMOS,CMOS_A,0.984747,0.998961,1.011223,1.061669,0.019756,0.020229,0.0207,0.021114,83.872005,83.923299,88.276953,90.819597,8.584589,8.69183,8.761936,8.834492,8.16911,8.25888,8.361615,8.408658,7.308708,7.428669,7.537923,7.644419,0
C01792,A_L24,DIGITAL_CMOS,CMOS_A,1.551969,1.538504,1.572517,1.571885,0.021984,0.022491,0.02258,0.022387,93.602183,93.960821,94.199753,93.882913,8.524223,8.557193,8.578335,8.592457,14.196803,15.789958,15.290146,15.967318,7.151633,7.176768,7.160323,7.170906,1
C01793,A_L24,DIGITAL_CMOS,CMOS_A,1.432899,1.50321,1.536579,1.570543,0.030443,0.03087,0.031621,0.032021,93.497681,94.363794,96.495031,100.601369,8.77412,8.749896,8.810917,8.786953,8.269382,8.239558,8.269413,8.298679,7.187584,7.226179,7.218612,7.231722,0
C01794,A_L24,DIGITAL_CMOS,CMOS_A,1.888348,1.896827,1.922345,1.92013,0.021624,0.02239,0.022868,0.022996,90.478974,90.852104,93.558905,95.716456,9.082958,9.122423,9.134503,9.155377,8.135286,8.164103,8.170748,8.294234,7.430852,7.472523,7.447422,7.570702,0
C01795,A_L24,DIGITAL_CMOS,CMOS_A,2.145302,2.189352,2.225943,2.270975,0.023006,0.02351,0.023809,0.024435,87.077492,87.800133,89.976377,92.185136,9.033418,9.027804,9.042967,9.09444,8.345138,8.326841,8.391736,8.442958,7.9941,8.03333,8.005206,8.172052,0
C01796,A_L24,DIGITAL_CMOS,CMOS_A,1.679081,1.710147,1.696646,1.710971,0.020879,0.021085,0.021351,0.021159,89.694167,89.31496,89.203757,89.729484,8.772305,8.825833,8.817873,8.822516,8.27776,8.270966,8.271069,8.346836,7.538355,7.580844,7.635019,7.687016,0
C01797,A_L24,DIGITAL_CMOS,CMOS_A,1.443993,1.492345,1.49405,1.469039,0.0182,0.018391,0.018598,0.018845,88.070354,89.612097,90.374944,91.623759,9.102956,9.222968,9.281067,9.329868,7.880798,7.946433,8.107822,8.058838,7.41896,7.428373,7.556197,7.717873,0
C01798,A_L24,DIGITAL_CMOS,CMOS_A,1.283403,1.26695,1.319833,1.304178,0.017016,0.01701,0.017192,0.017461,87.322192,88.513037,90.772026,93.02922,8.79911,8.92359,8.981891,9.10314,8.256514,8.360491,8.449683,8.511357,7.401426,7.558732,7.660832,7.777611,0
C01799,A_L24,DIGITAL_CMOS,CMOS_A,1.564684,1.611184,1.626402,1.629699,0.022806,0.023372,0.024187,0.024712,83.96537,85.613785,87.253389,88.760623,8.868267,8.85308,8.916448,9.023658,8.078307,8.196214,8.238223,8.332101,7.125748,7.19496,7.357109,7.413871,0
C01800,A_L24,DIGITAL_CMOS,CMOS_A,1.502443,1.557676,1.562149,1.528834,0.017909,0.018207,0.017926,0.017921,87.077455,87.68378,87.715587,87.702083,9.554908,9.525909,9.508116,9.455109,8.428301,8.420319,8.390552,8.488455,7.650056,7.637147,7.625476,7.698207,0
C02553,B_L11,DIGITAL_CMOS,CMOS_B,0.599286,0.61717,0.611037,0.614062,0.093961,0.0929,0.093332,0.094949,50.355978,50.236068,50.708184,50.894047,5.487802,5.485801,5.520415,5.536616,3.062254,3.080407,3.068889,3.105341,3.145533,3.129294,3.13562,3.166367,0
C02554,B_L11,DIGITAL_CMOS,CMOS_B,0.726,0.71862,0.710664,0.723882,0.087066,0.088318,0.088804,0.088892,49.766299,50.55104,50.649293,50.774524,4.668108,4.672542,4.784476,4.908011,3.158882,3.128902,3.209479,3.262891,2.818597,2.831759,2.891466,2.938004,0
C02555,B_L11,DIGITAL_CMOS,CMOS_B,0.859533,0.885364,0.902633,0.913753,0.070549,0.072936,0.074889,0.075644,47.630174,48.062615,48.725801,49.292511,4.912343,4.94277,4.976877,5.012649,3.041821,3.036171,3.048236,3.058053,2.901975,2.88093,2.93221,2.908916,0
C02556,B_L11,DIGITAL_CMOS,CMOS_B,0.742907,0.750308,0.775572,0.760856,0.089131,0.090418,0.089643,0.089686,45.072757,44.542458,44.632758,44.855161,5.295677,5.414924,5.537235,5.611359,2.819474,2.84294,2.861647,2.914015,2.997293,3.027734,3.042494,3.125041,0
C02557,B_L11,DIGITAL_CMOS,CMOS_B,0.583597,0.606359,0.600139,0.615297,0.059578,0.060188,0.062194,0.062147,45.758558,45.882563,46.903031,48.297334,4.961961,4.985753,5.032933,5.084272,3.268159,3.296961,3.319663,3.338648,2.820953,2.826833,2.887716,2.88286,0
C02558,B_L11,DIGITAL_CMOS,CMOS_B,0.672642,0.68597,0.673417,0.678963,0.068019,0.06777,0.068374,0.069066,44.476075,44.630558,44.594193,45.077171,5.055024,5.082172,5.160509,5.197119,3.024933,3.076506,3.120506,3.137934,2.970402,2.973306,3.026395,3.039877,0
C02559,B_L11,DIGITAL_CMOS,CMOS_B,0.544834,0.562237,0.553714,0.567141,0.054449,0.053477,0.054901,0.054741,47.502642,47.259512,48.233548,48.873904,5.102691,5.100442,5.14407,5.171981,3.256011,3.287315,3.263632,3.244488,2.66954,2.694139,2.688264,2.693912,0
C02560,B_L11,DIGITAL_CMOS,CMOS_B,0.525986,0.532125,0.549674,0.563739,0.077407,0.078107,0.0823,0.085211,50.089623,50.748413,52.042706,53.158262,5.28819,5.30811,5.288343,5.311716,3.263268,3.255767,3.258433,3.250344,2.98599,2.999047,2.990463,3.042382,0
C02561,B_L11,DIGITAL_CMOS,CMOS_B,0.604401,0.600625,0.621784,0.627269,0.074539,0.075835,0.08145,0.083188,48.131418,48.348702,50.179293,51.331363,5.196122,5.189564,5.225187,5.271537,2.819823,2.841539,2.867409,2.874514,2.78088,2.791547,2.789791,2.795666,0
C02562,B_L11,DIGITAL_CMOS,CMOS_B,0.499541,0.498062,0.497136,0.502971,0.082304,0.082428,0.084114,0.084951,46.001605,46.08943,46.457334,45.986369,5.006305,5.078381,5.170575,5.179058,3.202809,3.229032,3.316473,3.333122,3.1374,3.136505,3.174167,3.190748,0
C02563,B_L11,DIGITAL_CMOS,CMOS_B,0.56806,0.580412,0.596694,0.612555,0.078035,0.08128,0.082341,0.084836,52.244041,51.812802,53.655853,54.526768,5.147676,5.135407,5.141616,5.147159,2.99248,2.97645,3.005877,2.980738,3.010839,3.01351,2.995326,2.973043,0
C02564,B_L11,DIGITAL_CMOS,CMOS_B,0.544108,0.539371,0.541676,0.552837,0.068028,0.067964,0.069938,0.068788,47.659715,47.719159,48.225905,48.254605,5.10602,5.211884,5.275093,5.333322,2.991266,3.01697,3.082358,3.120812,2.908395,2.932078,2.983508,3.018671,0
C02565,B_L11,DIGITAL_CMOS,CMOS_B,0.507869,0.515586,0.522312,0.53664,0.05499,0.056661,0.057877,0.059179,46.163701,47.127386,47.510634,47.925998,5.315662,5.36109,5.343668,5.322409,3.408595,3.418315,3.447297,3.438437,3.066269,3.052337,3.119994,3.11275,0
C02566,B_L11,DIGITAL_CMOS,CMOS_B,0.534257,0.557929,0.566131,0.577236,0.083407,0.085345,0.087378,0.090017,44.852142,45.812902,46.736646,48.166856,5.33635,5.373241,5.42871,5.427973,3.345246,3.346048,3.377326,3.380935,3.096917,3.066323,3.117645,3.112462,0
C02567,B_L11,DIGITAL_CMOS,CMOS_B,0.489054,0.498422,0.485741,0.494452,0.083374,0.082844,0.084794,0.084289,50.063705,50.612358,50.187435,50.298169,4.933891,4.912116,4.966737,4.957973,2.990121,2.985355,3.031924,3.024012,2.76914,2.77361,2.825943,2.827526,0
C02568,B_L11,DIGITAL_CMOS,CMOS_B,0.653115,0.642506,0.663313,0.671831,0.090243,0.091652,0.096298,0.094798,50.028823,49.939613,51.633876,51.661006,5.124867,5.170752,5.321241,5.425894,3.219768,3.286956,3.328015,3.390717,2.984048,2.997456,3.06441,3.118067,0
C02569,B_L11,DIGITAL_CMOS,CMOS_B,0.579078,0.569933,0.577932,0.567063,0.080028,0.080202,0.079609,0.080922,52.801081,53.0139,52.502978,52.365682,5.421025,5.491888,5.566263,5.601781,3.325121,3.387268,3.403553,3.434155,3.134784,3.187565,3.226121,3.2827,0
C02570,B_L11,DIGITAL_CMOS,CMOS_B,0.661153,0.668021,0.694425,0.729747,0.062428,0.06347,0.065028,0.066056,48.036805,48.1667,50.317607,51.692855,5.172332,5.159102,5.236012,5.254452,3.211753,3.216149,3.248233,3.212173,3.100463,3.130775,3.12653,3.14224,0
C02571,B_L11,DIGITAL_CMOS,CMOS_B,0.582768,0.564008,0.572031,0.574251,0.094737,0.097765,0.097317,0.098373,51.004647,51.016131,51.697763,51.620505,5.116121,5.159222,5.229963,5.32362,3.224298,3.211721,3.285617,3.323019,2.973196,2.978213,3.076504,3.136335,0
C02572,B_L11,DIGITAL_CMOS,CMOS_B,0.560151,0.561622,0.563234,0.566476,0.07432,0.074725,0.075562,0.076162,47.131121,47.352498,47.724746,47.80472,5.056341,5.089169,5.134083,5.143324,3.142948,3.176735,3.142995,3.15712,3.056944,3.089721,3.090884,3.109792,0
C02573,B_L11,DIGITAL_CMOS,CMOS_B,0.415267,0.415336,0.416191,0.414912,0.04551,0.04606,0.046211,0.046237,47.807217,48.059738,48.034154,48.858882,5.101509,5.148354,5.122065,5.162813,3.029585,3.024866,3.030245,3.056546,2.728892,2.727538,2.74289,2.752759,0
C02574,B_L11,DIGITAL_CMOS,CMOS_B,0.671855,0.682119,0.679303,0.693932,0.061223,0.060728,0.060872,0.062366,47.197252,47.520421,47.085645,48.321331,5.15411,5.186431,5.25495,5.278565,3.181396,3.199386,3.235482,3.301669,2.832951,2.832496,2.899443,2.942432,0
C02575,B_L11,DIGITAL_CMOS,CMOS_B,0.614707,0.631407,0.636619,0.657452,0.057991,0.057508,0.060288,0.062706,44.832955,45.227017,46.997152,47.928202,5.007883,5.030556,5.040567,5.02568,3.261858,3.256893,3.286658,3.307946,2.973371,3.004181,3.020343,3.026606,0
C02576,B_L11,DIGITAL_CMOS,CMOS_B,0.658238,0.661986,0.659833,0.66495,0.076849,0.077353,0.077733,0.078854,44.616084,45.452366,45.240186,45.353508,4.904944,4.895626,4.940236,4.920155,3.133756,3.143287,3.170206,3.148971,2.813869,2.806807,2.831835,2.844484,0
C02577,B_L11,DIGITAL_CMOS,CMOS_B,0.701314,0.701269,0.719259,0.714325,0.086802,0.088198,0.08812,0.089528,41.735491,41.82751,41.987227,42.178631,5.145627,5.174201,5.337593,5.475716,3.008626,3.04358,3.093901,3.117527,2.926487,2.950934,3.006693,3.087194,0
C02578,B_L11,DIGITAL_CMOS,CMOS_B,0.532764,0.537724,0.559658,0.567545,0.058,0.059514,0.061195,0.063308,47.873713,47.590196,48.782019,49.466926,4.95811,4.977259,5.003905,4.975639,3.185816,3.181651,3.201627,3.198661,2.805627,2.775872,2.800282,2.81602,0
C02579,B_L11,DIGITAL_CMOS,CMOS_B,0.553662,0.560386,0.592524,0.603194,0.074523,0.07488,0.078427,0.081472,49.115263,49.863267,51.440104,52.789735,5.146924,5.203121,5.347876,5.429205,3.335831,3.370129,3.405709,3.482307,2.985998,3.057646,3.160042,3.223906,0
C02580,B_L11,DIGITAL_CMOS,CMOS_B,0.499965,0.492686,0.5127,0.528387,0.049662,0.051157,0.052359,0.052891,48.116373,48.941929,49.559318,50.646756,5.056831,5.087884,5.256577,5.378518,3.195908,3.212389,3.249694,3.325569,2.973074,2.975981,3.033602,3.096421,0
C02581,B_L11,DIGITAL_CMOS,CMOS_B,0.525249,0.524114,0.549004,0.566387,0.059089,0.0609,0.06216,0.062325,49.108609,50.19629,50.900314,51.476872,4.696536,4.668302,4.6453,4.677824,3.082522,3.088523,3.099453,3.120155,2.835189,2.84032,2.845579,2.849629,0
C02582,B_L11,DIGITAL_CMOS,CMOS_B,0.821741,0.796964,0.828368,0.855822,0.067641,0.067815,0.069418,0.072623,43.892247,44.356174,45.174213,46.27578,5.003927,4.994942,5.051892,5.077101,3.182063,3.169559,3.165984,3.183796,2.854631,2.899089,2.888223,2.900412,0
C02583,B_L11,DIGITAL_CMOS,CMOS_B,0.551271,0.56787,0.582007,0.575879,0.048696,0.048789,0.049137,0.049183,47.025634,46.660189,47.266699,46.897667,5.186051,5.254215,5.346868,5.519258,3.086026,3.113388,3.174029,3.197886,2.843421,2.834771,2.892165,2.95049,0
C02584,B_L11,DIGITAL_CMOS,CMOS_B,0.645107,0.65435,0.676678,0.700032,0.071689,0.071671,0.07419,0.074788,42.973158,43.031931,44.13445,44.814635,5.456923,5.463156,5.446224,5.453658,3.281679,3.25782,3.311865,3.288993,2.818951,2.826572,2.85092,2.878508,0
C02585,B_L11,DIGITAL_CMOS,CMOS_B,0.636096,0.640148,0.643192,0.65295,0.074314,0.075009,0.075921,0.075036,47.859671,48.39524,48.025681,48.252419,4.978431,4.926251,5.009045,5.032222,3.086007,3.108623,3.127816,3.119445,2.880517,2.900216,2.920345,2.917499,0
C02586,B_L11,DIGITAL_CMOS,CMOS_B,0.642539,0.655467,0.672501,0.68953,0.070571,0.072446,0.074522,0.076211,46.838372,48.073534,49.463414,50.221375,4.88003,4.893965,4.919268,4.956913,2.973754,3.001086,3.027593,3.040006,2.980552,3.012896,3.068692,3.112453,0
C02587,B_L11,DIGITAL_CMOS,CMOS_B,0.624084,0.608776,0.628062,0.625632,0.080092,0.079816,0.081401,0.081675,49.897668,50.233391,50.435208,50.710359,4.992518,5.002331,5.090272,5.132357,3.323811,3.345588,3.391033,3.460173,3.104452,3.138962,3.182176,3.238856,0
C02588,B_L11,DIGITAL_CMOS,CMOS_B,0.584725,0.596313,0.596703,0.591968,0.048921,0.05013,0.049861,0.050117,46.101641,46.581923,46.492264,46.816802,4.809698,4.820816,4.906033,4.99316,2.930967,2.937891,2.988104,3.003259,2.823594,2.81825,2.848208,2.869033,0
C02589,B_L11,DIGITAL_CMOS,CMOS_B,0.67463,0.673884,0.667583,0.678601,0.099038,0.098053,0.099511,0.10104,46.310675,46.044814,46.63279,46.981191,5.364241,5.385436,5.428494,5.466605,3.137414,3.119443,3.164447,3.131407,3.30892,3.296177,3.293477,3.340102,0
C02590,B_L11,DIGITAL_CMOS,CMOS_B,0.501224,0.503367,0.517305,0.51244,0.088756,0.090597,0.091655,0.09053,46.586748,45.967677,46.813093,46.662177,4.954459,4.987197,5.067899,5.099579,3.045727,3.073634,3.116494,3.131834,2.947529,2.972088,3.004279,3.040461,0
C02591,B_L11,DIGITAL_CMOS,CMOS_B,0.558635,0.566127,0.578904,0.602875,0.066431,0.066196,0.068535,0.07157,47.116652,47.062689,47.974576,48.951877,5.132349,5.092522,5.202864,5.183119,3.06601,3.064844,3.020955,3.073745,2.673615,2.688968,2.705189,2.732382,0
C02592,B_L11,DIGITAL_CMOS,CMOS_B,0.524641,0.537835,0.552413,0.553966,0.082263,0.085576,0.089455,0.087843,46.757227,46.816161,47.896041,48.486246,5.165937,5.150874,5.304539,5.41969,3.424601,3.456243,3.489982,3.578638,3.042397,3.063288,3.122054,3.215694,0
C02593,B_L11,DIGITAL_CMOS,CMOS_B,0.5424,0.539223,0.553693,0.55418,0.05674,0.056975,0.057179,0.058113,44.796583,44.605851,45.317682,45.698009,4.67829,4.673514,4.701009,4.720212,2.721142,2.763776,2.752038,2.725328,2.877545,2.865882,2.890137,2.875346,0
C02594,B_L11,DIGITAL_CMOS,CMOS_B,0.587728,0.586273,0.584279,0.600942,0.099373,0.098119,0.100782,0.100429,48.146432,48.661212,48.737515,49.081786,5.429834,5.446745,5.600793,5.779731,3.184676,3.188443,3.254953,3.312355,2.979944,3.011367,3.108788,3.159546,0
C02595,B_L11,DIGITAL_CMOS,CMOS_B,0.674916,0.678361,0.69221,0.710695,0.05855,0.061016,0.062472,0.06295,49.173392,49.66766,50.884325,51.044324,4.985257,4.970295,5.027894,4.996037,2.790137,2.793159,2.800318,2.812694,2.782528,2.800207,2.790753,2.793242,0
C02596,B_L11,DIGITAL_CMOS,CMOS_B,0.657274,0.67417,0.66314,0.678819,0.076916,0.077343,0.077914,0.077917,43.338975,43.652986,43.386481,43.77182,4.944943,5.062294,5.165598,5.270984,3.029745,3.070212,3.121486,3.16296,2.948184,2.947311,3.009427,2.995762,0
C02597,B_L11,DIGITAL_CMOS,CMOS_B,0.49994,0.500457,0.509788,0.526056,0.046356,0.047132,0.048236,0.048684,46.652053,47.149089,48.112,48.679819,5.492945,5.518538,5.574218,5.595844,3.414365,3.394218,3.43653,3.440651,3.239708,3.242686,3.273263,3.294793,0
C02598,B_L11,DIGITAL_CMOS,CMOS_B,0.595219,0.598611,0.589408,0.602536,0.101873,0.101896,0.102433,0.103685,50.207639,50.289678,51.008063,50.996947,5.06593,5.094715,5.071646,5.118429,3.291774,3.324611,3.31245,3.349145,2.926411,2.898516,2.964696,2.998415,0
C02599,B_L11,DIGITAL_CMOS,CMOS_B,0.514848,0.518852,0.533439,0.548243,0.062827,0.064509,0.067878,0.068945,47.637887,47.671085,48.649935,49.936822,5.156264,5.171855,5.172801,5.191059,3.157773,3.109947,3.137489,3.145837,3.008868,3.036806,3.017646,3.062002,0
C02600,B_L11,DIGITAL_CMOS,CMOS_B,0.822834,0.833907,0.852484,0.87541,0.097287,0.09866,0.101682,0.103361,49.042039,49.006762,49.963987,51.344377,5.147239,5.123068,5.186792,5.255169,3.247395,3.2396,3.236749,3.25584,2.981564,3.003884,3.01033,3.015234,0
C02601,B_L11,DIGITAL_CMOS,CMOS_B,0.528208,0.540017,0.534421,0.538729,0.059411,0.059421,0.059531,0.06017,45.142441,44.995767,45.291789,45.247539,5.172993,5.253469,5.420656,5.615456,3.206266,3.236776,3.298672,3.375674,3.090851,3.114572,3.175686,3.258657,0
C02602,B_L11,DIGITAL_CMOS,CMOS_B,0.660004,0.679872,0.692353,0.685081,0.074002,0.074305,0.07626,0.076748,47.544448,47.85939,48.335018,48.737023,5.211968,5.201602,5.224149,5.18287,3.031125,3.046485,3.050918,3.032641,2.92177,2.943368,2.933144,2.926762,0
C02603,B_L11,DIGITAL_CMOS,CMOS_B,0.511375,0.505559,0.515387,0.499352,0.06063,0.060864,0.060434,0.060239,43.197269,43.315599,43.768517,44.053106,5.362985,5.414037,5.473998,5.574176,3.157191,3.198195,3.241664,3.31129,3.010611,3.0556,3.046227,3.12761,0
C02604,B_L11,DIGITAL_CMOS,CMOS_B,0.774392,0.773634,0.801037,0.81392,0.071176,0.074037,0.075254,0.07666,48.038913,48.627108,49.092667,49.813314,5.247634,5.308525,5.335161,5.444253,3.208106,3.255308,3.234124,3.258929,2.982381,3.038016,3.112268,3.123719,0
C02605,B_L11,DIGITAL_CMOS,CMOS_B,0.536023,0.566925,0.575745,0.574296,0.060684,0.06204,0.063446,0.064319,46.672087,47.350945,47.886586,47.879173,4.778949,4.808255,4.900582,5.025216,2.79153,2.809082,2.896775,2.918437,2.593263,2.59422,2.647923,2.705906,0
C02606,B_L11,DIGITAL_CMOS,CMOS_B,0.651706,0.637173,0.657154,0.650158,0.062128,0.063341,0.063912,0.065083,46.53506,46.822048,46.742896,47.451909,5.081453,5.066154,5.098459,5.094208,3.38093,3.378434,3.368076,3.378515,2.929183,2.927555,2.964137,2.978823,0
C02607,B_L11,DIGITAL_CMOS,CMOS_B,0.584632,0.611842,0.62293,0.632735,0.106275,0.109561,0.114137,0.114419,49.573637,49.836121,51.867108,52.049934,5.351214,5.340427,5.395407,5.376746,3.123025,3.116186,3.143774,3.143172,3.076669,3.076071,3.069758,3.09968,0
C02608,B_L11,DIGITAL_CMOS,CMOS_B,0.562039,0.558896,0.571826,0.568414,0.049965,0.050281,0.050139,0.051353,45.559215,45.398696,46.150348,45.785531,5.193613,5.176754,5.186791,5.219306,3.280105,3.278277,3.30265,3.289148,3.038901,3.018253,3.046664,3.027581,0
C02609,B_L11,DIGITAL_CMOS,CMOS_B,0.418794,0.418784,0.423866,0.443057,0.074038,0.073604,0.075915,0.077358,45.762508,45.944726,46.987738,48.467248,5.181085,5.202432,5.17156,5.178969,3.26506,3.260174,3.257778,3.279094,2.83237,2.843526,2.887293,2.884284,0
C02610,B_L11,DIGITAL_CMOS,CMOS_B,0.640115,0.631315,0.641804,0.63694,0.067541,0.067669,0.067991,0.067896,47.460043,47.629623,48.080675,48.40969,5.238453,5.275406,5.363057,5.428022,3.302337,3.322178,3.372034,3.41178,3.288734,3.345215,3.398696,3.395896,0
C02611,B_L11,DIGITAL_CMOS,CMOS_B,0.47605,0.482602,0.50335,0.501281,0.076974,0.078687,0.082018,0.085072,46.545816,46.737432,48.263096,49.199903,5.034709,5.078356,5.084015,5.099255,3.171278,3.195426,3.198212,3.183357,2.949023,2.958806,2.960614,2.974635,0
C02612,B_L11,DIGITAL_CMOS,CMOS_B,0.639418,0.639576,0.653747,0.67027,0.093907,0.09529,0.097985,0.100278,46.154025,46.081738,47.396477,48.013554,5.192593,5.222772,5.239363,5.253838,3.100132,3.099927,3.095064,3.106623,2.746241,2.732865,2.763137,2.75728,0
C02613,B_L11,DIGITAL_CMOS,CMOS_B,0.479409,0.488691,0.490685,0.488399,0.046511,0.047368,0.047731,0.048324,48.843122,49.245481,51.149723,51.41582,5.072562,5.06664,5.080396,5.11703,2.970832,2.943464,2.951403,2.983363,2.845017,2.856509,2.859929,2.871378,0
C02614,B_L11,DIGITAL_CMOS,CMOS_B,0.700227,0.69086,0.695387,0.70371,0.056988,0.056806,0.057209,0.056771,45.785939,45.669593,45.175027,45.63791,5.467599,5.460845,5.479353,5.514672,3.355837,3.374736,3.392094,3.407624,3.046957,3.011195,3.024185,3.038464,0
C02615,B_L11,DIGITAL_CMOS,CMOS_B,0.525912,0.523727,0.523015,0.526435,0.102095,0.104766,0.103152,0.104074,46.415238,46.850951,47.079719,46.97903,4.859216,4.855895,4.891144,4.92477,2.931857,2.989511,2.957893,2.96542,2.957956,2.944394,2.931819,2.958712,0
C02616,B_L11,DIGITAL_CMOS,CMOS_B,0.492934,0.497466,0.503429,0.515059,0.084681,0.085079,0.086559,0.08842,47.21927,47.430558,47.880917,48.405299,5.319361,5.391278,5.534695,5.702953,3.288386,3.287326,3.377464,3.462774,3.003495,3.02978,3.073613,3.182615,0
C02617,B_L11,DIGITAL_CMOS,CMOS_B,0.595733,0.586749,0.594343,0.598347,0.053888,0.054436,0.055413,0.055438,43.544128,44.077964,44.746533,44.755189,5.230401,5.231983,5.273639,5.270719,3.191076,3.182711,3.18628,3.200997,2.898014,2.904565,2.918865,2.918222,0
C02618,B_L11,DIGITAL_CMOS,CMOS_B,0.475727,0.461083,0.483929,0.48309,0.065134,0.064791,0.067012,0.067779,47.319634,47.438466,48.029999,47.890556,5.234265,5.266203,5.446312,5.627066,2.993672,3.025648,3.067012,3.137646,2.896012,2.888219,2.9383,3.036639,0
C02619,B_L11,DIGITAL_CMOS,CMOS_B,0.576186,0.586485,0.580688,0.580175,0.073232,0.073723,0.073941,0.075555,46.934037,46.978783,48.038814,47.272169,5.428293,5.414221,5.471164,5.459613,3.303582,3.276001,3.280947,3.314303,3.085227,3.093247,3.101564,3.117537,0
C02620,B_L11,DIGITAL_CMOS,CMOS_B,0.706092,0.719373,0.706056,0.721841,0.078365,0.07845,0.080856,0.079982,45.440303,45.479977,45.75277,46.388943,5.124013,5.184136,5.296636,5.354174,2.979836,2.996036,3.060681,3.085221,3.010706,3.000723,3.018653,3.043688,0
C02621,B_L11,DIGITAL_CMOS,CMOS_B,0.860842,0.845764,0.85772,0.84274,0.062257,0.061828,0.063027,0.062316,44.105458,44.167556,44.729638,44.718657,5.113898,5.183277,5.171898,5.17417,3.1003,3.146389,3.150012,3.139899,2.993251,2.96977,2.960026,2.987354,0
C02622,B_L11,DIGITAL_CMOS,CMOS_B,0.616752,0.612109,0.634597,0.647394,0.087496,0.088397,0.090203,0.091983,46.763954,47.424932,47.925873,47.63432,4.916929,4.870763,4.87913,4.885825,2.879466,2.849431,2.898148,2.920988,2.826598,2.858658,2.856084,2.892982,0
C02623,B_L11,DIGITAL_CMOS,CMOS_B,0.596179,0.620629,0.621499,0.623047,0.09653,0.095713,0.097146,0.096368,47.807317,48.08567,48.697495,48.217162,5.069354,5.084259,5.210776,5.28948,3.071015,3.082394,3.107342,3.147728,2.87875,2.913975,2.964725,3.030621,0
C02624,B_L11,DIGITAL_CMOS,CMOS_B,0.798443,0.800452,0.811916,0.806774,0.074734,0.075061,0.07537,0.075917,44.5124,44.010561,44.742101,44.641133,5.203717,5.236166,5.34592,5.443734,3.138185,3.148985,3.22168,3.257565,2.94473,2.952472,2.969416,2.986635,0
C02698,B_L13,DIGITAL_CMOS,CMOS_B,0.517316,0.524267,0.54555,0.557737,0.06263,0.066116,0.068037,0.070272,48.718972,49.263184,49.875406,51.614644,5.205273,5.20573,5.213225,5.215438,3.187933,3.205165,3.197282,3.206138,2.736724,2.751803,2.760827,2.798574,0
C02699,B_L13,DIGITAL_CMOS,CMOS_B,0.509708,0.515468,0.533719,0.531489,0.086332,0.089437,0.09494,0.095601,49.49083,49.507375,50.607853,51.627082,5.493703,5.512366,5.54821,5.56989,3.44233,3.389485,3.443805,3.426213,3.178882,3.178527,3.17852,3.190778,0
C02700,B_L13,DIGITAL_CMOS,CMOS_B,0.721857,0.72803,0.754146,0.763081,0.109025,0.112376,0.11415,0.114636,52.917756,53.324437,54.331491,54.442505,5.082233,5.055238,5.051188,5.062399,2.875869,2.888965,2.889408,2.933021,2.872992,2.89217,2.886048,2.880729,0
C02701,B_L13,DIGITAL_CMOS,CMOS_B,0.519079,0.524051,0.515885,0.524315,0.043526,0.044144,0.044751,0.044757,52.846978,53.367457,53.181489,53.773375,5.321885,5.319237,5.318696,5.367,3.406835,3.388529,3.457036,3.436045,2.821715,2.829216,2.827667,2.827397,0
C02702,B_L13,DIGITAL_CMOS,CMOS_B,0.512521,0.518969,0.53623,0.562437,0.078052,0.079157,0.082023,0.085396,50.412866,50.723754,52.233929,54.072326,5.338208,5.378158,5.435665,5.498669,3.095068,3.074428,3.137691,3.226762,2.80618,2.830751,2.864593,2.886021,0
C02703,B_L13,DIGITAL_CMOS,CMOS_B,0.61733,0.636559,0.651826,0.67039,0.053977,0.054373,0.056436,0.058312,48.256255,49.512042,50.692875,51.542193,5.330711,5.363902,5.391065,5.503682,3.027609,3.065868,3.11105,3.215162,2.825092,2.85881,2.884229,2.896244,0
C02704,B_L13,DIGITAL_CMOS,CMOS_B,0.557118,0.559371,0.573405,0.590869,0.066928,0.069369,0.071118,0.073094,49.539785,50.008752,50.581954,51.150475,5.249177,5.259567,5.261508,5.260436,2.963138,2.968204,2.989714,2.997647,2.715123,2.711156,2.715351,2.732698,0
C02705,B_L13,DIGITAL_CMOS,CMOS_B,0.665011,0.674011,0.681942,0.698762,0.131682,0.134764,0.138645,0.140333,49.951422,50.476063,50.467644,51.296713,5.258481,5.277433,5.317269,5.323302,3.003109,3.003898,3.005364,3.003853,3.123485,3.138668,3.116069,3.123189,0
C02706,B_L13,DIGITAL_CMOS,CMOS_B,0.607412,0.619774,0.650131,0.66503,0.064376,0.066725,0.069006,0.071017,47.606883,48.022868,48.929932,49.146729,5.715186,5.697986,5.737057,5.80445,3.406202,3.392009,3.415477,3.421031,3.066054,3.035341,3.077374,3.074654,0
C02707,B_L13,DIGITAL_CMOS,CMOS_B,0.613423,0.612089,0.618298,0.636058,0.10887,0.110707,0.110062,0.110089,50.165453,50.485664,50.854124,51.058496,5.357446,5.336787,5.302971,5.315389,3.247265,3.254438,3.265576,3.306786,2.769871,2.772389,2.787089,2.797607,0
C02708,B_L13,DIGITAL_CMOS,CMOS_B,0.699654,0.700322,0.68734,0.71291,0.085081,0.084745,0.086584,0.087408,50.677668,50.93248,51.103312,51.857432,5.324459,5.284857,5.330444,5.317742,3.186093,3.187817,3.189765,3.185007,2.848235,2.87299,2.88853,2.89409,0
C02709,B_L13,DIGITAL_CMOS,CMOS_B,0.537117,0.53588,0.536142,0.538181,0.071626,0.071938,0.07252,0.074235,52.935602,53.256258,53.828834,53.501376,5.227112,5.220757,5.317739,5.379943,3.243706,3.300109,3.403546,3.46265,2.95239,2.967438,2.986627,3.03034,0
C02710,B_L13,DIGITAL_CMOS,CMOS_B,0.643599,0.67928,0.738662,0.79124,0.069007,0.077108,0.094859,0.110921,50.042671,51.101687,52.170873,53.336904,5.609617,5.609431,5.644959,5.666475,3.342047,3.412857,3.489653,3.535185,2.821691,2.868231,2.885658,2.888969,1
C02711,B_L13,DIGITAL_CMOS,CMOS_B,0.458618,0.464477,0.483219,0.482184,0.063313,0.065982,0.067372,0.068406,51.089357,51.496908,52.136066,53.158412,5.262799,5.220833,5.311664,5.254236,3.282626,3.299129,3.29264,3.330605,2.838526,2.838462,2.827139,2.846449,0
C02712,B_L13,DIGITAL_CMOS,CMOS_B,0.616194,0.62391,0.633058,0.652302,0.0818,0.082976,0.087367,0.089198,51.302627,51.328126,53.124687,53.935164,5.513714,5.515425,5.609889,5.64182,3.173607,3.239854,3.307207,3.344778,2.74255,2.755665,2.758169,2.801864,0
C02713,B_L13,DIGITAL_CMOS,CMOS_B,0.587471,0.611515,0.640837,0.635432,0.057685,0.059838,0.060645,0.061958,49.820568,50.288968,51.490143,51.62105,5.37497,5.414666,5.42046,5.43118,3.186391,3.184021,3.210259,3.203693,2.794442,2.802523,2.808223,2.810271,0
C02714,B_L13,DIGITAL_CMOS,CMOS_B,0.602203,0.604731,0.62667,0.619681,0.053807,0.05398,0.054934,0.05547,53.001712,53.001178,53.441265,53.435108,5.429695,5.434455,5.492842,5.522038,2.980969,2.986923,3.033647,3.075631,2.902859,2.901379,2.915161,2.943289,0
C02715,B_L13,DIGITAL_CMOS,CMOS_B,0.54504,0.557108,0.550102,0.555722,0.077803,0.076635,0.078476,0.078246,54.072692,53.706354,54.74595,54.352015,5.283951,5.304371,5.373963,5.447662,3.044913,3.056594,3.146142,3.228696,2.781989,2.777091,2.803376,2.859031,0
C02716,B_L13,DIGITAL_CMOS,CMOS_B,0.638771,0.639972,0.636879,0.721555,0.064411,0.064474,0.064882,0.065159,45.911334,45.874429,46.296592,46.620326,5.421131,5.477779,5.534564,6.096319,3.055452,3.057296,3.113247,3.960755,2.90006,2.92027,2.90895,2.93595,1
C02717,B_L13,DIGITAL_CMOS,CMOS_B,0.698637,0.70449,0.742697,0.75313,0.103625,0.108844,0.112191,0.113164,51.676973,52.154857,52.513489,53.617575,5.637654,5.631786,5.662032,5.626914,3.242982,3.254528,3.252366,3.270692,2.91279,2.887754,2.932838,2.901604,0
C02718,B_L13,DIGITAL_CMOS,CMOS_B,0.774115,0.772673,0.772684,0.779776,0.088414,0.090045,0.091604,0.092847,50.252163,50.849779,51.183029,51.32992,5.000031,5.007933,5.039703,5.113982,2.900823,2.917815,3.005676,3.125401,2.951472,2.952271,2.953055,2.998481,0
C02719,B_L13,DIGITAL_CMOS,CMOS_B,0.860654,0.861831,0.873451,0.881996,0.12789,0.137257,0.153825,0.165454,51.879459,52.086517,53.28442,53.404718,5.648794,5.573366,5.616647,5.646927,3.347778,3.344064,3.34956,3.39019,3.192516,3.164035,3.179947,3.173696,1
C02720,B_L13,DIGITAL_CMOS,CMOS_B,0.752719,0.758178,0.766516,0.751485,0.080681,0.082177,0.081486,0.082996,52.648718,52.7639,53.020645,52.80581,5.520788,5.542691,5.542958,5.53407,3.279459,3.299335,3.311856,3.367477,3.297794,3.303497,3.351376,3.322959,0
C02721,B_L13,DIGITAL_CMOS,CMOS_B,0.578938,0.585505,0.59526,0.583395,0.074768,0.075264,0.075263,0.076262,49.619847,50.056485,50.026202,50.020316,5.185304,5.255881,5.245229,5.275744,3.249158,3.297173,3.336589,3.393694,3.038379,3.018946,3.083491,3.08995,0
C02722,B_L13,DIGITAL_CMOS,CMOS_B,0.6636,0.649695,0.654091,0.657472,0.088623,0.090829,0.091281,0.09223,51.707105,51.746118,52.611367,52.414212,5.153623,5.170068,5.143066,5.154102,3.137249,3.147113,3.176944,3.16038,2.893024,2.922012,2.915032,2.919883,0
C02723,B_L13,DIGITAL_CMOS,CMOS_B,0.606471,0.605353,0.599193,0.609759,0.087213,0.088122,0.087633,0.090092,55.117081,55.236305,55.594564,56.072522,5.430635,5.466363,5.544323,5.585606,3.339186,3.358702,3.434401,3.567187,3.030004,3.036532,3.088363,3.152659,0
C02724,B_L13,DIGITAL_CMOS,CMOS_B,0.558253,0.601197,0.599053,0.610821,0.090673,0.09349,0.097617,0.097735,51.411051,52.782167,53.419642,54.170194,5.429958,5.484346,5.477166,5.599775,3.394984,3.432629,3.527791,3.589027,3.154011,3.150487,3.191634,3.234786,0
C02725,B_L13,DIGITAL_CMOS,CMOS_B,0.665376,0.667816,0.698272,0.710421,0.069937,0.072417,0.075011,0.07679,50.538316,51.669143,52.244733,52.926067,5.331747,5.323314,5.312303,5.321372,3.219056,3.191139,3.198633,3.230069,2.970106,2.966481,2.993545,2.962864,0
C02726,B_L13,DIGITAL_CMOS,CMOS_B,0.633466,0.636976,0.662306,0.703065,0.096598,0.099143,0.101117,0.105459,49.564948,49.517802,50.325602,51.553297,5.419765,5.384191,5.400145,5.425865,3.202642,3.212131,3.217071,3.203934,2.914465,2.95879,2.959764,2.972715,0
C02727,B_L13,DIGITAL_CMOS,CMOS_B,0.599353,0.600716,0.625022,0.639511,0.077598,0.079779,0.081844,0.082495,51.805208,52.765553,53.216905,54.247006,5.336575,5.310926,5.403399,5.421163,3.264907,3.250186,3.340627,3.369539,3.033201,3.038541,3.056392,3.093296,0
C02728,B_L13,DIGITAL_CMOS,CMOS_B,0.630092,0.632602,0.63744,0.632621,0.06317,0.064321,0.065991,0.066377,45.025262,45.339567,44.561296,45.263109,5.657557,5.643235,5.671998,5.755597,3.473261,3.511015,3.518413,3.58671,3.002067,3.01111,3.033947,3.043994,0
C02729,B_L13,DIGITAL_CMOS,CMOS_B,0.579293,0.577564,0.584222,0.581033,0.097907,0.098689,0.101276,0.1025,52.013796,52.268843,52.289893,52.323515,5.741237,5.735125,5.768046,5.801944,3.236797,3.271814,3.318585,3.311111,3.138351,3.158498,3.183192,3.190879,0
C02730,B_L13,DIGITAL_CMOS,CMOS_B,0.50811,0.511176,0.518119,0.520344,0.072987,0.073544,0.073211,0.074243,50.971747,51.417205,51.342055,51.961739,5.483832,5.457941,5.446106,5.429619,2.998335,2.982772,3.00273,2.999613,3.175399,3.162821,3.189807,3.184387,0
C02731,B_L13,DIGITAL_CMOS,CMOS_B,0.644443,0.628528,0.639688,0.663961,0.085231,0.089003,0.092065,0.095205,54.305184,54.70947,55.597789,55.781109,7.636573,8.147558,8.136056,8.178187,3.736065,3.811338,3.845108,3.795534,3.112093,3.12414,3.123901,3.122808,1
C02732,B_L13,DIGITAL_CMOS,CMOS_B,0.503803,0.518854,0.537462,0.552865,0.102752,0.108588,0.111701,0.114962,48.369095,48.812005,49.821276,50.135576,5.173575,5.195004,5.233024,5.328053,3.186962,3.263172,3.259144,3.296829,2.868701,2.877436,2.913024,2.900609,0
C02733,B_L13,DIGITAL_CMOS,CMOS_B,0.570015,0.575454,0.576934,0.586484,0.114156,0.115736,0.116936,0.116173,54.230936,54.712458,54.72211,54.928436,5.694886,5.690641,5.718196,5.750071,3.599627,3.598109,3.610264,3.636691,3.306686,3.31179,3.323291,3.33972,0
C02734,B_L13,DIGITAL_CMOS,CMOS_B,0.555582,0.548208,0.571122,0.564958,0.076816,0.077231,0.078118,0.078628,52.768947,53.130169,53.248745,53.321868,5.309462,5.272174,5.333282,5.329189,3.10542,3.126537,3.106355,3.109576,2.838944,2.85231,2.835515,2.840254,0
C02735,B_L13,DIGITAL_CMOS,CMOS_B,0.666298,0.665607,0.677686,0.678959,0.062844,0.064098,0.07315,0.087261,50.871762,51.049063,51.653098,51.979952,5.11691,5.124014,5.16994,5.242699,2.984577,3.045563,3.254178,3.649104,2.683131,2.687151,2.762063,2.867613,1
C02736,B_L13,DIGITAL_CMOS,CMOS_B,0.607153,0.612193,0.625198,0.636485,0.069129,0.069441,0.070345,0.070355,54.246142,53.469364,54.105883,54.186732,5.332933,5.327824,5.362414,5.328122,3.188728,3.202177,3.201572,3.177405,2.944965,2.96275,2.956719,2.953954,0
C02737,B_L13,DIGITAL_CMOS,CMOS_B,0.634859,0.655353,0.660345,0.673221,0.075976,0.078952,0.080512,0.082231,48.861638,49.410506,50.140362,50.620069,4.904253,4.956783,4.952329,4.947257,3.166142,3.159519,3.154892,3.180468,2.776731,2.777218,2.783993,2.789222,0
C02738,B_L13,DIGITAL_CMOS,CMOS_B,0.714803,0.711467,0.725192,0.730709,0.065672,0.066065,0.067339,0.069825,52.360101,52.279151,52.808451,53.325888,5.094405,5.149467,5.163662,5.220296,2.972538,2.998001,3.039531,3.069524,2.851581,2.892736,2.889589,2.934097,0
C02739,B_L13,DIGITAL_CMOS,CMOS_B,0.586125,0.584419,0.580361,0.586683,0.071385,0.072087,0.073431,0.075435,54.787991,54.329571,54.82085,54.794038,5.484165,5.577763,5.627866,5.646826,3.538229,3.562111,3.626874,3.631998,3.083757,3.072671,3.105834,3.137721,0
C02740,B_L13,DIGITAL_CMOS,CMOS_B,0.471383,0.47777,0.476817,0.462583,0.06514,0.064415,0.066208,0.065614,48.160439,48.69753,48.700078,49.187007,5.405576,5.459362,5.486651,5.506161,3.014058,3.012016,3.065508,3.12124,3.034717,3.030323,3.046899,3.124584,0
C02741,B_L13,DIGITAL_CMOS,CMOS_B,0.556116,0.552031,0.563446,0.561126,0.164738,0.166963,0.169746,0.171316,49.838024,49.665475,50.478191,51.207006,5.394716,5.44559,5.539613,5.639184,3.369653,3.406252,3.472229,3.501559,3.067019,3.077201,3.17478,3.19856,0
C02742,B_L13,DIGITAL_CMOS,CMOS_B,0.57684,0.573082,0.583757,0.585225,0.066011,0.067263,0.06932,0.068493,51.49427,52.219512,51.99096,52.87201,5.70821,5.728427,5.771927,5.817264,3.453192,3.445942,3.5965,3.698467,3.112072,3.12646,3.156466,3.209371,0
C02743,B_L13,DIGITAL_CMOS,CMOS_B,0.43653,0.44528,0.453956,0.474812,0.054907,0.055636,0.057154,0.059625,45.174056,45.446062,46.460919,46.74677,5.093414,5.135724,5.115302,5.147173,2.913511,2.931473,2.910228,2.937803,2.836714,2.850294,2.821556,2.851075,0
C02744,B_L13,DIGITAL_CMOS,CMOS_B,0.676635,0.68501,0.718376,0.723495,0.067759,0.068601,0.071085,0.072136,53.95534,54.475054,55.616665,55.960252,5.313551,5.339461,5.428051,5.440605,3.183318,3.259863,3.292507,3.338253,3.024904,3.002687,3.057369,3.084646,0
C02745,B_L13,DIGITAL_CMOS,CMOS_B,0.53313,0.543253,0.564314,0.566593,0.086384,0.087104,0.088613,0.092039,51.430802,52.747703,53.382506,53.2765,5.751492,5.769263,5.809334,5.859794,3.412055,3.396986,3.455016,3.503177,3.102003,3.104412,3.127415,3.180724,0
C02746,B_L13,DIGITAL_CMOS,CMOS_B,0.564858,0.567826,0.562947,0.560368,0.075344,0.07565,0.07715,0.076504,48.393972,48.077682,48.738678,48.826967,5.437517,5.455172,5.547236,5.597687,3.201292,3.259877,3.291511,3.352891,3.102202,3.086985,3.118567,3.172393,0
C02747,B_L13,DIGITAL_CMOS,CMOS_B,0.568877,0.573317,0.572335,0.555642,0.097793,0.098872,0.098228,0.100258,47.566997,47.525404,48.45126,48.366606,5.278391,5.27733,5.320231,5.296739,3.104316,3.078406,3.125121,3.12497,2.940185,2.955519,2.944021,2.957491,0
C02748,B_L13,DIGITAL_CMOS,CMOS_B,0.648777,0.648622,0.655484,0.67152,0.081156,0.080325,0.081648,0.082577,50.229422,49.98791,50.295147,50.593533,5.368383,5.441594,5.53971,5.598435,3.002475,3.026944,3.106031,3.159506,2.999824,2.989258,3.014658,3.076133,0
C02749,B_L13,DIGITAL_CMOS,CMOS_B,0.694533,0.715618,0.727107,0.725561,0.101639,0.104039,0.109669,0.114486,50.595662,51.718633,52.55228,52.801201,5.832069,5.789378,5.846005,5.863158,3.308267,3.355485,3.33225,3.341933,3.014972,3.001413,3.030661,3.007571,0
C02750,B_L13,DIGITAL_CMOS,CMOS_B,0.449191,0.447975,0.458321,0.45662,0.072422,0.073602,0.074124,0.07534,48.163891,48.627705,49.521135,49.07216,5.633494,5.693917,5.759067,5.810895,3.209943,3.208985,3.255003,3.264692,3.066845,3.061006,3.059829,3.132555,0
C02751,B_L13,DIGITAL_CMOS,CMOS_B,0.418679,0.417076,0.438235,0.450412,0.0804,0.081525,0.083976,0.086972,52.513885,52.908487,53.624609,55.996254,5.183969,5.184294,5.248105,5.254006,3.316954,3.368127,3.349857,3.413677,3.155981,3.156367,3.205305,3.179781,0
C02752,B_L13,DIGITAL_CMOS,CMOS_B,0.598944,0.591246,0.597264,0.62024,0.061711,0.062894,0.06271,0.064476,55.318005,55.919087,55.820764,56.073008,5.109987,5.152236,5.172019,5.178986,3.100516,3.13653,3.211253,3.276902,2.916803,2.919597,2.951722,3.000074,0
C02753,B_L13,DIGITAL_CMOS,CMOS_B,0.704623,0.712535,0.708656,0.706499,0.055071,0.056706,0.057203,0.057283,52.161127,51.303879,52.11974,53.235995,5.456585,5.405098,5.445167,5.475586,3.29032,3.288207,3.327504,3.318309,2.845201,2.827179,2.844086,2.869028,0
C02754,B_L13,DIGITAL_CMOS,CMOS_B,0.698064,0.69691,0.718508,0.711843,0.056729,0.057513,0.057772,0.058534,49.419988,49.139623,49.810373,49.893881,5.120199,5.15695,5.183063,5.201165,3.059627,3.059901,3.140033,3.167232,2.979725,2.972176,2.98902,2.969245,0
C02755,B_L13,DIGITAL_CMOS,CMOS_B,0.57048,0.569031,0.572432,0.566755,0.067182,0.067637,0.068768,0.06934,53.417755,53.299827,53.22,53.243762,5.39971,5.458648,5.476532,5.476059,3.261065,3.284918,3.349951,3.36843,3.023696,3.054513,3.070709,3.095164,0
C02756,B_L13,DIGITAL_CMOS,CMOS_B,0.618999,0.627953,0.624007,0.628645,0.099262,0.100189,0.101206,0.103775,51.893306,52.449044,51.743058,51.864831,5.421291,5.451268,5.536477,5.57326,3.241081,3.25745,3.285259,3.311975,2.949002,2.935523,2.978507,2.993168,0
C02757,B_L13,DIGITAL_CMOS,CMOS_B,0.496198,0.517603,0.52772,0.540814,0.070543,0.073286,0.075997,0.075744,48.532641,49.134013,50.192069,50.697313,5.116761,5.109778,5.115295,5.108872,2.963886,2.96498,2.990208,3.017359,2.898751,2.911037,2.926426,2.922586,0
C02758,B_L13,DIGITAL_CMOS,CMOS_B,0.473847,0.462164,0.4689,0.474684,0.062006,0.063043,0.062862,0.063051,51.773568,51.575885,52.143586,52.283724,5.347886,5.413956,5.498977,5.521473,3.132387,3.151273,3.203651,3.289648,3.053184,3.035044,3.100428,3.112463,0
C02759,B_L13,DIGITAL_CMOS,CMOS_B,0.552662,0.554337,0.581946,0.579763,0.103987,0.106226,0.108739,0.111074,53.380529,54.218948,54.574617,55.547025,5.091178,5.132348,5.193287,5.306047,3.079685,3.113762,3.205918,3.239884,2.764772,2.766975,2.825356,2.875909,0
C02760,B_L13,DIGITAL_CMOS,CMOS_B,0.860845,0.851789,0.869504,0.874711,0.117338,0.120144,0.121827,0.125547,53.201625,54.329192,54.647549,55.468664,5.279011,5.305995,5.338221,5.41323,3.120007,3.179659,3.193748,3.218481,2.752016,2.760172,2.796346,2.81767,0
C02761,B_L13,DIGITAL_CMOS,CMOS_B,0.543069,0.543239,0.540367,0.565272,0.052333,0.05565,0.057784,0.058337,51.606603,52.671012,53.418074,53.813511,5.440204,5.455287,5.468886,5.475068,3.177386,3.132412,3.195654,3.214044,3.074313,3.0555,3.058275,3.036243,0
C02762,B_L13,DIGITAL_CMOS,CMOS_B,0.425578,0.434671,0.430307,0.426912,0.082541,0.082849,0.083843,0.083849,51.916356,52.26396,51.982808,52.315009,5.508162,5.55424,5.691125,5.779216,3.244493,3.27301,3.375445,3.456585,3.238484,3.232995,3.298229,3.3333,0
C02763,B_L13,DIGITAL_CMOS,CMOS_B,0.524994,0.538412,0.555715,0.576594,0.064664,0.065819,0.067039,0.069333,46.753845,47.008767,48.12695,49.321229,5.186049,5.218341,5.249161,5.295716,3.319086,3.283979,3.380158,3.414689,3.065105,3.131291,3.166476,3.211904,0
C02764,B_L13,DIGITAL_CMOS,CMOS_B,0.749168,0.763626,0.753571,0.74853,0.079574,0.080764,0.081476,0.081487,52.814259,53.240813,52.899924,53.22206,5.229951,5.243419,5.331318,5.418478,3.176757,3.192423,3.258471,3.341516,2.899867,2.900805,2.94373,2.971622,0
C02765,B_L13,DIGITAL_CMOS,CMOS_B,0.565656,0.572095,0.568865,0.575867,0.057322,0.058685,0.060448,0.060392,51.735087,52.145904,52.324036,52.50895,5.423418,5.469465,5.479027,5.507866,3.129601,3.184978,3.217358,3.252495,2.869951,2.893414,2.90372,2.928125,0
C02766,B_L13,DIGITAL_CMOS,CMOS_B,0.652308,0.701816,0.84713,1.010085,0.070465,0.073934,0.076402,0.077713,50.242091,51.677017,55.363411,58.033574,5.239867,5.282932,5.284995,5.282784,3.125242,3.170183,3.17034,3.22281,2.947505,2.941869,2.953074,2.963783,1
C02767,B_L13,DIGITAL_CMOS,CMOS_B,0.548226,0.562618,0.56371,0.580143,0.142623,0.142095,0.14332,0.146027,47.903605,47.762449,47.57039,47.82571,5.404914,5.423283,5.529129,5.573776,3.141853,3.167331,3.288844,3.345229,2.956825,2.987507,3.032497,3.061333,0
C02768,B_L13,DIGITAL_CMOS,CMOS_B,0.631454,0.658286,0.684293,0.709863,0.079349,0.078587,0.080901,0.084695,50.680642,50.469506,51.614895,53.488419,5.502898,5.49162,5.492253,5.513498,3.275217,3.252064,3.239621,3.253543,2.927898,2.891906,2.93093,2.944118,0
C02769,B_L13,DIGITAL_CMOS,CMOS_B,0.52547,0.532227,0.554881,0.560649,0.099507,0.10188,0.108195,0.108343,53.020101,54.241344,54.722962,55.493337,5.321184,5.326431,5.364831,5.43439,3.319206,3.337673,3.408657,3.419475,3.113563,3.140662,3.181757,3.197971,0
C02770,B_L13,DIGITAL_CMOS,CMOS_B,0.656787,0.669481,0.701149,0.730803,0.083855,0.087043,0.092446,0.097037,51.982723,52.673081,53.564051,54.925451,5.209191,5.211178,5.241154,5.245033,3.115607,3.109863,3.112296,3.135848,2.803153,2.817589,2.817346,2.811145,0
C02771,B_L13,DIGITAL_CMOS,CMOS_B,0.828082,0.837508,0.856171,0.866719,0.085136,0.085566,0.085841,0.086101,50.074541,50.294804,50.078878,50.794043,5.107277,5.14473,5.228275,5.233125,3.145596,3.169616,3.210353,3.221787,2.985419,2.999333,3.046442,3.04157,0
C02772,B_L13,DIGITAL_CMOS,CMOS_B,0.594365,0.595637,0.599567,0.607205,0.063803,0.066901,0.068275,0.07033,52.10597,53.218381,54.031992,55.516249,5.514251,5.506001,5.509986,5.503728,3.365182,3.408056,3.377361,3.353033,3.090899,3.063091,3.117453,3.095244,0
C02773,B_L13,DIGITAL_CMOS,CMOS_B,0.661853,0.670585,0.71053,0.759593,0.116152,0.118923,0.125708,0.135055,49.476027,49.984552,51.400008,53.305138,5.313942,5.318106,5.364336,5.395783,3.218352,3.26168,3.296826,3.347859,3.010367,3.039777,3.054723,3.070109,0
C02774,B_L13,DIGITAL_CMOS,CMOS_B,0.479692,0.482302,0.484295,0.479414,0.070478,0.071262,0.072248,0.072988,49.069554,49.59344,49.462397,50.257211,4.973849,4.938998,5.001375,4.969675,3.079792,3.100372,3.123576,3.106752,2.956601,2.992611,3.000849,2.998175,0
C03371,B_L22,DIGITAL_CMOS,CMOS_B,0.861955,0.86632,0.880572,0.901063,0.102625,0.106449,0.109714,0.110148,50.013508,50.443915,52.14139,53.905921,5.172996,5.18793,5.199645,5.2679,3.122303,3.108903,3.117758,3.163848,3.166619,3.156056,3.153953,3.175687,0
C03372,B_L22,DIGITAL_CMOS,CMOS_B,0.486595,0.489614,0.495393,0.486599,0.071466,0.072121,0.072269,0.072616,43.663742,43.214521,44.130961,44.930809,5.5974,5.524074,5.603724,5.633583,3.357429,3.320165,3.389244,3.403234,3.252983,3.249019,3.286178,3.290033,0
C03373,B_L22,DIGITAL_CMOS,CMOS_B,0.436308,0.430855,0.435361,0.434515,0.122465,0.121589,0.121284,0.123382,45.77559,46.308566,46.677764,46.953293,5.353208,5.412261,5.50437,5.567759,3.787555,3.839311,3.916822,3.996161,3.290161,3.317693,3.345407,3.365154,0
C03374,B_L22,DIGITAL_CMOS,CMOS_B,0.508736,0.517551,0.533171,0.54629,0.074114,0.074838,0.078155,0.081682,48.983639,49.593527,51.251695,53.434588,5.415428,5.482183,5.62147,5.763748,3.488863,3.519633,3.671023,3.822231,3.13361,3.19008,3.227608,3.331639,0
C03375,B_L22,DIGITAL_CMOS,CMOS_B,0.625516,0.645979,0.63252,0.639744,0.073136,0.074568,0.074377,0.074839,46.50917,46.681664,47.312753,47.685262,5.592969,5.611406,5.81325,5.98499,3.622998,3.625368,3.702599,3.779832,3.360924,3.327318,3.387798,3.442948,0
C03376,B_L22,DIGITAL_CMOS,CMOS_B,0.456807,0.460839,0.472444,0.48517,0.073016,0.074059,0.077235,0.077933,47.195939,47.368329,48.860448,48.841578,5.246161,5.209526,5.221868,5.251052,3.286441,3.311017,3.348294,3.32022,3.204012,3.189935,3.241975,3.252362,0
C03377,B_L22,DIGITAL_CMOS,CMOS_B,0.544008,0.540954,0.540389,0.545052,0.057693,0.057897,0.058301,0.058555,45.211698,45.338496,45.91577,46.031444,5.452888,5.444932,5.478686,5.497559,3.520061,3.527636,3.552261,3.534915,3.373762,3.385804,3.40338,3.415878,0
C03378,B_L22,DIGITAL_CMOS,CMOS_B,0.473994,0.47721,0.478748,0.483405,0.04369,0.04407,0.044565,0.045255,45.798002,45.296867,46.524331,46.421654,5.122352,5.15774,5.166076,5.171482,3.414673,3.418039,3.436066,3.438885,2.924357,2.924374,2.918869,2.938546,0
C03379,B_L22,DIGITAL_CMOS,CMOS_B,0.569779,0.569799,0.592695,0.620133,0.074981,0.077011,0.08063,0.082039,48.865197,49.049196,50.807841,51.97093,5.181968,5.247808,5.25835,5.283564,3.413028,3.444328,3.468718,3.434024,3.332742,3.353524,3.33759,3.322794,0
C03380,B_L22,DIGITAL_CMOS,CMOS_B,0.535757,0.552815,0.58085,0.581972,0.093357,0.097683,0.100964,0.100651,49.300237,49.720309,51.449071,52.452412,5.330869,5.322015,5.385223,5.428339,3.480411,3.474737,3.516818,3.559856,3.469164,3.498546,3.516704,3.521843,0
C03381,B_L22,DIGITAL_CMOS,CMOS_B,0.500759,0.497717,0.507221,0.507708,0.083296,0.085117,0.087266,0.089209,45.314284,45.611009,46.221656,46.660339,5.174158,5.246407,5.39375,5.430136,3.291412,3.285917,3.410859,3.469664,3.00461,3.052632,3.087284,3.147584,0
C03382,B_L22,DIGITAL_CMOS,CMOS_B,0.578316,0.591562,0.594358,0.619707,0.094432,0.098384,0.102616,0.106872,43.05138,43.66241,44.811131,46.252594,5.182483,5.218799,5.303976,5.415014,3.397943,3.395981,3.464243,3.613263,3.116922,3.127252,3.158125,3.18495,0
C03383,B_L22,DIGITAL_CMOS,CMOS_B,0.639218,0.658151,0.665347,0.681055,0.073653,0.075288,0.076206,0.078891,42.950197,43.092132,44.626373,46.54233,5.222795,5.278844,5.375698,5.46651,3.340721,3.411271,3.477296,3.532877,3.228731,3.2394,3.262002,3.285229,0
C03384,B_L22,DIGITAL_CMOS,CMOS_B,0.465947,0.481224,0.508783,0.512716,0.082938,0.085958,0.086983,0.088659,45.056255,45.636445,47.531805,49.346544,5.358072,5.394538,5.416949,5.458493,3.401929,3.474003,3.493599,3.501859,3.219474,3.206258,3.200468,3.22966,0
C03385,B_L22,DIGITAL_CMOS,CMOS_B,0.600513,0.610453,0.640353,0.671143,0.091833,0.092663,0.096121,0.100189,45.63146,46.299276,48.063332,50.248644,5.188343,5.210319,5.26839,5.307877,3.472261,3.501754,3.509356,3.512582,3.193829,3.193267,3.195698,3.194622,0
C03386,B_L22,DIGITAL_CMOS,CMOS_B,0.624559,0.637497,0.629378,0.639126,0.10999,0.109314,0.112639,0.113426,44.74673,45.298857,45.503468,45.547666,5.502691,5.498785,5.670593,5.765241,3.342947,3.365411,3.483171,3.557531,3.289423,3.323748,3.367912,3.429423,0
C03387,B_L22,DIGITAL_CMOS,CMOS_B,0.5038,0.514422,0.537897,0.556083,0.085671,0.087792,0.09182,0.093733,46.388998,46.690228,48.260346,49.319659,5.381465,5.361196,5.387597,5.440495,3.581455,3.601808,3.623021,3.584175,3.114948,3.131648,3.151106,3.16317,0
C03388,B_L22,DIGITAL_CMOS,CMOS_B,0.455121,0.45498,0.461088,0.45895,0.064094,0.063888,0.065503,0.065968,43.691137,44.199089,44.510128,44.653148,5.213263,5.247904,5.23554,5.237665,3.38098,3.429328,3.450235,3.445988,3.165964,3.147095,3.198638,3.185779,0
C03389,B_L22,DIGITAL_CMOS,CMOS_B,0.476888,0.476051,0.476385,0.48532,0.047134,0.047078,0.047157,0.047992,44.252641,44.350056,44.644674,45.273944,5.122949,5.089662,5.139513,5.170034,3.322024,3.339304,3.385852,3.345788,3.058205,3.039932,3.086534,3.094995,0
C03390,B_L22,DIGITAL_CMOS,CMOS_B,0.528589,0.530524,0.539635,0.554036,0.084557,0.084772,0.087609,0.091022,45.479854,46.4734,47.478221,48.799323,5.217114,5.241185,5.37866,5.473335,3.437099,3.491883,3.614435,3.725752,3.179634,3.196352,3.230528,3.317709,0
C03391,B_L22,DIGITAL_CMOS,CMOS_B,0.62516,0.62365,0.627093,0.631423,0.079038,0.080357,0.082148,0.082772,46.0569,46.482043,47.92646,48.761049,5.194543,5.228625,5.332425,5.415618,3.379395,3.475036,3.557959,3.674614,3.249889,3.253683,3.267342,3.305356,0
C03392,B_L22,DIGITAL_CMOS,CMOS_B,0.476711,0.477969,0.487811,0.482544,0.068436,0.069236,0.070042,0.070842,43.935314,44.482862,44.710732,45.551599,5.429655,5.406518,5.588281,5.738375,3.706284,3.722049,3.792415,3.876348,3.102972,3.140438,3.210292,3.257031,0
C03393,B_L22,DIGITAL_CMOS,CMOS_B,0.578396,0.586837,0.601245,0.605342,0.087347,0.087981,0.09241,0.095127,46.966525,47.570877,48.945537,50.278254,5.129342,5.173942,5.288125,5.38383,3.343593,3.327449,3.451453,3.469879,3.162927,3.165645,3.239433,3.308755,0
C03394,B_L22,DIGITAL_CMOS,CMOS_B,0.796023,0.79669,0.798519,0.808458,0.129778,0.132039,0.133182,0.13464,48.641003,49.332883,48.634949,49.426119,4.972439,4.984441,5.012799,4.987969,3.031985,3.054202,3.053611,3.056346,2.997357,2.991347,3.014824,3.016977,0
C03395,B_L22,DIGITAL_CMOS,CMOS_B,0.51228,0.533502,0.53945,0.545871,0.115647,0.120334,0.121085,0.125512,44.191495,45.013374,46.587389,47.036758,5.510271,5.532027,5.566625,5.619645,3.288168,3.285011,3.309075,3.297032,3.060752,3.075198,3.079105,3.084394,0
C03396,B_L22,DIGITAL_CMOS,CMOS_B,0.672891,0.691945,0.706659,0.729284,0.065369,0.066709,0.06964,0.069971,48.7083,49.942617,50.464286,51.199496,5.037937,5.088538,5.186457,5.228522,3.152375,3.197446,3.204369,3.251395,2.84677,2.883487,2.87853,2.893863,0
C03397,B_L22,DIGITAL_CMOS,CMOS_B,0.628801,0.630127,0.656012,0.676988,0.06982,0.070924,0.072225,0.074681,48.445924,49.125726,50.408966,52.687838,5.133266,5.175937,5.261213,5.423669,3.314361,3.340361,3.439765,3.547706,2.780623,2.792831,2.838227,2.87608,0
C03398,B_L22,DIGITAL_CMOS,CMOS_B,0.46326,0.463111,0.458851,0.468948,0.070485,0.072137,0.072036,0.072982,44.959574,45.120212,44.924947,45.379364,5.313789,5.338945,5.363507,5.366008,3.130006,3.098847,3.126927,3.143995,3.127674,3.088575,3.09898,3.097862,0
C03399,B_L22,DIGITAL_CMOS,CMOS_B,0.662414,0.6709,0.690755,0.73449,0.090177,0.093992,0.100114,0.104257,46.813362,47.254321,49.059316,52.495507,5.336862,5.366853,5.393694,5.474124,3.140654,3.180631,3.259354,3.311553,3.149428,3.157925,3.208237,3.192997,0
C03400,B_L22,DIGITAL_CMOS,CMOS_B,0.63797,0.635624,0.664069,0.674215,0.099717,0.100924,0.106257,0.11192,50.091731,50.653195,52.526368,54.665125,5.32837,5.370488,5.562557,5.682339,3.434825,3.478439,3.576463,3.64384,3.076214,3.093573,3.184116,3.20552,0
C03401,B_L22,DIGITAL_CMOS,CMOS_B,0.4533,0.451142,0.456958,0.461974,0.063631,0.064547,0.066882,0.069482,48.716053,49.65781,50.921243,51.266694,5.275317,5.366039,5.466245,5.571328,3.248482,3.30284,3.399569,3.477627,3.174825,3.230876,3.221628,3.214163,0
C03402,B_L22,DIGITAL_CMOS,CMOS_B,0.511094,0.51479,0.52106,0.535189,0.163831,0.169312,0.172428,0.175377,50.556002,51.767355,52.860331,53.637467,4.825823,4.821051,4.834915,4.920802,3.070645,3.055898,3.102179,3.123835,2.947439,2.914421,2.944477,2.977791,0
C03403,B_L22,DIGITAL_CMOS,CMOS_B,0.756255,0.802803,0.845861,0.888799,0.085532,0.08732,0.090606,0.093887,49.951727,50.878162,52.638443,55.466261,5.2794,5.238666,5.307096,5.265572,3.607682,3.712396,3.717935,3.845829,3.095508,3.103144,3.093,3.093792,1
C03404,B_L22,DIGITAL_CMOS,CMOS_B,0.817245,0.819979,0.818546,0.807512,0.110951,0.111197,0.110924,0.112332,46.235284,46.378087,46.634708,46.890316,5.701073,5.685909,5.682084,5.701951,3.382378,3.404324,3.410847,3.442897,3.237182,3.226342,3.283655,3.276961,0
C03405,B_L22,DIGITAL_CMOS,CMOS_B,0.633866,0.655042,0.668497,0.679864,0.089191,0.092423,0.094963,0.097754,49.319956,49.799667,51.390168,52.381635,5.493978,5.50124,5.508262,5.55832,3.482337,3.495441,3.509668,3.545442,3.414542,3.415389,3.428434,3.44492,0
C03406,B_L22,DIGITAL_CMOS,CMOS_B,0.579683,0.599003,0.630575,0.71754,0.08632,0.0894,0.094,0.097249,43.990905,44.546524,46.158656,51.65384,5.410263,5.508359,5.566983,5.630885,3.419889,3.389176,3.44648,3.454137,3.254797,3.317834,3.338306,3.372546,1
C03407,B_L22,DIGITAL_CMOS,CMOS_B,0.549197,0.551581,0.562916,0.566353,0.073198,0.077079,0.077653,0.079144,43.96988,44.76484,45.657684,45.872316,5.453905,5.448183,5.463295,5.477934,3.583076,3.591316,3.606899,3.618962,3.126637,3.14296,3.165978,3.149387,0
C03408,B_L22,DIGITAL_CMOS,CMOS_B,0.564866,0.577101,0.584335,0.592419,0.068819,0.071121,0.074418,0.076048,48.251374,48.531621,49.715694,50.122288,5.127258,5.215805,5.271566,5.347976,3.658314,3.71777,3.724255,3.770581,3.109766,3.128903,3.152109,3.174634,0
C03409,B_L22,DIGITAL_CMOS,CMOS_B,0.54116,0.548341,0.569269,0.581947,0.053814,0.054732,0.057333,0.058315,45.16729,44.903775,46.196263,47.209674,5.206479,5.270923,5.391867,5.531012,3.428787,3.422877,3.545551,3.673536,3.444877,3.514821,3.519874,3.634721,0
C03410,B_L22,DIGITAL_CMOS,CMOS_B,0.521498,0.5065,0.508896,0.523197,0.134587,0.135574,0.137783,0.138047,43.68632,44.568377,45.037607,45.26494,5.438922,5.498016,5.508092,5.600507,3.295712,3.265025,3.311961,3.335499,3.153495,3.155497,3.164726,3.189663,0
C03411,B_L22,DIGITAL_CMOS,CMOS_B,0.561588,0.565504,0.577312,0.60284,0.081321,0.083779,0.086685,0.088835,47.00844,47.896543,48.588165,49.180868,5.800442,5.813365,5.84616,5.86322,3.35311,3.323789,3.371094,3.368073,3.131096,3.160413,3.158332,3.198061,0
C03412,B_L22,DIGITAL_CMOS,CMOS_B,0.632143,0.64101,0.62141,0.651544,0.078741,0.081259,0.080981,0.080742,48.545768,48.238366,49.076467,50.080983,5.01384,5.060899,5.158023,5.298197,3.089691,3.120007,3.202335,3.28018,3.030764,3.033749,3.058774,3.154568,0
C03413,B_L22,DIGITAL_CMOS,CMOS_B,0.47255,0.480517,0.490067,0.488137,0.092641,0.094067,0.09539,0.095161,46.131454,46.248501,46.531665,46.108801,6.714517,6.810526,7.218161,7.63221,3.822246,3.901346,3.940493,4.056503,3.314407,3.317473,3.359292,3.425625,1
C03414,B_L22,DIGITAL_CMOS,CMOS_B,0.596532,0.609894,0.623822,0.63377,0.121557,0.12148,0.129601,0.136849,46.241217,46.38046,48.317046,50.496278,5.256972,5.337959,5.387017,5.460695,3.353942,3.402689,3.454842,3.513862,3.006661,2.974954,3.044523,3.056799,0
C03415,B_L22,DIGITAL_CMOS,CMOS_B,0.712515,0.689378,0.714257,0.729817,0.071083,0.073387,0.077002,0.081037,44.505637,45.423958,46.109948,47.901056,5.047287,5.092539,5.149205,5.233833,3.102758,3.177709,3.20306,3.25931,3.002052,3.040531,3.057925,3.099355,1
C03416,B_L22,DIGITAL_CMOS,CMOS_B,0.603781,0.612826,0.631995,0.651304,0.092252,0.094344,0.09708,0.102097,45.664231,45.976884,47.352677,49.819212,5.254411,5.34967,5.472788,5.557035,3.356586,3.407198,3.424028,3.452772,3.013865,3.062266,3.033107,3.109171,0
C03417,B_L22,DIGITAL_CMOS,CMOS_B,0.630612,0.632236,0.631012,0.630579,0.084475,0.085814,0.086991,0.087614,45.883402,46.232482,46.253089,46.497176,5.217629,5.182578,5.241734,5.229716,3.400521,3.436358,3.438292,3.436685,3.155027,3.131235,3.136755,3.178309,0
C03418,B_L22,DIGITAL_CMOS,CMOS_B,0.417547,0.419906,0.436771,0.44147,0.067904,0.069478,0.071244,0.073306,49.215623,50.480083,51.733755,52.414254,5.343809,5.397485,5.399305,5.725959,3.536769,3.560258,3.558747,3.983131,3.356129,3.343635,3.337646,3.356755,1
C03419,B_L22,DIGITAL_CMOS,CMOS_B,0.488761,0.502899,0.509923,0.513071,0.060076,0.06165,0.064129,0.064792,44.831984,45.849627,47.147588,48.19302,5.121082,5.10165,5.120624,5.13054,3.201892,3.205044,3.190806,3.24819,3.118658,3.097775,3.131636,3.11829,0
C03420,B_L22,DIGITAL_CMOS,CMOS_B,0.717159,0.712262,0.706089,0.705672,0.059362,0.061129,0.061063,0.062538,46.649904,47.194052,47.241149,47.508488,5.376975,5.403088,5.494476,5.533834,3.055483,3.103283,3.149038,3.218405,3.127691,3.142791,3.189784,3.223963,0
C03421,B_L22,DIGITAL_CMOS,CMOS_B,0.729312,0.740674,0.747125,0.769289,0.047161,0.04876,0.050936,0.052783,44.29387,44.632012,45.666594,46.047555,5.291199,5.282838,5.329219,5.3686,3.380057,3.411893,3.364865,3.393838,2.909388,2.936426,2.907296,2.940385,0
C03422,B_L22,DIGITAL_CMOS,CMOS_B,0.549943,0.551942,0.564062,0.600431,0.085369,0.087613,0.090159,0.093093,46.036901,45.92827,47.770415,50.197224,5.313011,5.315615,5.330829,5.391331,3.447109,3.421209,3.44118,3.422499,3.252145,3.266954,3.270938,3.280561,0
C03423,B_L22,DIGITAL_CMOS,CMOS_B,0.616163,0.611684,0.634859,0.665701,0.094745,0.097624,0.104482,0.109532,48.990916,49.956529,51.090672,54.263957,5.35773,5.479408,5.552251,5.680905,3.467227,3.543557,3.616629,3.67601,3.316439,3.354422,3.36907,3.390197,0
C03424,B_L22,DIGITAL_CMOS,CMOS_B,0.637739,0.642522,0.638809,0.651373,0.098563,0.098557,0.099449,0.100614,46.338997,47.565873,47.302754,48.312245,5.203813,5.235532,5.234298,5.246109,3.376949,3.400332,3.411124,3.413418,3.209353,3.221264,3.224794,3.218649,0
C03425,B_L22,DIGITAL_CMOS,CMOS_B,0.58013,0.579049,0.580532,0.570888,0.087016,0.085507,0.086075,0.088304,50.274605,50.458414,50.25165,50.873823,5.371687,5.387521,5.354504,5.395757,3.486068,3.496905,3.50501,3.517257,3.281383,3.259834,3.298328,3.331652,0
C03426,B_L22,DIGITAL_CMOS,CMOS_B,0.604658,0.604465,0.63072,0.630705,0.07132,0.072765,0.073881,0.075455,44.000272,44.310756,44.525181,45.556987,5.324465,5.408363,5.557724,5.738303,3.454354,3.533281,3.648496,3.742223,3.121364,3.12941,3.20344,3.282211,0
C03427,B_L22,DIGITAL_CMOS,CMOS_B,0.495526,0.485304,0.490839,0.496256,0.07776,0.078585,0.077818,0.078843,46.559953,46.65784,46.425523,46.557175,5.382004,5.38653,5.419275,5.482447,3.402399,3.447477,3.452428,3.434313,3.166413,3.17438,3.17988,3.184194,0
C03428,B_L22,DIGITAL_CMOS,CMOS_B,0.434706,0.43827,0.443743,0.452877,0.069073,0.071003,0.073027,0.073419,43.098236,44.186426,45.774782,46.589226,5.17631,5.187278,5.205846,5.211622,3.598157,3.608447,3.620655,3.62807,3.177177,3.147538,3.185684,3.181713,0
C03429,B_L22,DIGITAL_CMOS,CMOS_B,0.521896,0.521056,0.519475,0.517653,0.085535,0.085818,0.085978,0.086321,49.179103,50.381369,50.230384,50.924115,5.193782,5.219154,5.245543,5.261514,3.097379,3.133779,3.130712,3.1417,3.186773,3.227674,3.19328,3.213835,0
C03430,B_L22,DIGITAL_CMOS,CMOS_B,0.596564,0.60778,0.616202,0.617058,0.100083,0.104271,0.109735,0.111673,44.005687,44.921768,46.07196,47.238104,5.364006,5.392251,5.546225,5.737149,3.442137,3.510012,3.556055,3.622367,3.271539,3.263875,3.309393,3.325342,0
C03431,B_L22,DIGITAL_CMOS,CMOS_B,0.746629,0.752528,0.775171,0.779836,0.086586,0.088714,0.091106,0.093577,44.108792,45.284634,46.134689,46.672858,5.371741,5.423184,5.414471,5.431009,3.496,3.491577,3.490548,3.53679,3.31482,3.311568,3.345741,3.351746,0
C03432,B_L22,DIGITAL_CMOS,CMOS_B,0.554599,0.556462,0.571571,0.578332,0.088474,0.091911,0.093702,0.094642,47.442445,47.677888,49.119632,49.845221,4.879383,4.916737,4.960329,4.957232,3.337279,3.334336,3.332927,3.40518,2.92421,2.963276,2.945393,2.978021,0
C03433,B_L22,DIGITAL_CMOS,CMOS_B,0.368279,0.36171,0.367725,0.361655,0.04396,0.045007,0.045806,0.04635,44.580368,45.130146,45.50542,46.126452,5.400623,5.386434,5.404915,5.440421,3.440363,3.454282,3.439929,3.47872,3.315956,3.322561,3.31885,3.344934,0
C03434,B_L22,DIGITAL_CMOS,CMOS_B,0.501552,0.500666,0.516555,0.532924,0.100215,0.103598,0.107974,0.109268,52.376262,53.6293,55.133763,55.790672,5.360464,5.35434,5.358443,5.36646,3.498687,3.520945,3.516881,3.56146,3.331596,3.353144,3.364823,3.368263,0
C03435,B_L22,DIGITAL_CMOS,CMOS_B,0.498058,0.489886,0.486116,0.494309,0.081298,0.082408,0.083015,0.08256,46.335909,46.534468,46.691579,47.305035,5.056834,5.099079,5.112038,5.15637,3.305102,3.321835,3.335482,3.316312,3.054603,3.045183,3.031879,3.078087,0
C03436,B_L22,DIGITAL_CMOS,CMOS_B,0.516745,0.519558,0.515269,0.527225,0.06283,0.063484,0.063447,0.063362,45.7456,46.32144,46.683449,46.585926,5.045826,5.153514,5.273116,5.289402,3.404179,3.445944,3.492332,3.494879,3.028835,3.061862,3.114408,3.120964,0
C03437,B_L22,DIGITAL_CMOS,CMOS_B,0.440519,0.450178,0.46328,0.478554,0.086025,0.087282,0.089322,0.089631,42.348096,42.8793,44.283767,45.159627,5.483015,5.525899,5.684476,5.753285,3.42219,3.400036,3.496206,3.537865,3.361601,3.406993,3.455059,3.531695,0
C03438,B_L22,DIGITAL_CMOS,CMOS_B,0.675279,0.678846,0.674791,0.668992,0.054732,0.05557,0.056768,0.056756,46.008469,46.785356,46.577155,46.820274,5.279566,5.353969,5.529654,5.684332,3.289933,3.292314,3.408193,3.519328,3.16058,3.211263,3.262956,3.309765,0
C03439,B_L22,DIGITAL_CMOS,CMOS_B,0.443774,0.456388,0.456401,0.466622,0.085549,0.087542,0.093424,0.098433,48.75017,49.633929,51.043499,52.388961,5.656848,5.642859,5.705528,5.765941,3.551898,3.528258,3.560993,3.573894,3.327415,3.311587,3.320427,3.301341,0
C03440,B_L22,DIGITAL_CMOS,CMOS_B,0.636339,0.643125,0.639206,0.659311,0.091259,0.093125,0.095807,0.098908,43.19029,43.761177,45.636191,47.348858,5.842948,5.825244,5.834372,5.861118,3.695093,3.676255,3.702389,3.703924,3.448976,3.465423,3.442949,3.455967,0
C03441,B_L22,DIGITAL_CMOS,CMOS_B,0.679339,0.679278,0.698436,0.711559,0.072293,0.073419,0.076256,0.078284,43.571094,45.186205,46.362197,47.692608,4.95701,4.941,5.014669,5.039786,3.288534,3.279035,3.308071,3.318661,3.184286,3.180173,3.16837,3.164409,0
C03442,B_L22,DIGITAL_CMOS,CMOS_B,0.520723,0.534624,0.52869,0.515923,0.09846,0.102393,0.113612,0.120315,45.221965,45.23287,45.636518,45.747071,5.63218,5.697801,5.78433,5.881249,3.275709,3.312561,3.335701,3.418807,3.170865,3.172131,3.154545,3.190991,1
C03443,B_L22,DIGITAL_CMOS,CMOS_B,0.600381,0.608831,0.608503,0.609812,0.080418,0.081631,0.082548,0.082743,44.269771,44.467228,44.073704,44.582876,5.115513,5.258455,6.198798,7.667906,3.214145,3.198009,3.187103,3.197441,3.029965,3.031637,3.042107,3.054275,1
C03444,B_L22,DIGITAL_CMOS,CMOS_B,0.437203,0.442816,0.441593,0.445813,0.060127,0.06069,0.060398,0.061905,46.465295,46.496924,46.625689,47.004134,5.117773,5.140917,5.166052,5.135897,3.061832,3.084098,3.092244,3.088303,2.833734,2.843134,2.837649,2.833694,0
C03445,B_L22,DIGITAL_CMOS,CMOS_B,0.617863,0.623583,0.625972,0.653952,0.111459,0.11231,0.118913,0.123285,45.43172,45.636646,47.090858,48.472328,5.37507,5.36416,5.394503,5.445031,3.658117,3.629796,3.693243,3.719798,3.325083,3.309485,3.314715,3.348412,0
C03446,B_L22,DIGITAL_CMOS,CMOS_B,0.427652,0.426664,0.431374,0.434964,0.058337,0.059009,0.060474,0.062191,47.934301,48.793334,49.640482,50.365882,5.347058,5.366044,5.380704,5.457834,3.368692,3.363669,3.355882,3.38023,3.239673,3.277388,3.270528,3.293704,0
C03447,B_L22,DIGITAL_CMOS,CMOS_B,0.587598,0.59448,0.599382,0.595748,0.05631,0.057865,0.057076,0.058023,46.078856,46.164429,46.367872,46.368273,5.412313,5.4781,5.481631,5.496854,3.532221,3.553786,3.567283,3.560557,3.364184,3.362129,3.378996,3.395942,0
C03448,B_L22,DIGITAL_CMOS,CMOS_B,0.618114,0.629304,0.645582,0.652996,0.057144,0.056917,0.058898,0.060353,41.439526,41.888092,42.746657,42.915248,5.27493,5.279256,5.254208,5.314002,3.342755,3.363372,3.384853,3.411389,3.047663,3.099548,3.055243,3.092873,0
C03449,B_L22,DIGITAL_CMOS,CMOS_B,0.682535,0.69043,0.686563,0.687285,0.099252,0.098712,0.099335,0.099007,45.42915,45.798289,46.168474,47.296697,4.952589,4.996629,5.111237,5.249321,3.492956,3.542988,3.621147,3.793766,3.050243,3.057053,3.111569,3.121702,0
C03450,B_L22,DIGITAL_CMOS,CMOS_B,0.712728,0.713408,0.753035,0.763805,0.079143,0.080658,0.08302,0.086462,47.273628,47.918104,50.715253,52.365182,4.990999,5.043103,5.162025,5.286403,3.06689,3.078283,3.195687,3.331756,2.931652,2.946794,2.994441,3.06,0
C03451,B_L23,DIGITAL_CMOS,CMOS_B,0.53819,0.527661,0.539651,0.546009,0.070269,0.072764,0.07342,0.076378,50.007169,50.364534,50.439679,51.317914,4.93423,4.969159,5.024778,5.072704,3.126082,3.15423,3.138072,3.160059,2.937902,2.939528,2.936196,2.945257,0
C03452,B_L23,DIGITAL_CMOS,CMOS_B,0.543495,0.537652,0.542392,0.553468,0.049474,0.049433,0.051095,0.059605,44.552947,44.559772,44.397412,44.797343,4.795954,4.859359,4.98617,5.272492,3.123292,3.086238,3.187593,3.516489,2.828584,2.851681,2.999345,3.084625,1
C03453,B_L23,DIGITAL_CMOS,CMOS_B,0.680987,0.688597,0.696895,0.705527,0.083949,0.086256,0.08898,0.090359,47.288062,47.618163,48.010312,48.295024,5.224489,5.212093,5.255384,5.285602,3.293963,3.266221,3.300259,3.307676,2.879504,2.874973,2.932072,2.961757,0
C03454,B_L23,DIGITAL_CMOS,CMOS_B,0.5732,0.57447,0.608652,0.627787,0.064908,0.064461,0.06788,0.071769,45.221302,45.694797,46.834252,47.487271,4.948555,4.968908,5.097716,5.191709,3.193198,3.216842,3.29864,3.342858,2.815996,2.882235,2.887582,2.962595,0
C03455,B_L23,DIGITAL_CMOS,CMOS_B,0.526019,0.527893,0.52409,0.524879,0.06636,0.065867,0.066308,0.067759,46.628007,46.569168,46.730396,47.06628,5.328162,5.316205,5.344391,5.310061,3.304979,3.314085,3.3485,3.385963,2.995714,3.015543,3.029005,3.066727,0
C03456,B_L23,DIGITAL_CMOS,CMOS_B,0.503013,0.51004,0.541831,0.562897,0.061806,0.063922,0.066738,0.069616,47.254839,47.994182,48.692792,49.513537,4.993637,5.030562,5.055495,5.074116,3.031793,3.040154,3.036898,3.043858,2.745297,2.77477,2.771947,2.764042,0
C03457,B_L23,DIGITAL_CMOS,CMOS_B,0.4402,0.455562,0.476211,0.490503,0.078849,0.080902,0.081113,0.083475,48.77768,49.29218,50.278027,50.551436,5.014807,5.02978,5.102821,5.164228,3.213702,3.230505,3.297724,3.298106,2.831156,2.900235,2.996734,3.064896,0
C03458,B_L23,DIGITAL_CMOS,CMOS_B,0.58124,0.581741,0.588512,0.597215,0.073924,0.07379,0.073848,0.074743,44.905494,45.486404,45.366285,45.555047,5.327238,5.422841,5.535518,5.69222,3.129357,3.116159,3.19726,3.278458,2.826748,2.855752,2.938142,2.969548,0
C03459,B_L23,DIGITAL_CMOS,CMOS_B,0.734225,0.740537,0.72715,0.743526,0.09147,0.094312,0.093903,0.093289,47.466923,47.368397,47.467826,47.831225,5.14127,5.213708,5.290492,5.328171,3.104834,3.146744,3.16761,3.23768,2.767368,2.799448,2.91418,2.95384,0
C03460,B_L23,DIGITAL_CMOS,CMOS_B,0.838319,0.83793,0.833801,0.854502,0.083516,0.08552,0.086101,0.086386,51.914021,51.63081,51.425374,51.60793,4.991052,5.048102,5.150441,5.327571,3.232577,3.24529,3.324449,3.47695,2.812174,2.84528,2.973254,3.118914,0
C03461,B_L23,DIGITAL_CMOS,CMOS_B,0.538438,0.53649,0.534818,0.533585,0.095046,0.096129,0.097384,0.09805,45.723233,45.549481,46.273519,46.204688,5.299628,5.36352,5.501414,5.663725,3.252053,3.237332,3.283338,3.343816,2.99341,3.026065,3.19182,3.388863,0
C03462,B_L23,DIGITAL_CMOS,CMOS_B,0.518334,0.513128,0.514791,0.507597,0.06654,0.066761,0.066823,0.067461,46.372593,45.895867,46.512663,46.698401,4.89079,4.89625,4.877886,4.915503,3.21027,3.238215,3.270213,3.278342,2.812775,2.79894,2.857179,2.866208,0
C03463,B_L23,DIGITAL_CMOS,CMOS_B,0.674864,0.69516,0.727213,0.733342,0.072405,0.075285,0.078112,0.08214,48.872869,49.90245,49.804788,50.703592,5.307583,5.327195,5.281384,5.343288,3.502003,3.543489,3.533779,3.533913,3.169954,3.173792,3.193357,3.194312,0
C03464,B_L23,DIGITAL_CMOS,CMOS_B,0.630426,0.631588,0.659675,0.667159,0.0525,0.055674,0.057541,0.058774,40.943092,41.521713,41.820922,42.407375,5.301432,5.326738,5.358917,5.415872,3.397808,3.38242,3.382619,3.409947,2.911484,2.924092,2.902767,2.962041,0
C03465,B_L23,DIGITAL_CMOS,CMOS_B,0.712781,0.700768,0.698754,0.704909,0.08487,0.083148,0.084016,0.083943,44.992626,45.225866,44.587849,45.314642,5.207962,5.200379,5.259543,5.269372,3.225157,3.249881,3.230729,3.237942,2.847858,2.852645,2.873243,2.845225,0
C03466,B_L23,DIGITAL_CMOS,CMOS_B,0.569783,0.546067,0.582432,0.611681,0.067839,0.069435,0.073934,0.078391,47.298634,47.899717,49.233082,50.139438,4.966153,4.970379,5.183667,5.350751,3.103866,3.119849,3.206536,3.338137,2.69112,2.762851,2.913629,3.048641,0
C03467,B_L23,DIGITAL_CMOS,CMOS_B,0.601909,0.597074,0.608314,0.614621,0.05978,0.063001,0.065786,0.065799,47.889627,47.553049,48.365444,49.069509,4.996686,5.156071,5.2432,5.346164,3.053977,3.111417,3.176142,3.166352,2.728898,2.778311,2.862458,2.874763,0
C03468,B_L23,DIGITAL_CMOS,CMOS_B,0.588592,0.60207,0.611834,0.6389,0.079927,0.082786,0.089581,0.095313,47.882819,48.775959,49.072288,50.795148,5.149175,5.137753,5.210858,5.190459,3.041808,3.039798,3.071797,3.044479,2.83766,2.832742,2.873432,2.88758,0
C03469,B_L23,DIGITAL_CMOS,CMOS_B,0.647214,0.644591,0.651005,0.664977,0.064923,0.064738,0.064817,0.065575,46.445726,47.156263,47.320802,47.236898,5.01674,5.020299,5.039238,5.042022,3.201349,3.242029,3.236959,3.266734,2.879414,2.927973,2.972127,2.970809,0
C03470,B_L23,DIGITAL_CMOS,CMOS_B,0.594329,0.602922,0.608233,0.609519,0.07118,0.071283,0.072558,0.072735,47.853388,47.852875,47.979258,48.263068,5.172623,5.188961,5.177388,5.176206,3.220081,3.210742,3.235615,3.260321,2.720879,2.714917,2.751624,2.77654,0
C03471,B_L23,DIGITAL_CMOS,CMOS_B,0.501223,0.503863,0.498175,0.510682,0.056641,0.05707,0.059685,0.059989,47.178404,47.322414,47.893299,48.128599,5.001989,4.993945,5.011958,5.015638,3.082166,3.066881,3.094422,3.113694,2.797105,2.8299,2.840008,2.85001,0
C03472,B_L23,DIGITAL_CMOS,CMOS_B,0.457009,0.457653,0.4664,0.461263,0.095142,0.094689,0.096146,0.097199,50.149589,50.015528,50.189223,50.265874,4.912887,4.886245,4.946481,5.05075,2.97325,2.993905,2.986134,2.976297,2.785755,2.766355,2.786922,2.77044,0
C03473,B_L23,DIGITAL_CMOS,CMOS_B,0.685095,0.679103,0.693273,0.69921,0.094239,0.095576,0.0966,0.096815,47.9882,49.360576,49.023286,49.54406,5.356058,5.458613,5.548785,5.61497,3.294583,3.334077,3.373832,3.372323,3.102049,3.115989,3.182468,3.247758,0
C03474,B_L23,DIGITAL_CMOS,CMOS_B,0.6784,0.693459,0.709998,0.717134,0.062642,0.062667,0.06644,0.066579,45.449125,45.785665,46.558922,47.196128,5.200427,5.313067,5.395842,5.506842,3.413858,3.421105,3.460014,3.519507,2.813379,2.859684,2.893948,2.923624,0
C03475,B_L23,DIGITAL_CMOS,CMOS_B,0.536383,0.561022,0.573359,0.601668,0.069914,0.072139,0.073958,0.074587,48.131572,48.240028,49.299339,48.785591,4.82332,4.863769,4.822399,4.835553,3.120176,3.123581,3.142186,3.143242,2.745345,2.790056,2.787704,2.785743,0
C03476,B_L23,DIGITAL_CMOS,CMOS_B,0.650074,0.668516,0.669831,0.666237,0.187385,0.19675,0.206523,0.206873,50.371644,51.068877,52.04157,52.346963,5.284173,5.340284,5.443559,5.51875,3.121855,3.192891,3.226233,3.285696,3.063247,3.11986,3.198804,3.300702,0
C03477,B_L23,DIGITAL_CMOS,CMOS_B,0.696569,0.682507,0.690963,0.686776,0.065595,0.06582,0.066302,0.066472,43.522303,43.035664,43.382983,43.388743,5.165073,5.188063,5.209652,5.314626,3.115599,3.17642,3.197768,3.260085,2.949107,2.995971,3.04745,3.063951,0
C03478,B_L23,DIGITAL_CMOS,CMOS_B,0.625405,0.659058,0.718048,0.728774,0.511325,0.696131,0.921942,1.046887,51.66579,52.007524,53.282104,54.677357,5.039572,5.051286,5.093394,5.142463,3.097902,3.107214,3.094708,3.072383,2.887304,2.926438,2.92744,2.957583,1
C03479,B_L23,DIGITAL_CMOS,CMOS_B,0.531351,0.549008,0.55677,0.576841,0.076903,0.079375,0.082024,0.084614,46.676125,46.417609,47.52141,48.345935,5.267495,5.258062,5.293469,5.33723,3.08013,3.121765,3.119947,3.142622,2.805977,2.821545,2.855598,2.874119,0
C03480,B_L23,DIGITAL_CMOS,CMOS_B,0.412499,0.414247,0.419868,0.421388,0.062214,0.062795,0.062919,0.063194,43.583661,43.210281,43.516284,44.24469,5.330209,5.411312,5.523612,5.654699,3.514339,3.538564,3.545519,3.585874,3.094556,3.106572,3.23529,3.284032,0
C03481,B_L23,DIGITAL_CMOS,CMOS_B,0.472432,0.492384,0.514199,0.51804,0.058695,0.05889,0.059799,0.061664,45.368445,45.658484,46.432946,46.51979,5.192162,5.275362,5.464841,5.743517,3.081576,3.084784,3.187228,3.247357,2.750012,2.78375,2.87807,2.968748,0
C03482,B_L23,DIGITAL_CMOS,CMOS_B,0.608244,0.618156,0.657297,0.666187,0.075641,0.078106,0.081906,0.085364,46.250507,46.099584,47.00427,47.319216,4.968784,5.024268,5.119755,5.148196,3.231166,3.264753,3.299671,3.364026,2.810201,2.873768,2.935,2.954931,0
C03483,B_L23,DIGITAL_CMOS,CMOS_B,0.569354,0.585168,0.613968,0.631269,0.08709,0.088879,0.093813,0.099701,40.961705,41.367158,41.735297,42.546797,5.148649,5.187563,5.185618,5.200397,3.252251,3.258372,3.242099,3.282453,2.936605,2.940621,2.96111,2.98896,0
C03484,B_L23,DIGITAL_CMOS,CMOS_B,0.634986,0.63359,0.644027,0.650518,0.08311,0.086222,0.092485,0.093931,47.835054,48.695346,49.174067,50.553028,4.954356,5.036982,5.171336,5.281901,3.067214,3.065828,3.111077,3.150547,2.767522,2.80854,2.873444,2.909751,0
C03485,B_L23,DIGITAL_CMOS,CMOS_B,0.514032,0.512292,0.528807,0.54961,0.096637,0.099231,0.101568,0.102851,47.458057,47.270324,48.412,48.683888,5.386983,5.517756,5.641998,5.804343,3.287573,3.303822,3.328527,3.450581,2.901909,2.936136,3.003178,3.05245,0
C03486,B_L23,DIGITAL_CMOS,CMOS_B,0.555505,0.563196,0.585624,0.591139,0.105055,0.110718,0.111542,0.114798,46.315935,46.968893,47.381938,48.262435,5.157934,5.221504,5.261961,5.347776,3.360803,3.382527,3.479891,3.529056,2.98461,3.033343,3.106,3.119044,0
C03487,B_L23,DIGITAL_CMOS,CMOS_B,0.769264,0.783679,0.797722,0.817602,0.1197,0.123486,0.125054,0.128128,46.286256,47.485754,48.453881,49.070113,5.170207,5.172039,5.331633,5.459617,3.101975,3.153263,3.214984,3.299181,3.11004,3.156548,3.297618,3.395168,0
C03488,B_L23,DIGITAL_CMOS,CMOS_B,1.088706,1.103798,1.110936,1.139954,0.079707,0.080994,0.08305,0.08419,45.642119,46.023306,46.517488,46.245096,5.115578,5.176011,5.179138,5.176525,3.294291,3.298448,3.334313,3.361163,2.774383,2.796389,2.828857,2.830665,0
C03489,B_L23,DIGITAL_CMOS,CMOS_B,0.55395,0.562039,0.577222,0.58469,0.078985,0.079834,0.083826,0.088072,46.914234,47.271982,48.55953,49.534333,5.083026,5.091794,5.243396,5.445646,3.366825,3.374058,3.449236,3.525871,2.875323,2.907161,3.035972,3.123099,0
C03490,B_L23,DIGITAL_CMOS,CMOS_B,0.619812,0.614328,0.618047,0.62083,0.08857,0.088048,0.089662,0.090597,44.441204,44.326108,44.319803,44.128855,4.823414,4.849793,4.910715,4.92909,2.991247,3.005629,3.013829,3.026609,2.731033,2.732679,2.76731,2.792671,0
C03491,B_L23,DIGITAL_CMOS,CMOS_B,0.635908,0.630124,0.637913,0.648824,0.097008,0.098432,0.099463,0.10069,48.328985,48.619845,48.168994,48.302893,4.875287,4.963512,5.124889,5.288442,3.083538,3.102845,3.198086,3.243735,2.744741,2.82255,2.96309,3.098643,0
C03492,B_L23,DIGITAL_CMOS,CMOS_B,0.641306,0.644036,0.658147,0.679085,0.083634,0.084829,0.087881,0.089259,46.156864,46.401884,46.659288,47.201211,5.161178,5.155606,5.203668,5.212654,3.232597,3.236538,3.269052,3.300124,2.838959,2.846299,2.890995,2.889263,0
C03493,B_L23,DIGITAL_CMOS,CMOS_B,0.518044,0.526039,0.529724,0.528835,0.081212,0.081428,0.083436,0.083672,44.625729,44.309754,44.777643,45.413484,5.004771,5.025368,5.060364,5.099407,3.198897,3.229581,3.26843,3.273493,2.842877,2.886272,2.84725,2.879755,0
C03494,B_L23,DIGITAL_CMOS,CMOS_B,0.641198,0.660253,0.660373,0.687947,0.088348,0.089691,0.09207,0.093228,48.029246,48.11329,48.434453,49.174244,5.01565,5.103577,5.172495,5.238921,3.421651,3.423638,3.529698,3.585805,2.896548,2.934287,2.995081,3.062535,0
C03495,B_L23,DIGITAL_CMOS,CMOS_B,0.548876,0.556357,0.568021,0.582507,0.086286,0.089494,0.093402,0.095626,44.808197,45.11632,45.124409,46.02204,5.429523,5.424507,5.492109,5.522221,3.453753,3.440399,3.453222,3.447746,3.206312,3.216369,3.275485,3.316615,0
C03496,B_L23,DIGITAL_CMOS,CMOS_B,0.492434,0.5083,0.527188,0.548611,0.070499,0.07347,0.077814,0.079917,42.985694,43.94758,44.97627,46.074634,5.133596,5.204768,5.301622,5.405328,3.297207,3.338336,3.375485,3.410768,2.827373,2.876533,2.959792,2.99238,0
C03497,B_L23,DIGITAL_CMOS,CMOS_B,0.697088,0.69613,0.724322,0.706996,0.1174,0.119133,0.120355,0.120639,46.379143,46.072886,46.713571,46.56405,5.220227,5.220474,5.249802,5.229957,3.396378,3.405681,3.44729,3.454848,2.988849,3.006786,2.964168,3.01466,0
C03498,B_L23,DIGITAL_CMOS,CMOS_B,0.618571,0.64015,0.662626,0.700107,0.06976,0.072296,0.075753,0.079342,45.766511,46.19907,47.128364,48.574554,4.969741,5.015228,5.116439,5.187955,3.16974,3.195102,3.27261,3.305238,2.816518,2.859254,2.943154,2.986198,0
C03499,B_L23,DIGITAL_CMOS,CMOS_B,0.754554,0.757983,0.772063,0.759018,0.079303,0.080285,0.082069,0.083673,45.011114,45.105501,45.284492,45.166316,5.371028,5.43432,5.479662,5.478121,3.481016,3.491509,3.517354,3.550337,3.314775,3.314283,3.341107,3.373466,0
C03500,B_L23,DIGITAL_CMOS,CMOS_B,0.598342,0.598476,0.613881,0.618198,0.07383,0.07665,0.078664,0.080817,45.068672,45.019721,45.714689,45.902188,5.426067,5.462626,5.488046,5.499573,3.261578,3.338768,3.466235,3.660621,3.031173,3.045795,3.04266,3.079534,1
C03501,B_L23,DIGITAL_CMOS,CMOS_B,0.503761,0.506623,0.507169,0.50991,0.096319,0.096879,0.098059,0.09734,49.097905,48.275328,49.212205,49.945736,5.283076,5.305455,5.324197,5.299264,3.318927,3.359723,3.366898,3.398315,2.922413,2.915738,2.947761,3.002269,0
C03502,B_L23,DIGITAL_CMOS,CMOS_B,0.658848,0.672034,0.696712,0.712157,0.093369,0.095902,0.099708,0.100247,46.47264,46.895817,48.325563,48.661485,4.907568,4.981487,5.183673,5.37881,3.179532,3.214549,3.261518,3.357753,2.990154,2.962804,3.055492,3.178318,0
C03503,B_L23,DIGITAL_CMOS,CMOS_B,0.694676,0.696947,0.730904,0.752322,0.101295,0.102836,0.107695,0.111125,45.287694,45.603545,45.744098,47.184764,4.83268,4.893201,5.040308,5.175711,3.164024,3.203771,3.194563,3.282842,2.846067,2.915227,2.98273,3.11988,0
C03504,B_L23,DIGITAL_CMOS,CMOS_B,0.489791,0.488283,0.504926,0.502939,0.069159,0.071172,0.071865,0.071879,49.737446,49.391248,49.295215,49.24837,4.974594,5.063618,5.235089,5.463591,3.104998,3.116721,3.198319,3.302551,2.708148,2.725678,2.813116,2.943323,0
C03505,B_L23,DIGITAL_CMOS,CMOS_B,0.51059,0.493751,0.515789,0.516045,0.0552,0.056239,0.056383,0.057022,44.186777,44.546126,44.197709,44.486705,5.130948,5.110215,5.127143,5.207251,3.085518,3.119551,3.138914,3.133432,2.820187,2.862608,2.895863,2.928199,0
C03506,B_L23,DIGITAL_CMOS,CMOS_B,0.646942,0.636819,0.678314,0.692013,0.079945,0.079694,0.087606,0.092221,45.229908,45.914386,47.120451,47.760834,5.484167,5.497133,5.511387,5.548582,3.47116,3.440168,3.46621,3.486756,2.750189,2.777101,2.808491,2.818646,1
C03507,B_L23,DIGITAL_CMOS,CMOS_B,0.426484,0.427196,0.434909,0.443928,0.089038,0.091344,0.095,0.09543,44.014268,44.322797,44.752355,45.159161,4.97083,4.974367,4.974629,5.022243,3.008719,3.02753,3.018205,3.048667,2.844725,2.872514,2.884764,2.904484,0
C03508,B_L23,DIGITAL_CMOS,CMOS_B,0.537257,0.534525,0.540047,0.536937,0.078514,0.080521,0.079786,0.080369,44.154272,44.233623,44.419527,44.458372,5.156273,5.160628,5.303392,5.421525,3.433686,3.432211,3.495776,3.559987,3.002127,3.023322,3.084589,3.142523,0
C03509,B_L23,DIGITAL_CMOS,CMOS_B,0.539294,0.537706,0.540792,0.550569,0.084273,0.085214,0.085818,0.085881,45.972764,45.9962,46.329794,47.105626,5.193917,5.349845,5.463638,5.560157,3.248615,3.282829,3.303754,3.34236,2.983331,3.033237,3.123424,3.184025,0
C03510,B_L23,DIGITAL_CMOS,CMOS_B,0.496604,0.509482,0.510976,0.512481,0.049763,0.050986,0.051013,0.05298,47.742596,47.692714,48.273922,47.800981,4.987774,4.994302,4.993459,5.068993,3.141892,3.124714,3.151682,3.156412,2.889691,2.905841,2.922309,2.947293,0
C03511,B_L23,DIGITAL_CMOS,CMOS_B,0.802523,0.805122,0.813387,0.8207,0.126137,0.126586,0.129566,0.130279,48.279951,48.941923,48.595065,48.530497,5.271754,5.273455,5.325461,5.394257,3.130048,3.150785,3.173133,3.154086,2.869767,2.891207,2.906153,2.927442,0
C03512,B_L23,DIGITAL_CMOS,CMOS_B,0.670092,0.665259,0.713683,0.747246,0.045021,0.045532,0.047835,0.048434,43.64453,43.56757,44.418235,45.020972,5.111955,5.217393,5.308958,5.330652,3.399649,3.436566,3.537007,3.588293,2.796962,2.81556,2.91154,2.994872,0
C03513,B_L23,DIGITAL_CMOS,CMOS_B,0.754447,0.768929,0.786337,0.807422,0.10994,0.11127,0.113051,0.11483,46.820791,46.863345,47.286135,47.26703,4.878796,4.891981,4.893534,4.932256,3.066943,3.073269,3.075625,3.131911,2.97635,3.026381,3.038338,3.073562,0
C03514,B_L23,DIGITAL_CMOS,CMOS_B,0.648987,0.651884,0.671429,0.659394,0.091137,0.091594,0.093205,0.092834,46.313119,46.372887,46.997072,46.635089,5.200764,5.299808,5.447306,5.543446,3.198842,3.225292,3.286827,3.291526,2.844624,2.908029,2.97884,3.00831,0
C03515,B_L23,DIGITAL_CMOS,CMOS_B,0.560005,0.579928,0.584126,0.611676,0.114517,0.121455,0.126408,0.129312,45.092572,45.538421,46.075783,46.409794,5.008302,4.985893,4.988306,5.063102,3.23172,3.204727,3.227587,3.244573,3.105894,3.122661,3.14515,3.130204,0
C03516,B_L23,DIGITAL_CMOS,CMOS_B,0.958277,0.987071,0.974704,0.994131,0.066768,0.067602,0.067608,0.067894,48.236626,48.864341,48.904499,49.414562,4.566936,4.579273,4.605447,4.634081,2.90976,2.919396,2.951093,2.947538,2.611689,2.646638,2.675074,2.698823,0
C03517,B_L23,DIGITAL_CMOS,CMOS_B,0.60641,0.626348,0.647217,0.67648,0.085914,0.09107,0.093752,0.09465,46.133924,46.882247,48.084646,48.420764,5.015477,5.069656,5.246377,5.40411,3.275691,3.306714,3.336826,3.435263,2.82648,2.854899,3.004091,3.103283,0
C03518,B_L23,DIGITAL_CMOS,CMOS_B,0.68437,0.68252,0.712539,0.729281,0.122481,0.127237,0.130448,0.13685,54.174773,54.57951,55.186825,56.031403,4.899196,5.026755,5.194126,5.374331,2.966578,3.014059,3.109331,3.232443,2.661843,2.689785,2.759236,2.819045,0
C03519,B_L23,DIGITAL_CMOS,CMOS_B,0.508256,0.519709,0.52167,0.568419,0.096301,0.097106,0.097218,0.096663,48.343218,48.436504,48.916846,49.197115,5.294929,5.304473,5.327367,5.524525,3.251865,3.256123,3.28232,3.271801,3.055487,3.077355,3.121196,3.332193,1
C03520,B_L23,DIGITAL_CMOS,CMOS_B,0.518341,0.520473,0.516045,0.515923,0.094307,0.095591,0.095055,0.097066,44.905709,44.945414,44.921322,45.417597,5.256031,5.322988,5.474737,5.489028,3.303631,3.35341,3.420148,3.424042,2.892799,2.972859,3.037786,3.076805,0
C03521,B_L23,DIGITAL_CMOS,CMOS_B,0.477639,0.483449,0.502576,0.515188,0.050939,0.052991,0.055249,0.057666,51.691623,51.443599,52.38931,52.621887,5.259868,5.285458,5.313974,5.332538,3.056885,3.069878,3.061956,3.085709,3.23503,3.232876,3.241189,3.259223,0
C03522,B_L23,DIGITAL_CMOS,CMOS_B,0.665326,0.67102,0.689422,0.713217,0.083014,0.085907,0.091139,0.094551,47.395988,48.14807,48.951304,49.711287,5.220417,5.241615,5.436134,5.575809,3.196715,3.189999,3.292157,3.387892,3.077448,3.127294,3.262506,3.443128,0
C03901,C_L05,DIGITAL_CMOS,CMOS_C,0.295518,0.301533,0.301526,0.296495,0.158814,0.160621,0.165371,0.168993,65.939921,66.227186,67.068992,67.105817,3.366865,3.390477,3.402912,3.391461,1.7946,1.808123,1.803734,1.822883,1.663423,1.664501,1.661144,1.654563,0
C03902,C_L05,DIGITAL_CMOS,CMOS_C,0.330023,0.334225,0.332217,0.325037,0.216958,0.216626,0.217277,0.219952,69.45272,69.255152,69.464148,69.712196,3.470943,3.508602,3.518942,3.545103,1.835918,1.903658,1.931246,1.945696,1.578217,1.578621,1.598517,1.624682,0
C03903,C_L05,DIGITAL_CMOS,CMOS_C,0.309767,0.30854,0.314449,0.315194,0.193939,0.197637,0.200274,0.204976,64.247927,64.492535,65.689739,66.141202,3.78601,3.802642,3.791812,3.813521,1.805511,1.808057,1.81175,1.824033,1.704572,1.708163,1.708555,1.70914,0
C03904,C_L05,DIGITAL_CMOS,CMOS_C,0.275245,0.281433,0.282222,0.286438,0.125267,0.129271,0.134818,0.138683,61.88478,61.906853,63.132188,63.879859,3.557185,3.567532,3.59954,3.642727,1.865298,1.883549,1.89558,1.901881,1.654696,1.659046,1.66696,1.679138,0
C03905,C_L05,DIGITAL_CMOS,CMOS_C,0.274463,0.277403,0.286004,0.291194,0.195327,0.199015,0.206395,0.218711,65.499444,65.26018,66.458558,67.858536,3.544093,3.553127,3.573159,3.584717,1.85091,1.865918,1.855792,1.85374,1.749649,1.740788,1.756454,1.746037,0
C03906,C_L05,DIGITAL_CMOS,CMOS_C,0.340389,0.356115,0.349473,0.354765,0.180929,0.18385,0.189843,0.191864,67.38018,67.487064,67.933507,67.893182,3.518711,3.487649,3.513877,3.508797,1.750096,1.740965,1.765416,1.76165,1.683615,1.675049,1.691673,1.696188,0
C03907,C_L05,DIGITAL_CMOS,CMOS_C,0.337571,0.338481,0.342404,0.343166,0.156564,0.160359,0.163981,0.167881,71.907579,72.053848,72.4723,73.591428,3.490273,3.498389,3.544057,3.576235,1.818914,1.857514,1.854596,1.870532,1.76811,1.769818,1.805413,1.805061,0
C03908,C_L05,DIGITAL_CMOS,CMOS_C,0.179269,0.181014,0.184463,0.191039,0.169459,0.172058,0.176509,0.180095,68.208837,69.115991,70.055399,70.996414,3.549915,3.558905,3.583503,3.594022,1.829039,1.838599,1.865663,1.847862,1.596236,1.592036,1.591512,1.596269,0
C03909,C_L05,DIGITAL_CMOS,CMOS_C,0.302837,0.300094,0.295447,0.300878,0.204115,0.204693,0.204466,0.204482,68.037508,68.901878,68.918647,68.724778,3.560015,3.59509,3.633014,3.68101,1.871579,1.905061,1.923365,1.946008,1.722434,1.740416,1.750364,1.770012,0
C03910,C_L05,DIGITAL_CMOS,CMOS_C,0.228436,0.232546,0.238284,0.241464,0.084172,0.084647,0.087109,0.087754,68.269521,68.296265,69.34342,68.96503,3.501677,3.54146,3.528066,3.542568,1.839133,1.841629,1.850101,1.862265,1.616303,1.63252,1.642043,1.639459,0
C03911,C_L05,DIGITAL_CMOS,CMOS_C,0.323334,0.319349,0.323352,0.320229,0.177558,0.177476,0.182274,0.177859,70.42264,69.435188,69.932992,69.911026,3.456649,3.460509,3.472517,3.516158,1.852647,1.856716,1.868603,1.856646,1.70449,1.71163,1.709659,1.707948,0
C03912,C_L05,DIGITAL_CMOS,CMOS_C,0.269882,0.267907,0.269224,0.271755,0.430189,0.390893,0.436992,0.447122,79.680956,78.672466,79.196655,80.318915,3.384514,3.406651,3.426532,3.407152,1.908253,1.925586,1.942493,1.960903,1.814646,1.813282,1.833601,1.80675,1
C03913,C_L05,DIGITAL_CMOS,CMOS_C,0.303819,0.304276,0.314125,0.317027,0.20065,0.200984,0.2057,0.206117,67.708589,67.298039,67.661974,66.891534,3.402806,3.440262,3.643397,3.916407,1.746038,1.777398,1.862947,1.996014,1.575659,1.59819,1.624166,1.640857,1
C03914,C_L05,DIGITAL_CMOS,CMOS_C,0.259554,0.258264,0.257204,0.258318,0.154907,0.15795,0.15658,0.158856,73.024083,73.348801,73.054155,73.828874,3.575851,3.605512,3.6369,3.625447,1.857082,1.847616,1.853131,1.869375,1.629767,1.638476,1.636129,1.632228,0
C03915,C_L05,DIGITAL_CMOS,CMOS_C,0.288146,0.289571,0.285569,0.290843,0.219035,0.21595,0.219029,0.220198,70.177504,69.76382,70.338466,69.661917,3.539108,3.552209,3.581465,3.555125,1.77928,1.782361,1.815933,1.829951,1.728605,1.741972,1.75686,1.765865,0
C03916,C_L05,DIGITAL_CMOS,CMOS_C,0.246704,0.251653,0.247019,0.250394,0.165656,0.16492,0.166662,0.168251,68.043004,68.371822,68.001766,67.773265,3.196699,3.260734,3.264731,3.311931,1.833906,1.860236,1.888971,1.904102,1.643909,1.658759,1.67292,1.693372,0
C03917,C_L05,DIGITAL_CMOS,CMOS_C,0.377231,0.381443,0.392726,0.387011,0.191203,0.194613,0.20152,0.206474,67.197356,67.334199,67.72971,68.319832,3.543619,3.565345,3.542553,3.554602,1.820192,1.824885,1.810021,1.814242,1.739635,1.732838,1.759723,1.740152,0
C03918,C_L05,DIGITAL_CMOS,CMOS_C,0.25687,0.259149,0.260956,0.266589,0.133354,0.136456,0.141163,0.14379,68.266753,69.064129,69.532986,69.822905,3.339765,3.330457,3.334895,3.346331,1.861991,1.884209,1.8943,1.912568,1.590143,1.596778,1.580415,1.588274,0
C03919,C_L05,DIGITAL_CMOS,CMOS_C,0.330646,0.339307,0.377883,0.458854,0.201819,0.20459,0.210229,0.219531,65.753228,66.371803,66.883666,67.865198,3.494974,3.490557,3.542563,3.553414,1.853727,1.875478,1.91585,1.914737,1.58339,1.602359,1.619184,1.619577,1
C03920,C_L05,DIGITAL_CMOS,CMOS_C,0.311199,0.312781,0.320585,0.310281,0.106828,0.107901,0.108638,0.109832,65.971851,65.416284,65.800674,65.700622,3.505165,3.552269,3.56369,3.597303,1.983036,2.02129,2.078736,2.121341,1.70659,1.713797,1.745281,1.777887,0
C03921,C_L05,DIGITAL_CMOS,CMOS_C,0.34614,0.349366,0.342238,0.352304,0.194194,0.19831,0.19965,0.199159,66.007143,66.99549,66.791725,67.050188,3.397681,3.408862,3.417437,3.400445,1.769503,1.7774,1.772751,1.780635,1.593724,1.577628,1.599197,1.606801,0
C03922,C_L05,DIGITAL_CMOS,CMOS_C,0.286465,0.283556,0.281581,0.28291,0.216062,0.217178,0.22027,0.226143,75.645865,75.452088,76.234143,75.671854,3.55109,3.540295,3.537502,3.565177,2.033865,2.0332,2.06923,2.068545,1.651472,1.658753,1.676021,1.666806,0
C03923,C_L05,DIGITAL_CMOS,CMOS_C,0.363642,0.361449,0.3598,0.361473,0.186656,0.188345,0.192088,0.19118,63.319262,63.135889,63.809,63.676001,3.644708,3.650007,3.637478,3.679053,1.892087,1.92546,1.926954,1.917045,1.805598,1.806494,1.809159,1.797723,0
C03924,C_L05,DIGITAL_CMOS,CMOS_C,0.314724,0.329275,0.327733,0.32201,0.17905,0.181572,0.189826,0.196755,65.983692,67.084177,68.017815,68.313556,3.288574,3.345247,3.404232,3.412431,1.618763,1.642431,1.66357,1.690402,1.669088,1.672508,1.688992,1.712446,0
C03925,C_L05,DIGITAL_CMOS,CMOS_C,0.327138,0.332634,0.331561,0.341686,0.163024,0.16611,0.174598,0.179934,64.816889,64.682482,65.935535,66.913148,3.527292,3.558303,3.588741,3.624503,1.831847,1.851894,1.895547,1.910553,1.690717,1.667675,1.695147,1.71604,0
C03926,C_L05,DIGITAL_CMOS,CMOS_C,0.26454,0.263119,0.264684,0.267792,0.1725,0.172755,0.17328,0.176528,70.182826,70.143096,70.138825,69.790171,3.429506,3.408174,3.459171,3.455653,1.858669,1.857977,1.864573,1.876641,1.753939,1.760095,1.780461,1.786181,0
C03927,C_L05,DIGITAL_CMOS,CMOS_C,0.28658,0.284526,0.284117,0.286149,0.162652,0.165059,0.16658,0.167151,68.394881,67.679542,67.909149,68.060552,3.573034,3.582134,3.580856,3.606009,2.050966,2.063875,2.062181,2.047555,1.794758,1.784087,1.784704,1.784192,0
C03928,C_L05,DIGITAL_CMOS,CMOS_C,0.343038,0.346536,0.340218,0.351847,0.105094,0.108255,0.112086,0.11462,69.069268,69.144758,70.717506,70.591992,3.517427,3.491918,3.510622,3.511063,1.76783,1.755008,1.770957,1.772929,1.665213,1.660352,1.672198,1.664411,0
C03929,C_L05,DIGITAL_CMOS,CMOS_C,0.259127,0.255092,0.263884,0.266015,0.139111,0.144421,0.152128,0.158547,71.009391,71.533411,72.548384,73.540632,3.464499,3.498239,3.54713,3.575908,1.711773,1.752497,1.787898,1.810365,1.607471,1.633203,1.649198,1.64624,0
C03930,C_L05,DIGITAL_CMOS,CMOS_C,0.279725,0.279737,0.286308,0.281777,0.127179,0.132967,0.136601,0.138164,66.255681,66.893372,67.088019,67.278235,3.610711,3.613531,3.632102,3.652658,1.903265,1.907816,1.934482,1.94327,1.635141,1.652995,1.652327,1.665363,0
C03931,C_L05,DIGITAL_CMOS,CMOS_C,0.301047,0.301553,0.304045,0.302945,0.099679,0.100611,0.102401,0.105491,61.884026,61.482099,61.797302,62.210169,3.123237,3.147726,3.162693,3.156004,1.813235,1.805539,1.793399,1.809453,1.635673,1.637654,1.64513,1.646352,0
C03932,C_L05,DIGITAL_CMOS,CMOS_C,0.356502,0.35945,0.361356,0.366183,0.170206,0.173915,0.181017,0.18123,63.872563,64.225275,64.646194,65.404006,3.341476,3.315466,3.329302,3.32932,1.779659,1.762507,1.767661,1.784808,1.556704,1.572187,1.557986,1.56307,0
C03933,C_L05,DIGITAL_CMOS,CMOS_C,0.31583,0.3123,0.32147,0.323282,0.15168,0.153884,0.156521,0.160347,64.702832,64.855871,65.719691,65.622922,3.51247,3.523577,3.573183,3.630065,1.923072,1.941866,1.999691,2.024801,1.526855,1.54268,1.556615,1.564118,0
C03934,C_L05,DIGITAL_CMOS,CMOS_C,0.341969,0.347761,0.352062,0.353539,0.161898,0.169326,0.175229,0.179076,65.667805,65.566536,66.624478,66.744119,3.46027,3.453287,3.467963,3.475286,1.788536,1.817981,1.78733,1.80079,1.612126,1.590934,1.612681,1.612688,0
C03935,C_L05,DIGITAL_CMOS,CMOS_C,0.263435,0.259157,0.261121,0.263487,0.194985,0.194123,0.198739,0.201422,60.201423,60.866856,60.367765,60.647314,3.482275,3.482315,3.521369,3.563978,1.856666,1.85125,1.895682,1.949699,1.478359,1.471284,1.495677,1.514926,0
C03936,C_L05,DIGITAL_CMOS,CMOS_C,0.246003,0.251353,0.253611,0.253705,0.201349,0.205543,0.21154,0.216617,65.481387,65.306596,66.31521,66.702567,3.370289,3.37256,3.379073,3.353663,1.713347,1.722585,1.730596,1.730561,1.591025,1.601851,1.607764,1.592952,0
C03937,C_L05,DIGITAL_CMOS,CMOS_C,0.334758,0.33963,0.343871,0.33735,0.369708,0.34576,0.36062,0.382352,67.490907,66.830992,67.220935,67.57076,3.669182,3.677628,3.749742,3.778921,1.760734,1.753865,1.798051,1.840561,1.598116,1.594127,1.630664,1.653381,1
C03938,C_L05,DIGITAL_CMOS,CMOS_C,0.233669,0.238271,0.238075,0.239426,0.237011,0.241136,0.251574,0.256991,69.693238,69.935253,69.924605,71.655602,3.533302,3.518538,3.525784,3.518246,1.900103,1.908622,1.933696,1.921585,1.738401,1.734988,1.745757,1.742883,0
C03939,C_L05,DIGITAL_CMOS,CMOS_C,0.241974,0.244214,0.248882,0.244945,0.27303,0.276749,0.275368,0.276674,68.893466,69.181605,69.569388,69.99249,3.518584,3.530769,3.56222,3.597331,1.85546,1.888523,1.900406,1.917152,1.651657,1.662866,1.676535,1.699408,0
C03940,C_L05,DIGITAL_CMOS,CMOS_C,0.291777,0.290457,0.295815,0.297273,0.169235,0.174187,0.178603,0.183351,67.14874,67.870354,68.329032,68.766341,3.433608,3.447418,3.508296,3.539647,1.882903,1.880945,1.926163,1.943849,1.695845,1.700616,1.72023,1.717781,0
C03941,C_L05,DIGITAL_CMOS,CMOS_C,0.246669,0.240593,0.250638,0.24623,0.122786,0.124894,0.125189,0.124562,67.00356,67.365502,66.656375,67.368578,3.438254,3.417621,3.42491,3.446326,1.858662,1.862902,1.855549,1.852927,1.698054,1.714895,1.703083,1.701619,0
C03942,C_L05,DIGITAL_CMOS,CMOS_C,0.347798,0.351128,0.360613,0.353742,0.124724,0.130963,0.132837,0.136259,70.698806,70.848274,70.937773,71.213709,3.463057,3.447679,3.463119,3.473963,1.86491,1.862187,1.874676,1.878006,1.681831,1.671939,1.671365,1.677222,0
C03943,C_L05,DIGITAL_CMOS,CMOS_C,0.319786,0.31784,0.322173,0.331739,0.13864,0.144292,0.150309,0.157951,68.391481,67.984025,69.344094,69.940586,3.46451,3.508185,3.499463,3.504759,1.915137,1.92633,1.954384,1.98414,1.716527,1.728596,1.764396,1.768167,0
C03944,C_L05,DIGITAL_CMOS,CMOS_C,0.266913,0.274997,0.275474,0.275119,0.166378,0.169007,0.171976,0.174508,71.062488,71.813582,72.691122,72.931116,3.529801,3.544108,3.583359,3.555041,1.880838,1.880515,1.890622,1.8884,1.647416,1.62659,1.635202,1.634505,0
C03945,C_L05,DIGITAL_CMOS,CMOS_C,0.400237,0.399805,0.410705,0.429464,0.154426,0.159262,0.164884,0.167829,69.754641,70.39594,71.058561,71.754921,3.365461,3.374615,3.410246,3.382759,1.846976,1.848555,1.856907,1.873594,1.589793,1.60426,1.575588,1.59094,0
C03946,C_L05,DIGITAL_CMOS,CMOS_C,0.468768,0.472082,0.467529,0.483064,0.207049,0.213481,0.219438,0.223306,66.630911,67.261213,67.602447,68.600262,3.496521,3.520559,3.589579,3.591154,1.97041,2.01593,2.035653,2.06585,1.653863,1.649044,1.670421,1.688241,0
C03947,C_L05,DIGITAL_CMOS,CMOS_C,0.265013,0.266921,0.277469,0.274588,0.138271,0.142066,0.148277,0.152175,61.196281,61.759904,62.998632,62.539869,3.511388,3.50322,3.570215,3.591858,1.780655,1.799538,1.838647,1.875565,1.679536,1.692226,1.720007,1.723524,0
C03948,C_L05,DIGITAL_CMOS,CMOS_C,0.349257,0.35935,0.35929,0.368215,0.169668,0.170728,0.177334,0.17999,71.689754,72.576464,72.600915,73.712647,3.585137,3.590355,3.587355,3.60319,1.938091,1.937685,1.93504,1.947349,1.723503,1.737644,1.731276,1.726555,0
C03949,C_L05,DIGITAL_CMOS,CMOS_C,0.294872,0.294631,0.293857,0.29527,0.179744,0.180899,0.180382,0.181671,64.237912,65.076864,65.325748,64.841273,3.550251,3.564185,3.625484,3.653431,1.887559,1.900473,1.943189,1.961399,1.600084,1.591491,1.615872,1.639061,0
C03950,C_L05,DIGITAL_CMOS,CMOS_C,0.268582,0.270104,0.275584,0.27292,0.111614,0.12326,0.148386,0.172193,70.880435,70.521332,71.548215,71.478427,3.441921,3.472103,3.489876,3.473136,1.848439,1.843474,1.854543,1.846123,1.674977,1.689058,1.692364,1.711854,1
C03951,C_L05,DIGITAL_CMOS,CMOS_C,0.309401,0.313759,0.31223,0.310504,0.169697,0.172539,0.172919,0.171514,64.467146,65.455022,65.442649,65.707232,3.564056,3.557138,3.592375,3.557803,1.82099,1.83611,1.82952,1.846663,1.691283,1.695574,1.695172,1.685148,0
C03952,C_L05,DIGITAL_CMOS,CMOS_C,0.393911,0.39652,0.405531,0.409772,0.208779,0.216397,0.225436,0.234191,68.769472,69.208673,69.645068,71.231699,3.333548,3.380528,3.433133,3.453097,1.845847,1.857579,1.892169,1.937911,1.558072,1.576468,1.590815,1.618872,0
C03953,C_L05,DIGITAL_CMOS,CMOS_C,0.332827,0.331057,0.336549,0.342165,0.149458,0.153878,0.15586,0.153847,68.70891,68.397666,69.090381,68.636984,3.388348,3.442092,3.477399,3.505584,1.747326,1.737489,1.766523,1.793035,1.673772,1.662588,1.688231,1.712793,0
C03954,C_L05,DIGITAL_CMOS,CMOS_C,0.433521,0.434208,0.449458,0.456145,0.250834,0.251152,0.262192,0.267623,66.853555,67.375091,67.975998,68.745064,3.536735,3.546016,3.57072,3.596613,1.786515,1.773001,1.789591,1.786288,1.545604,1.536975,1.550804,1.545831,0
C03955,C_L05,DIGITAL_CMOS,CMOS_C,0.279093,0.278147,0.277863,0.28483,0.142607,0.144778,0.146682,0.147223,67.089151,67.349487,66.361525,67.822394,3.530187,3.58452,3.630063,3.683996,1.791317,1.815312,1.849378,1.908033,1.830091,1.838846,1.865584,1.880284,0
C03956,C_L05,DIGITAL_CMOS,CMOS_C,0.315334,0.322207,0.324451,0.324462,0.186512,0.188243,0.187781,0.190996,71.569275,72.449171,72.59855,73.134525,3.237983,3.23712,3.232064,3.221934,1.858456,1.819481,1.848355,1.854725,1.651906,1.646832,1.647894,1.673262,0
C03957,C_L05,DIGITAL_CMOS,CMOS_C,0.342342,0.341119,0.340974,0.333125,0.190565,0.19163,0.193011,0.195113,65.680884,66.251782,66.563185,66.819305,3.412633,3.421429,3.423456,3.449225,1.86455,1.881512,1.913173,1.91549,1.611554,1.604989,1.613082,1.597546,0
C03958,C_L05,DIGITAL_CMOS,CMOS_C,0.341373,0.34118,0.353763,0.36175,0.171985,0.170746,0.177859,0.18161,68.403224,69.056846,69.506228,70.613857,3.578907,3.575668,3.571425,3.580613,1.916847,1.899107,1.924955,1.907755,1.866883,1.846893,1.855703,1.860147,0
C03959,C_L05,DIGITAL_CMOS,CMOS_C,0.325914,0.321692,0.332494,0.33634,0.168115,0.175713,0.178743,0.184073,64.219445,63.678782,65.526866,65.776221,3.442066,3.449383,3.448083,3.463436,1.88594,1.887125,1.909293,1.921312,1.709451,1.70386,1.733892,1.739408,0
C03960,C_L05,DIGITAL_CMOS,CMOS_C,0.210889,0.211865,0.21426,0.211779,0.130156,0.131928,0.132136,0.135817,63.416028,63.329478,63.357251,63.684528,3.409328,3.433996,3.470452,3.495778,1.798016,1.799928,1.858166,1.897012,1.676148,1.671806,1.691797,1.717424,0
C03961,C_L05,DIGITAL_CMOS,CMOS_C,0.311793,0.314541,0.315126,0.317993,0.137704,0.14176,0.142834,0.143374,68.129949,67.966747,68.261838,67.978605,3.442623,3.424215,3.471742,3.452103,1.845545,1.850798,1.858452,1.864628,1.740099,1.742716,1.750579,1.772056,0
C03962,C_L05,DIGITAL_CMOS,CMOS_C,0.239859,0.240954,0.240278,0.240337,0.159249,0.161794,0.162465,0.163028,62.573482,62.664659,63.322872,62.893874,3.571004,3.558206,3.633813,3.647465,1.90862,1.917124,1.948445,1.974778,1.766046,1.775987,1.772806,1.821523,0
C03963,C_L05,DIGITAL_CMOS,CMOS_C,0.283194,0.283472,0.287864,0.29641,0.114502,0.117164,0.120433,0.123652,69.555626,69.566847,70.056883,69.617576,3.311756,3.338825,3.425061,3.445103,1.774723,1.790768,1.806427,1.806369,1.530961,1.5508,1.570227,1.581437,0
C03964,C_L05,DIGITAL_CMOS,CMOS_C,0.350039,0.378141,0.404422,0.418988,0.188781,0.215736,0.231234,0.242005,67.727211,70.627286,71.686231,72.229331,3.569544,3.57127,3.572713,3.603448,1.984721,2.00226,2.002172,2.003573,1.832326,1.845,1.857713,1.86444,1
C03965,C_L05,DIGITAL_CMOS,CMOS_C,0.366835,0.367451,0.374405,0.379689,0.169606,0.17307,0.17304,0.174235,67.019833,67.05923,67.143786,67.266118,3.422522,3.423199,3.448739,3.465714,1.862528,1.859054,1.880271,1.877626,1.714457,1.727917,1.721719,1.732128,0
C03966,C_L05,DIGITAL_CMOS,CMOS_C,0.357744,0.351093,0.356874,0.358552,0.172114,0.172947,0.173081,0.175603,66.21881,65.7525,65.806488,66.05254,3.291322,3.323468,3.342673,3.335624,1.706442,1.689509,1.706761,1.702916,1.612141,1.637819,1.619489,1.630415,0
C03967,C_L05,DIGITAL_CMOS,CMOS_C,0.311537,0.321883,0.313042,0.318947,0.161452,0.164533,0.166817,0.169244,69.078048,69.443452,69.698889,69.661049,3.373158,3.410135,3.416485,3.464956,1.600381,1.605406,1.648148,1.618975,1.590939,1.614153,1.636736,1.64179,0
C03968,C_L05,DIGITAL_CMOS,CMOS_C,0.2409,0.242268,0.242449,0.239076,0.142647,0.141485,0.141551,0.141929,60.023568,61.356286,61.069522,61.57596,3.517166,3.521289,3.531179,3.539127,1.945226,1.951544,1.964282,1.94403,1.610505,1.634847,1.648588,1.632963,0
C03969,C_L05,DIGITAL_CMOS,CMOS_C,0.302811,0.304288,0.306366,0.305638,0.174021,0.171612,0.172663,0.173395,68.464503,67.334531,67.683194,67.901571,3.457257,3.468571,3.477533,3.484377,1.805012,1.812609,1.808772,1.824729,1.699562,1.682164,1.701253,1.684819,0
C03970,C_L05,DIGITAL_CMOS,CMOS_C,0.30823,0.304111,0.307403,0.309104,0.171264,0.169273,0.171986,0.173285,70.992014,70.22614,70.394158,70.4346,3.537113,3.530342,3.546938,3.568117,1.775912,1.785036,1.80674,1.811154,1.619133,1.603862,1.624076,1.615776,0
C04133,C_L08,DIGITAL_CMOS,CMOS_C,0.290622,0.297727,0.298413,0.307576,0.13662,0.141695,0.152478,0.156082,63.7092,64.666755,65.866304,66.574609,3.484596,3.478315,3.498497,3.482294,1.706406,1.706465,1.713745,1.711816,1.739736,1.748604,1.76533,1.796411,0
C04134,C_L08,DIGITAL_CMOS,CMOS_C,0.368173,0.371888,0.371343,0.379874,0.123749,0.130057,0.136805,0.144623,67.68496,68.437931,68.621474,69.947769,3.491192,3.480303,3.581913,3.620662,1.799681,1.805818,1.871638,1.912463,1.680085,1.694047,1.748652,1.816506,0
C04135,C_L08,DIGITAL_CMOS,CMOS_C,0.321053,0.313995,0.318079,0.315315,0.148616,0.149732,0.148086,0.149469,64.399874,64.260339,66.252679,66.418199,3.344784,3.414461,3.477223,3.54566,1.682226,1.717644,1.790828,1.849902,1.691738,1.722892,1.769496,1.809558,0
C04136,C_L08,DIGITAL_CMOS,CMOS_C,0.250563,0.25578,0.26164,0.260757,0.126185,0.128348,0.136396,0.147921,64.343009,64.668848,66.851216,69.720914,3.580458,3.597975,3.651803,3.682757,1.849012,1.842845,1.87131,1.888666,1.788153,1.810947,1.83322,1.85384,0
C04137,C_L08,DIGITAL_CMOS,CMOS_C,0.242115,0.233146,0.240272,0.241384,0.217557,0.22695,0.233543,0.235479,67.423143,68.006788,69.530073,71.069523,3.709038,3.734749,3.819985,3.869314,1.772017,1.780475,1.811636,1.842129,1.82129,1.832052,1.891714,1.943559,0
C04138,C_L08,DIGITAL_CMOS,CMOS_C,0.283956,0.27994,0.282034,0.28258,0.169359,0.1757,0.176576,0.178914,67.862275,67.70839,68.580788,68.170556,3.351634,3.337359,3.339215,3.339734,1.786981,1.796428,1.792561,1.828133,1.639487,1.650251,1.654959,1.670815,0
C04139,C_L08,DIGITAL_CMOS,CMOS_C,0.248054,0.254534,0.251784,0.258206,0.122828,0.126966,0.127614,0.130162,66.269353,64.834694,66.431108,66.918034,3.60182,3.58206,3.616806,3.628392,1.768636,1.76008,1.783739,1.776013,1.870237,1.87283,1.884313,1.920511,0
C04140,C_L08,DIGITAL_CMOS,CMOS_C,0.294811,0.297848,0.293006,0.296218,0.151599,0.152728,0.154758,0.158482,66.341003,66.826224,67.995627,67.38558,3.470101,3.480791,3.481784,3.502054,1.807073,1.832679,1.833936,1.822802,1.733083,1.730791,1.729633,1.768309,0
C04141,C_L08,DIGITAL_CMOS,CMOS_C,0.269466,0.273862,0.271863,0.274561,0.148465,0.15962,0.167255,0.170692,63.91125,63.860593,65.833293,66.747851,3.422458,3.422004,3.415967,3.456097,1.84388,1.836385,1.859078,1.872292,1.857503,1.872591,1.886276,1.935956,0
C04142,C_L08,DIGITAL_CMOS,CMOS_C,0.318372,0.325621,0.330349,0.334892,0.152292,0.159632,0.172199,0.184727,68.411764,68.655655,71.405783,73.892287,3.502747,3.519762,3.525236,3.580101,1.683866,1.683454,1.698743,1.712254,1.664774,1.652155,1.671529,1.700025,0
C04143,C_L08,DIGITAL_CMOS,CMOS_C,0.276443,0.278802,0.279468,0.276755,0.141234,0.141615,0.144729,0.143095,68.21457,68.144759,68.893369,68.695798,3.406319,3.429841,3.425406,3.435996,1.939779,1.952411,1.977864,1.987773,1.902932,1.913472,1.938435,1.93999,0
C04144,C_L08,DIGITAL_CMOS,CMOS_C,0.314698,0.318318,0.321013,0.326667,0.149464,0.154573,0.164427,0.17179,66.05996,66.615502,67.675752,70.026459,3.396761,3.429261,3.481794,3.510479,1.791565,1.821678,1.892693,1.956489,1.810797,1.833242,1.851613,1.900716,0
C04145,C_L08,DIGITAL_CMOS,CMOS_C,0.386888,0.391637,0.38907,0.393048,0.244891,0.247565,0.246964,0.250499,63.901045,63.826298,64.838326,65.686781,3.552945,3.586923,3.627893,3.629463,1.847839,1.830673,1.848896,1.84909,1.838051,1.843678,1.857777,1.851005,0
C04146,C_L08,DIGITAL_CMOS,CMOS_C,0.290208,0.292013,0.288603,0.288813,0.25261,0.255824,0.260003,0.255701,62.756401,63.010289,63.438908,63.166423,3.433861,3.455394,3.521148,3.528899,1.776218,1.808358,1.838723,1.876232,1.675054,1.677399,1.713052,1.748519,0
C04147,C_L08,DIGITAL_CMOS,CMOS_C,0.229737,0.229039,0.230854,0.232539,0.139974,0.144305,0.145385,0.147788,65.237712,65.624283,65.85905,65.85826,3.358048,3.348219,3.359423,3.393545,1.769096,1.758503,1.791082,1.801089,1.679256,1.695663,1.714468,1.71964,0
C04148,C_L08,DIGITAL_CMOS,CMOS_C,0.248264,0.252025,0.250557,0.251031,0.118123,0.120511,0.126703,0.128561,66.548569,67.37108,68.26284,68.953231,3.591218,3.587517,3.563448,3.612455,1.798393,1.810504,1.81551,1.822892,1.663929,1.682454,1.699257,1.72627,0
C04149,C_L08,DIGITAL_CMOS,CMOS_C,0.439423,0.440048,0.454794,0.455821,0.207622,0.214919,0.229699,0.234681,65.808956,65.880932,66.727919,67.11927,3.468412,3.545805,3.637813,3.74587,1.808846,1.830119,1.896478,2.011878,1.736194,1.761716,1.829085,1.912945,0
C04150,C_L08,DIGITAL_CMOS,CMOS_C,0.279487,0.281554,0.280619,0.289493,0.135988,0.144894,0.147888,0.154543,62.775444,63.905289,64.043339,64.415714,3.637808,3.626521,3.691659,3.680363,1.764816,1.776091,1.80342,1.8178,1.644849,1.645325,1.666173,1.676842,0
C04151,C_L08,DIGITAL_CMOS,CMOS_C,0.334464,0.343836,0.34703,0.345916,0.16133,0.162331,0.163333,0.165667,64.131101,65.002624,65.160052,65.270908,3.479532,3.500144,3.534646,3.536052,1.820127,1.811758,1.825895,1.841284,1.634265,1.640145,1.645489,1.642842,0
C04152,C_L08,DIGITAL_CMOS,CMOS_C,0.249895,0.249119,0.249802,0.248087,0.134085,0.136593,0.139421,0.142018,62.036617,61.718085,62.417297,62.824451,3.614902,3.651011,3.6734,3.687612,1.861661,1.852794,1.843374,1.854583,1.8103,1.827576,1.838211,1.860404,0
C04153,C_L08,DIGITAL_CMOS,CMOS_C,0.409585,0.412164,0.418034,0.411834,0.156308,0.166571,0.182837,0.193108,63.164741,65.440451,65.522039,65.858456,3.565786,3.566028,3.613531,3.639619,1.711801,1.748006,1.804225,1.849334,1.753645,1.792532,1.833242,1.871713,0
C04154,C_L08,DIGITAL_CMOS,CMOS_C,0.291344,0.287885,0.298213,0.298145,0.150091,0.158174,0.166962,0.176192,71.152408,71.763424,73.721393,74.825397,3.468454,3.456539,3.476087,3.497415,1.857403,1.873504,1.886377,1.927269,1.676896,1.674266,1.679267,1.709347,0
C04155,C_L08,DIGITAL_CMOS,CMOS_C,0.25024,0.252926,0.252054,0.257782,0.138028,0.144721,0.149111,0.150253,63.141508,64.11804,64.857006,65.703217,3.473852,3.474446,3.468198,3.497222,1.769379,1.774757,1.775841,1.795193,1.679367,1.697742,1.702008,1.727691,0
C04156,C_L08,DIGITAL_CMOS,CMOS_C,0.248058,0.24826,0.248543,0.249839,0.135223,0.133618,0.135761,0.139216,62.321592,62.668618,62.635053,63.038233,3.483615,3.545871,3.601755,3.630812,1.669401,1.716248,1.755211,1.77444,1.687833,1.750077,1.784107,1.838363,0
C04157,C_L08,DIGITAL_CMOS,CMOS_C,0.28019,0.284139,0.287195,0.293447,0.187851,0.197347,0.201252,0.205748,65.793663,66.29988,68.027616,69.912767,3.582912,3.631726,3.673066,3.688394,1.749261,1.767194,1.786539,1.823596,1.552214,1.570653,1.578903,1.592,0
C04158,C_L08,DIGITAL_CMOS,CMOS_C,0.292517,0.297985,0.301801,0.300095,0.183813,0.195099,0.207446,0.212603,65.342752,65.243834,67.307754,67.89968,3.334277,3.32948,3.365057,3.376399,1.690175,1.689071,1.712978,1.743766,1.672879,1.67595,1.700082,1.68852,0
C04159,C_L08,DIGITAL_CMOS,CMOS_C,0.338806,0.332454,0.343714,0.339173,0.123231,0.128582,0.135321,0.13872,65.745575,66.069519,67.256746,67.8572,3.342232,3.389718,3.459864,3.50006,1.768404,1.79754,1.853369,1.864306,1.686431,1.697024,1.754255,1.771906,0
C04160,C_L08,DIGITAL_CMOS,CMOS_C,0.28323,0.283338,0.279365,0.290318,0.161447,0.164611,0.168814,0.17217,64.165323,64.585735,64.976666,65.371751,3.440617,3.493013,3.564678,3.657846,1.835158,1.852089,1.935968,1.995093,1.722025,1.739944,1.789923,1.838791,0
C04161,C_L08,DIGITAL_CMOS,CMOS_C,0.271357,0.271624,0.275186,0.282448,0.168117,0.176016,0.189319,0.205646,67.499023,68.698455,70.592042,73.491082,3.558472,3.610293,3.688152,3.777727,1.711202,1.742886,1.774749,1.821201,1.709813,1.754599,1.778871,1.810338,0
C04162,C_L08,DIGITAL_CMOS,CMOS_C,0.273453,0.278056,0.279946,0.288708,0.20513,0.207981,0.223683,0.238389,65.962369,66.249484,68.853021,70.787648,3.4773,3.511454,3.504327,3.553535,1.776313,1.763068,1.776968,1.778137,1.749296,1.764079,1.773112,1.785814,0
C04163,C_L08,DIGITAL_CMOS,CMOS_C,0.395369,0.392301,0.397567,0.393562,0.127227,0.12628,0.128316,0.129005,65.443999,65.958028,66.307034,66.672141,3.500101,3.489446,3.522046,3.587231,1.757946,1.770797,1.781155,1.766102,1.617127,1.639646,1.654069,1.648458,0
C04164,C_L08,DIGITAL_CMOS,CMOS_C,0.316632,0.317937,0.317901,0.327975,0.136192,0.137945,0.150301,0.161731,67.554542,68.501674,69.854018,71.464897,3.29053,3.32301,3.358046,3.398779,1.776866,1.814643,1.886502,1.926041,1.724639,1.737128,1.812777,1.855459,0
C04165,C_L08,DIGITAL_CMOS,CMOS_C,0.307995,0.308296,0.308365,0.308926,0.202183,0.202174,0.206127,0.207094,65.662847,65.981858,65.983512,66.512575,3.572434,3.605377,3.60291,3.647405,1.860915,1.846423,1.869061,1.877742,1.831977,1.822374,1.871754,1.879858,0
C04166,C_L08,DIGITAL_CMOS,CMOS_C,0.254064,0.249645,0.254469,0.254666,0.16262,0.161463,0.165306,0.16559,67.255331,67.741593,68.969483,68.888447,3.300908,3.31773,3.312186,3.331963,1.911505,1.921541,1.952505,1.957607,1.7974,1.817029,1.834091,1.852917,0
C04167,C_L08,DIGITAL_CMOS,CMOS_C,0.261214,0.26109,0.267486,0.267959,0.132225,0.132528,0.134883,0.135442,69.768992,70.163627,70.241846,70.536945,3.265641,3.283494,3.309083,3.3355,1.722189,1.725036,1.735076,1.736326,1.64421,1.651113,1.672424,1.678937,0
C04168,C_L08,DIGITAL_CMOS,CMOS_C,0.318649,0.326356,0.327931,0.342032,0.168323,0.170587,0.178162,0.193658,65.402059,66.175045,68.22477,69.738398,3.264351,3.330985,3.391837,3.426237,1.682526,1.70254,1.760095,1.790687,1.598107,1.633813,1.689661,1.74397,0
C04169,C_L08,DIGITAL_CMOS,CMOS_C,0.260235,0.268346,0.26397,0.265414,0.167548,0.166736,0.167978,0.168291,61.326709,61.825678,61.431631,62.78554,3.384678,3.385252,3.394743,3.390134,1.825151,1.814694,1.842084,1.856952,1.797466,1.821069,1.849912,1.879083,0
C04170,C_L08,DIGITAL_CMOS,CMOS_C,0.236546,0.236442,0.239316,0.236686,0.146583,0.147147,0.156401,0.161075,64.996226,65.7591,67.44946,69.060057,3.408005,3.441162,3.499438,3.543006,1.63948,1.676785,1.709105,1.709011,1.69413,1.70778,1.745864,1.765745,0
C04171,C_L08,DIGITAL_CMOS,CMOS_C,0.269229,0.267717,0.267572,0.262052,0.172118,0.173321,0.171107,0.174155,63.250264,62.809117,63.979063,63.390069,3.373049,3.38691,3.386699,3.411224,1.80481,1.789719,1.793855,1.807802,1.671285,1.684152,1.719642,1.726346,0
C04172,C_L08,DIGITAL_CMOS,CMOS_C,0.316001,0.311989,0.321782,0.325403,0.146054,0.148631,0.15737,0.162729,66.529591,67.383231,68.870688,70.515135,3.544764,3.571326,3.660958,3.716531,1.790355,1.826416,1.905668,2.003409,1.657793,1.684201,1.788051,1.869471,0
C04173,C_L08,DIGITAL_CMOS,CMOS_C,0.236338,0.240483,0.242268,0.250189,0.166914,0.171816,0.180836,0.190149,71.918346,72.123251,74.057101,75.749907,3.306532,3.36552,3.447533,3.48924,1.740738,1.792154,1.851274,1.899166,1.647239,1.684674,1.721788,1.742779,0
C04174,C_L08,DIGITAL_CMOS,CMOS_C,0.332826,0.328154,0.330657,0.331676,0.153962,0.153023,0.155537,0.153447,69.008375,69.098981,70.323408,70.156924,3.216068,3.227478,3.248418,3.247545,1.738489,1.732863,1.748823,1.74874,1.649207,1.677915,1.679361,1.710134,0
C04175,C_L08,DIGITAL_CMOS,CMOS_C,0.291143,0.295431,0.299881,0.299364,0.126459,0.133906,0.138158,0.141015,63.991167,64.587313,67.634189,67.857852,3.5094,3.562226,3.634096,3.737077,1.790419,1.822859,1.871206,1.931462,1.71724,1.734995,1.794015,1.84974,0
C04176,C_L08,DIGITAL_CMOS,CMOS_C,0.276936,0.28818,0.28573,0.292777,0.159292,0.164889,0.174931,0.183888,66.762156,67.325299,68.4883,69.218571,3.442569,3.440144,3.532284,3.638093,1.814532,1.8163,1.897578,2.002786,1.673913,1.697378,1.776865,1.879148,0
C04177,C_L08,DIGITAL_CMOS,CMOS_C,0.268776,0.26658,0.269257,0.272049,0.173339,0.181586,0.198532,0.210336,65.035439,65.89246,67.499705,69.355214,3.492992,3.502524,3.505766,3.54042,1.768179,1.78933,1.78872,1.792698,1.652262,1.67289,1.713623,1.714711,0
C04178,C_L08,DIGITAL_CMOS,CMOS_C,0.329822,0.325641,0.326875,0.331184,0.233665,0.234152,0.238266,0.2409,70.109122,70.595921,70.990857,71.113374,3.28793,3.323618,3.344276,3.355978,1.589802,1.589494,1.608947,1.609174,1.533958,1.538889,1.535133,1.541824,0
C04179,C_L08,DIGITAL_CMOS,CMOS_C,0.288715,0.283599,0.293054,0.292934,0.184574,0.189506,0.190117,0.189065,72.09022,72.433949,72.663491,73.611222,3.575452,3.632274,3.726476,3.795265,1.838579,1.875165,1.89816,1.922007,1.877547,1.910321,1.950563,2.003208,0
C04180,C_L08,DIGITAL_CMOS,CMOS_C,0.330988,0.332583,0.33209,0.344384,0.119083,0.12143,0.122432,0.124919,56.641975,56.760358,56.400498,57.05656,3.345145,3.386859,3.486555,3.58268,1.735708,1.7521,1.817415,1.874886,1.603446,1.62988,1.721616,1.807693,0
C04181,C_L08,DIGITAL_CMOS,CMOS_C,0.313108,0.319399,0.320399,0.325559,0.189555,0.1967,0.209598,0.220012,69.011356,69.155703,69.615443,71.184641,3.322979,3.385023,3.470619,3.537308,1.747284,1.775681,1.838465,1.880657,1.66863,1.718617,1.773035,1.816396,0
C04182,C_L08,DIGITAL_CMOS,CMOS_C,0.236684,0.236627,0.24039,0.239269,0.172203,0.174358,0.175688,0.180181,64.427958,64.306088,64.824859,65.933358,3.319855,3.33524,3.348815,3.370755,1.772975,1.814152,1.827337,1.846952,1.678975,1.668814,1.69828,1.71663,0
C04183,C_L08,DIGITAL_CMOS,CMOS_C,0.264925,0.263248,0.26645,0.267305,0.163221,0.17754,0.184281,0.188346,73.156252,74.014276,74.98768,76.67367,3.239158,3.236107,3.263051,3.261526,1.728201,1.756402,1.760412,1.758295,1.655889,1.65789,1.661236,1.654228,0
C04184,C_L08,DIGITAL_CMOS,CMOS_C,0.387482,0.377694,0.381541,0.385871,0.150878,0.153477,0.157305,0.159937,65.017021,64.878132,64.988013,65.266749,3.577359,3.622173,3.679431,3.733529,1.840932,1.872809,1.950123,1.984094,1.826869,1.849017,1.859468,1.892506,0
C04185,C_L08,DIGITAL_CMOS,CMOS_C,0.264261,0.265662,0.269569,0.26787,0.17843,0.180372,0.187252,0.1894,66.518927,66.272352,66.195276,65.878545,3.650848,3.707726,3.709585,3.754822,1.810002,1.815499,1.827466,1.824987,1.771167,1.787415,1.778319,1.791654,0
C04186,C_L08,DIGITAL_CMOS,CMOS_C,0.311888,0.31862,0.326917,0.332178,0.13268,0.138853,0.140497,0.144319,68.383159,69.373322,70.613678,70.732852,3.586166,3.628506,3.641404,3.69718,1.770113,1.777323,1.806532,1.818659,1.798213,1.807252,1.813539,1.827387,0
C04187,C_L08,DIGITAL_CMOS,CMOS_C,0.282021,0.286486,0.283753,0.28586,0.174508,0.182854,0.186644,0.191775,62.77691,63.235613,63.622034,64.395646,3.576501,3.630378,3.764702,3.910321,1.82538,1.826377,1.884432,1.970078,1.836826,1.856912,1.927158,2.018526,0
C04188,C_L08,DIGITAL_CMOS,CMOS_C,0.32814,0.329888,0.329648,0.326875,0.128642,0.131902,0.134275,0.135273,65.852845,66.277598,66.897715,66.418931,3.321281,3.326292,3.38715,3.410715,1.713768,1.752941,1.797487,1.80846,1.558249,1.586993,1.613601,1.646377,0
C04189,C_L08,DIGITAL_CMOS,CMOS_C,0.233882,0.232328,0.23917,0.235389,0.176248,0.176136,0.178145,0.180366,67.9095,68.517575,68.073321,68.336885,3.499949,3.478305,3.512911,3.509141,1.873418,1.893246,1.924542,1.960695,1.828056,1.806262,1.80739,1.833421,0
C04190,C_L08,DIGITAL_CMOS,CMOS_C,0.313088,0.316316,0.311989,0.31189,0.13073,0.131626,0.132969,0.13673,64.508751,64.94683,64.363298,64.906483,3.454587,3.460042,3.57385,3.717883,1.821923,1.883532,1.981756,2.092501,1.792559,1.818935,1.906258,1.973534,0
C04191,C_L08,DIGITAL_CMOS,CMOS_C,0.274248,0.275208,0.275394,0.280965,0.138912,0.14356,0.150404,0.157455,69.460453,70.66301,72.524044,74.932073,3.411634,3.430079,3.459749,3.475135,1.739922,1.7552,1.746996,1.767189,1.611388,1.611329,1.617682,1.623829,0
C04192,C_L08,DIGITAL_CMOS,CMOS_C,0.320337,0.32357,0.32012,0.331856,0.108032,0.113228,0.118432,0.126902,63.038317,64.414261,65.273994,66.337741,3.595212,3.638702,3.720605,3.748809,1.773313,1.802873,1.859173,1.909254,1.988773,2.013007,2.048429,2.092146,0
C04193,C_L08,DIGITAL_CMOS,CMOS_C,0.36265,0.357197,0.366728,0.363431,0.232984,0.229277,0.232335,0.231543,66.885789,66.900277,67.440438,67.453683,3.542376,3.572696,3.56875,3.571291,1.727034,1.727756,1.758203,1.747712,1.714304,1.713743,1.726205,1.767227,0
C04194,C_L08,DIGITAL_CMOS,CMOS_C,0.385591,0.385754,0.382851,0.383958,0.123343,0.126579,0.130536,0.131726,60.061723,60.449222,60.340552,61.173819,3.302666,3.330303,3.401833,3.477904,1.643613,1.669753,1.721793,1.757344,1.546415,1.566881,1.602096,1.65506,0
C04195,C_L08,DIGITAL_CMOS,CMOS_C,0.298384,0.300307,0.293198,0.30151,0.183337,0.190759,0.19613,0.202101,71.590484,72.359679,73.035262,73.822352,3.311327,3.344174,3.352809,3.367472,1.688712,1.669359,1.689471,1.679028,1.638562,1.657927,1.670641,1.68505,0
C04196,C_L08,DIGITAL_CMOS,CMOS_C,0.290216,0.293372,0.291632,0.296893,0.195727,0.2001,0.215047,0.232989,65.70053,65.701247,67.34485,68.232241,3.49829,3.51396,3.553232,3.537567,1.880299,1.906326,1.913272,1.908183,1.725306,1.73194,1.763735,1.782081,0
C04197,C_L08,DIGITAL_CMOS,CMOS_C,0.254043,0.260552,0.263307,0.259784,0.133994,0.136759,0.146214,0.148644,66.836359,68.661061,69.78274,69.694125,3.592545,3.599021,3.594828,3.618208,1.935646,1.945243,1.961204,2.003382,1.755105,1.755007,1.784625,1.782732,0
C04198,C_L08,DIGITAL_CMOS,CMOS_C,0.264074,0.271146,0.266978,0.267833,0.153431,0.159423,0.157667,0.15688,65.00444,65.670359,65.370461,65.467927,3.699806,3.713444,3.766912,3.759347,1.887311,1.879953,1.894137,1.913011,1.749743,1.773007,1.753759,1.752329,0
C04199,C_L08,DIGITAL_CMOS,CMOS_C,0.353056,0.351992,0.361895,0.363674,0.136496,0.138681,0.148471,0.155706,67.012636,68.932318,69.862216,72.043048,3.65844,3.671675,3.666509,3.680589,1.871016,1.873974,1.901816,1.90387,1.746397,1.730377,1.734413,1.732089,0
C04200,C_L08,DIGITAL_CMOS,CMOS_C,0.250332,0.24988,0.251229,0.253749,0.100065,0.103902,0.109964,0.118384,67.823123,68.343712,70.316498,71.673768,3.394985,3.42521,3.480759,3.507269,1.787783,1.841399,1.902685,1.950301,1.684496,1.717837,1.733328,1.761923,0
C04201,C_L08,DIGITAL_CMOS,CMOS_C,0.27946,0.279825,0.283328,0.289156,0.185383,0.200299,0.218014,0.23121,64.458653,65.995127,67.257507,68.223062,3.615577,3.655824,3.671358,3.691831,1.720908,1.746077,1.755273,1.768882,1.774642,1.773037,1.796905,1.797523,0
C04202,C_L08,DIGITAL_CMOS,CMOS_C,0.349245,0.3571,0.355765,0.356543,0.158606,0.167675,0.176529,0.184349,64.8021,65.438065,66.814572,68.091643,3.661477,3.63873,3.670649,3.707213,1.897566,1.886566,1.921495,1.899668,1.68163,1.675192,1.699979,1.749575,0
C04203,C_L08,DIGITAL_CMOS,CMOS_C,0.257707,0.254475,0.261153,0.262301,0.127848,0.130871,0.13414,0.137742,66.963508,67.977335,67.951586,68.507086,3.474225,3.462815,3.494312,3.505107,1.918915,1.92426,1.916934,1.943743,1.88269,1.866178,1.883077,1.887976,0
C04204,C_L08,DIGITAL_CMOS,CMOS_C,0.335629,0.337863,0.3384,0.343882,0.098049,0.103065,0.111367,0.117839,66.592873,67.466231,69.044708,70.17595,3.382951,3.368841,3.375744,3.378524,1.725223,1.718206,1.745604,1.753305,1.621969,1.602221,1.617571,1.618135,0
C04205,C_L08,DIGITAL_CMOS,CMOS_C,0.303988,0.31081,0.317306,0.320999,0.166838,0.177411,0.186124,0.187476,65.953197,66.081711,67.622529,67.468776,3.33148,3.323824,3.374773,3.387165,1.699317,1.698614,1.715674,1.712529,1.724115,1.737163,1.747493,1.795759,0
C04206,C_L08,DIGITAL_CMOS,CMOS_C,0.381459,0.38435,0.389695,0.395845,0.166643,0.174505,0.180458,0.185898,64.949167,66.102126,68.086051,69.05001,3.338536,3.377522,3.353762,3.388034,1.890529,1.896101,1.907648,1.924395,1.739049,1.767583,1.772964,1.786731,0
C04207,C_L08,DIGITAL_CMOS,CMOS_C,0.382785,0.385396,0.379543,0.382954,0.167889,0.166854,0.16817,0.169772,67.59829,67.725584,68.488769,68.516946,3.351832,3.395537,3.453843,3.525281,1.799687,1.859846,1.868784,1.91335,1.795507,1.803107,1.856887,1.899443,0
C04208,C_L08,DIGITAL_CMOS,CMOS_C,0.293656,0.296125,0.293748,0.291088,0.187076,0.188745,0.190015,0.190886,63.694873,63.612349,64.009501,63.761104,3.447059,3.50944,3.556309,3.631059,1.64664,1.684695,1.70301,1.740768,1.634989,1.687533,1.744133,1.789261,0
C04209,C_L08,DIGITAL_CMOS,CMOS_C,0.322303,0.321673,0.325252,0.31921,0.197951,0.202999,0.207379,0.210189,68.485238,67.962662,68.386786,68.61703,3.494839,3.534193,3.63526,3.722607,1.811482,1.841253,1.898794,1.980505,1.765813,1.775927,1.812957,1.907255,0
C04210,C_L08,DIGITAL_CMOS,CMOS_C,0.322177,0.316992,0.321519,0.325541,0.163882,0.168482,0.166468,0.167065,67.264857,67.500358,68.337011,68.254029,3.422087,3.420998,3.498798,3.569628,1.758867,1.77636,1.872503,1.950006,1.759574,1.780873,1.815194,1.896511,0
C04211,C_L08,DIGITAL_CMOS,CMOS_C,0.354479,0.358642,0.36258,0.363583,0.173959,0.184597,0.194281,0.20218,68.468693,69.144894,69.827318,70.677211,3.409341,3.404122,3.410661,3.415834,1.87962,1.873335,1.907058,1.909485,1.798782,1.801258,1.809355,1.798524,0
C04719,C_L16,DIGITAL_CMOS,CMOS_C,0.248206,0.258099,0.268699,0.283825,0.129499,0.133049,0.13684,0.139482,62.70192,62.576986,64.774069,66.715792,3.614459,3.591697,3.638255,3.654295,1.861742,1.894539,1.86679,1.88856,1.776842,1.782453,1.777646,1.795001,0
C04720,C_L16,DIGITAL_CMOS,CMOS_C,0.300686,0.306187,0.305048,0.30459,0.124272,0.124997,0.126805,0.130333,65.201876,65.348509,65.461764,66.069563,3.118112,3.108925,3.117824,3.113349,1.600726,1.611732,1.604426,1.604568,1.570146,1.569951,1.572426,1.577538,0
C04721,C_L16,DIGITAL_CMOS,CMOS_C,0.351035,0.357869,0.37322,0.37292,0.134325,0.137141,0.13745,0.136393,64.083508,63.938913,64.608191,63.835171,3.303569,3.325152,3.326874,3.311035,1.662998,1.680356,1.685623,1.690728,1.621121,1.628147,1.626191,1.645067,0
C04722,C_L16,DIGITAL_CMOS,CMOS_C,0.228416,0.22902,0.242186,0.253776,0.191554,0.19468,0.202442,0.21307,63.010213,63.74868,65.874922,67.294519,3.376761,3.402492,3.402738,3.398501,1.687999,1.671154,1.687236,1.696686,1.588241,1.592576,1.608972,1.597721,0
C04723,C_L16,DIGITAL_CMOS,CMOS_C,0.30137,0.306412,0.310511,0.327223,0.203142,0.211676,0.217565,0.220743,66.075645,67.447754,69.066562,70.030877,3.477536,3.507229,3.55369,3.554998,1.793018,1.864352,1.911864,1.968217,1.819732,1.828591,1.837796,1.862878,0
C04724,C_L16,DIGITAL_CMOS,CMOS_C,0.661449,0.761434,0.856139,1.097302,0.097983,0.104036,0.110752,0.120648,61.831835,62.896603,63.496863,64.963764,3.43809,3.414023,3.430402,3.450083,1.730886,1.724397,1.741474,1.764094,1.794487,1.790911,1.792143,1.783448,1
C04725,C_L16,DIGITAL_CMOS,CMOS_C,0.235849,0.236616,0.24304,0.25342,0.089822,0.091208,0.093224,0.095102,65.135083,65.217615,66.732666,67.977909,3.237118,3.249668,3.26459,3.261751,1.8164,1.836343,1.857778,1.872637,1.666247,1.681935,1.677983,1.691925,0
C04726,C_L16,DIGITAL_CMOS,CMOS_C,0.249526,0.256416,0.260402,0.271529,0.194348,0.201664,0.206395,0.209629,59.675875,61.185532,62.390337,63.873749,3.371303,3.372364,3.379817,3.406772,1.738067,1.733749,1.750331,1.765057,1.638564,1.635601,1.644698,1.643144,0
C04727,C_L16,DIGITAL_CMOS,CMOS_C,0.270783,0.278223,0.283688,0.290471,0.148431,0.152017,0.154483,0.157488,64.752057,66.34258,67.330914,68.729435,3.346683,3.380434,3.414346,3.429938,1.785682,1.776209,1.795455,1.792258,1.625825,1.627131,1.642902,1.642935,0
C04728,C_L16,DIGITAL_CMOS,CMOS_C,0.222227,0.226429,0.225083,0.226743,0.099523,0.099857,0.099392,0.10142,70.548966,71.261713,70.923449,71.389385,3.357743,3.340953,3.392897,3.430104,1.689844,1.711664,1.761228,1.88438,1.692025,1.706038,1.715554,1.755956,0
C04729,C_L16,DIGITAL_CMOS,CMOS_C,0.244172,0.243205,0.244228,0.244359,0.137909,0.137618,0.138816,0.139999,58.996912,58.374366,59.143767,59.02863,3.531131,3.545752,3.553281,3.557335,1.905894,1.919369,1.930628,1.934777,1.750439,1.754561,1.761364,1.746279,0
C04730,C_L16,DIGITAL_CMOS,CMOS_C,0.261964,0.259278,0.265354,0.268578,0.187804,0.189522,0.18928,0.190692,65.778096,65.771291,65.700879,66.676482,3.658479,3.674614,3.753732,3.947315,1.831357,1.834315,1.913971,2.104411,1.816177,1.827333,1.939227,2.247066,1
C04731,C_L16,DIGITAL_CMOS,CMOS_C,0.291574,0.291307,0.306899,0.318418,0.104872,0.106766,0.109391,0.109877,65.408362,67.054379,67.594355,68.70927,3.347806,3.385267,3.411379,3.46102,1.749773,1.805747,1.847336,1.899326,1.628413,1.648499,1.656527,1.669944,0
C04732,C_L16,DIGITAL_CMOS,CMOS_C,0.249343,0.252675,0.247278,0.256624,0.148116,0.148937,0.150654,0.148994,62.797164,63.543814,63.058013,63.390738,3.242628,3.255085,3.245043,3.263336,1.760241,1.767621,1.771512,1.783107,1.817121,1.829543,1.827086,1.837769,0
C04733,C_L16,DIGITAL_CMOS,CMOS_C,0.337009,0.349475,0.368205,0.381426,0.141743,0.144223,0.147764,0.15107,66.099563,66.75468,68.412942,69.721872,3.483787,3.471455,3.492322,3.487811,1.739984,1.757438,1.787888,1.780364,1.651481,1.664884,1.666785,1.66646,0
C04734,C_L16,DIGITAL_CMOS,CMOS_C,0.271257,0.273818,0.266528,0.277381,0.105985,0.106107,0.10784,0.109726,66.561906,67.852226,67.354842,67.772628,3.530222,3.557768,3.587738,3.684578,1.936773,1.945426,2.006618,2.032557,1.832158,1.840345,1.854086,1.89693,0
C04735,C_L16,DIGITAL_CMOS,CMOS_C,0.237033,0.244093,0.250801,0.256688,0.165652,0.165625,0.171402,0.173637,60.680599,62.050502,62.952082,63.842513,3.5,3.533598,3.553235,3.534823,1.76139,1.790657,1.817493,1.82033,1.648067,1.672371,1.666247,1.679009,0
C04736,C_L16,DIGITAL_CMOS,CMOS_C,0.284807,0.290189,0.301396,0.316738,0.207901,0.216027,0.227903,0.235505,62.057704,63.360792,65.629285,67.925106,3.364917,3.359771,3.382242,3.393547,1.909064,1.913764,1.922006,1.9204,1.714062,1.70449,1.7108,1.717917,0
C04737,C_L16,DIGITAL_CMOS,CMOS_C,0.230445,0.229781,0.237297,0.254538,0.110773,0.112736,0.117465,0.122546,66.551081,67.461025,67.777878,69.881028,3.47815,3.485313,3.520618,3.501925,1.683004,1.67734,1.700935,1.707475,1.685035,1.684256,1.682843,1.66132,0
C04738,C_L16,DIGITAL_CMOS,CMOS_C,0.252949,0.260828,0.273008,0.278153,0.15011,0.153236,0.159692,0.159302,59.035494,59.970469,62.197945,62.847602,3.273859,3.324613,3.376652,3.447345,1.727542,1.769761,1.807088,1.834433,1.551201,1.563905,1.571016,1.586272,0
C04739,C_L16,DIGITAL_CMOS,CMOS_C,0.242814,0.248554,0.252194,0.253164,0.160243,0.160715,0.164084,0.166316,60.507684,60.1218,61.034698,61.056989,3.665625,3.695612,3.673228,3.654602,1.909238,1.921163,1.92739,1.922084,1.847916,1.836958,1.847836,1.853672,0
C04740,C_L16,DIGITAL_CMOS,CMOS_C,0.242668,0.244347,0.26602,0.278893,0.14141,0.143088,0.151821,0.158806,63.398421,64.105044,65.405641,66.873926,3.268733,3.320335,3.331309,3.354635,1.682557,1.743008,1.79971,1.818065,1.700885,1.709067,1.727493,1.749392,0
C04741,C_L16,DIGITAL_CMOS,CMOS_C,0.288007,0.287735,0.296705,0.294404,0.159835,0.161105,0.161587,0.163093,60.974455,60.707422,61.564943,61.397555,3.563729,3.597623,3.692278,4.307115,1.781054,1.818084,1.854015,1.903843,1.74683,1.762239,1.787061,1.908229,1
C04742,C_L16,DIGITAL_CMOS,CMOS_C,0.320271,0.323137,0.32629,0.332654,0.099341,0.101592,0.10141,0.10284,61.437665,61.573662,61.31312,62.661616,3.200519,3.206663,3.210699,3.221501,1.803563,1.825935,1.853447,1.877928,1.6219,1.636644,1.651507,1.632338,0
C04743,C_L16,DIGITAL_CMOS,CMOS_C,0.284895,0.28512,0.297886,0.31035,0.102385,0.104943,0.107044,0.109736,66.31102,66.211124,68.654585,71.159123,3.487177,3.507787,3.533767,3.568941,1.82176,1.836377,1.898908,1.948917,1.823685,1.863064,1.871319,1.886202,0
C04744,C_L16,DIGITAL_CMOS,CMOS_C,0.342837,0.33954,0.347479,0.346029,0.154915,0.157835,0.163173,0.162751,66.672976,66.698207,67.083778,66.692056,3.40797,3.439442,3.497439,3.497206,1.867022,1.891545,1.942462,1.988242,1.692493,1.702209,1.722524,1.749642,0
C04745,C_L16,DIGITAL_CMOS,CMOS_C,0.242848,0.240714,0.25025,0.249826,0.127339,0.129101,0.13084,0.1315,65.264969,66.041641,65.773634,65.799973,3.484021,3.521888,3.559164,3.598078,1.704068,1.724532,1.780489,1.820991,1.682079,1.691171,1.705801,1.720621,0
C04746,C_L16,DIGITAL_CMOS,CMOS_C,0.409149,0.42365,0.45864,0.474843,0.209675,0.224724,0.238221,0.249434,69.494051,70.623563,72.902703,74.75,3.353409,3.349664,3.333263,3.378216,1.792446,1.797979,1.824126,1.844896,1.73522,1.735705,1.728435,1.733199,1
C04747,C_L16,DIGITAL_CMOS,CMOS_C,0.271144,0.274394,0.277824,0.282061,0.157957,0.162679,0.16264,0.165443,66.806643,66.947117,67.312321,67.08675,3.240688,3.252941,3.311893,3.325671,1.749633,1.75286,1.797593,1.838079,1.620501,1.632232,1.645398,1.696842,0
C04748,C_L16,DIGITAL_CMOS,CMOS_C,0.248054,0.256455,0.256517,0.254708,0.096456,0.097452,0.098774,0.097625,61.844012,61.90556,62.702756,62.775928,3.542453,3.553918,3.558584,3.552898,1.827472,1.826966,1.852379,1.872904,1.706814,1.707086,1.703458,1.717909,0
C04749,C_L16,DIGITAL_CMOS,CMOS_C,0.218465,0.228042,0.235008,0.24715,0.162942,0.167294,0.170925,0.183345,63.444688,64.355126,65.552881,67.721039,3.517143,3.548158,3.56573,3.570542,1.829918,1.859643,1.890175,1.931511,1.746969,1.758766,1.776569,1.791126,0
C04750,C_L16,DIGITAL_CMOS,CMOS_C,0.272073,0.27651,0.282067,0.292426,0.170561,0.173794,0.181629,0.189593,64.452027,64.29255,65.589439,66.680015,3.490863,3.503807,3.514892,3.549101,1.778513,1.783601,1.795969,1.816791,1.640149,1.644684,1.660474,1.659325,0
C04751,C_L16,DIGITAL_CMOS,CMOS_C,0.226501,0.225761,0.24166,0.25769,0.110676,0.110111,0.115459,0.116684,63.816239,63.980973,66.554892,69.158067,3.523631,3.56332,3.60825,3.605214,1.910058,1.941448,1.997876,2.075843,1.6604,1.661455,1.682488,1.693869,0
C04752,C_L16,DIGITAL_CMOS,CMOS_C,0.24555,0.258104,0.267301,0.274566,0.106932,0.107773,0.112246,0.114396,60.193102,61.161142,62.11624,63.196792,3.409133,3.408663,3.412836,3.441415,1.882737,1.881466,1.891651,1.89014,1.740091,1.737208,1.748343,1.738733,0
C04753,C_L16,DIGITAL_CMOS,CMOS_C,0.258366,0.265288,0.272102,0.275505,0.148056,0.151004,0.157083,0.157856,63.070634,63.284516,64.423642,65.204972,3.311753,3.318268,3.306005,3.325624,1.680825,1.693134,1.690472,1.707566,1.574056,1.594789,1.584494,1.58576,0
C04754,C_L16,DIGITAL_CMOS,CMOS_C,0.382091,0.391382,0.406329,0.420144,0.210254,0.21545,0.221118,0.223584,65.996175,67.600463,68.433909,69.493533,3.594,3.628394,3.701826,3.716108,1.698121,1.745845,1.823498,1.847943,1.790343,1.806799,1.799436,1.818773,0
C04755,C_L16,DIGITAL_CMOS,CMOS_C,0.251997,0.254948,0.254311,0.258258,0.105866,0.103588,0.106217,0.106558,62.129853,62.203138,62.456814,62.861911,3.566197,3.53308,3.583241,3.59983,1.941523,1.969661,2.048199,2.091719,1.802989,1.805055,1.83671,1.840199,0
C04756,C_L16,DIGITAL_CMOS,CMOS_C,0.242841,0.247363,0.243267,0.242802,0.137041,0.139878,0.14252,0.141069,65.048902,65.277313,65.738436,66.762751,3.309549,3.341704,3.38563,3.457678,1.736222,1.769227,1.826715,1.910312,1.65982,1.652852,1.695765,1.697213,0
C04757,C_L16,DIGITAL_CMOS,CMOS_C,0.280243,0.283918,0.280307,0.283666,0.168453,0.168785,0.171926,0.173079,59.777115,59.798491,59.955117,60.274288,3.352986,3.350138,3.401627,3.458633,1.72766,1.748261,1.828818,1.941146,1.712731,1.695874,1.741983,1.754927,0
C04758,C_L16,DIGITAL_CMOS,CMOS_C,0.201465,0.202081,0.208463,0.21734,0.11577,0.121841,0.123499,0.127201,66.700197,67.193656,68.394479,69.299764,3.38332,3.415056,3.425682,3.43421,1.764487,1.816269,1.866995,1.885344,1.693926,1.70977,1.731732,1.75597,0
C04759,C_L16,DIGITAL_CMOS,CMOS_C,0.22252,0.229734,0.228935,0.241901,0.09281,0.096412,0.099708,0.099812,63.134388,64.050358,64.573308,65.016954,3.359737,3.362086,3.343934,3.369787,1.611138,1.612386,1.621734,1.631857,1.643796,1.65379,1.646864,1.642793,0
C04760,C_L16,DIGITAL_CMOS,CMOS_C,0.319779,0.334549,0.334661,0.349881,0.175165,0.177961,0.185469,0.187845,64.398381,65.116505,65.916813,66.778334,3.356787,3.375101,3.375764,3.390804,1.748244,1.772467,1.785071,1.815263,1.652845,1.650903,1.657647,1.664624,0
C04761,C_L16,DIGITAL_CMOS,CMOS_C,0.254101,0.256738,0.278211,0.285413,0.108312,0.109884,0.116032,0.122685,59.306948,60.32205,62.119109,65.154635,3.276457,3.316461,3.338503,3.379274,1.766835,1.819839,1.873165,1.926033,1.614621,1.620937,1.655947,1.656753,0
C04762,C_L16,DIGITAL_CMOS,CMOS_C,0.236002,0.235611,0.244622,0.245295,0.216871,0.217591,0.222088,0.219925,63.979469,64.182349,64.484267,64.037433,3.409695,3.425183,3.500083,3.56878,1.720129,1.75789,1.832195,1.932833,1.651684,1.660914,1.677916,1.701351,0
C04763,C_L16,DIGITAL_CMOS,CMOS_C,0.279456,0.281098,0.297681,0.310488,0.237046,0.238939,0.250964,0.25596,67.758807,69.279016,71.198108,73.909403,3.292852,3.282941,3.285432,3.326827,1.692955,1.679353,1.692196,1.722835,1.739063,1.717335,1.73644,1.736434,0
C04764,C_L16,DIGITAL_CMOS,CMOS_C,0.255441,0.26642,0.271697,0.276772,0.13555,0.139459,0.142409,0.142829,59.663544,60.588569,61.474754,63.4964,3.412852,3.41423,3.450349,3.469777,1.799594,1.860737,1.885754,1.920612,1.664301,1.694523,1.724632,1.727983,0
C04765,C_L16,DIGITAL_CMOS,CMOS_C,0.288082,0.295288,0.304218,0.303572,0.096596,0.097021,0.099281,0.101435,65.193637,66.681751,67.095313,67.465456,3.320549,3.318312,3.386608,3.43691,1.902647,1.875991,1.98328,2.04977,1.689658,1.690965,1.726067,1.775718,0
C04766,C_L16,DIGITAL_CMOS,CMOS_C,0.357829,0.363722,0.364569,0.374235,0.185552,0.188061,0.190552,0.192591,61.254665,61.322392,62.040357,61.560465,3.413976,3.408849,3.482535,3.488213,1.854214,1.894369,1.939041,1.984353,1.725151,1.710449,1.719768,1.735169,0
C04767,C_L16,DIGITAL_CMOS,CMOS_C,0.291226,0.295587,0.297217,0.299078,0.133832,0.134461,0.137499,0.137999,66.003133,65.95659,65.874299,66.830118,3.259032,3.249165,3.275675,3.318661,1.657659,1.681267,1.728177,1.753153,1.621001,1.644815,1.655271,1.657636,0
C04768,C_L16,DIGITAL_CMOS,CMOS_C,0.229624,0.236886,0.257581,0.408631,0.140071,0.144413,0.150361,0.19067,55.986488,56.808339,58.434422,59.221202,3.570921,3.583506,3.583542,3.574265,1.811816,1.823677,1.836274,1.831781,1.716474,1.737307,1.744052,1.732659,1
C04769,C_L16,DIGITAL_CMOS,CMOS_C,0.216474,0.225511,0.232769,0.251579,0.130996,0.135009,0.145386,0.153783,54.468474,54.979171,55.38594,57.464048,3.257577,3.27855,3.326253,3.326807,1.667869,1.707416,1.743128,1.778054,1.72893,1.722485,1.729614,1.739492,0
C04770,C_L16,DIGITAL_CMOS,CMOS_C,0.291593,0.295558,0.298481,0.304317,0.127743,0.131291,0.133179,0.134749,64.122529,65.311087,66.125955,66.823685,3.322388,3.335866,3.339834,3.342448,1.719338,1.712982,1.74542,1.777196,1.578788,1.580804,1.583991,1.57704,0
C04771,C_L16,DIGITAL_CMOS,CMOS_C,0.272022,0.269602,0.288097,0.291574,0.119044,0.122961,0.128076,0.130567,64.102514,65.59951,65.706841,67.51753,3.301137,3.310177,3.338588,3.306196,1.701299,1.711515,1.71541,1.721627,1.564886,1.572391,1.564265,1.56753,0
C04772,C_L16,DIGITAL_CMOS,CMOS_C,0.354532,0.359143,0.384706,0.397962,0.151312,0.154891,0.156083,0.159609,64.485363,64.610864,66.588762,67.947287,3.624903,3.632576,3.648924,3.640431,1.92173,1.913966,1.932134,1.948857,1.867235,1.837216,1.851691,1.854976,0
C04773,C_L16,DIGITAL_CMOS,CMOS_C,0.269938,0.284903,0.29462,0.308872,0.163035,0.172127,0.175548,0.179297,63.122009,64.784742,65.87395,67.417208,3.414928,3.431259,3.427328,3.45413,1.937263,1.938295,1.925027,1.945734,1.808313,1.797221,1.811623,1.804749,0
C04774,C_L16,DIGITAL_CMOS,CMOS_C,0.310368,0.316339,0.318493,0.321997,0.12197,0.121627,0.124505,0.123793,65.962402,65.2342,66.147436,66.116324,3.240106,3.233101,3.25414,3.260054,1.656713,1.653742,1.67808,1.700731,1.656063,1.640651,1.649415,1.642822,0
C04775,C_L16,DIGITAL_CMOS,CMOS_C,0.227905,0.236924,0.234855,0.248667,0.105648,0.109032,0.112445,0.114522,64.482155,65.225508,65.940672,66.595715,3.73445,3.775552,3.787537,3.773349,2.03004,2.047746,2.105052,2.143912,1.738921,1.76291,1.777518,1.785093,0
C04776,C_L16,DIGITAL_CMOS,CMOS_C,0.253668,0.248084,0.254346,0.254083,0.108031,0.107211,0.108694,0.110697,64.136563,64.063156,64.000766,64.239286,3.376015,3.380387,3.430109,3.418666,1.807509,1.812899,1.806557,1.810246,1.661778,1.681569,1.703064,1.687439,0
C04777,C_L16,DIGITAL_CMOS,CMOS_C,0.250265,0.249226,0.25858,0.273141,0.199484,0.200306,0.208129,0.217016,64.749855,64.626347,68.080099,70.073983,3.531769,3.526201,3.546848,3.535979,1.706966,1.715907,1.723487,1.740964,1.741117,1.721769,1.73583,1.751138,0
C04778,C_L16,DIGITAL_CMOS,CMOS_C,0.270608,0.279391,0.293681,0.294409,0.128353,0.132193,0.134906,0.135493,61.715988,62.817138,64.955787,66.097509,3.284434,3.310646,3.348193,3.35405,1.811727,1.837541,1.896964,1.927797,1.804266,1.793179,1.819821,1.82372,0
C04779,C_L16,DIGITAL_CMOS,CMOS_C,0.2688,0.275103,0.279814,0.284376,0.089752,0.091494,0.096074,0.097633,62.591136,62.876044,63.835876,64.723869,3.141448,3.155743,3.211746,3.224312,1.657664,1.663801,1.713615,1.775302,1.594781,1.611296,1.618477,1.624507,0
C04780,C_L16,DIGITAL_CMOS,CMOS_C,0.280889,0.280026,0.282941,0.28605,0.110346,0.112065,0.112378,0.113579,59.089728,59.222915,59.860631,59.243909,3.43932,3.43585,3.434725,3.44119,1.800762,1.809819,1.84432,1.843291,1.68568,1.697577,1.704845,1.706773,0
C04781,C_L16,DIGITAL_CMOS,CMOS_C,0.257065,0.262972,0.273501,0.283894,0.133717,0.136479,0.140633,0.146076,62.481493,63.20211,64.999527,66.732886,3.25755,3.268892,3.324558,3.357136,1.681213,1.723965,1.789772,1.827027,1.641164,1.661697,1.669351,1.688091,0
C04782,C_L16,DIGITAL_CMOS,CMOS_C,0.236254,0.23315,0.245732,0.250669,0.120234,0.12366,0.128922,0.131132,60.899989,62.352515,63.716743,64.534303,3.508096,3.519346,3.50972,3.532469,1.856986,1.86117,1.855889,1.872982,1.685918,1.681896,1.685786,1.674778,0
C04783,C_L16,DIGITAL_CMOS,CMOS_C,0.32008,0.330223,0.346994,0.370862,0.133934,0.135311,0.143447,0.150003,61.243781,62.241887,63.665265,64.648757,3.434183,3.431227,3.45202,3.471029,1.670495,1.70282,1.726513,1.740709,1.627467,1.62994,1.63653,1.643274,0
C04784,C_L16,DIGITAL_CMOS,CMOS_C,0.33334,0.336854,0.352127,0.373566,0.1108,0.113258,0.118367,0.12251,62.378098,63.046726,64.540563,67.072823,3.359961,3.378784,3.419599,3.43626,1.77518,1.806118,1.84051,1.886813,1.645666,1.659187,1.663339,1.673878,0
C04785,C_L16,DIGITAL_CMOS,CMOS_C,0.29049,0.292631,0.290962,0.305529,0.081831,0.083443,0.083528,0.082828,63.417135,63.700329,64.066515,64.054254,3.378109,3.391039,3.414557,3.422933,1.749607,1.79796,1.847663,1.872967,1.632828,1.651,1.652998,1.649489,0
C04786,C_L16,DIGITAL_CMOS,CMOS_C,0.241736,0.248282,0.251177,0.25859,0.124297,0.130343,0.13628,0.138385,63.22957,63.537629,64.838502,65.105461,3.345901,3.349075,3.367787,3.36816,1.74578,1.776495,1.796159,1.802051,1.584868,1.577661,1.579117,1.587219,0
C04787,C_L16,DIGITAL_CMOS,CMOS_C,0.262544,0.267411,0.279256,0.284293,0.107151,0.111495,0.114025,0.115904,66.804234,67.855915,69.423074,70.988413,3.331479,3.325892,3.343902,3.356489,1.79598,1.778545,1.781865,1.811751,1.70839,1.758141,1.871503,1.98411,1
C04788,C_L16,DIGITAL_CMOS,CMOS_C,0.282761,0.286271,0.296753,0.296516,0.113558,0.118075,0.120953,0.122989,59.432352,60.059152,60.791374,62.806564,3.513602,3.500717,3.531023,3.524943,1.752911,1.780053,1.800471,1.814033,1.652251,1.635871,1.657243,1.648645,0
C04789,C_L16,DIGITAL_CMOS,CMOS_C,0.20057,0.204971,0.212128,0.220731,0.145646,0.147605,0.152344,0.154609,61.237909,61.653452,63.378638,64.619945,3.479247,3.494483,3.5129,3.551063,1.79206,1.856531,1.90775,1.937937,1.65591,1.665515,1.66913,1.697252,0
C04790,C_L16,DIGITAL_CMOS,CMOS_C,0.312467,0.320848,0.33376,0.35602,0.151893,0.154594,0.159603,0.164343,64.668495,65.829261,67.597028,70.495401,3.360778,3.3795,3.392654,3.415587,1.747911,1.78587,1.839649,1.856274,1.63244,1.637613,1.65124,1.6731,0
C04791,C_L16,DIGITAL_CMOS,CMOS_C,0.247438,0.249431,0.254214,0.255476,0.098921,0.10019,0.102023,0.103618,67.769122,68.05939,68.526746,68.605914,3.513188,3.505686,3.491414,3.531314,1.734968,1.770727,1.783885,1.785116,1.65135,1.673673,1.663001,1.667222,0
C04792,C_L16,DIGITAL_CMOS,CMOS_C,0.166369,0.169994,0.175919,0.186364,0.118682,0.121194,0.131272,0.135509,65.326658,66.634015,67.837642,68.863854,3.502226,3.536036,3.599072,3.654451,1.774931,1.795173,1.884809,1.96119,1.676021,1.668481,1.694363,1.72876,0
C04952,C_L19,DIGITAL_CMOS,CMOS_C,0.234258,0.235941,0.242697,0.243778,0.084608,0.085087,0.085176,0.086506,64.326022,64.127526,64.653894,64.543855,3.507021,3.553888,3.581785,3.603965,1.689085,1.702673,1.726266,1.725515,1.688058,1.698601,1.723737,1.731034,0
C04953,C_L19,DIGITAL_CMOS,CMOS_C,0.345677,0.360513,0.365651,0.369325,0.128301,0.134874,0.13584,0.13988,62.063345,62.466632,64.298723,64.588972,3.707211,3.749679,3.783036,3.797139,1.929723,1.953286,1.95995,1.974282,1.822628,1.830087,1.854481,1.869317,0
C04954,C_L19,DIGITAL_CMOS,CMOS_C,0.283248,0.290036,0.295572,0.300868,0.134458,0.136375,0.142232,0.142703,64.270172,65.380333,66.160121,66.735421,3.659961,3.691929,3.724281,3.771009,1.895368,1.914705,1.935963,1.968792,1.701101,1.699768,1.733337,1.774211,0
C04955,C_L19,DIGITAL_CMOS,CMOS_C,0.24234,0.242732,0.248054,0.252883,0.137414,0.137676,0.144012,0.14179,58.241512,59.440092,60.186963,61.10448,3.483291,3.500853,3.528121,3.550138,1.72422,1.735432,1.770602,1.79637,1.634289,1.658702,1.67855,1.668446,0
C04956,C_L19,DIGITAL_CMOS,CMOS_C,0.276079,0.284715,0.2962,0.307004,0.125808,0.130594,0.133579,0.132908,59.658687,59.844672,60.582853,61.504354,3.720845,3.733065,3.77609,3.760575,1.864593,1.859094,1.868262,1.889863,1.634477,1.63757,1.653031,1.653925,0
C04957,C_L19,DIGITAL_CMOS,CMOS_C,0.281447,0.289288,0.296188,0.304997,0.064471,0.06654,0.069249,0.069743,66.232669,65.904152,67.600796,68.265559,3.22789,3.241853,3.241699,3.281426,1.743979,1.764943,1.790319,1.811496,1.641945,1.657912,1.669548,1.678098,0
C04958,C_L19,DIGITAL_CMOS,CMOS_C,0.446967,0.454429,0.471771,0.475438,0.255587,0.263929,0.267393,0.274135,62.781105,63.409949,64.533723,65.493128,3.530972,3.55371,3.592273,3.647794,1.909878,1.926002,1.950698,1.967961,1.737686,1.743213,1.751755,1.784742,0
C04959,C_L19,DIGITAL_CMOS,CMOS_C,0.288342,0.289537,0.300212,0.307452,0.219125,0.21937,0.22496,0.233681,63.516109,64.332253,65.518572,66.889071,3.453547,3.453565,3.44697,3.473344,2.020082,2.018306,2.037165,2.022957,1.825187,1.832249,1.851154,1.824801,0
C04960,C_L19,DIGITAL_CMOS,CMOS_C,0.309267,0.320109,0.330244,0.329934,0.150658,0.152606,0.160429,0.159878,63.478409,64.254517,66.287337,66.919254,3.598481,3.565055,3.584854,3.588912,1.924598,1.953622,1.941771,1.917782,1.879189,1.881145,1.880875,1.888699,0
C04961,C_L19,DIGITAL_CMOS,CMOS_C,0.305903,0.318512,0.326307,0.335874,0.131068,0.134136,0.136634,0.140199,59.430869,60.318985,61.256302,61.978469,3.48116,3.519388,3.564762,3.603994,1.860779,1.890065,1.934873,1.949454,1.706143,1.725663,1.735848,1.747038,0
C04962,C_L19,DIGITAL_CMOS,CMOS_C,0.304123,0.306146,0.310738,0.311644,0.130651,0.133141,0.133736,0.134544,61.250118,62.277745,63.402475,64.045946,3.545426,3.569502,3.592745,3.632283,1.897548,1.906446,1.914676,1.922127,1.77926,1.76955,1.764877,1.764266,0
C04963,C_L19,DIGITAL_CMOS,CMOS_C,0.302493,0.304687,0.308142,0.301662,0.115692,0.11539,0.117643,0.117859,65.295051,65.592043,66.190418,65.953093,3.655301,3.649895,3.66349,3.678533,2.017643,2.021651,2.027425,2.028386,1.694635,1.706985,1.712969,1.71361,0
C04964,C_L19,DIGITAL_CMOS,CMOS_C,0.278926,0.281261,0.292393,0.299883,0.093017,0.094475,0.095083,0.099768,59.339912,59.391121,60.445914,61.788049,3.457345,3.458356,3.461415,3.496849,1.804636,1.797539,1.81118,1.807347,1.715939,1.706749,1.710878,1.716656,0
C04965,C_L19,DIGITAL_CMOS,CMOS_C,0.343239,0.346361,0.347232,0.357252,0.13725,0.135804,0.139037,0.138751,66.518607,66.68789,66.76675,66.848445,3.400019,3.398655,3.438765,3.469499,1.684854,1.695511,1.71498,1.72435,1.712372,1.718584,1.724257,1.763352,0
C04966,C_L19,DIGITAL_CMOS,CMOS_C,0.284839,0.292024,0.286205,0.289299,0.169271,0.170254,0.172438,0.173698,58.170308,57.988316,58.269495,58.998181,3.484523,3.506609,3.53518,3.572356,1.907317,1.919268,1.925029,1.938296,1.67775,1.68233,1.676896,1.674649,0
C04967,C_L19,DIGITAL_CMOS,CMOS_C,0.275544,0.277643,0.281636,0.281819,0.152228,0.155285,0.154022,0.153542,60.928764,61.286009,61.504606,61.165309,3.505333,3.564847,3.615553,3.677121,1.808714,1.831655,1.861803,1.890454,1.672112,1.680266,1.69935,1.722193,0
C04968,C_L19,DIGITAL_CMOS,CMOS_C,0.303373,0.312811,0.321025,0.333697,0.124503,0.127258,0.129649,0.137562,63.127083,63.512534,64.57922,66.053913,3.576843,3.604305,3.666833,3.708573,1.914867,1.933724,1.970443,1.991033,1.757084,1.75233,1.787156,1.810984,0
C04969,C_L19,DIGITAL_CMOS,CMOS_C,0.308486,0.314909,0.322952,0.317632,0.135389,0.13756,0.136289,0.137185,61.208786,61.237388,61.741726,62.005453,3.387614,3.383881,3.379841,3.387903,1.847042,1.831182,1.834228,1.845496,1.820449,1.808488,1.812421,1.832418,0
C04970,C_L19,DIGITAL_CMOS,CMOS_C,0.272579,0.274351,0.286969,0.299464,0.11593,0.117089,0.124718,0.130232,58.1571,58.68464,59.220716,59.700179,3.476982,3.51471,3.553009,3.595244,1.775718,1.817949,1.83489,1.861411,1.717516,1.739536,1.760128,1.768523,0
C04971,C_L19,DIGITAL_CMOS,CMOS_C,0.286222,0.293221,0.29362,0.29645,0.124162,0.124453,0.127519,0.126491,59.136786,60.190746,60.482393,60.767592,3.696291,3.736083,3.775291,3.784471,2.016633,2.026466,2.059204,2.077022,1.782103,1.788933,1.802628,1.821931,0
C04972,C_L19,DIGITAL_CMOS,CMOS_C,0.271826,0.279583,0.284718,0.292638,0.0844,0.087153,0.088189,0.089087,63.853857,64.741657,65.237184,65.762855,3.48426,3.504295,3.503787,3.509012,1.875788,1.879269,1.864094,1.873084,1.703093,1.711482,1.723219,1.718144,0
C04973,C_L19,DIGITAL_CMOS,CMOS_C,0.308141,0.311552,0.307399,0.324151,0.151509,0.153288,0.153345,0.154243,57.075265,57.401719,57.263392,57.461448,3.784657,3.809249,3.798645,3.789965,1.868631,1.860733,1.854987,1.868139,1.776386,1.776121,1.772474,1.787336,0
C04974,C_L19,DIGITAL_CMOS,CMOS_C,0.342338,0.340534,0.342652,0.35325,0.127919,0.129071,0.129224,0.129623,61.523478,62.225386,61.784359,61.509422,3.611172,3.629974,3.684823,3.707273,2.034859,2.037559,2.062449,2.088745,1.940785,1.963607,1.98464,1.997361,0
C04975,C_L19,DIGITAL_CMOS,CMOS_C,0.294701,0.294918,0.298742,0.308912,0.118724,0.120109,0.127325,0.128808,55.924139,55.704853,56.975353,57.883535,3.348229,3.371979,3.416743,3.460414,1.685865,1.696489,1.727678,1.730816,1.569955,1.577563,1.593366,1.605859,0
C04976,C_L19,DIGITAL_CMOS,CMOS_C,0.460254,0.471216,0.488252,0.495022,0.265429,0.27088,0.274982,0.278239,62.056322,61.831753,62.614176,62.898807,3.308541,3.319567,3.356521,3.374282,1.724384,1.730122,1.750507,1.747389,1.555144,1.556734,1.555317,1.566893,1
C04977,C_L19,DIGITAL_CMOS,CMOS_C,0.320466,0.318604,0.329747,0.338837,0.154114,0.153564,0.160165,0.167644,64.331765,65.402634,65.492406,66.766305,3.469382,3.456642,3.478785,3.479207,1.803633,1.817312,1.817456,1.842018,1.70579,1.717883,1.713449,1.722464,0
C04978,C_L19,DIGITAL_CMOS,CMOS_C,0.333057,0.344755,0.348493,0.359787,0.111963,0.112673,0.116802,0.120062,65.045097,65.947303,67.258763,69.634035,3.55302,3.550223,3.558039,3.582788,1.805257,1.81206,1.821429,1.824336,1.717969,1.737294,1.738332,1.750751,0
C04979,C_L19,DIGITAL_CMOS,CMOS_C,0.305734,0.310334,0.320582,0.331511,0.136374,0.1379,0.142075,0.144015,63.341981,63.145956,64.318913,64.825727,3.42676,3.412058,3.432226,3.4259,1.864461,1.858569,1.841434,1.835853,1.666735,1.669441,1.674417,1.678039,0
C04980,C_L19,DIGITAL_CMOS,CMOS_C,0.285103,0.284397,0.296025,0.304739,0.122053,0.124116,0.128229,0.131288,66.250266,66.466201,67.46907,68.758736,3.648424,3.679551,3.722482,3.734434,1.887222,1.918298,1.917582,1.93232,1.671903,1.671057,1.693832,1.697682,0
C04981,C_L19,DIGITAL_CMOS,CMOS_C,0.253869,0.253846,0.256805,0.254003,0.095525,0.096488,0.097418,0.097761,64.985264,65.308565,65.84107,65.550564,3.508908,3.501136,3.527543,3.542859,1.856035,1.849857,1.86922,1.88158,1.563407,1.580007,1.56977,1.586767,0
C04982,C_L19,DIGITAL_CMOS,CMOS_C,0.388202,0.38128,0.390153,0.395215,0.155728,0.158074,0.158566,0.160636,63.11083,63.035843,63.634435,63.638952,3.540348,3.591134,3.563645,3.646379,1.991454,1.978747,1.962738,2.106173,1.820704,1.835487,1.819234,2.012453,1
C04983,C_L19,DIGITAL_CMOS,CMOS_C,0.404528,0.423349,0.442382,0.458607,0.117637,0.117323,0.122043,0.126786,63.602954,64.238657,65.396871,67.334343,3.305004,3.337837,3.376982,3.388459,1.868085,1.882333,1.904866,1.948207,1.684035,1.702735,1.700392,1.73979,0
C04984,C_L19,DIGITAL_CMOS,CMOS_C,0.330848,0.340205,0.353118,0.362061,0.122599,0.122397,0.123653,0.12552,66.512803,67.142276,68.30801,69.083967,3.804436,3.821873,3.902651,3.950368,1.944059,1.971232,1.984255,1.992868,1.819443,1.830838,1.84628,1.836953,0
C04985,C_L19,DIGITAL_CMOS,CMOS_C,0.318715,0.323852,0.343769,0.356667,0.155888,0.161073,0.166656,0.172809,61.006219,60.917621,62.560884,64.401514,3.415292,3.435087,3.505614,3.542903,1.848947,1.861272,1.896853,1.91978,1.655355,1.670947,1.691919,1.713285,0
C04986,C_L19,DIGITAL_CMOS,CMOS_C,0.263863,0.269172,0.284406,0.287064,0.14386,0.145539,0.14852,0.151678,59.189958,59.627853,60.810976,61.316406,3.532328,3.573436,3.62158,3.617908,1.859303,1.858644,1.914663,1.92778,1.734927,1.759801,1.757816,1.782128,0
C04987,C_L19,DIGITAL_CMOS,CMOS_C,0.228819,0.229386,0.23146,0.234205,0.098527,0.10188,0.100799,0.102367,62.290991,62.256395,62.763139,63.446922,3.398514,3.403123,3.40711,3.44914,1.875115,1.888189,1.897202,1.891264,1.592748,1.592847,1.583865,1.588527,0
C04988,C_L19,DIGITAL_CMOS,CMOS_C,0.228203,0.23058,0.228146,0.229611,0.134275,0.1343,0.132634,0.134375,62.412935,62.186994,62.298995,63.416638,3.337718,3.345169,3.379955,3.400509,1.835657,1.855105,1.87746,1.892876,1.706949,1.728295,1.719819,1.737697,0
C04989,C_L19,DIGITAL_CMOS,CMOS_C,0.386367,0.397369,0.401948,0.41773,0.978208,1.033812,0.986814,1.053092,62.244863,61.688838,63.401695,64.882488,3.558256,3.55578,3.582207,3.574998,1.835915,1.843976,1.839961,1.83556,1.669837,1.679884,1.685341,1.708386,1
C04990,C_L19,DIGITAL_CMOS,CMOS_C,0.308038,0.314159,0.336344,0.347172,0.164651,0.164815,0.173215,0.179129,61.701915,62.485126,63.749651,66.051902,3.735028,3.733573,3.746733,3.770709,1.866546,1.874448,1.900941,1.878488,1.851307,1.857342,1.852793,1.845888,0
C04991,C_L19,DIGITAL_CMOS,CMOS_C,0.395429,0.407392,0.408816,0.41685,0.217021,0.222086,0.219768,0.225253,61.14114,62.603091,63.581415,64.333119,3.317075,3.34609,3.393998,3.427082,1.814192,1.856398,1.872221,1.889672,1.587577,1.616735,1.626923,1.633299,0
C04992,C_L19,DIGITAL_CMOS,CMOS_C,0.298203,0.30421,0.310563,0.306472,0.156695,0.158508,0.16117,0.164892,57.389009,58.530745,59.385716,60.702351,3.639154,3.636764,3.640788,3.634223,1.948047,1.960913,1.971487,1.973812,1.710771,1.707741,1.71801,1.717163,0
C04993,C_L19,DIGITAL_CMOS,CMOS_C,0.238391,0.239434,0.242712,0.253762,0.136468,0.141112,0.143765,0.147707,61.48707,61.702842,62.593228,63.428839,3.458295,3.475293,3.520841,3.563104,1.82605,1.836955,1.877192,1.937235,1.770796,1.779262,1.805574,1.816504,0
C04994,C_L19,DIGITAL_CMOS,CMOS_C,0.317556,0.314661,0.326793,0.320748,0.123899,0.127037,0.13064,0.132854,64.306567,64.877854,66.284168,66.71974,3.530707,3.534982,3.553464,3.579282,1.899138,1.876928,1.894172,1.887882,1.71533,1.721584,1.727737,1.737727,0
C04995,C_L19,DIGITAL_CMOS,CMOS_C,0.249111,0.257896,0.265766,0.270579,0.105014,0.109499,0.111657,0.113126,64.133645,63.934677,64.980664,65.374558,3.455464,3.430734,3.466797,3.492898,1.764175,1.78621,1.773816,1.769088,1.662938,1.678392,1.684836,1.674546,0
C04996,C_L19,DIGITAL_CMOS,CMOS_C,0.324473,0.33072,0.342468,0.342913,0.20139,0.205043,0.207103,0.212782,60.791351,60.96447,62.574286,62.554757,3.469294,3.488183,3.540133,3.624021,1.875408,1.888057,1.911069,1.957092,1.798917,1.811355,1.826837,1.869781,0
C04997,C_L19,DIGITAL_CMOS,CMOS_C,0.274488,0.282374,0.284427,0.296217,0.148959,0.149827,0.154001,0.155226,68.97248,70.012103,70.130804,71.285871,3.33825,3.342344,3.345108,3.344682,1.829729,1.819641,1.834748,1.840951,1.669984,1.680847,1.680246,1.673392,0
C04998,C_L19,DIGITAL_CMOS,CMOS_C,0.529266,0.606574,0.857443,1.141814,0.167935,0.17031,0.170011,0.174726,61.147427,60.77185,61.112893,61.210815,3.569166,3.604401,3.609923,3.609472,1.838276,1.85422,1.858948,1.875927,1.753045,1.760077,1.75878,1.766884,1
C04999,C_L19,DIGITAL_CMOS,CMOS_C,0.368202,0.367179,0.365843,0.37065,0.134174,0.131795,0.13364,0.136154,65.358801,65.054605,65.092977,65.046094,3.509852,3.502594,3.486643,3.507369,1.974199,1.960373,1.999666,1.993933,1.74531,1.723367,1.727902,1.743887,0
C05000,C_L19,DIGITAL_CMOS,CMOS_C,0.309389,0.313296,0.315328,0.321884,0.101379,0.103372,0.105422,0.106228,63.99543,64.729372,66.605661,66.735666,3.527382,3.587508,3.65131,3.680416,1.880284,1.910391,1.95201,1.959219,1.861989,1.891185,1.944662,1.941679,0
C05001,C_L19,DIGITAL_CMOS,CMOS_C,0.279572,0.281967,0.286249,0.288165,0.1548,0.155681,0.159083,0.157267,64.693306,64.114099,64.45122,65.101862,3.308934,3.349497,3.384926,3.424956,1.780759,1.792601,1.807178,1.833314,1.63807,1.639151,1.6624,1.663461,0
C05002,C_L19,DIGITAL_CMOS,CMOS_C,0.309553,0.315896,0.305091,0.309773,0.148805,0.150265,0.150384,0.149892,59.297425,59.322272,59.846511,59.996065,3.535172,3.543021,3.554128,3.540665,1.919259,1.918717,1.910103,1.937378,1.835299,1.839442,1.829127,1.852477,0
C05003,C_L19,DIGITAL_CMOS,CMOS_C,0.2692,0.271452,0.280585,0.28367,0.108771,0.110277,0.113164,0.114863,56.823996,57.95623,58.274595,58.584182,3.239472,3.278437,3.335487,3.362748,1.832082,1.854192,1.873037,1.889753,1.63045,1.633948,1.642812,1.668497,0
C05004,C_L19,DIGITAL_CMOS,CMOS_C,0.293414,0.302987,0.307447,0.314056,0.133674,0.136606,0.141787,0.144998,63.299369,63.69764,64.790044,66.444902,3.664818,3.691719,3.751705,3.84526,1.932825,1.95095,1.992065,2.043238,1.809216,1.792688,1.825643,1.849413,0
C05005,C_L19,DIGITAL_CMOS,CMOS_C,0.291019,0.295539,0.297971,0.295932,0.148962,0.148498,0.147935,0.148388,63.072739,62.347716,62.595632,62.661771,3.548941,3.534286,3.555817,3.588129,1.903737,1.92002,1.922246,1.93474,1.80047,1.796427,1.81347,1.806865,0
C05006,C_L19,DIGITAL_CMOS,CMOS_C,0.277834,0.27958,0.281757,0.281557,0.098964,0.100538,0.101058,0.102299,59.006118,59.640333,59.63464,59.781974,3.684382,3.693016,3.759881,3.845499,2.02407,2.023106,2.072216,2.096847,1.785284,1.785682,1.795768,1.817946,0
C05007,C_L19,DIGITAL_CMOS,CMOS_C,0.320521,0.335452,0.344654,0.350109,0.176623,0.179084,0.181717,0.182277,64.06263,64.853007,65.702408,65.578692,3.600812,3.600318,3.637969,3.664783,1.794931,1.801482,1.822192,1.830991,1.712761,1.718702,1.734113,1.757836,0
C05008,C_L19,DIGITAL_CMOS,CMOS_C,0.260861,0.269282,0.265102,0.264185,0.138128,0.13876,0.14286,0.14202,62.350372,61.794376,62.477501,62.221502,3.058435,3.057527,3.12378,3.183495,1.695437,1.709756,1.750059,1.790359,1.54297,1.538837,1.563535,1.578969,0
C05009,C_L19,DIGITAL_CMOS,CMOS_C,0.387906,0.388943,0.382905,0.389515,0.13567,0.137893,0.135053,0.140295,63.231097,63.951269,63.317243,63.901337,3.562312,3.560843,3.561429,3.554325,1.814803,1.809349,1.833856,1.832486,1.757228,1.755054,1.759524,1.756393,0
C05010,C_L19,DIGITAL_CMOS,CMOS_C,0.351865,0.358828,0.373232,0.388804,0.161658,0.163704,0.173561,0.180094,62.34876,63.387174,64.72894,66.202504,3.393502,3.414457,3.409773,3.401684,1.806996,1.817317,1.826705,1.823743,1.652656,1.650013,1.647925,1.641448,0
C05011,C_L19,DIGITAL_CMOS,CMOS_C,0.25491,0.253686,0.264236,0.261882,0.100933,0.102661,0.103493,0.103457,62.599126,63.047037,63.518985,63.838318,3.622324,3.647214,3.658762,3.672891,1.788674,1.800991,1.783145,1.792396,1.731827,1.72535,1.723226,1.73022,0
C05012,C_L19,DIGITAL_CMOS,CMOS_C,0.323059,0.318841,0.313904,0.322091,0.149668,0.153268,0.155149,0.155319,66.898389,66.703693,67.479466,67.518656,3.409818,3.397891,3.396041,3.421347,1.869285,1.878078,1.882706,1.879426,1.801602,1.801026,1.799395,1.806981,0
C05013,C_L19,DIGITAL_CMOS,CMOS_C,0.309737,0.318012,0.322961,0.324995,0.105699,0.105829,0.108145,0.105965,64.194306,63.748199,64.551334,64.898665,3.539503,3.547882,3.534912,3.548928,1.809796,1.821829,1.802447,1.823107,1.799831,1.803239,1.81039,1.809706,0
C05014,C_L19,DIGITAL_CMOS,CMOS_C,0.317457,0.32462,0.323103,0.334134,0.139871,0.140617,0.144145,0.145959,62.345192,62.990131,64.007428,64.682924,3.46788,3.458186,3.480415,3.490078,1.884125,1.89484,1.903026,1.909248,1.717909,1.70469,1.718298,1.718223,0
C05015,C_L19,DIGITAL_CMOS,CMOS_C,0.297048,0.297284,0.296328,0.30114,0.09045,0.090337,0.091478,0.091215,61.263667,62.113622,61.943521,63.028907,3.411658,3.411939,3.446124,3.525368,1.867933,1.887442,1.908794,1.948873,1.69562,1.703106,1.728925,1.761429,0
C05016,C_L19,DIGITAL_CMOS,CMOS_C,0.292144,0.298061,0.295854,0.29946,0.108861,0.108679,0.109571,0.111908,59.119997,58.777526,58.264154,59.263493,3.721686,3.741579,3.804119,3.845124,1.928892,1.922348,1.975785,2.005825,1.745653,1.743847,1.781073,1.824844,0
C05017,C_L19,DIGITAL_CMOS,CMOS_C,0.285996,0.286512,0.287853,0.295258,0.152488,0.15364,0.157623,0.157022,67.6449,68.133628,68.284526,68.139958,3.401436,3.427134,3.449554,3.52483,1.93103,1.951026,1.973686,2.051739,1.713466,1.723982,1.744682,1.797363,0
C05018,C_L19,DIGITAL_CMOS,CMOS_C,0.292097,0.301507,0.304429,0.317583,0.092038,0.09247,0.096018,0.098355,63.540176,63.984649,65.110417,64.71828,3.669343,3.687797,3.692615,3.726953,1.861261,1.864741,1.860122,1.874722,1.735706,1.722155,1.710501,1.726695,0
C05019,C_L19,DIGITAL_CMOS,CMOS_C,0.313319,0.316221,0.333393,0.345423,0.113455,0.116369,0.11711,0.119861,64.677926,64.900921,66.882119,67.601559,3.586706,3.603784,3.678205,3.737016,1.825623,1.838561,1.840747,1.871639,1.805109,1.80266,1.837368,1.875138,0
C05020,C_L19,DIGITAL_CMOS,CMOS_C,0.323326,0.33283,0.334286,0.336495,0.123944,0.125062,0.125276,0.125384,58.024298,57.746601,57.949603,58.477848,3.835613,3.863877,3.876485,3.877503,1.96067,1.934006,1.964055,1.975662,1.745137,1.758786,1.74899,1.740269,0
C05021,C_L19,DIGITAL_CMOS,CMOS_C,0.294417,0.294439,0.300989,0.314967,0.097095,0.099304,0.101868,0.106331,62.754604,62.723095,63.898453,64.649737,3.379016,3.357499,3.376169,3.40647,1.77369,1.757956,1.773129,1.787528,1.768474,1.78003,1.762986,1.767843,0
C05022,C_L19,DIGITAL_CMOS,CMOS_C,0.294225,0.291954,0.290437,0.299331,0.132294,0.131336,0.129911,0.131103,65.240046,64.333638,65.445729,65.767563,3.520936,3.507525,3.552134,3.59862,1.730381,1.731232,1.764253,1.780691,1.809152,1.803095,1.832021,1.848881,0
C05023,C_L19,DIGITAL_CMOS,CMOS_C,0.315992,0.316463,0.325937,0.324885,0.138561,0.138004,0.14045,0.139618,61.838165,61.335153,61.83347,62.067222,3.730212,3.761327,3.750922,3.844492,1.849589,1.867612,1.861577,1.882824,1.74558,1.73507,1.784509,1.873227,1
C05024,C_L19,DIGITAL_CMOS,CMOS_C,0.320782,0.319888,0.32757,0.338883,0.130507,0.132842,0.135703,0.138906,62.074174,61.775305,62.929215,63.295936,3.462336,3.487535,3.520185,3.550892,1.787886,1.806459,1.810848,1.843165,1.708558,1.722774,1.742646,1.752767,0
C05025,C_L19,DIGITAL_CMOS,CMOS_C,0.376715,0.388765,0.378013,0.382875,0.138643,0.141132,0.141154,0.14238,59.774541,59.044664,59.874692,60.104039,3.308478,3.349917,3.358927,3.385621,1.77132,1.782788,1.795606,1.807565,1.541963,1.563589,1.575657,1.568113,0
