component_id,lot_id,device_family,device_variant,IDDQ_0h,IDDQ_24h,Input_Leakage_Current_0h,Input_Leakage_Current_24h,Active_Supply_Current_0h,Active_Supply_Current_24h,Propagation_Delay_0h,Propagation_Delay_24h,Output_Rise_Time_0h,Output_Rise_Time_24h,Output_Fall_Time_0h,Output_Fall_Time_24h,IDDQ_168h,Input_Leakage_Current_168h,Active_Supply_Current_168h,Propagation_Delay_168h,Output_Rise_Time_168h,Output_Fall_Time_168h
C00669,A_L10,DIGITAL_CMOS,CMOS_A,1.763058,1.750275,0.021464,0.021551,83.588897,82.808315,9.073551,9.161236,8.34057,8.383157,7.389947,7.412337,1.791835,0.022197,83.728249,9.194114,8.41181,7.572246
C00670,A_L10,DIGITAL_CMOS,CMOS_A,1.098346,1.107058,0.015608,0.015637,86.999144,85.820001,9.207037,9.295752,8.411471,8.543088,7.926322,8.009112,1.114481,0.015731,86.885159,9.365784,8.765373,8.45294
C00671,A_L10,DIGITAL_CMOS,CMOS_A,1.452263,1.443647,0.022201,0.022463,91.596352,92.828422,9.174128,9.203465,8.44106,8.386028,7.893879,7.887411,1.502578,0.022081,92.730036,9.210927,8.451968,8.060259
C00672,A_L10,DIGITAL_CMOS,CMOS_A,1.545857,1.55848,0.018771,0.018929,85.693752,86.414719,9.460212,9.395854,8.654504,8.660905,8.199217,8.223276,1.720059,0.01972,90.062567,9.519472,8.694598,8.420838
C00673,A_L10,DIGITAL_CMOS,CMOS_A,1.934917,1.92761,0.016547,0.016592,91.683222,91.157024,8.873933,8.904254,8.28144,8.280787,7.795844,7.814179,1.975419,0.017045,91.521278,8.99257,8.379319,7.997733
C00674,A_L10,DIGITAL_CMOS,CMOS_A,1.174022,1.18435,0.02067,0.020751,84.475495,83.951981,8.757207,8.786401,8.292675,8.312478,7.409314,7.466539,1.206086,0.021204,83.763012,8.758084,8.405223,7.578369
C00675,A_L10,DIGITAL_CMOS,CMOS_A,1.425721,1.451559,0.027963,0.028238,76.207565,75.575192,9.034788,9.040169,8.88111,8.87078,7.815051,7.88617,1.44934,0.0281,77.283349,9.083878,8.95687,8.046567
C00676,A_L10,DIGITAL_CMOS,CMOS_A,1.712863,1.765613,0.019943,0.020178,94.076529,95.993167,9.373168,9.496472,8.165483,8.202344,7.323017,7.523807,1.889757,0.020793,97.709904,9.741045,8.416807,7.828845
C00677,A_L10,DIGITAL_CMOS,CMOS_A,2.273955,2.322685,0.025912,0.026536,90.366229,92.011564,8.930184,8.942826,7.992389,8.111601,7.38863,7.503085,2.42211,0.02788,95.14973,8.999262,8.239105,7.688938
C00678,A_L10,DIGITAL_CMOS,CMOS_A,1.530262,1.56684,0.025767,0.026259,78.334218,78.771924,8.936838,8.973973,7.589486,7.630198,7.404489,7.393472,1.556394,0.025683,78.903931,9.064723,7.723354,7.53903
C00679,A_L10,DIGITAL_CMOS,CMOS_A,1.430937,1.496293,0.019006,0.019876,89.337419,91.160797,9.230176,9.321279,8.793468,8.899659,7.978107,8.034819,1.626131,0.020638,94.542578,9.538443,9.339762,8.736216
C00680,A_L10,DIGITAL_CMOS,CMOS_A,1.469981,1.548542,0.025932,0.026178,90.850403,91.31201,8.733689,8.820816,8.171134,8.271423,7.156774,7.292082,1.722222,0.028256,95.428649,9.166036,8.579194,7.895126
C00681,A_L10,DIGITAL_CMOS,CMOS_A,1.502187,1.513321,0.02114,0.021293,94.260362,93.443415,9.141688,9.187397,8.283538,8.357996,7.1195,7.258481,1.63382,0.023578,97.748884,9.588211,8.758084,7.952557
C00682,A_L10,DIGITAL_CMOS,CMOS_A,1.612732,1.606768,0.027068,0.026731,89.813519,90.255049,8.723309,8.695861,8.587177,8.427766,7.683787,7.681567,1.607116,0.026837,91.079227,8.792428,8.507776,7.676285
C00683,A_L10,DIGITAL_CMOS,CMOS_A,1.735949,1.725599,0.025377,0.025133,87.634422,86.918223,8.803956,8.878929,8.079038,8.163154,7.345552,7.468086,1.735657,0.026068,88.953661,9.372442,8.527101,8.123217
C00684,A_L10,DIGITAL_CMOS,CMOS_A,1.976465,2.007163,0.031077,0.032361,83.674081,83.964474,9.364712,9.455788,8.329007,8.494998,7.794982,7.868675,2.207002,0.033061,86.377236,10.021407,8.923687,8.280622
C00685,A_L10,DIGITAL_CMOS,CMOS_A,1.29612,1.294548,0.025095,0.025418,98.377369,99.210965,8.812904,8.832874,7.674518,7.632733,7.450003,7.482511,1.273345,0.025864,99.955127,9.206936,7.936646,8.040966
C00686,A_L10,DIGITAL_CMOS,CMOS_A,1.513001,1.56446,0.015985,0.016755,80.102979,79.956631,9.223274,9.349362,8.128903,8.104068,7.134741,7.180653,1.704307,0.017277,82.525494,9.394588,8.099535,7.232439
C00687,A_L10,DIGITAL_CMOS,CMOS_A,1.845791,1.845986,0.028235,0.028191,83.575821,84.391756,9.306597,9.396967,8.681253,8.710617,7.53705,7.577486,1.84548,0.02877,85.584857,9.549434,8.980636,7.943881
C00688,A_L10,DIGITAL_CMOS,CMOS_A,1.119431,1.154111,0.020109,0.020454,85.960236,87.304159,8.962862,8.968018,8.891555,8.834409,7.973939,8.021498,1.202435,0.02198,90.196396,9.065924,8.956752,8.207248
C00689,A_L10,DIGITAL_CMOS,CMOS_A,1.762067,1.772038,0.024423,0.025004,85.831099,85.453038,8.720628,8.913068,7.791269,7.90454,7.821482,7.937963,1.827381,0.025795,86.780061,8.981962,8.137128,8.273657
C00690,A_L10,DIGITAL_CMOS,CMOS_A,1.481021,1.464257,0.027694,0.028243,88.10658,88.292175,9.273154,9.497116,8.585786,8.65697,7.586816,7.714984,1.504888,0.028509,88.720483,11.265235,9.605597,8.164826
C00691,A_L10,DIGITAL_CMOS,CMOS_A,1.77769,1.770294,0.024252,0.02455,91.978574,91.542354,8.90418,8.812742,7.972398,7.967664,7.344144,7.423528,1.772097,0.024836,92.819142,8.86123,7.974248,7.470361
C00692,A_L10,DIGITAL_CMOS,CMOS_A,1.703017,1.733274,0.0267,0.027277,91.236134,91.520238,8.777337,8.752575,8.01133,8.088012,7.612952,7.603975,1.748638,0.027514,91.322055,8.871447,8.080805,7.704647
C00693,A_L10,DIGITAL_CMOS,CMOS_A,1.566655,1.563633,0.019586,0.019864,84.517553,84.036529,8.792479,8.846435,8.089798,8.214451,7.639817,7.727932,1.582348,0.020614,85.946157,9.108927,8.361035,8.036886
C00694,A_L10,DIGITAL_CMOS,CMOS_A,1.859842,1.882246,0.018786,0.019167,90.28753,91.04847,9.003868,8.981364,8.040561,8.033648,7.468354,7.477391,1.943719,0.019595,91.501351,9.044966,7.968173,7.474425
C00695,A_L10,DIGITAL_CMOS,CMOS_A,1.50826,1.558191,0.018068,0.017944,84.782101,84.464844,9.099927,9.176094,8.000139,8.083292,7.695157,7.73905,1.574925,0.018221,85.02506,9.634796,8.464301,8.295496
C00696,A_L10,DIGITAL_CMOS,CMOS_A,1.740348,1.695379,0.021751,0.02144,90.71177,91.235729,9.262874,9.26129,8.551624,8.53193,7.979888,8.034158,1.766705,0.021952,91.734377,9.265123,8.565153,8.09795
C00697,A_L10,DIGITAL_CMOS,CMOS_A,1.856864,1.943094,0.019244,0.019461,92.188368,93.355427,8.481143,8.534366,8.291166,8.309179,7.496922,7.603125,2.132869,0.020482,95.663189,8.624468,8.337351,7.610257
C00698,A_L10,DIGITAL_CMOS,CMOS_A,1.864247,1.847992,0.022412,0.022497,86.34711,86.26544,8.951889,8.952282,8.228599,8.180121,7.407873,7.395108,1.900751,0.022659,87.205062,9.309314,8.524557,7.9038
C00699,A_L10,DIGITAL_CMOS,CMOS_A,1.262373,1.265822,0.023412,0.024234,89.552646,90.667085,9.000092,9.115718,8.488613,8.55753,7.764502,7.995282,1.334326,0.025687,94.978369,9.543885,8.843419,8.585259
C00700,A_L10,DIGITAL_CMOS,CMOS_A,2.022396,2.051479,0.026567,0.027301,84.384986,85.578679,8.613024,8.666643,7.835752,7.799977,7.499901,7.653372,2.103448,0.027211,86.447351,8.793032,7.960975,8.031927
C00701,A_L10,DIGITAL_CMOS,CMOS_A,1.621988,1.631291,0.014175,0.014443,87.035607,88.033645,9.310889,9.364076,8.435843,8.572725,7.729698,7.95232,1.790179,0.015117,90.937907,9.547215,8.681928,8.309225
C00702,A_L10,DIGITAL_CMOS,CMOS_A,1.705874,1.782023,0.031963,0.032174,87.947104,87.74895,8.611764,8.685587,8.122056,8.067366,7.536153,7.585944,1.997111,0.034249,90.991834,8.719069,8.173893,7.677351
C00703,A_L10,DIGITAL_CMOS,CMOS_A,1.760161,1.79186,0.018762,0.019601,90.089002,90.253565,9.6788,9.724448,8.525428,8.521904,7.609463,7.628885,1.891982,0.020135,91.857504,9.966017,8.804896,8.320481
C00704,A_L10,DIGITAL_CMOS,CMOS_A,1.508055,1.605501,0.015485,0.015936,85.008708,85.883454,9.020171,9.085514,8.325864,8.269499,8.012665,8.147686,1.704832,0.016782,89.882725,9.491091,8.51518,8.899513
C00705,A_L10,DIGITAL_CMOS,CMOS_A,1.533746,1.525792,0.022409,0.022178,86.278017,85.063144,8.930786,8.983112,8.081242,8.160121,7.235812,7.281187,1.554922,0.022296,86.531162,9.27485,8.458847,7.915348
C00706,A_L10,DIGITAL_CMOS,CMOS_A,1.44315,1.411157,0.015974,0.016053,93.187373,93.372579,8.69077,8.723505,7.922247,7.897512,7.400364,7.502813,1.463352,0.016333,94.702037,8.810054,7.989699,7.607594
C00707,A_L10,DIGITAL_CMOS,CMOS_A,1.616144,1.653972,0.038014,0.037997,89.327544,90.261987,8.37536,8.396725,7.831344,7.864731,7.364275,7.508778,1.686082,0.038752,91.258697,8.537996,8.05291,7.875336
C00708,A_L10,DIGITAL_CMOS,CMOS_A,1.84149,1.899499,0.030364,0.030508,89.9264,90.492921,9.447292,9.474534,7.989593,8.092387,7.905721,8.132221,1.968735,0.030698,90.407226,9.708805,8.306872,8.45097
C00709,A_L10,DIGITAL_CMOS,CMOS_A,1.365371,1.367199,0.028146,0.028133,91.923958,92.748763,8.816253,8.810392,7.679005,7.618914,7.844609,7.871484,1.461327,0.029234,95.779445,8.800886,7.685109,7.983022
C00710,A_L10,DIGITAL_CMOS,CMOS_A,1.317992,1.335785,0.022117,0.022881,82.635636,83.522784,8.772508,8.745475,8.129396,8.244986,7.698677,7.620353,1.385663,0.023993,88.293379,9.013901,8.439194,8.171074
C00711,A_L10,DIGITAL_CMOS,CMOS_A,1.422804,1.455448,0.03338,0.034171,87.835676,87.905426,9.360225,9.447564,8.260106,8.405097,7.826241,7.914061,1.502217,0.034365,87.5332,9.679301,8.440145,8.271536
C00712,A_L10,DIGITAL_CMOS,CMOS_A,1.949156,1.945797,0.029289,0.029691,94.520906,94.97367,9.009843,9.002721,8.015283,8.005233,7.061892,7.102328,2.200638,0.031816,99.420507,9.113352,8.08328,7.111705
C00713,A_L10,DIGITAL_CMOS,CMOS_A,1.489371,1.592483,0.017768,0.01835,91.356618,91.983575,8.800383,8.882379,8.366871,8.426562,6.865477,6.975952,1.751056,0.018753,94.379825,9.11361,8.673994,7.812782
C00714,A_L10,DIGITAL_CMOS,CMOS_A,1.290166,1.354391,0.019365,0.019827,84.506129,84.60752,8.991347,8.933091,8.149181,8.143621,7.984043,8.000597,1.41159,0.020425,87.381662,9.00743,8.114584,8.073816
C00715,A_L10,DIGITAL_CMOS,CMOS_A,1.88667,1.90365,0.022399,0.022928,90.47029,91.830283,9.388811,9.416969,8.555887,8.660522,7.175528,7.221212,1.984587,0.023785,94.602252,9.467641,8.610548,7.363852
C00716,A_L10,DIGITAL_CMOS,CMOS_A,1.165138,1.163251,0.019822,0.020097,89.77935,89.821824,8.803602,8.836558,8.339076,8.323649,7.611489,7.665636,1.210929,0.02043,91.183826,8.864188,8.458585,7.733865
C00717,A_L10,DIGITAL_CMOS,CMOS_A,1.419554,1.400824,0.028638,0.028867,91.291528,89.753954,8.339132,8.439573,7.254474,7.28989,6.882632,6.91616,1.405448,0.029228,90.714777,8.407077,7.277761,7.078522
C00718,A_L10,DIGITAL_CMOS,CMOS_A,1.603863,1.605637,0.021347,0.021776,89.977684,91.235145,8.749899,8.781437,8.350055,8.414408,7.83469,7.769465,1.729866,0.02202,93.033906,8.870017,8.56627,7.815108
C00719,A_L10,DIGITAL_CMOS,CMOS_A,2.234926,2.283347,0.02827,0.028722,92.049548,92.680111,9.324027,9.310269,7.967126,7.999773,7.375751,7.40432,2.345312,0.030237,95.544141,9.457781,8.032589,7.523035
C00720,A_L10,DIGITAL_CMOS,CMOS_A,1.288074,1.287294,0.018611,0.018598,89.933427,89.655989,8.868929,8.907962,7.360395,7.458299,7.86553,7.937719,1.345962,0.018575,90.059016,9.152637,7.714796,8.446699
C00721,A_L10,DIGITAL_CMOS,CMOS_A,1.707097,1.733285,0.025963,0.026041,91.908941,92.688485,8.649796,8.659213,8.070521,8.167864,7.526536,7.713356,1.758841,0.026634,93.983277,9.084805,8.458726,8.193904
C00722,A_L10,DIGITAL_CMOS,CMOS_A,1.177955,1.164952,0.019318,0.019229,89.786861,91.24274,8.885004,8.938825,8.508753,8.482133,7.669362,7.656669,1.168757,0.019668,91.574777,9.285042,9.157509,7.925866
C00723,A_L10,DIGITAL_CMOS,CMOS_A,1.252319,1.303368,0.016631,0.016923,90.003881,92.086106,9.039591,9.056251,8.196384,8.20496,7.486594,7.559126,1.364118,0.017374,94.160658,9.123352,8.394012,7.762168
C00724,A_L10,DIGITAL_CMOS,CMOS_A,1.586823,1.583921,0.018144,0.01819,87.551125,87.454476,9.457021,9.636072,8.917942,9.013182,8.04534,8.263198,1.63744,0.0182,88.663909,9.797278,9.199661,8.622258
C00725,A_L10,DIGITAL_CMOS,CMOS_A,1.220185,1.219622,0.021833,0.022144,89.088946,88.393047,8.802375,8.826059,8.518495,8.503098,7.756848,7.744421,1.270248,0.022375,88.366891,8.908532,8.506356,7.865043
C00726,A_L10,DIGITAL_CMOS,CMOS_A,2.136565,2.225287,0.030044,0.030759,93.23865,95.308214,9.01156,9.033673,8.20262,8.319469,7.543077,7.651282,2.566363,0.035593,102.065656,9.513689,8.5109,8.356175
C00727,A_L10,DIGITAL_CMOS,CMOS_A,1.614326,1.611844,0.01531,0.016163,89.809251,90.148903,9.08112,9.015102,8.336212,8.369541,7.874597,7.890487,1.746293,0.017294,92.83261,9.150975,8.431441,8.086688
C00728,A_L10,DIGITAL_CMOS,CMOS_A,1.580088,1.678719,0.020626,0.021165,90.434063,91.862446,9.063377,9.124396,8.045595,8.026696,7.434092,7.404467,1.748912,0.021648,93.351766,9.183873,8.085567,7.432676
C00729,A_L10,DIGITAL_CMOS,CMOS_A,1.417325,1.404433,0.021071,0.021038,84.232974,84.413281,8.830688,8.867823,8.4461,8.385783,8.12928,8.179634,1.451075,0.02067,84.567678,8.90809,8.490829,8.191431
C00730,A_L10,DIGITAL_CMOS,CMOS_A,1.548392,1.574392,0.025817,0.026026,91.056212,90.789072,9.305592,9.368017,8.419438,8.405432,7.959843,7.951956,1.61333,0.026262,92.525589,9.422897,8.429547,8.057628
C00731,A_L10,DIGITAL_CMOS,CMOS_A,1.647767,1.672418,0.025623,0.026154,84.749226,86.618735,9.291607,9.360291,8.007025,8.059563,7.293877,7.46927,1.728292,0.0396,86.796181,9.507058,8.244158,7.74511
C00732,A_L10,DIGITAL_CMOS,CMOS_A,1.677498,1.683492,0.024486,0.02482,86.833843,85.753479,8.657211,8.663098,8.028948,8.059993,7.80053,7.892169,1.707084,0.025331,87.299074,8.723202,8.084162,7.926924
C00733,A_L10,DIGITAL_CMOS,CMOS_A,1.804207,1.872945,0.021324,0.021586,93.526255,94.508521,8.884772,8.985567,8.368404,8.413647,7.862042,8.110599,2.129043,0.022041,98.665937,9.238848,8.509368,8.648163
C00734,A_L10,DIGITAL_CMOS,CMOS_A,1.105712,1.118801,0.013628,0.013798,85.617568,86.08686,9.015278,8.986971,8.01986,8.008816,7.933801,8.034957,1.141268,0.013632,87.135817,9.127609,8.057657,8.089012
C00735,A_L10,DIGITAL_CMOS,CMOS_A,1.355152,1.392686,0.015451,0.015553,80.230263,79.933568,9.747083,9.817702,8.715294,8.6931,8.165448,8.169819,1.53738,0.016323,83.430187,9.890041,8.731919,8.353626
C00736,A_L10,DIGITAL_CMOS,CMOS_A,1.491471,1.563181,0.020576,0.020924,88.791949,89.216813,8.589343,8.673342,7.580947,7.615865,6.9589,7.113125,1.597242,0.021955,93.640646,8.851302,7.704863,7.442574
C00737,A_L10,DIGITAL_CMOS,CMOS_A,1.706442,1.733028,0.021803,0.022439,84.738977,85.468483,8.684223,8.77048,7.727496,7.745285,6.823863,6.879539,1.724883,0.022886,85.22417,9.141443,8.075897,7.482714
C00738,A_L10,DIGITAL_CMOS,CMOS_A,1.26048,1.292632,0.020004,0.02016,94.468217,95.165472,8.949717,9.076554,8.572648,8.729394,7.479343,7.575799,1.370376,0.020574,96.837079,9.332902,8.836518,8.068762
C00739,A_L10,DIGITAL_CMOS,CMOS_A,1.642227,1.648593,0.023589,0.02374,85.120104,85.135541,8.77528,8.791443,8.047251,8.090825,7.372927,7.341794,1.685849,0.023991,86.865206,8.773425,8.059567,7.524392
C00740,A_L10,DIGITAL_CMOS,CMOS_A,1.387634,1.388807,0.024388,0.025203,94.355805,96.132944,8.609039,8.608371,8.11799,8.087427,7.104544,7.026463,1.420411,0.024901,96.528101,8.670499,8.137882,7.220597
C00741,A_L10,DIGITAL_CMOS,CMOS_A,1.576387,1.563108,0.017105,0.017233,88.25134,88.951733,8.918878,8.991303,8.023627,8.093283,7.063912,7.147795,1.580126,0.017653,89.342439,10.316113,8.85692,7.620955
C00742,A_L10,DIGITAL_CMOS,CMOS_A,1.673879,1.690103,0.016894,0.018797,92.310097,97.334136,9.276196,9.320686,8.362618,8.540843,8.049234,8.142636,1.753359,0.02549,114.532286,9.594635,9.00104,8.391769
C00743,A_L10,DIGITAL_CMOS,CMOS_A,1.565495,1.621492,0.019851,0.020593,90.377729,90.783956,9.323306,9.367318,9.038431,9.093524,7.968578,8.246854,1.766267,0.020938,93.272249,9.548716,9.375731,8.643879
C00744,A_L10,DIGITAL_CMOS,CMOS_A,1.644971,1.665378,0.026625,0.02749,92.277756,92.902667,8.353515,8.387928,7.762461,7.769525,7.086105,7.103378,1.809322,0.028385,96.159922,8.403017,7.77265,7.273765
C00745,A_L10,DIGITAL_CMOS,CMOS_A,1.123222,1.121473,0.020477,0.020497,93.532104,94.191638,9.310764,9.335047,8.380574,8.434174,7.443596,7.461728,1.149613,0.021121,94.047455,9.579928,8.759582,7.978623
C00746,A_L10,DIGITAL_CMOS,CMOS_A,1.34576,1.317784,0.03087,0.031005,84.483919,85.730416,8.659631,8.742776,8.196975,8.312523,7.826939,7.913815,1.423941,0.031682,86.961053,9.225778,8.762302,8.504525
C00747,A_L10,DIGITAL_CMOS,CMOS_A,1.656094,1.719106,0.014917,0.015072,88.731683,88.775963,8.99155,9.073022,8.431846,8.486588,7.835002,8.063255,1.802804,0.015702,90.18053,9.320667,8.589368,8.48074
C00748,A_L10,DIGITAL_CMOS,CMOS_A,1.72477,1.734546,0.019499,0.019646,91.473082,92.740557,9.136964,9.223389,8.198058,8.210424,7.597546,7.616991,1.957303,0.021242,97.13319,9.240946,8.265238,7.629043
C00749,A_L10,DIGITAL_CMOS,CMOS_A,1.652314,1.719687,0.023094,0.024464,96.25987,97.190509,9.279231,9.253257,8.025713,7.964754,7.417676,7.367669,1.830298,0.025005,101.044843,9.342241,7.964804,7.466616
C00750,A_L10,DIGITAL_CMOS,CMOS_A,1.435487,1.407479,0.029598,0.02974,91.189168,91.58288,8.665419,8.743201,7.644941,7.675948,7.256056,7.369436,1.409492,0.029185,92.000367,9.005077,7.911068,7.646518
C00827,A_L12,DIGITAL_CMOS,CMOS_A,1.359362,1.355859,0.015038,0.015152,89.842018,91.098395,8.745792,8.751668,8.198816,8.218699,6.971685,7.006772,1.405815,0.016254,92.698511,8.746268,8.300898,7.079766
C00828,A_L12,DIGITAL_CMOS,CMOS_A,2.049365,2.047946,0.023351,0.024355,88.126118,87.989268,9.047823,8.9851,7.848575,7.977361,6.89414,6.97997,2.12043,0.026057,90.870444,9.095335,7.943302,7.028522
C00829,A_L12,DIGITAL_CMOS,CMOS_A,1.632122,1.641916,0.02692,0.027007,84.963481,85.450051,9.120404,9.217387,8.372993,8.451423,7.621496,7.811022,1.638096,0.027979,85.455708,9.41644,8.997635,8.32192
C00830,A_L12,DIGITAL_CMOS,CMOS_A,1.506823,1.523714,0.014106,0.014269,95.001074,96.738162,9.45432,9.474109,8.214123,8.355964,7.356363,7.516243,1.587404,0.014458,97.92783,9.622704,8.57618,7.83575
C00831,A_L12,DIGITAL_CMOS,CMOS_A,1.311634,1.318505,0.018276,0.018626,87.998475,89.263277,8.463973,8.468841,8.264218,8.252361,7.239305,7.241897,1.363668,0.018791,90.813403,8.496594,8.289396,7.258938
C00832,A_L12,DIGITAL_CMOS,CMOS_A,1.739292,1.735749,0.016511,0.016874,91.923821,92.326217,9.032707,9.044503,8.19599,8.209115,7.304177,7.27829,1.77003,0.017205,93.096884,9.141173,8.331083,7.349912
C00833,A_L12,DIGITAL_CMOS,CMOS_A,1.324323,1.351926,0.01981,0.01989,78.36615,78.397485,9.006729,9.053239,8.579087,8.611756,7.555488,7.612441,1.329096,0.020078,78.587106,9.098017,8.674448,7.652371
C00834,A_L12,DIGITAL_CMOS,CMOS_A,1.431592,1.460593,0.024755,0.025444,86.594849,86.828176,9.427628,9.485363,8.467195,8.53744,7.758893,7.789328,1.535732,0.02694,88.425581,9.823026,9.066299,8.749923
C00835,A_L12,DIGITAL_CMOS,CMOS_A,1.381106,1.406322,0.013437,0.013451,98.357765,98.893934,9.036803,9.182303,8.271467,8.372983,7.457482,7.547588,1.425456,0.013613,98.932681,9.210986,8.480532,7.71164
C00836,A_L12,DIGITAL_CMOS,CMOS_A,1.10144,1.122777,0.01435,0.01476,87.263574,87.872417,9.057435,9.321602,8.251253,8.450329,7.351416,7.439696,1.140502,0.015271,87.709099,9.51105,8.840326,7.647365
C00837,A_L12,DIGITAL_CMOS,CMOS_A,1.454892,1.492851,0.019008,0.019011,89.348525,89.2273,8.727729,8.834495,7.577998,7.612329,7.059443,7.288478,1.5229,0.01937,90.627584,8.967533,7.862461,7.727986
C00838,A_L12,DIGITAL_CMOS,CMOS_A,1.475458,1.471159,0.015625,0.015922,85.465125,84.638779,8.306214,8.331962,7.634621,7.581576,6.644075,6.667159,1.534476,0.016832,86.363875,8.43301,7.660351,6.762837
C00839,A_L12,DIGITAL_CMOS,CMOS_A,1.557421,1.590154,0.030818,0.031215,93.038481,92.91215,8.806941,8.900409,8.417444,8.455225,7.133009,7.251512,1.58759,0.032103,92.644493,9.181875,9.202333,7.962303
C00840,A_L12,DIGITAL_CMOS,CMOS_A,1.729858,1.763577,0.016955,0.017384,94.97697,94.582889,8.956333,8.947733,7.968169,7.981932,7.453885,7.44783,1.845971,0.018281,98.265174,9.058164,8.132092,7.51964
C00841,A_L12,DIGITAL_CMOS,CMOS_A,1.263794,1.31119,0.020144,0.020788,91.944719,91.869118,8.962765,8.968907,7.803889,7.860871,7.236488,7.405223,1.3381,0.021391,94.680628,9.25973,8.361587,7.993671
C00842,A_L12,DIGITAL_CMOS,CMOS_A,1.283901,1.283621,0.014212,0.014503,84.565994,84.23536,8.575417,8.727286,8.064904,8.174271,7.27398,7.442422,1.306027,0.014453,84.853882,8.88826,8.483664,7.878648
C00843,A_L12,DIGITAL_CMOS,CMOS_A,1.41788,1.449541,0.012935,0.013088,85.512951,86.399898,8.688433,8.771742,8.646815,8.862688,7.399827,7.540966,1.528666,0.013557,87.455665,8.909502,8.998354,7.796829
C00844,A_L12,DIGITAL_CMOS,CMOS_A,1.3945,1.375744,0.021308,0.021395,92.365835,92.975435,8.941544,8.9709,8.034781,8.058439,7.550645,7.595123,1.402825,0.021343,93.001047,9.023114,8.08012,7.758305
C00845,A_L12,DIGITAL_CMOS,CMOS_A,1.417844,1.422689,0.026641,0.027147,93.030647,92.386893,8.523006,8.588227,8.027861,8.114039,6.898747,7.025473,1.521988,0.029544,94.802763,8.866214,8.637147,7.806486
C00846,A_L12,DIGITAL_CMOS,CMOS_A,1.866231,1.895283,0.021413,0.022093,80.62448,81.855471,9.223525,9.230111,7.92309,7.966396,7.056587,7.090078,1.991816,0.02274,83.001436,9.304229,7.89242,7.136093
C00847,A_L12,DIGITAL_CMOS,CMOS_A,1.596475,1.559318,0.017235,0.017369,87.666415,88.416093,9.427589,9.525293,8.01641,7.969602,7.585482,7.751064,1.569574,0.017899,88.550047,9.539936,8.010513,7.83603
C00848,A_L12,DIGITAL_CMOS,CMOS_A,1.561143,1.568081,0.016022,0.016648,92.69665,93.63013,9.290617,9.350719,8.598051,8.589626,7.598983,7.661606,1.632922,0.017227,94.888291,9.71937,9.086277,8.375211
C00849,A_L12,DIGITAL_CMOS,CMOS_A,1.254469,1.281662,0.017064,0.017596,84.131031,84.489338,8.807457,8.844382,7.633469,7.670171,7.266807,7.431902,1.346208,0.01798,86.536686,9.419653,8.08436,8.428502
C00850,A_L12,DIGITAL_CMOS,CMOS_A,1.233595,1.250509,0.015345,0.015743,88.462914,89.128164,8.779447,8.816307,7.978597,8.092926,7.25021,7.275075,1.289113,0.017356,90.652132,8.917308,8.10272,7.252578
C00851,A_L12,DIGITAL_CMOS,CMOS_A,1.48513,1.510963,0.017476,0.017809,87.2463,88.121781,9.18155,9.277075,7.980096,8.025857,7.425254,7.478058,1.534664,0.017994,88.49956,9.594959,8.575857,8.076929
C00852,A_L12,DIGITAL_CMOS,CMOS_A,1.306834,1.309016,0.021855,0.021857,97.306683,96.076935,9.24324,9.300286,8.425067,8.424358,7.144667,7.194334,1.301875,0.021996,98.149943,9.307595,8.646126,7.392695
C00853,A_L12,DIGITAL_CMOS,CMOS_A,1.258749,1.239955,0.017065,0.017119,84.538997,84.743919,9.318708,9.422192,8.999704,9.055933,7.388206,7.403151,1.248982,0.017166,84.692932,9.490871,9.071529,7.673739
C00854,A_L12,DIGITAL_CMOS,CMOS_A,1.497978,1.525733,0.033235,0.033583,89.03263,88.381086,9.256799,9.336403,7.867198,8.02787,6.925839,7.112649,1.591415,0.03559,91.08124,9.728088,8.472592,8.027664
C00855,A_L12,DIGITAL_CMOS,CMOS_A,1.102471,1.11269,0.022646,0.022945,85.123057,84.889819,8.449392,8.46169,8.242283,8.233575,7.611968,7.756409,1.116446,0.022582,85.216068,8.508622,8.317823,7.825643
C00856,A_L12,DIGITAL_CMOS,CMOS_A,1.897985,1.898333,0.026678,0.026614,89.832278,90.337604,8.98111,9.024017,8.604695,8.655657,6.911268,6.925125,1.958032,0.027489,91.739081,9.033504,8.712903,7.042217
C00857,A_L12,DIGITAL_CMOS,CMOS_A,1.49838,1.498105,0.015736,0.015805,92.306795,93.118394,9.357222,9.37695,8.522205,8.679979,7.686436,7.956295,1.518626,0.016037,93.43048,9.635922,8.943579,8.250148
C00858,A_L12,DIGITAL_CMOS,CMOS_A,0.995239,1.019114,0.019297,0.019569,89.150215,88.733098,8.718348,8.697287,8.422635,8.383959,7.552456,7.604822,1.040979,0.019305,90.496448,8.76323,8.573324,7.925049
C00859,A_L12,DIGITAL_CMOS,CMOS_A,1.996541,1.947059,0.021085,0.021135,87.483146,87.046068,8.807873,8.937259,8.102961,8.070691,7.551456,7.682939,2.003597,0.021486,87.0221,9.345562,8.681637,8.244669
C00860,A_L12,DIGITAL_CMOS,CMOS_A,1.441013,1.476657,0.01959,0.020093,96.636483,96.081294,8.46556,8.461473,7.906598,7.842813,6.573098,6.61427,1.500744,0.021013,98.059755,8.504881,8.020722,6.727019
C00861,A_L12,DIGITAL_CMOS,CMOS_A,1.309732,1.337299,0.016663,0.016618,91.840592,91.991,8.642867,8.715877,8.16223,8.156149,6.839459,7.027866,1.331569,0.017075,90.9368,9.017864,8.457181,7.358533
C00862,A_L12,DIGITAL_CMOS,CMOS_A,1.199425,1.202563,0.016139,0.016218,84.367749,84.689939,9.141408,9.170362,8.169832,8.208322,7.249684,7.334248,1.209572,0.016294,84.470939,9.551824,8.590488,7.980495
C00863,A_L12,DIGITAL_CMOS,CMOS_A,1.228918,1.221811,0.022129,0.022535,88.970034,87.268926,9.053987,9.020421,7.523216,7.535131,7.039854,7.102457,1.229677,0.022568,88.47571,9.106038,7.607456,7.252318
C00864,A_L12,DIGITAL_CMOS,CMOS_A,1.990152,2.060484,0.021188,0.021435,91.220637,92.667812,8.471528,8.638951,8.005842,8.141559,6.949975,7.120105,2.112824,0.022142,93.159779,8.848783,8.371949,7.471348
C00865,A_L12,DIGITAL_CMOS,CMOS_A,1.145719,1.165439,0.011942,0.012256,87.89654,89.263653,8.647382,8.65596,7.352285,7.358481,6.550172,6.709334,1.208299,0.013005,90.67371,8.982419,7.812175,7.014425
C00866,A_L12,DIGITAL_CMOS,CMOS_A,0.953727,0.95774,0.015701,0.016113,88.980029,89.554146,8.800629,8.861784,7.928641,7.904902,7.158412,7.190151,0.976762,0.01667,90.247847,8.974355,8.00394,7.296343
C00867,A_L12,DIGITAL_CMOS,CMOS_A,1.50926,1.536239,0.01958,0.01975,84.19976,84.577463,8.793216,8.880099,8.249025,8.393056,7.281354,7.3549,1.557148,0.020127,84.245466,9.162373,8.59006,7.62177
C00868,A_L12,DIGITAL_CMOS,CMOS_A,1.393811,1.438729,0.023284,0.02365,96.275018,96.45477,9.279323,9.432975,8.374642,8.542789,7.706703,7.968332,1.444132,0.024322,98.104589,9.625471,8.632622,8.469742
C00869,A_L12,DIGITAL_CMOS,CMOS_A,1.33126,1.323546,0.021967,0.021986,90.162474,89.934122,9.314976,9.2512,8.418809,8.539486,7.385926,7.3941,1.304719,0.022398,90.245785,9.370487,8.604588,7.575317
C00870,A_L12,DIGITAL_CMOS,CMOS_A,1.132551,1.141322,0.02609,0.026327,91.230141,91.240102,9.061067,9.132517,8.144137,8.211776,7.544002,7.589015,1.145563,0.026766,92.332736,9.392867,8.415531,8.088991
C00871,A_L12,DIGITAL_CMOS,CMOS_A,1.2803,1.245949,0.024921,0.024945,92.365716,92.109398,9.22002,9.198639,8.149936,8.191714,6.765013,6.725626,1.267888,0.024963,92.288028,9.215697,8.431481,6.769443
C00872,A_L12,DIGITAL_CMOS,CMOS_A,1.449912,1.435619,0.021314,0.021488,87.078777,87.111461,9.582008,9.57672,8.370083,8.402511,7.877317,7.920766,1.457477,0.021823,87.231379,9.603735,8.556531,8.090807
C00873,A_L12,DIGITAL_CMOS,CMOS_A,1.62877,1.607827,0.01745,0.01791,98.929553,98.848677,9.266358,9.269636,8.341146,8.431428,7.671333,7.691866,1.63297,0.017824,98.89912,9.258893,8.509413,7.891482
C00874,A_L12,DIGITAL_CMOS,CMOS_A,1.481451,1.496606,0.018455,0.018966,82.1003,81.866791,9.022317,8.963705,7.937411,7.971048,7.652016,7.619276,1.498117,0.020157,83.972851,9.046753,8.04422,7.832002
C00875,A_L12,DIGITAL_CMOS,CMOS_A,1.514396,1.516536,0.021807,0.02228,94.336761,94.240701,8.914045,8.895699,8.35253,8.220212,7.191166,7.272306,1.545888,0.022461,94.365448,8.904015,8.275148,7.484194
C00876,A_L12,DIGITAL_CMOS,CMOS_A,1.835146,1.839708,0.021873,0.022341,89.5384,90.408116,9.155149,9.117047,8.163376,8.177375,7.772662,7.69203,1.898626,0.023365,91.080792,9.273636,8.269163,7.944652
C00877,A_L12,DIGITAL_CMOS,CMOS_A,1.410251,1.443808,0.021651,0.021724,86.13024,85.358423,9.539796,9.65168,8.67328,8.758272,7.579437,7.610032,1.443817,0.022052,84.875347,9.629698,8.81369,7.661363
C00878,A_L12,DIGITAL_CMOS,CMOS_A,1.19373,1.207318,0.015853,0.016067,89.768537,90.740917,8.905906,9.06209,8.292578,8.434401,7.266475,7.344637,1.251476,0.016426,91.670046,9.260262,8.916264,7.840293
C00879,A_L12,DIGITAL_CMOS,CMOS_A,1.464896,1.494609,0.018255,0.01814,93.217899,93.810266,9.203099,9.252682,8.094445,8.131698,7.25612,7.28807,1.51473,0.018321,94.322602,9.178015,8.223389,7.604161
C00880,A_L12,DIGITAL_CMOS,CMOS_A,1.353833,1.347917,0.028138,0.028461,91.813666,90.211012,8.89818,9.008919,8.346172,8.398416,7.108767,7.157746,1.37326,0.028828,91.716326,9.51931,8.997243,7.861268
C00881,A_L12,DIGITAL_CMOS,CMOS_A,1.270992,1.28887,0.023073,0.023777,81.781529,82.727787,8.51182,8.65169,7.729227,7.747683,7.410339,7.528083,1.303544,0.024895,83.682702,9.149526,8.182352,8.298574
C00882,A_L12,DIGITAL_CMOS,CMOS_A,1.292569,1.282158,0.019979,0.020393,95.006304,97.241798,8.977438,9.040055,8.048604,8.160218,7.188283,7.273328,1.340464,0.020795,99.278559,9.430982,8.611397,7.829621
C00883,A_L12,DIGITAL_CMOS,CMOS_A,1.292453,1.264117,0.01369,0.013944,81.496739,81.778826,9.073213,9.13747,8.181331,8.111236,7.427868,7.410698,1.289198,0.014085,82.632765,9.128629,8.15585,7.466782
C00884,A_L12,DIGITAL_CMOS,CMOS_A,1.716454,1.691576,0.01647,0.016728,94.009869,94.307097,8.649094,8.722123,7.923975,7.886737,7.318197,7.358584,1.784394,0.017523,96.336767,8.828769,7.92979,7.554359
C00885,A_L12,DIGITAL_CMOS,CMOS_A,1.301299,1.284141,0.024535,0.024373,93.092706,92.294539,8.749526,8.849716,7.904997,8.12636,7.770624,7.862461,1.30241,0.024826,92.782307,8.98621,8.333956,8.170622
C00886,A_L12,DIGITAL_CMOS,CMOS_A,1.377147,1.389036,0.014236,0.014266,84.465977,85.0442,9.123955,9.139769,7.705156,7.678375,7.264933,7.321108,1.418912,0.014874,85.701476,9.19581,7.732305,7.37303
C00887,A_L12,DIGITAL_CMOS,CMOS_A,1.555039,1.562373,0.023072,0.023865,87.216527,88.925113,8.996229,9.028483,7.152585,7.206588,7.318261,7.341148,1.628201,0.024446,88.290238,9.389768,7.7674,7.945681
C00888,A_L12,DIGITAL_CMOS,CMOS_A,1.575411,1.573227,0.024462,0.024679,95.006242,96.442812,8.576241,8.625947,8.269462,8.305981,7.371524,7.441793,1.58191,0.024934,95.69853,8.687135,8.385821,7.681982
C00889,A_L12,DIGITAL_CMOS,CMOS_A,1.361469,1.385403,0.017892,0.017958,91.319209,91.693968,9.073384,9.13036,8.234582,8.376933,7.541524,7.602096,1.433206,0.019572,92.632558,9.408123,9.091193,7.973842
C00890,A_L12,DIGITAL_CMOS,CMOS_A,1.342747,1.364515,0.015029,0.015184,86.974459,87.337337,8.576035,8.66116,8.093345,8.124364,7.082338,7.381802,1.376553,0.015071,86.825769,8.936826,8.481916,7.891823
C00891,A_L12,DIGITAL_CMOS,CMOS_A,1.476106,1.487487,0.021913,0.02227,92.903108,91.684246,8.533782,8.571906,8.04833,8.060242,7.144754,7.166333,1.520794,0.022665,93.050159,8.757945,8.194555,7.283402
C00892,A_L12,DIGITAL_CMOS,CMOS_A,1.574392,1.606009,0.020634,0.021199,80.937477,82.138831,8.694793,8.744059,7.632648,7.831357,8.015749,8.280884,1.684696,0.022757,83.527422,8.933226,8.158699,8.930946
C00893,A_L12,DIGITAL_CMOS,CMOS_A,1.841424,1.837699,0.031693,0.032219,83.358808,83.831725,8.786015,8.819462,8.448885,8.42563,7.503959,7.668169,1.839593,0.031967,83.542075,9.308911,9.014613,8.50113
C00894,A_L12,DIGITAL_CMOS,CMOS_A,1.377807,1.404651,0.014645,0.014694,90.489887,89.653278,8.430883,8.480908,7.504292,7.568114,7.387103,7.657354,1.416943,0.01484,90.109057,8.683561,8.104609,8.045245
C00895,A_L12,DIGITAL_CMOS,CMOS_A,1.389838,1.381811,0.023924,0.024114,90.932315,91.046548,8.719643,8.814012,8.863195,9.056028,8.025546,8.350721,1.435109,0.025031,91.798579,8.997617,9.379971,9.022395
C00896,A_L12,DIGITAL_CMOS,CMOS_A,1.697907,1.704119,0.018354,0.018555,78.678388,80.163556,8.766956,8.852226,7.567235,7.661509,7.432861,7.588451,1.758093,0.019505,80.117749,8.982746,7.854725,7.975837
C00897,A_L12,DIGITAL_CMOS,CMOS_A,1.06083,1.052595,0.021237,0.021639,96.981099,96.932477,9.017526,9.052849,7.964888,8.022251,7.774888,7.965778,1.101895,0.022865,99.011851,9.296004,8.406642,8.53275
C00898,A_L12,DIGITAL_CMOS,CMOS_A,1.407311,1.43031,0.020811,0.021086,88.836713,89.206342,9.002754,9.040507,8.012519,7.940392,7.216258,7.3624,1.482077,0.022268,90.381707,9.42894,8.449729,7.920069
C01281,A_L18,DIGITAL_CMOS,CMOS_A,1.733073,1.736758,0.016152,0.016323,88.218127,88.92923,8.741954,8.744896,7.788919,7.8603,7.30934,7.354743,1.788234,0.016657,89.293333,8.783782,7.927995,7.324092
C01282,A_L18,DIGITAL_CMOS,CMOS_A,2.048355,2.058246,0.021936,0.021796,95.206483,96.097016,8.12085,8.168716,7.733035,7.696229,7.440184,7.416691,2.105687,0.022643,99.81482,8.2727,7.702956,7.482247
C01283,A_L18,DIGITAL_CMOS,CMOS_A,2.121552,2.141475,0.014678,0.014629,91.546449,90.79023,8.022089,8.054687,7.881073,7.963336,7.024509,7.09776,2.10422,0.014883,91.980003,7.99488,7.941048,7.116792
C01284,A_L18,DIGITAL_CMOS,CMOS_A,1.66348,1.666866,0.030075,0.030698,102.556993,103.025372,8.667778,8.610495,7.711265,7.726121,7.363618,7.351626,1.693926,0.032088,107.384274,8.618019,7.793124,7.361821
C01285,A_L18,DIGITAL_CMOS,CMOS_A,1.777067,1.757422,0.014616,0.014871,93.941447,94.954301,7.965564,7.931075,7.599787,7.677373,7.248884,7.218192,1.82726,0.015458,97.187577,7.997148,7.658387,7.268112
C01286,A_L18,DIGITAL_CMOS,CMOS_A,1.446544,1.480646,0.010216,0.010357,97.830006,99.702421,8.957186,8.98053,8.434401,8.522894,7.849913,7.840779,1.567857,0.011032,103.689073,9.106765,8.502075,7.862068
C01287,A_L18,DIGITAL_CMOS,CMOS_A,1.350173,1.365698,0.014622,0.014856,94.647876,94.390412,8.445731,8.439158,7.938633,7.928085,7.181576,7.121025,1.35025,0.014876,95.579918,8.463991,7.990334,7.229273
C01288,A_L18,DIGITAL_CMOS,CMOS_A,1.680846,1.694162,0.025423,0.025752,99.078019,99.951007,8.17862,8.183926,7.555133,7.582049,7.223141,7.284569,1.757055,0.026205,102.81528,8.41735,8.070744,7.561807
C01289,A_L18,DIGITAL_CMOS,CMOS_A,1.407394,1.398281,0.018686,0.01918,95.571698,96.402205,8.342577,8.383871,7.819417,7.897215,6.931311,6.981031,1.46139,0.01983,98.992158,8.65123,7.998007,7.037258
C01290,A_L18,DIGITAL_CMOS,CMOS_A,1.249288,1.25812,0.017227,0.017304,95.032201,95.601094,8.4997,8.551741,7.576401,7.527574,7.213095,7.189715,1.27697,0.017693,98.853655,8.570828,7.622845,7.234182
C01291,A_L18,DIGITAL_CMOS,CMOS_A,1.762759,1.843485,0.01874,0.018889,95.864995,97.384545,7.931265,7.932642,7.194368,7.279494,6.429065,6.420815,1.93404,0.019419,100.176175,7.998256,7.280473,6.512386
C01292,A_L18,DIGITAL_CMOS,CMOS_A,1.930701,1.971019,0.017264,0.017307,89.901287,91.037979,8.610604,8.602245,7.901338,7.982136,7.154863,7.233444,2.061256,0.017733,94.361738,8.77481,8.298198,7.338295
C01293,A_L18,DIGITAL_CMOS,CMOS_A,1.548134,1.553098,0.015613,0.016053,89.10597,91.576006,8.882194,8.895607,8.436292,8.431131,7.427568,7.411571,1.669158,0.016876,95.601765,9.051243,8.664656,7.590686
C01294,A_L18,DIGITAL_CMOS,CMOS_A,1.203334,1.240417,0.018936,0.019364,89.632119,90.12012,8.861261,8.907938,8.095189,8.226161,7.29952,7.324764,1.253659,0.020024,92.04756,9.155026,8.346978,7.426027
C01295,A_L18,DIGITAL_CMOS,CMOS_A,1.846318,1.841885,0.024614,0.024858,103.83816,103.805814,7.913576,7.990644,7.341445,7.341379,7.099625,7.111147,2.006303,0.026261,111.805877,8.018504,7.401134,7.203456
C01296,A_L18,DIGITAL_CMOS,CMOS_A,1.820827,1.844664,0.018325,0.018979,93.285547,93.417854,8.950956,8.963677,8.536618,8.61337,7.66979,7.649419,1.897035,0.019546,96.641598,9.169762,8.954461,7.814791
C01297,A_L18,DIGITAL_CMOS,CMOS_A,1.558375,1.58632,0.01521,0.015521,91.963541,92.281431,8.557659,8.56704,8.205831,8.2612,7.375236,7.451218,1.598848,0.015556,91.367637,8.662831,8.360804,7.37629
C01298,A_L18,DIGITAL_CMOS,CMOS_A,1.275754,1.280859,0.012736,0.012987,97.191943,98.802565,8.574237,8.565057,7.709551,7.742078,7.464804,7.392428,1.35148,0.013274,101.249001,8.523107,7.826816,7.490097
C01299,A_L18,DIGITAL_CMOS,CMOS_A,1.413676,1.400051,0.014513,0.014556,96.951655,98.208385,8.526029,8.544863,8.032518,8.181023,6.987043,7.067046,1.457659,0.015194,100.418522,8.7472,8.528568,7.184325
C01300,A_L18,DIGITAL_CMOS,CMOS_A,1.068785,1.086577,0.013049,0.013533,91.264305,92.535676,8.655296,8.66008,8.013621,7.989062,7.569381,7.562935,1.105593,0.013501,94.072932,8.697329,8.039644,7.611419
C01301,A_L18,DIGITAL_CMOS,CMOS_A,1.303186,1.345528,0.013517,0.013732,93.650053,92.926485,8.017393,8.016772,7.531098,7.572779,6.959481,7.0428,1.409083,0.014394,99.737551,8.115052,7.604206,6.980951
C01302,A_L18,DIGITAL_CMOS,CMOS_A,1.47541,1.508186,0.031221,0.031766,97.32,98.688928,8.823008,8.854031,7.975758,7.999089,7.026115,7.116503,1.625046,0.033731,104.066741,9.060615,8.236747,7.11863
C01303,A_L18,DIGITAL_CMOS,CMOS_A,1.413725,1.416018,0.011798,0.011904,92.329399,93.375081,8.961249,8.998038,8.481538,8.505418,7.504637,7.563789,1.463648,0.012493,97.167518,8.958553,8.555531,7.578144
C01304,A_L18,DIGITAL_CMOS,CMOS_A,1.465632,1.478808,0.019508,0.019757,87.846859,88.87412,8.471186,8.502659,8.423286,8.464467,7.721325,7.816636,1.548966,0.030582,94.269402,10.446022,8.660427,7.932304
C01305,A_L18,DIGITAL_CMOS,CMOS_A,1.88743,1.881447,0.033398,0.033298,103.622303,104.817699,8.456514,8.584268,7.846855,7.905488,7.331209,7.359175,1.877762,0.034212,107.008159,8.696306,8.229353,7.42696
C01306,A_L18,DIGITAL_CMOS,CMOS_A,1.520261,1.546435,0.020011,0.020009,96.00053,97.070469,8.600847,8.611318,8.215959,8.152634,7.669071,7.609513,1.49918,0.019777,97.976185,8.762738,8.233617,7.681638
C01307,A_L18,DIGITAL_CMOS,CMOS_A,2.059875,2.109666,0.021852,0.022336,93.371894,95.59113,8.744478,8.777997,8.304658,8.304963,7.441671,7.396815,2.184061,0.023191,98.740062,8.828486,8.419484,7.440888
C01308,A_L18,DIGITAL_CMOS,CMOS_A,1.465713,1.513545,0.023861,0.024266,97.6689,97.814346,8.641482,8.68316,8.257881,8.260954,7.32039,7.340908,1.630142,0.02549,100.099734,8.568031,8.310954,7.380941
C01309,A_L18,DIGITAL_CMOS,CMOS_A,1.308602,1.2948,0.0183,0.018423,92.009198,91.744795,8.321672,8.356074,7.694759,7.71582,7.049123,7.13806,1.330722,0.018622,94.327391,8.748208,7.927469,7.364265
C01310,A_L18,DIGITAL_CMOS,CMOS_A,1.436038,1.434867,0.02376,0.024078,97.254481,97.75891,8.61651,8.65226,7.697554,7.727386,7.308971,7.265532,1.480301,0.024024,99.950676,8.647906,7.703537,7.29586
C01311,A_L18,DIGITAL_CMOS,CMOS_A,1.468261,1.488362,0.019082,0.019439,97.389943,98.030925,8.615535,8.715087,7.787935,7.843496,7.274176,7.327859,1.575914,0.019749,102.072582,8.918734,8.122419,7.468437
C01312,A_L18,DIGITAL_CMOS,CMOS_A,1.626124,1.622498,0.016283,0.016525,82.388068,84.173783,8.710333,8.848483,7.680961,7.678091,7.277866,7.335947,1.715331,0.017063,88.47393,8.965316,7.811124,7.48856
C01313,A_L18,DIGITAL_CMOS,CMOS_A,2.018846,1.993269,0.014369,0.01462,99.975155,100.178171,8.626614,8.695393,7.669627,7.710683,7.673353,7.646908,2.044255,0.014738,101.015151,8.735097,7.721746,7.736269
C01314,A_L18,DIGITAL_CMOS,CMOS_A,1.31254,1.315529,0.023572,0.023332,92.028335,90.874098,8.793893,8.886073,8.024578,8.139068,7.305193,7.289606,1.318693,0.023669,93.14259,8.929178,8.293322,7.471391
C01315,A_L18,DIGITAL_CMOS,CMOS_A,1.636322,1.620867,0.011973,0.012022,96.704536,96.804014,8.296595,8.275989,7.849998,7.888983,6.998503,7.029363,1.666035,0.012232,97.785761,8.421958,7.883128,6.995094
C01316,A_L18,DIGITAL_CMOS,CMOS_A,1.530316,1.550323,0.018114,0.018118,91.031519,92.802468,8.97775,9.027004,8.014921,8.081986,7.771951,7.835848,1.595298,0.018807,95.08516,9.124037,8.23542,8.008461
C01317,A_L18,DIGITAL_CMOS,CMOS_A,1.503718,1.528843,0.017759,0.017957,95.85891,97.190474,8.492526,8.507779,7.927571,7.902094,6.894157,6.892303,1.628784,0.018634,101.975797,8.580546,7.949222,6.967952
C01318,A_L18,DIGITAL_CMOS,CMOS_A,1.048783,1.079493,0.013243,0.013388,90.07247,90.864827,8.600683,8.663604,7.352394,7.453595,6.972136,7.030589,1.092233,0.013504,91.729073,8.700796,7.622711,7.139671
C01319,A_L18,DIGITAL_CMOS,CMOS_A,1.571779,1.600977,0.020736,0.020884,90.44956,90.614611,8.714065,8.734125,8.372934,8.447007,7.551306,7.531729,1.638165,0.021472,93.375042,8.806498,8.542629,7.629178
C01320,A_L18,DIGITAL_CMOS,CMOS_A,1.617723,1.632566,0.022644,0.022816,103.023736,104.26602,8.485563,8.57969,7.907386,8.006252,7.086895,7.171931,1.679827,0.022932,106.553432,8.651869,8.287582,7.348857
C01321,A_L18,DIGITAL_CMOS,CMOS_A,1.450581,1.466329,0.018476,0.019196,93.026484,94.313075,8.488059,8.501038,8.365203,8.327803,7.145332,7.168977,1.520462,0.019708,97.570092,8.595922,8.270282,7.196161
C01322,A_L18,DIGITAL_CMOS,CMOS_A,1.908632,1.938881,0.020623,0.020869,103.725422,103.60323,8.541253,8.573184,8.512763,8.548283,7.490486,7.512008,1.899649,0.020866,103.860449,8.66374,8.537195,7.496584
C01323,A_L18,DIGITAL_CMOS,CMOS_A,1.527659,1.508944,0.029825,0.030243,99.446942,99.741656,8.663518,8.647814,8.149838,8.139753,6.973316,7.013816,1.540409,0.030492,100.667722,8.744402,8.290642,7.058752
C01324,A_L18,DIGITAL_CMOS,CMOS_A,1.816148,1.835394,0.019602,0.0201,93.478369,93.465108,8.926024,8.973607,7.930558,7.963117,7.03049,7.058462,1.939157,0.027827,97.783467,9.212274,8.290318,7.384394
C01325,A_L18,DIGITAL_CMOS,CMOS_A,1.489278,1.505091,0.010536,0.010303,91.184396,91.92331,8.669469,8.706025,7.831115,7.868347,7.090101,7.162532,1.549639,0.010491,92.287768,8.723257,7.919482,7.077518
C01326,A_L18,DIGITAL_CMOS,CMOS_A,1.594537,1.604022,0.026229,0.026326,90.468064,90.567745,8.654302,8.671516,8.011565,8.236641,7.425312,7.44319,1.62682,0.026873,91.495333,8.84426,8.432818,7.646458
C01327,A_L18,DIGITAL_CMOS,CMOS_A,2.170342,2.225566,0.033178,0.033837,94.276461,94.8102,9.126596,9.060804,8.254552,8.264059,7.23797,7.336281,2.239776,0.035255,97.611536,9.113262,8.248963,7.322539
C01328,A_L18,DIGITAL_CMOS,CMOS_A,1.215436,1.217023,0.020254,0.020471,101.005652,100.380762,8.436668,8.482382,7.816628,7.89982,7.269827,7.334307,1.251722,0.020486,101.177358,8.623644,8.146464,7.482047
C01329,A_L18,DIGITAL_CMOS,CMOS_A,1.410997,1.433361,0.016467,0.016601,102.423331,102.817038,9.217532,9.249388,8.664192,8.658225,8.181794,8.112897,1.437055,0.016891,103.107643,9.372297,8.761618,8.233308
C01330,A_L18,DIGITAL_CMOS,CMOS_A,1.109656,1.147225,0.015405,0.015989,104.187655,105.135432,8.123499,8.189138,7.326429,7.394709,6.696657,6.639105,1.167612,0.016613,108.680387,8.220994,7.41423,6.70009
C01331,A_L18,DIGITAL_CMOS,CMOS_A,1.785523,1.802995,0.016649,0.016613,91.27244,91.871746,8.410782,8.464043,7.03947,7.069811,7.44255,7.535963,1.822062,0.016575,92.109433,8.42172,7.113851,7.495028
C01332,A_L18,DIGITAL_CMOS,CMOS_A,1.384475,1.380449,0.016973,0.016808,96.81945,96.416466,8.260008,8.348686,7.431642,7.438796,7.015046,7.043364,1.394839,0.016798,98.032623,8.350127,7.492256,7.08805
C01333,A_L18,DIGITAL_CMOS,CMOS_A,2.010176,2.059132,0.018563,0.019323,93.94878,94.340093,8.805298,8.877655,8.130291,8.152754,7.329475,7.411738,2.108309,0.019469,96.679317,8.872798,8.187191,7.394366
C01334,A_L18,DIGITAL_CMOS,CMOS_A,1.495098,1.543644,0.027086,0.027451,95.771943,97.389134,8.617112,8.607645,7.60665,7.638041,7.091132,7.242012,1.55184,0.02836,101.914522,8.782857,7.82153,7.36934
C01335,A_L18,DIGITAL_CMOS,CMOS_A,1.671284,1.722096,0.014749,0.015092,93.243777,93.312602,8.550328,8.619263,7.458358,7.602364,7.04942,7.118594,1.821314,0.015768,98.526127,8.754634,7.757063,7.174466
C01336,A_L18,DIGITAL_CMOS,CMOS_A,1.353304,1.370679,0.022144,0.022181,90.277202,92.464868,8.716847,8.859607,8.27698,8.268536,7.745045,7.679388,1.458248,0.023513,95.005391,8.85229,8.285993,7.773111
C01337,A_L18,DIGITAL_CMOS,CMOS_A,2.067516,2.093526,0.025065,0.024672,92.100168,93.269336,8.852277,8.923814,15.496157,14.455981,7.70723,7.656911,2.134225,0.025111,94.108243,8.88656,15.760338,7.81197
C01338,A_L18,DIGITAL_CMOS,CMOS_A,1.594255,1.562632,0.01996,0.020419,99.67236,101.754475,8.641937,8.747822,7.755529,7.814338,7.132992,7.128984,1.623609,0.021222,105.9126,8.738556,7.835298,7.169954
C01339,A_L18,DIGITAL_CMOS,CMOS_A,2.084382,2.07673,0.016657,0.016815,99.526044,99.894656,8.949741,9.127797,7.977094,7.989349,7.268778,7.277442,2.27929,0.017937,104.387368,9.375066,8.221746,7.402821
C01340,A_L18,DIGITAL_CMOS,CMOS_A,1.673589,1.719916,0.01854,0.019271,91.492543,91.019898,8.735442,8.750815,7.951788,8.008202,7.57739,7.627296,1.790697,0.019298,96.620893,8.970813,8.081675,7.722359
C01341,A_L18,DIGITAL_CMOS,CMOS_A,1.688158,1.741085,0.016149,0.0167,95.344883,96.174257,8.649937,8.551618,7.394766,7.399815,7.237514,7.213389,1.801355,0.017048,101.632156,8.701147,7.451393,7.210588
C01342,A_L18,DIGITAL_CMOS,CMOS_A,2.027248,2.046924,0.020699,0.021138,93.142734,95.156333,8.499559,8.557387,7.813217,7.931157,7.425788,7.432818,2.129793,0.022321,98.862456,8.740913,8.20786,7.541461
C01343,A_L18,DIGITAL_CMOS,CMOS_A,1.46082,1.483675,0.024593,0.024882,94.946814,95.331327,8.642747,8.77203,7.927601,7.990861,7.306211,7.320557,1.514248,0.025614,97.398035,8.964357,8.235458,7.395075
C01344,A_L18,DIGITAL_CMOS,CMOS_A,1.585593,1.598961,0.022549,0.022981,102.624177,103.097307,7.996123,7.986926,7.356827,7.381518,7.221942,7.241976,1.61006,0.022777,105.096631,8.041762,7.409297,7.273702
C01345,A_L18,DIGITAL_CMOS,CMOS_A,1.486473,1.522938,0.01806,0.018423,97.089164,97.94107,8.190369,8.30972,7.156284,7.255274,6.445132,6.492186,1.610952,0.01969,105.621255,8.344491,7.377024,6.550664
C01346,A_L18,DIGITAL_CMOS,CMOS_A,1.870618,1.92284,0.021425,0.021468,106.758584,105.991272,8.262265,8.356561,8.19606,8.330911,7.425705,7.423333,1.902642,0.021664,106.873893,8.462695,8.528471,7.537433
C01347,A_L18,DIGITAL_CMOS,CMOS_A,1.242551,1.273226,0.016279,0.016347,94.171565,95.227677,8.787343,8.825263,8.052007,8.051552,7.610649,7.553608,1.329102,0.017014,99.154212,9.253268,8.455156,7.838718
C01348,A_L18,DIGITAL_CMOS,CMOS_A,1.694386,1.66175,0.014443,0.014515,91.077372,91.678297,8.461541,8.460082,7.995156,7.946798,7.214288,7.233817,1.748409,0.014689,92.815517,8.57237,7.995044,7.214274
C01349,A_L18,DIGITAL_CMOS,CMOS_A,1.596718,1.604045,0.020856,0.021162,94.214215,95.199564,8.694961,8.74855,7.74364,7.872805,7.317782,7.3865,1.727651,0.022606,99.149478,9.168616,8.192224,7.602435
C01350,A_L18,DIGITAL_CMOS,CMOS_A,1.58978,1.594663,0.022165,0.022571,97.127926,97.496662,8.241006,8.211082,8.297204,8.326301,7.134125,7.100253,1.675107,0.02408,102.344783,8.278179,8.398013,7.089613
C01351,A_L18,DIGITAL_CMOS,CMOS_A,1.320169,1.340972,0.021534,0.021814,89.709495,90.26134,8.43991,8.495688,7.845234,7.870371,7.101842,7.197668,1.430114,0.022937,95.481695,8.772631,8.107406,7.304391
C01352,A_L18,DIGITAL_CMOS,CMOS_A,1.664839,1.653133,0.020058,0.02019,97.986241,99.772936,9.032568,9.087318,7.862638,7.964229,7.484978,7.547596,1.726888,0.020661,103.739642,9.326068,8.197618,7.721779
C01353,A_L18,DIGITAL_CMOS,CMOS_A,1.687227,1.694759,0.013475,0.013795,90.765169,92.083252,8.643714,8.741948,7.544291,7.589954,7.168339,7.188612,1.73756,0.014105,94.585898,9.122907,7.780801,7.36386
C01354,A_L18,DIGITAL_CMOS,CMOS_A,1.540577,1.566717,0.013121,0.013339,98.194421,99.090398,8.68304,8.647696,8.04501,8.153041,7.338898,7.365913,1.668555,0.013837,105.538842,8.75321,8.263527,7.441141
C01355,A_L18,DIGITAL_CMOS,CMOS_A,1.039313,1.065161,0.015849,0.016016,89.140018,90.351492,8.289836,8.335882,7.820603,7.909671,7.382862,7.370802,1.088026,0.016326,92.546758,8.367046,7.920068,7.409573
C01356,A_L18,DIGITAL_CMOS,CMOS_A,1.37932,1.373856,0.013253,0.013222,94.89557,95.338369,8.05922,8.13084,7.735019,7.82954,7.24433,7.324199,1.832142,0.013265,100.239211,8.296511,8.001045,7.296698
C01357,A_L18,DIGITAL_CMOS,CMOS_A,1.28867,1.282332,0.024235,0.024199,95.336724,93.955296,8.762258,8.804304,7.671729,7.732594,7.344605,7.325765,1.310258,0.024262,94.903228,9.030393,8.06323,7.437881
C01358,A_L18,DIGITAL_CMOS,CMOS_A,1.950424,1.940887,0.028998,0.029101,97.946124,97.245341,7.990451,8.067884,7.497175,7.542136,7.58913,7.497636,2.019976,0.029713,98.712693,8.029134,7.601652,7.587619
C01359,A_L18,DIGITAL_CMOS,CMOS_A,1.465758,1.489232,0.013803,0.01433,93.872235,96.279874,8.827932,8.812569,7.58726,7.57508,7.077685,7.078724,1.521419,0.014826,98.765635,8.871172,7.725544,7.104649
C01726,A_L24,DIGITAL_CMOS,CMOS_A,1.680247,1.710932,0.024112,0.024519,87.977109,88.282995,8.579865,8.59864,7.638889,7.658395,7.222141,7.231873,1.700672,0.02475,89.497312,8.799293,7.937071,7.577942
C01727,A_L24,DIGITAL_CMOS,CMOS_A,1.350541,1.358371,0.01982,0.019743,84.403015,84.730943,8.699119,8.718671,8.466469,8.495373,7.471732,7.501701,1.367155,0.01973,85.029627,8.991186,8.81456,7.797492
C01728,A_L24,DIGITAL_CMOS,CMOS_A,1.523355,1.586395,0.010042,0.010197,85.377857,86.776093,8.933617,8.961819,8.201132,8.25951,7.5128,7.59171,1.621338,0.010604,88.4618,8.953272,8.366006,7.526831
C01729,A_L24,DIGITAL_CMOS,CMOS_A,1.460583,1.519473,0.015974,0.016165,83.440436,86.357208,8.906945,8.993296,8.727479,8.782204,7.897637,7.88903,1.49082,0.01667,90.317653,9.297958,9.071722,8.150293
C01730,A_L24,DIGITAL_CMOS,CMOS_A,1.43282,1.454856,0.015555,0.015902,82.315869,85.067688,8.661225,8.666933,8.123505,8.221889,6.98748,7.038259,1.53128,0.017445,91.400045,8.833864,8.358984,7.3193
C01731,A_L24,DIGITAL_CMOS,CMOS_A,1.778295,1.7777,0.10441,0.106556,84.163606,84.180372,8.616371,8.677779,7.974304,8.112509,7.507053,7.581556,1.892304,0.107558,88.84763,8.61663,8.135337,7.588821
C01732,A_L24,DIGITAL_CMOS,CMOS_A,1.524313,1.522891,0.026399,0.02677,90.791165,91.427196,9.036165,9.042217,8.361331,8.367181,7.632789,7.685297,1.494002,0.026547,92.014808,9.179957,8.442323,8.021634
C01733,A_L24,DIGITAL_CMOS,CMOS_A,1.521873,1.516987,0.016115,0.016279,89.05514,88.412799,8.424167,8.478095,7.86366,7.838397,7.386606,7.405203,1.516716,0.016423,90.292111,8.494282,7.844487,7.462799
C01734,A_L24,DIGITAL_CMOS,CMOS_A,1.851349,1.874479,0.030506,0.030126,98.643003,98.381935,9.002044,9.069814,7.695533,7.735622,7.434287,7.563587,1.878536,0.030921,100.168495,9.203123,7.965183,8.070334
C01735,A_L24,DIGITAL_CMOS,CMOS_A,1.30079,1.305834,0.016551,0.0165,81.609826,81.542631,9.082696,9.132349,8.819331,8.769912,7.798737,7.848038,1.335435,0.016648,83.169899,9.182463,8.879801,7.9083
C01736,A_L24,DIGITAL_CMOS,CMOS_A,2.139068,2.10752,0.026137,0.026305,88.303016,87.76787,8.726246,8.77118,7.925679,7.877498,7.198304,7.221875,2.139802,0.026565,88.86466,8.735982,7.975543,7.287743
C01737,A_L24,DIGITAL_CMOS,CMOS_A,1.436059,1.420876,0.024532,0.02476,88.573754,89.850438,8.900841,9.030385,7.836952,7.834982,7.588527,7.593853,1.439147,0.025038,90.427627,9.177886,8.072424,7.792656
C01738,A_L24,DIGITAL_CMOS,CMOS_A,1.699554,1.696045,0.020819,0.021297,89.041676,91.075536,9.156036,9.201724,8.720672,8.784675,7.674749,7.749425,1.736102,0.021793,95.431911,9.330027,8.846041,7.825331
C01739,A_L24,DIGITAL_CMOS,CMOS_A,1.161004,1.181996,0.018185,0.018178,82.663341,83.892163,8.371961,8.438483,8.647828,8.944705,7.220497,7.166366,1.195759,0.018787,86.209378,8.513716,10.814359,7.182708
C01740,A_L24,DIGITAL_CMOS,CMOS_A,1.582844,1.567075,0.013556,0.013906,91.03321,91.667938,8.441463,8.51364,7.764806,7.747718,7.166847,7.323516,1.709106,0.014541,96.817974,8.798309,7.954397,7.539608
C01741,A_L24,DIGITAL_CMOS,CMOS_A,1.233543,1.241726,0.020357,0.020601,93.64491,93.538052,8.089672,8.038522,7.75621,7.820596,7.471503,7.453859,1.272253,0.021262,95.702091,8.093782,7.734637,7.501498
C01742,A_L24,DIGITAL_CMOS,CMOS_A,1.638782,1.693236,0.018583,0.018932,90.88289,92.667378,8.375171,8.427964,8.004758,7.986648,6.590412,6.626834,1.7833,0.019951,97.662546,8.406934,8.049645,6.65768
C01743,A_L24,DIGITAL_CMOS,CMOS_A,1.643974,1.617124,0.022468,0.022722,87.696038,87.264366,8.511272,8.615106,8.244819,8.238465,6.8652,6.841685,1.619188,0.023219,89.352756,8.636046,8.216861,6.810906
C01744,A_L24,DIGITAL_CMOS,CMOS_A,1.317659,1.31894,0.01767,0.017883,84.309571,85.268528,8.572517,8.574682,8.228823,8.35102,6.921883,6.990817,1.377406,0.018877,90.99404,8.690258,8.482306,7.093088
C01745,A_L24,DIGITAL_CMOS,CMOS_A,1.761945,1.782285,0.021459,0.021396,90.537454,90.135917,8.209569,8.24991,7.338526,7.461024,7.093207,7.154485,1.812489,0.021614,91.684501,8.362399,7.7147,7.301976
C01746,A_L24,DIGITAL_CMOS,CMOS_A,2.757624,2.805073,0.021749,0.021933,92.304414,93.165329,9.028051,9.03676,8.417131,8.447437,7.423155,7.457738,2.79131,0.022098,96.357068,9.321765,8.802053,7.740862
C01747,A_L24,DIGITAL_CMOS,CMOS_A,1.433947,1.485121,0.019556,0.019843,84.68213,85.488877,8.739487,8.735594,8.332751,8.452609,7.551386,7.683326,1.501362,0.020509,89.274918,8.882641,8.706702,7.785635
C01748,A_L24,DIGITAL_CMOS,CMOS_A,1.683945,1.708167,0.01699,0.017843,85.888975,88.571162,8.437526,8.371602,7.985423,7.886954,6.62794,6.619859,1.773364,0.018217,90.791641,8.46394,8.081482,6.647454
C01749,A_L24,DIGITAL_CMOS,CMOS_A,1.505991,1.563094,0.017918,0.018301,89.644138,89.91405,9.126626,9.113377,8.417014,8.45474,7.295599,7.343671,1.543935,0.01905,91.516708,9.14385,8.56156,7.390174
C01750,A_L24,DIGITAL_CMOS,CMOS_A,1.71626,1.719114,0.024951,0.025223,79.69087,80.927528,9.594312,9.549272,8.88602,8.871816,7.904452,7.895069,1.696086,0.025849,81.854547,9.702301,8.99393,8.030486
C01751,A_L24,DIGITAL_CMOS,CMOS_A,1.487897,1.514322,0.017034,0.017179,82.279862,84.337603,8.503958,8.578596,8.327079,8.295443,6.806296,6.941673,1.538204,0.017669,86.696389,8.633091,8.612814,7.181972
C01752,A_L24,DIGITAL_CMOS,CMOS_A,1.806604,1.845586,0.021896,0.022092,87.21044,88.712974,8.940981,8.966479,8.771668,8.786422,7.439613,7.536888,1.873555,0.02248,93.326427,8.969795,8.859602,7.548034
C01753,A_L24,DIGITAL_CMOS,CMOS_A,1.564156,1.541288,0.012271,0.012547,87.584174,89.225562,9.032446,9.105025,8.356317,8.414015,7.786358,7.746509,1.674963,0.013207,94.03792,9.232601,8.565078,8.096906
C01754,A_L24,DIGITAL_CMOS,CMOS_A,1.828347,1.840065,0.018123,0.018085,93.029558,93.281113,8.795101,8.731295,8.325011,8.386754,7.330856,7.335129,1.836429,0.018449,94.070552,9.050765,8.60829,7.640394
C01755,A_L24,DIGITAL_CMOS,CMOS_A,1.651655,1.655694,0.020464,0.020848,86.064385,88.825948,9.594029,9.640169,8.667086,8.767124,8.155055,8.172514,1.697814,0.021378,92.372513,9.755081,9.054218,8.328408
C01756,A_L24,DIGITAL_CMOS,CMOS_A,1.714254,1.763011,0.019687,0.019778,82.451982,85.455727,8.727919,8.734137,7.994129,7.925695,7.486843,7.514723,1.813167,0.020278,97.398857,8.794786,8.014564,7.495391
C01757,A_L24,DIGITAL_CMOS,CMOS_A,1.907207,1.971377,0.023148,0.023406,84.765416,84.029528,9.030719,9.084904,7.977108,8.003241,7.974299,8.00347,2.090517,0.025375,84.792866,9.330872,8.055713,8.20548
C01758,A_L24,DIGITAL_CMOS,CMOS_A,1.777932,1.699456,0.017816,0.017633,89.456828,90.981274,8.262531,8.315223,7.550864,7.668788,6.747051,6.804734,1.763925,0.017953,91.305073,8.21129,7.635098,6.822691
C01759,A_L24,DIGITAL_CMOS,CMOS_A,1.501393,1.517321,0.03255,0.032769,86.335661,88.47611,9.007692,9.032951,8.112269,8.213429,7.087551,7.061319,1.540686,0.033439,92.310874,9.129358,8.144592,7.151063
C01760,A_L24,DIGITAL_CMOS,CMOS_A,1.924292,1.931763,0.021222,0.021102,80.84077,82.395021,8.989387,9.060465,8.171241,8.26759,7.95943,8.064898,2.006096,0.021985,86.083486,9.222858,8.463555,8.419726
C01761,A_L24,DIGITAL_CMOS,CMOS_A,1.732857,1.731019,0.017593,0.017631,85.452784,86.344942,8.871557,8.949113,8.719854,8.726653,7.875246,7.881748,1.752028,0.017809,88.412211,8.932011,8.75313,7.937613
C01762,A_L24,DIGITAL_CMOS,CMOS_A,1.793692,1.792399,0.02402,0.024089,88.136723,87.995089,9.130032,9.203171,8.576208,8.639426,7.864435,7.932994,1.797734,0.024477,89.735439,9.315302,8.832987,8.171635
C01763,A_L24,DIGITAL_CMOS,CMOS_A,2.157291,2.173825,0.020595,0.020813,87.573017,89.202685,8.167271,8.158203,7.822495,7.825076,7.261414,7.299545,2.260004,0.021742,94.370373,8.237149,7.850291,7.431359
C01764,A_L24,DIGITAL_CMOS,CMOS_A,1.442808,1.46219,0.011078,0.011398,89.067013,89.348861,9.438674,9.517428,8.850911,8.937546,7.223084,7.298486,1.525063,0.011821,91.721619,9.802097,9.103223,7.49782
C01765,A_L24,DIGITAL_CMOS,CMOS_A,2.006448,2.015497,0.025732,0.025946,91.375131,93.809545,9.05152,9.06021,8.102153,8.131429,7.502937,7.536353,2.073021,0.026366,98.30191,9.121979,8.18831,7.567775
C01766,A_L24,DIGITAL_CMOS,CMOS_A,1.982855,1.934592,0.021154,0.021508,90.627652,90.86818,9.353713,9.369936,8.594943,8.804112,8.012693,8.045491,1.964924,0.021085,92.28544,9.488885,8.995626,8.23379
C01767,A_L24,DIGITAL_CMOS,CMOS_A,1.817593,1.864735,0.012216,0.01247,87.382722,88.653306,8.739616,8.792277,8.542555,8.550191,7.824921,7.860525,1.945418,0.013055,90.379128,8.744673,8.65796,7.872395
C01768,A_L24,DIGITAL_CMOS,CMOS_A,1.685205,1.680322,0.08795,0.095204,85.774118,86.518224,8.787158,8.766662,7.846257,7.967189,7.088957,7.15119,1.806317,0.103506,92.210687,9.03571,8.269533,7.533827
C01769,A_L24,DIGITAL_CMOS,CMOS_A,1.267058,1.247941,0.015136,0.015222,83.422995,83.395742,9.145384,9.19456,8.442253,8.451554,7.866417,7.875561,1.278263,0.01517,85.437424,9.237474,8.573472,7.806158
C01770,A_L24,DIGITAL_CMOS,CMOS_A,1.833304,1.86303,0.022195,0.02245,87.042913,89.21108,8.700352,8.766082,7.594055,7.629259,6.682205,6.752891,1.949046,0.02309,92.866271,9.084014,7.944518,7.241052
C01771,A_L24,DIGITAL_CMOS,CMOS_A,1.732588,1.803073,0.024334,0.0249,90.879485,91.328641,9.317035,9.472949,11.891655,13.110406,7.864504,8.050937,1.868116,0.025286,100.259412,9.89933,15.793255,8.519836
C01772,A_L24,DIGITAL_CMOS,CMOS_A,1.33813,1.350867,0.015045,0.015002,86.851801,88.03301,9.213137,9.186033,8.316277,8.403636,7.610654,7.577309,1.35249,0.015244,88.076863,9.261135,8.431113,7.692557
C01773,A_L24,DIGITAL_CMOS,CMOS_A,1.157526,1.179217,0.013551,0.013758,82.172831,82.878511,8.879217,8.892618,8.875508,9.003172,7.037959,7.007322,1.218601,0.014074,87.700379,8.964724,9.089349,7.061478
C01774,A_L24,DIGITAL_CMOS,CMOS_A,1.695865,1.687742,0.022151,0.02292,90.543871,93.887913,8.293352,8.366779,8.111677,8.143309,6.890858,6.989852,1.715748,0.023641,97.806247,8.370468,8.170549,7.021782
C01775,A_L24,DIGITAL_CMOS,CMOS_A,1.517525,1.524605,0.018004,0.018211,83.849096,84.518535,8.811619,8.899211,8.486545,8.400556,7.593424,7.674351,1.540848,0.018311,85.358658,9.141222,8.78932,8.169873
C01776,A_L24,DIGITAL_CMOS,CMOS_A,1.638165,1.645255,0.020337,0.020568,96.38921,96.064252,9.224601,9.199509,8.541357,8.643667,7.715152,7.829785,1.68863,0.020821,96.441933,9.272678,8.715734,7.880759
C01777,A_L24,DIGITAL_CMOS,CMOS_A,1.484697,1.486151,0.015632,0.01575,85.795018,87.662521,8.520004,8.629193,7.625166,7.628531,6.98214,7.047684,1.536497,0.015966,90.241303,8.755538,7.949915,7.191107
C01778,A_L24,DIGITAL_CMOS,CMOS_A,1.483771,1.535796,0.020636,0.02109,84.61002,85.733383,8.859623,8.94315,8.224622,8.154036,7.527726,7.532119,1.584879,0.021227,88.236872,8.956544,8.248856,7.64942
C01779,A_L24,DIGITAL_CMOS,CMOS_A,1.848303,1.878033,0.018941,0.018992,94.6935,94.798828,8.434505,8.404601,7.801332,7.811582,7.074278,7.0839,1.913655,0.019445,96.050287,8.462117,7.793852,7.198896
C01780,A_L24,DIGITAL_CMOS,CMOS_A,1.668706,1.691596,0.016377,0.016489,87.348734,88.179189,9.161086,9.1845,7.889641,7.909072,7.743366,7.728068,1.713833,0.01688,91.973129,9.245041,7.983256,7.834962
C01781,A_L24,DIGITAL_CMOS,CMOS_A,1.476543,1.503713,0.0176,0.017715,78.550349,79.197235,8.571813,8.620385,8.382701,8.342238,7.414494,7.392133,1.549748,0.017768,80.158099,8.702374,8.420017,7.455024
C01782,A_L24,DIGITAL_CMOS,CMOS_A,1.557922,1.561261,0.021397,0.021584,89.927425,89.864995,9.428056,9.440507,8.716657,8.798333,8.007806,8.037671,1.644215,0.022421,93.119959,9.491425,8.83101,8.063796
C01783,A_L24,DIGITAL_CMOS,CMOS_A,1.341532,1.363127,0.021423,0.021366,88.937081,90.62063,8.986515,8.952371,8.549448,8.560725,7.708673,7.759175,1.393369,0.021886,93.20569,9.137446,8.822822,8.01497
C01784,A_L24,DIGITAL_CMOS,CMOS_A,1.323651,1.336035,0.026763,0.026794,84.311346,84.294804,8.861474,8.898913,8.195983,8.241029,7.536858,7.625238,1.436588,0.028381,89.944981,9.114697,8.718838,8.031128
C01785,A_L24,DIGITAL_CMOS,CMOS_A,1.319545,1.307502,0.020908,0.020868,86.411992,86.924758,8.735241,8.754903,8.267831,8.246687,7.543813,7.575396,1.323689,0.020796,89.123711,8.774416,8.26789,7.548139
C01786,A_L24,DIGITAL_CMOS,CMOS_A,1.33993,1.349698,0.02803,0.028077,87.258709,86.462572,8.848798,8.897888,8.671617,8.770737,7.771651,7.775019,1.34447,0.027862,87.298397,8.89531,8.858428,7.807116
C01787,A_L24,DIGITAL_CMOS,CMOS_A,1.623387,1.642325,0.024209,0.024376,82.354499,81.719082,8.784967,8.825498,7.842562,7.897454,7.396809,7.402656,1.630429,0.024696,83.66563,8.874672,7.956786,7.453937
C01788,A_L24,DIGITAL_CMOS,CMOS_A,1.734617,1.710324,0.01596,0.01599,82.979,83.764787,8.847076,8.867734,7.806366,7.821064,7.43612,7.508282,1.704645,0.015957,85.263938,9.041403,8.044625,7.744406
C01789,A_L24,DIGITAL_CMOS,CMOS_A,1.492815,1.530014,0.020742,0.020834,87.028504,86.812744,8.696126,8.709022,7.258111,7.314057,7.549094,7.550054,1.596116,0.021149,89.983259,8.763533,7.400991,7.694448
C01790,A_L24,DIGITAL_CMOS,CMOS_A,1.784612,1.718065,0.016539,0.016851,87.390947,86.516564,8.668806,8.682297,8.132254,8.16668,7.267535,7.344158,1.753744,0.016741,87.888327,8.947203,8.517823,7.462059
C01791,A_L24,DIGITAL_CMOS,CMOS_A,0.984747,0.998961,0.019756,0.020229,83.872005,83.923299,8.584589,8.69183,8.16911,8.25888,7.308708,7.428669,1.061669,0.021114,90.819597,8.834492,8.408658,7.644419
C01792,A_L24,DIGITAL_CMOS,CMOS_A,1.551969,1.538504,0.021984,0.022491,93.602183,93.960821,8.524223,8.557193,14.196803,15.789958,7.151633,7.176768,1.571885,0.022387,93.882913,8.592457,15.967318,7.170906
C01793,A_L24,DIGITAL_CMOS,CMOS_A,1.432899,1.50321,0.030443,0.03087,93.497681,94.363794,8.77412,8.749896,8.269382,8.239558,7.187584,7.226179,1.570543,0.032021,100.601369,8.786953,8.298679,7.231722
C01794,A_L24,DIGITAL_CMOS,CMOS_A,1.888348,1.896827,0.021624,0.02239,90.478974,90.852104,9.082958,9.122423,8.135286,8.164103,7.430852,7.472523,1.92013,0.022996,95.716456,9.155377,8.294234,7.570702
C01795,A_L24,DIGITAL_CMOS,CMOS_A,2.145302,2.189352,0.023006,0.02351,87.077492,87.800133,9.033418,9.027804,8.345138,8.326841,7.9941,8.03333,2.270975,0.024435,92.185136,9.09444,8.442958,8.172052
C01796,A_L24,DIGITAL_CMOS,CMOS_A,1.679081,1.710147,0.020879,0.021085,89.694167,89.31496,8.772305,8.825833,8.27776,8.270966,7.538355,7.580844,1.710971,0.021159,89.729484,8.822516,8.346836,7.687016
C01797,A_L24,DIGITAL_CMOS,CMOS_A,1.443993,1.492345,0.0182,0.018391,88.070354,89.612097,9.102956,9.222968,7.880798,7.946433,7.41896,7.428373,1.469039,0.018845,91.623759,9.329868,8.058838,7.717873
C01798,A_L24,DIGITAL_CMOS,CMOS_A,1.283403,1.26695,0.017016,0.01701,87.322192,88.513037,8.79911,8.92359,8.256514,8.360491,7.401426,7.558732,1.304178,0.017461,93.02922,9.10314,8.511357,7.777611
C01799,A_L24,DIGITAL_CMOS,CMOS_A,1.564684,1.611184,0.022806,0.023372,83.96537,85.613785,8.868267,8.85308,8.078307,8.196214,7.125748,7.19496,1.629699,0.024712,88.760623,9.023658,8.332101,7.413871
C01800,A_L24,DIGITAL_CMOS,CMOS_A,1.502443,1.557676,0.017909,0.018207,87.077455,87.68378,9.554908,9.525909,8.428301,8.420319,7.650056,7.637147,1.528834,0.017921,87.702083,9.455109,8.488455,7.698207
C02553,B_L11,DIGITAL_CMOS,CMOS_B,0.599286,0.61717,0.093961,0.0929,50.355978,50.236068,5.487802,5.485801,3.062254,3.080407,3.145533,3.129294,0.614062,0.094949,50.894047,5.536616,3.105341,3.166367
C02554,B_L11,DIGITAL_CMOS,CMOS_B,0.726,0.71862,0.087066,0.088318,49.766299,50.55104,4.668108,4.672542,3.158882,3.128902,2.818597,2.831759,0.723882,0.088892,50.774524,4.908011,3.262891,2.938004
C02555,B_L11,DIGITAL_CMOS,CMOS_B,0.859533,0.885364,0.070549,0.072936,47.630174,48.062615,4.912343,4.94277,3.041821,3.036171,2.901975,2.88093,0.913753,0.075644,49.292511,5.012649,3.058053,2.908916
C02556,B_L11,DIGITAL_CMOS,CMOS_B,0.742907,0.750308,0.089131,0.090418,45.072757,44.542458,5.295677,5.414924,2.819474,2.84294,2.997293,3.027734,0.760856,0.089686,44.855161,5.611359,2.914015,3.125041
C02557,B_L11,DIGITAL_CMOS,CMOS_B,0.583597,0.606359,0.059578,0.060188,45.758558,45.882563,4.961961,4.985753,3.268159,3.296961,2.820953,2.826833,0.615297,0.062147,48.297334,5.084272,3.338648,2.88286
C02558,B_L11,DIGITAL_CMOS,CMOS_B,0.672642,0.68597,0.068019,0.06777,44.476075,44.630558,5.055024,5.082172,3.024933,3.076506,2.970402,2.973306,0.678963,0.069066,45.077171,5.197119,3.137934,3.039877
C02559,B_L11,DIGITAL_CMOS,CMOS_B,0.544834,0.562237,0.054449,0.053477,47.502642,47.259512,5.102691,5.100442,3.256011,3.287315,2.66954,2.694139,0.567141,0.054741,48.873904,5.171981,3.244488,2.693912
C02560,B_L11,DIGITAL_CMOS,CMOS_B,0.525986,0.532125,0.077407,0.078107,50.089623,50.748413,5.28819,5.30811,3.263268,3.255767,2.98599,2.999047,0.563739,0.085211,53.158262,5.311716,3.250344,3.042382
C02561,B_L11,DIGITAL_CMOS,CMOS_B,0.604401,0.600625,0.074539,0.075835,48.131418,48.348702,5.196122,5.189564,2.819823,2.841539,2.78088,2.791547,0.627269,0.083188,51.331363,5.271537,2.874514,2.795666
C02562,B_L11,DIGITAL_CMOS,CMOS_B,0.499541,0.498062,0.082304,0.082428,46.001605,46.08943,5.006305,5.078381,3.202809,3.229032,3.1374,3.136505,0.502971,0.084951,45.986369,5.179058,3.333122,3.190748
C02563,B_L11,DIGITAL_CMOS,CMOS_B,0.56806,0.580412,0.078035,0.08128,52.244041,51.812802,5.147676,5.135407,2.99248,2.97645,3.010839,3.01351,0.612555,0.084836,54.526768,5.147159,2.980738,2.973043
C02564,B_L11,DIGITAL_CMOS,CMOS_B,0.544108,0.539371,0.068028,0.067964,47.659715,47.719159,5.10602,5.211884,2.991266,3.01697,2.908395,2.932078,0.552837,0.068788,48.254605,5.333322,3.120812,3.018671
C02565,B_L11,DIGITAL_CMOS,CMOS_B,0.507869,0.515586,0.05499,0.056661,46.163701,47.127386,5.315662,5.36109,3.408595,3.418315,3.066269,3.052337,0.53664,0.059179,47.925998,5.322409,3.438437,3.11275
C02566,B_L11,DIGITAL_CMOS,CMOS_B,0.534257,0.557929,0.083407,0.085345,44.852142,45.812902,5.33635,5.373241,3.345246,3.346048,3.096917,3.066323,0.577236,0.090017,48.166856,5.427973,3.380935,3.112462
C02567,B_L11,DIGITAL_CMOS,CMOS_B,0.489054,0.498422,0.083374,0.082844,50.063705,50.612358,4.933891,4.912116,2.990121,2.985355,2.76914,2.77361,0.494452,0.084289,50.298169,4.957973,3.024012,2.827526
C02568,B_L11,DIGITAL_CMOS,CMOS_B,0.653115,0.642506,0.090243,0.091652,50.028823,49.939613,5.124867,5.170752,3.219768,3.286956,2.984048,2.997456,0.671831,0.094798,51.661006,5.425894,3.390717,3.118067
C02569,B_L11,DIGITAL_CMOS,CMOS_B,0.579078,0.569933,0.080028,0.080202,52.801081,53.0139,5.421025,5.491888,3.325121,3.387268,3.134784,3.187565,0.567063,0.080922,52.365682,5.601781,3.434155,3.2827
C02570,B_L11,DIGITAL_CMOS,CMOS_B,0.661153,0.668021,0.062428,0.06347,48.036805,48.1667,5.172332,5.159102,3.211753,3.216149,3.100463,3.130775,0.729747,0.066056,51.692855,5.254452,3.212173,3.14224
C02571,B_L11,DIGITAL_CMOS,CMOS_B,0.582768,0.564008,0.094737,0.097765,51.004647,51.016131,5.116121,5.159222,3.224298,3.211721,2.973196,2.978213,0.574251,0.098373,51.620505,5.32362,3.323019,3.136335
C02572,B_L11,DIGITAL_CMOS,CMOS_B,0.560151,0.561622,0.07432,0.074725,47.131121,47.352498,5.056341,5.089169,3.142948,3.176735,3.056944,3.089721,0.566476,0.076162,47.80472,5.143324,3.15712,3.109792
C02573,B_L11,DIGITAL_CMOS,CMOS_B,0.415267,0.415336,0.04551,0.04606,47.807217,48.059738,5.101509,5.148354,3.029585,3.024866,2.728892,2.727538,0.414912,0.046237,48.858882,5.162813,3.056546,2.752759
C02574,B_L11,DIGITAL_CMOS,CMOS_B,0.671855,0.682119,0.061223,0.060728,47.197252,47.520421,5.15411,5.186431,3.181396,3.199386,2.832951,2.832496,0.693932,0.062366,48.321331,5.278565,3.301669,2.942432
C02575,B_L11,DIGITAL_CMOS,CMOS_B,0.614707,0.631407,0.057991,0.057508,44.832955,45.227017,5.007883,5.030556,3.261858,3.256893,2.973371,3.004181,0.657452,0.062706,47.928202,5.02568,3.307946,3.026606
C02576,B_L11,DIGITAL_CMOS,CMOS_B,0.658238,0.661986,0.076849,0.077353,44.616084,45.452366,4.904944,4.895626,3.133756,3.143287,2.813869,2.806807,0.66495,0.078854,45.353508,4.920155,3.148971,2.844484
C02577,B_L11,DIGITAL_CMOS,CMOS_B,0.701314,0.701269,0.086802,0.088198,41.735491,41.82751,5.145627,5.174201,3.008626,3.04358,2.926487,2.950934,0.714325,0.089528,42.178631,5.475716,3.117527,3.087194
C02578,B_L11,DIGITAL_CMOS,CMOS_B,0.532764,0.537724,0.058,0.059514,47.873713,47.590196,4.95811,4.977259,3.185816,3.181651,2.805627,2.775872,0.567545,0.063308,49.466926,4.975639,3.198661,2.81602
C02579,B_L11,DIGITAL_CMOS,CMOS_B,0.553662,0.560386,0.074523,0.07488,49.115263,49.863267,5.146924,5.203121,3.335831,3.370129,2.985998,3.057646,0.603194,0.081472,52.789735,5.429205,3.482307,3.223906
C02580,B_L11,DIGITAL_CMOS,CMOS_B,0.499965,0.492686,0.049662,0.051157,48.116373,48.941929,5.056831,5.087884,3.195908,3.212389,2.973074,2.975981,0.528387,0.052891,50.646756,5.378518,3.325569,3.096421
C02581,B_L11,DIGITAL_CMOS,CMOS_B,0.525249,0.524114,0.059089,0.0609,49.108609,50.19629,4.696536,4.668302,3.082522,3.088523,2.835189,2.84032,0.566387,0.062325,51.476872,4.677824,3.120155,2.849629
C02582,B_L11,DIGITAL_CMOS,CMOS_B,0.821741,0.796964,0.067641,0.067815,43.892247,44.356174,5.003927,4.994942,3.182063,3.169559,2.854631,2.899089,0.855822,0.072623,46.27578,5.077101,3.183796,2.900412
C02583,B_L11,DIGITAL_CMOS,CMOS_B,0.551271,0.56787,0.048696,0.048789,47.025634,46.660189,5.186051,5.254215,3.086026,3.113388,2.843421,2.834771,0.575879,0.049183,46.897667,5.519258,3.197886,2.95049
C02584,B_L11,DIGITAL_CMOS,CMOS_B,0.645107,0.65435,0.071689,0.071671,42.973158,43.031931,5.456923,5.463156,3.281679,3.25782,2.818951,2.826572,0.700032,0.074788,44.814635,5.453658,3.288993,2.878508
C02585,B_L11,DIGITAL_CMOS,CMOS_B,0.636096,0.640148,0.074314,0.075009,47.859671,48.39524,4.978431,4.926251,3.086007,3.108623,2.880517,2.900216,0.65295,0.075036,48.252419,5.032222,3.119445,2.917499
C02586,B_L11,DIGITAL_CMOS,CMOS_B,0.642539,0.655467,0.070571,0.072446,46.838372,48.073534,4.88003,4.893965,2.973754,3.001086,2.980552,3.012896,0.68953,0.076211,50.221375,4.956913,3.040006,3.112453
C02587,B_L11,DIGITAL_CMOS,CMOS_B,0.624084,0.608776,0.080092,0.079816,49.897668,50.233391,4.992518,5.002331,3.323811,3.345588,3.104452,3.138962,0.625632,0.081675,50.710359,5.132357,3.460173,3.238856
C02588,B_L11,DIGITAL_CMOS,CMOS_B,0.584725,0.596313,0.048921,0.05013,46.101641,46.581923,4.809698,4.820816,2.930967,2.937891,2.823594,2.81825,0.591968,0.050117,46.816802,4.99316,3.003259,2.869033
C02589,B_L11,DIGITAL_CMOS,CMOS_B,0.67463,0.673884,0.099038,0.098053,46.310675,46.044814,5.364241,5.385436,3.137414,3.119443,3.30892,3.296177,0.678601,0.10104,46.981191,5.466605,3.131407,3.340102
C02590,B_L11,DIGITAL_CMOS,CMOS_B,0.501224,0.503367,0.088756,0.090597,46.586748,45.967677,4.954459,4.987197,3.045727,3.073634,2.947529,2.972088,0.51244,0.09053,46.662177,5.099579,3.131834,3.040461
C02591,B_L11,DIGITAL_CMOS,CMOS_B,0.558635,0.566127,0.066431,0.066196,47.116652,47.062689,5.132349,5.092522,3.06601,3.064844,2.673615,2.688968,0.602875,0.07157,48.951877,5.183119,3.073745,2.732382
C02592,B_L11,DIGITAL_CMOS,CMOS_B,0.524641,0.537835,0.082263,0.085576,46.757227,46.816161,5.165937,5.150874,3.424601,3.456243,3.042397,3.063288,0.553966,0.087843,48.486246,5.41969,3.578638,3.215694
C02593,B_L11,DIGITAL_CMOS,CMOS_B,0.5424,0.539223,0.05674,0.056975,44.796583,44.605851,4.67829,4.673514,2.721142,2.763776,2.877545,2.865882,0.55418,0.058113,45.698009,4.720212,2.725328,2.875346
C02594,B_L11,DIGITAL_CMOS,CMOS_B,0.587728,0.586273,0.099373,0.098119,48.146432,48.661212,5.429834,5.446745,3.184676,3.188443,2.979944,3.011367,0.600942,0.100429,49.081786,5.779731,3.312355,3.159546
C02595,B_L11,DIGITAL_CMOS,CMOS_B,0.674916,0.678361,0.05855,0.061016,49.173392,49.66766,4.985257,4.970295,2.790137,2.793159,2.782528,2.800207,0.710695,0.06295,51.044324,4.996037,2.812694,2.793242
C02596,B_L11,DIGITAL_CMOS,CMOS_B,0.657274,0.67417,0.076916,0.077343,43.338975,43.652986,4.944943,5.062294,3.029745,3.070212,2.948184,2.947311,0.678819,0.077917,43.77182,5.270984,3.16296,2.995762
C02597,B_L11,DIGITAL_CMOS,CMOS_B,0.49994,0.500457,0.046356,0.047132,46.652053,47.149089,5.492945,5.518538,3.414365,3.394218,3.239708,3.242686,0.526056,0.048684,48.679819,5.595844,3.440651,3.294793
C02598,B_L11,DIGITAL_CMOS,CMOS_B,0.595219,0.598611,0.101873,0.101896,50.207639,50.289678,5.06593,5.094715,3.291774,3.324611,2.926411,2.898516,0.602536,0.103685,50.996947,5.118429,3.349145,2.998415
C02599,B_L11,DIGITAL_CMOS,CMOS_B,0.514848,0.518852,0.062827,0.064509,47.637887,47.671085,5.156264,5.171855,3.157773,3.109947,3.008868,3.036806,0.548243,0.068945,49.936822,5.191059,3.145837,3.062002
C02600,B_L11,DIGITAL_CMOS,CMOS_B,0.822834,0.833907,0.097287,0.09866,49.042039,49.006762,5.147239,5.123068,3.247395,3.2396,2.981564,3.003884,0.87541,0.103361,51.344377,5.255169,3.25584,3.015234
C02601,B_L11,DIGITAL_CMOS,CMOS_B,0.528208,0.540017,0.059411,0.059421,45.142441,44.995767,5.172993,5.253469,3.206266,3.236776,3.090851,3.114572,0.538729,0.06017,45.247539,5.615456,3.375674,3.258657
C02602,B_L11,DIGITAL_CMOS,CMOS_B,0.660004,0.679872,0.074002,0.074305,47.544448,47.85939,5.211968,5.201602,3.031125,3.046485,2.92177,2.943368,0.685081,0.076748,48.737023,5.18287,3.032641,2.926762
C02603,B_L11,DIGITAL_CMOS,CMOS_B,0.511375,0.505559,0.06063,0.060864,43.197269,43.315599,5.362985,5.414037,3.157191,3.198195,3.010611,3.0556,0.499352,0.060239,44.053106,5.574176,3.31129,3.12761
C02604,B_L11,DIGITAL_CMOS,CMOS_B,0.774392,0.773634,0.071176,0.074037,48.038913,48.627108,5.247634,5.308525,3.208106,3.255308,2.982381,3.038016,0.81392,0.07666,49.813314,5.444253,3.258929,3.123719
C02605,B_L11,DIGITAL_CMOS,CMOS_B,0.536023,0.566925,0.060684,0.06204,46.672087,47.350945,4.778949,4.808255,2.79153,2.809082,2.593263,2.59422,0.574296,0.064319,47.879173,5.025216,2.918437,2.705906
C02606,B_L11,DIGITAL_CMOS,CMOS_B,0.651706,0.637173,0.062128,0.063341,46.53506,46.822048,5.081453,5.066154,3.38093,3.378434,2.929183,2.927555,0.650158,0.065083,47.451909,5.094208,3.378515,2.978823
C02607,B_L11,DIGITAL_CMOS,CMOS_B,0.584632,0.611842,0.106275,0.109561,49.573637,49.836121,5.351214,5.340427,3.123025,3.116186,3.076669,3.076071,0.632735,0.114419,52.049934,5.376746,3.143172,3.09968
C02608,B_L11,DIGITAL_CMOS,CMOS_B,0.562039,0.558896,0.049965,0.050281,45.559215,45.398696,5.193613,5.176754,3.280105,3.278277,3.038901,3.018253,0.568414,0.051353,45.785531,5.219306,3.289148,3.027581
C02609,B_L11,DIGITAL_CMOS,CMOS_B,0.418794,0.418784,0.074038,0.073604,45.762508,45.944726,5.181085,5.202432,3.26506,3.260174,2.83237,2.843526,0.443057,0.077358,48.467248,5.178969,3.279094,2.884284
C02610,B_L11,DIGITAL_CMOS,CMOS_B,0.640115,0.631315,0.067541,0.067669,47.460043,47.629623,5.238453,5.275406,3.302337,3.322178,3.288734,3.345215,0.63694,0.067896,48.40969,5.428022,3.41178,3.395896
C02611,B_L11,DIGITAL_CMOS,CMOS_B,0.47605,0.482602,0.076974,0.078687,46.545816,46.737432,5.034709,5.078356,3.171278,3.195426,2.949023,2.958806,0.501281,0.085072,49.199903,5.099255,3.183357,2.974635
C02612,B_L11,DIGITAL_CMOS,CMOS_B,0.639418,0.639576,0.093907,0.09529,46.154025,46.081738,5.192593,5.222772,3.100132,3.099927,2.746241,2.732865,0.67027,0.100278,48.013554,5.253838,3.106623,2.75728
C02613,B_L11,DIGITAL_CMOS,CMOS_B,0.479409,0.488691,0.046511,0.047368,48.843122,49.245481,5.072562,5.06664,2.970832,2.943464,2.845017,2.856509,0.488399,0.048324,51.41582,5.11703,2.983363,2.871378
C02614,B_L11,DIGITAL_CMOS,CMOS_B,0.700227,0.69086,0.056988,0.056806,45.785939,45.669593,5.467599,5.460845,3.355837,3.374736,3.046957,3.011195,0.70371,0.056771,45.63791,5.514672,3.407624,3.038464
C02615,B_L11,DIGITAL_CMOS,CMOS_B,0.525912,0.523727,0.102095,0.104766,46.415238,46.850951,4.859216,4.855895,2.931857,2.989511,2.957956,2.944394,0.526435,0.104074,46.97903,4.92477,2.96542,2.958712
C02616,B_L11,DIGITAL_CMOS,CMOS_B,0.492934,0.497466,0.084681,0.085079,47.21927,47.430558,5.319361,5.391278,3.288386,3.287326,3.003495,3.02978,0.515059,0.08842,48.405299,5.702953,3.462774,3.182615
C02617,B_L11,DIGITAL_CMOS,CMOS_B,0.595733,0.586749,0.053888,0.054436,43.544128,44.077964,5.230401,5.231983,3.191076,3.182711,2.898014,2.904565,0.598347,0.055438,44.755189,5.270719,3.200997,2.918222
C02618,B_L11,DIGITAL_CMOS,CMOS_B,0.475727,0.461083,0.065134,0.064791,47.319634,47.438466,5.234265,5.266203,2.993672,3.025648,2.896012,2.888219,0.48309,0.067779,47.890556,5.627066,3.137646,3.036639
C02619,B_L11,DIGITAL_CMOS,CMOS_B,0.576186,0.586485,0.073232,0.073723,46.934037,46.978783,5.428293,5.414221,3.303582,3.276001,3.085227,3.093247,0.580175,0.075555,47.272169,5.459613,3.314303,3.117537
C02620,B_L11,DIGITAL_CMOS,CMOS_B,0.706092,0.719373,0.078365,0.07845,45.440303,45.479977,5.124013,5.184136,2.979836,2.996036,3.010706,3.000723,0.721841,0.079982,46.388943,5.354174,3.085221,3.043688
C02621,B_L11,DIGITAL_CMOS,CMOS_B,0.860842,0.845764,0.062257,0.061828,44.105458,44.167556,5.113898,5.183277,3.1003,3.146389,2.993251,2.96977,0.84274,0.062316,44.718657,5.17417,3.139899,2.987354
C02622,B_L11,DIGITAL_CMOS,CMOS_B,0.616752,0.612109,0.087496,0.088397,46.763954,47.424932,4.916929,4.870763,2.879466,2.849431,2.826598,2.858658,0.647394,0.091983,47.63432,4.885825,2.920988,2.892982
C02623,B_L11,DIGITAL_CMOS,CMOS_B,0.596179,0.620629,0.09653,0.095713,47.807317,48.08567,5.069354,5.084259,3.071015,3.082394,2.87875,2.913975,0.623047,0.096368,48.217162,5.28948,3.147728,3.030621
C02624,B_L11,DIGITAL_CMOS,CMOS_B,0.798443,0.800452,0.074734,0.075061,44.5124,44.010561,5.203717,5.236166,3.138185,3.148985,2.94473,2.952472,0.806774,0.075917,44.641133,5.443734,3.257565,2.986635
C02698,B_L13,DIGITAL_CMOS,CMOS_B,0.517316,0.524267,0.06263,0.066116,48.718972,49.263184,5.205273,5.20573,3.187933,3.205165,2.736724,2.751803,0.557737,0.070272,51.614644,5.215438,3.206138,2.798574
C02699,B_L13,DIGITAL_CMOS,CMOS_B,0.509708,0.515468,0.086332,0.089437,49.49083,49.507375,5.493703,5.512366,3.44233,3.389485,3.178882,3.178527,0.531489,0.095601,51.627082,5.56989,3.426213,3.190778
C02700,B_L13,DIGITAL_CMOS,CMOS_B,0.721857,0.72803,0.109025,0.112376,52.917756,53.324437,5.082233,5.055238,2.875869,2.888965,2.872992,2.89217,0.763081,0.114636,54.442505,5.062399,2.933021,2.880729
C02701,B_L13,DIGITAL_CMOS,CMOS_B,0.519079,0.524051,0.043526,0.044144,52.846978,53.367457,5.321885,5.319237,3.406835,3.388529,2.821715,2.829216,0.524315,0.044757,53.773375,5.367,3.436045,2.827397
C02702,B_L13,DIGITAL_CMOS,CMOS_B,0.512521,0.518969,0.078052,0.079157,50.412866,50.723754,5.338208,5.378158,3.095068,3.074428,2.80618,2.830751,0.562437,0.085396,54.072326,5.498669,3.226762,2.886021
C02703,B_L13,DIGITAL_CMOS,CMOS_B,0.61733,0.636559,0.053977,0.054373,48.256255,49.512042,5.330711,5.363902,3.027609,3.065868,2.825092,2.85881,0.67039,0.058312,51.542193,5.503682,3.215162,2.896244
C02704,B_L13,DIGITAL_CMOS,CMOS_B,0.557118,0.559371,0.066928,0.069369,49.539785,50.008752,5.249177,5.259567,2.963138,2.968204,2.715123,2.711156,0.590869,0.073094,51.150475,5.260436,2.997647,2.732698
C02705,B_L13,DIGITAL_CMOS,CMOS_B,0.665011,0.674011,0.131682,0.134764,49.951422,50.476063,5.258481,5.277433,3.003109,3.003898,3.123485,3.138668,0.698762,0.140333,51.296713,5.323302,3.003853,3.123189
C02706,B_L13,DIGITAL_CMOS,CMOS_B,0.607412,0.619774,0.064376,0.066725,47.606883,48.022868,5.715186,5.697986,3.406202,3.392009,3.066054,3.035341,0.66503,0.071017,49.146729,5.80445,3.421031,3.074654
C02707,B_L13,DIGITAL_CMOS,CMOS_B,0.613423,0.612089,0.10887,0.110707,50.165453,50.485664,5.357446,5.336787,3.247265,3.254438,2.769871,2.772389,0.636058,0.110089,51.058496,5.315389,3.306786,2.797607
C02708,B_L13,DIGITAL_CMOS,CMOS_B,0.699654,0.700322,0.085081,0.084745,50.677668,50.93248,5.324459,5.284857,3.186093,3.187817,2.848235,2.87299,0.71291,0.087408,51.857432,5.317742,3.185007,2.89409
C02709,B_L13,DIGITAL_CMOS,CMOS_B,0.537117,0.53588,0.071626,0.071938,52.935602,53.256258,5.227112,5.220757,3.243706,3.300109,2.95239,2.967438,0.538181,0.074235,53.501376,5.379943,3.46265,3.03034
C02710,B_L13,DIGITAL_CMOS,CMOS_B,0.643599,0.67928,0.069007,0.077108,50.042671,51.101687,5.609617,5.609431,3.342047,3.412857,2.821691,2.868231,0.79124,0.110921,53.336904,5.666475,3.535185,2.888969
C02711,B_L13,DIGITAL_CMOS,CMOS_B,0.458618,0.464477,0.063313,0.065982,51.089357,51.496908,5.262799,5.220833,3.282626,3.299129,2.838526,2.838462,0.482184,0.068406,53.158412,5.254236,3.330605,2.846449
C02712,B_L13,DIGITAL_CMOS,CMOS_B,0.616194,0.62391,0.0818,0.082976,51.302627,51.328126,5.513714,5.515425,3.173607,3.239854,2.74255,2.755665,0.652302,0.089198,53.935164,5.64182,3.344778,2.801864
C02713,B_L13,DIGITAL_CMOS,CMOS_B,0.587471,0.611515,0.057685,0.059838,49.820568,50.288968,5.37497,5.414666,3.186391,3.184021,2.794442,2.802523,0.635432,0.061958,51.62105,5.43118,3.203693,2.810271
C02714,B_L13,DIGITAL_CMOS,CMOS_B,0.602203,0.604731,0.053807,0.05398,53.001712,53.001178,5.429695,5.434455,2.980969,2.986923,2.902859,2.901379,0.619681,0.05547,53.435108,5.522038,3.075631,2.943289
C02715,B_L13,DIGITAL_CMOS,CMOS_B,0.54504,0.557108,0.077803,0.076635,54.072692,53.706354,5.283951,5.304371,3.044913,3.056594,2.781989,2.777091,0.555722,0.078246,54.352015,5.447662,3.228696,2.859031
C02716,B_L13,DIGITAL_CMOS,CMOS_B,0.638771,0.639972,0.064411,0.064474,45.911334,45.874429,5.421131,5.477779,3.055452,3.057296,2.90006,2.92027,0.721555,0.065159,46.620326,6.096319,3.960755,2.93595
C02717,B_L13,DIGITAL_CMOS,CMOS_B,0.698637,0.70449,0.103625,0.108844,51.676973,52.154857,5.637654,5.631786,3.242982,3.254528,2.91279,2.887754,0.75313,0.113164,53.617575,5.626914,3.270692,2.901604
C02718,B_L13,DIGITAL_CMOS,CMOS_B,0.774115,0.772673,0.088414,0.090045,50.252163,50.849779,5.000031,5.007933,2.900823,2.917815,2.951472,2.952271,0.779776,0.092847,51.32992,5.113982,3.125401,2.998481
C02719,B_L13,DIGITAL_CMOS,CMOS_B,0.860654,0.861831,0.12789,0.137257,51.879459,52.086517,5.648794,5.573366,3.347778,3.344064,3.192516,3.164035,0.881996,0.165454,53.404718,5.646927,3.39019,3.173696
C02720,B_L13,DIGITAL_CMOS,CMOS_B,0.752719,0.758178,0.080681,0.082177,52.648718,52.7639,5.520788,5.542691,3.279459,3.299335,3.297794,3.303497,0.751485,0.082996,52.80581,5.53407,3.367477,3.322959
C02721,B_L13,DIGITAL_CMOS,CMOS_B,0.578938,0.585505,0.074768,0.075264,49.619847,50.056485,5.185304,5.255881,3.249158,3.297173,3.038379,3.018946,0.583395,0.076262,50.020316,5.275744,3.393694,3.08995
C02722,B_L13,DIGITAL_CMOS,CMOS_B,0.6636,0.649695,0.088623,0.090829,51.707105,51.746118,5.153623,5.170068,3.137249,3.147113,2.893024,2.922012,0.657472,0.09223,52.414212,5.154102,3.16038,2.919883
C02723,B_L13,DIGITAL_CMOS,CMOS_B,0.606471,0.605353,0.087213,0.088122,55.117081,55.236305,5.430635,5.466363,3.339186,3.358702,3.030004,3.036532,0.609759,0.090092,56.072522,5.585606,3.567187,3.152659
C02724,B_L13,DIGITAL_CMOS,CMOS_B,0.558253,0.601197,0.090673,0.09349,51.411051,52.782167,5.429958,5.484346,3.394984,3.432629,3.154011,3.150487,0.610821,0.097735,54.170194,5.599775,3.589027,3.234786
C02725,B_L13,DIGITAL_CMOS,CMOS_B,0.665376,0.667816,0.069937,0.072417,50.538316,51.669143,5.331747,5.323314,3.219056,3.191139,2.970106,2.966481,0.710421,0.07679,52.926067,5.321372,3.230069,2.962864
C02726,B_L13,DIGITAL_CMOS,CMOS_B,0.633466,0.636976,0.096598,0.099143,49.564948,49.517802,5.419765,5.384191,3.202642,3.212131,2.914465,2.95879,0.703065,0.105459,51.553297,5.425865,3.203934,2.972715
C02727,B_L13,DIGITAL_CMOS,CMOS_B,0.599353,0.600716,0.077598,0.079779,51.805208,52.765553,5.336575,5.310926,3.264907,3.250186,3.033201,3.038541,0.639511,0.082495,54.247006,5.421163,3.369539,3.093296
C02728,B_L13,DIGITAL_CMOS,CMOS_B,0.630092,0.632602,0.06317,0.064321,45.025262,45.339567,5.657557,5.643235,3.473261,3.511015,3.002067,3.01111,0.632621,0.066377,45.263109,5.755597,3.58671,3.043994
C02729,B_L13,DIGITAL_CMOS,CMOS_B,0.579293,0.577564,0.097907,0.098689,52.013796,52.268843,5.741237,5.735125,3.236797,3.271814,3.138351,3.158498,0.581033,0.1025,52.323515,5.801944,3.311111,3.190879
C02730,B_L13,DIGITAL_CMOS,CMOS_B,0.50811,0.511176,0.072987,0.073544,50.971747,51.417205,5.483832,5.457941,2.998335,2.982772,3.175399,3.162821,0.520344,0.074243,51.961739,5.429619,2.999613,3.184387
C02731,B_L13,DIGITAL_CMOS,CMOS_B,0.644443,0.628528,0.085231,0.089003,54.305184,54.70947,7.636573,8.147558,3.736065,3.811338,3.112093,3.12414,0.663961,0.095205,55.781109,8.178187,3.795534,3.122808
C02732,B_L13,DIGITAL_CMOS,CMOS_B,0.503803,0.518854,0.102752,0.108588,48.369095,48.812005,5.173575,5.195004,3.186962,3.263172,2.868701,2.877436,0.552865,0.114962,50.135576,5.328053,3.296829,2.900609
C02733,B_L13,DIGITAL_CMOS,CMOS_B,0.570015,0.575454,0.114156,0.115736,54.230936,54.712458,5.694886,5.690641,3.599627,3.598109,3.306686,3.31179,0.586484,0.116173,54.928436,5.750071,3.636691,3.33972
C02734,B_L13,DIGITAL_CMOS,CMOS_B,0.555582,0.548208,0.076816,0.077231,52.768947,53.130169,5.309462,5.272174,3.10542,3.126537,2.838944,2.85231,0.564958,0.078628,53.321868,5.329189,3.109576,2.840254
C02735,B_L13,DIGITAL_CMOS,CMOS_B,0.666298,0.665607,0.062844,0.064098,50.871762,51.049063,5.11691,5.124014,2.984577,3.045563,2.683131,2.687151,0.678959,0.087261,51.979952,5.242699,3.649104,2.867613
C02736,B_L13,DIGITAL_CMOS,CMOS_B,0.607153,0.612193,0.069129,0.069441,54.246142,53.469364,5.332933,5.327824,3.188728,3.202177,2.944965,2.96275,0.636485,0.070355,54.186732,5.328122,3.177405,2.953954
C02737,B_L13,DIGITAL_CMOS,CMOS_B,0.634859,0.655353,0.075976,0.078952,48.861638,49.410506,4.904253,4.956783,3.166142,3.159519,2.776731,2.777218,0.673221,0.082231,50.620069,4.947257,3.180468,2.789222
C02738,B_L13,DIGITAL_CMOS,CMOS_B,0.714803,0.711467,0.065672,0.066065,52.360101,52.279151,5.094405,5.149467,2.972538,2.998001,2.851581,2.892736,0.730709,0.069825,53.325888,5.220296,3.069524,2.934097
C02739,B_L13,DIGITAL_CMOS,CMOS_B,0.586125,0.584419,0.071385,0.072087,54.787991,54.329571,5.484165,5.577763,3.538229,3.562111,3.083757,3.072671,0.586683,0.075435,54.794038,5.646826,3.631998,3.137721
C02740,B_L13,DIGITAL_CMOS,CMOS_B,0.471383,0.47777,0.06514,0.064415,48.160439,48.69753,5.405576,5.459362,3.014058,3.012016,3.034717,3.030323,0.462583,0.065614,49.187007,5.506161,3.12124,3.124584
C02741,B_L13,DIGITAL_CMOS,CMOS_B,0.556116,0.552031,0.164738,0.166963,49.838024,49.665475,5.394716,5.44559,3.369653,3.406252,3.067019,3.077201,0.561126,0.171316,51.207006,5.639184,3.501559,3.19856
C02742,B_L13,DIGITAL_CMOS,CMOS_B,0.57684,0.573082,0.066011,0.067263,51.49427,52.219512,5.70821,5.728427,3.453192,3.445942,3.112072,3.12646,0.585225,0.068493,52.87201,5.817264,3.698467,3.209371
C02743,B_L13,DIGITAL_CMOS,CMOS_B,0.43653,0.44528,0.054907,0.055636,45.174056,45.446062,5.093414,5.135724,2.913511,2.931473,2.836714,2.850294,0.474812,0.059625,46.74677,5.147173,2.937803,2.851075
C02744,B_L13,DIGITAL_CMOS,CMOS_B,0.676635,0.68501,0.067759,0.068601,53.95534,54.475054,5.313551,5.339461,3.183318,3.259863,3.024904,3.002687,0.723495,0.072136,55.960252,5.440605,3.338253,3.084646
C02745,B_L13,DIGITAL_CMOS,CMOS_B,0.53313,0.543253,0.086384,0.087104,51.430802,52.747703,5.751492,5.769263,3.412055,3.396986,3.102003,3.104412,0.566593,0.092039,53.2765,5.859794,3.503177,3.180724
C02746,B_L13,DIGITAL_CMOS,CMOS_B,0.564858,0.567826,0.075344,0.07565,48.393972,48.077682,5.437517,5.455172,3.201292,3.259877,3.102202,3.086985,0.560368,0.076504,48.826967,5.597687,3.352891,3.172393
C02747,B_L13,DIGITAL_CMOS,CMOS_B,0.568877,0.573317,0.097793,0.098872,47.566997,47.525404,5.278391,5.27733,3.104316,3.078406,2.940185,2.955519,0.555642,0.100258,48.366606,5.296739,3.12497,2.957491
C02748,B_L13,DIGITAL_CMOS,CMOS_B,0.648777,0.648622,0.081156,0.080325,50.229422,49.98791,5.368383,5.441594,3.002475,3.026944,2.999824,2.989258,0.67152,0.082577,50.593533,5.598435,3.159506,3.076133
C02749,B_L13,DIGITAL_CMOS,CMOS_B,0.694533,0.715618,0.101639,0.104039,50.595662,51.718633,5.832069,5.789378,3.308267,3.355485,3.014972,3.001413,0.725561,0.114486,52.801201,5.863158,3.341933,3.007571
C02750,B_L13,DIGITAL_CMOS,CMOS_B,0.449191,0.447975,0.072422,0.073602,48.163891,48.627705,5.633494,5.693917,3.209943,3.208985,3.066845,3.061006,0.45662,0.07534,49.07216,5.810895,3.264692,3.132555
C02751,B_L13,DIGITAL_CMOS,CMOS_B,0.418679,0.417076,0.0804,0.081525,52.513885,52.908487,5.183969,5.184294,3.316954,3.368127,3.155981,3.156367,0.450412,0.086972,55.996254,5.254006,3.413677,3.179781
C02752,B_L13,DIGITAL_CMOS,CMOS_B,0.598944,0.591246,0.061711,0.062894,55.318005,55.919087,5.109987,5.152236,3.100516,3.13653,2.916803,2.919597,0.62024,0.064476,56.073008,5.178986,3.276902,3.000074
C02753,B_L13,DIGITAL_CMOS,CMOS_B,0.704623,0.712535,0.055071,0.056706,52.161127,51.303879,5.456585,5.405098,3.29032,3.288207,2.845201,2.827179,0.706499,0.057283,53.235995,5.475586,3.318309,2.869028
C02754,B_L13,DIGITAL_CMOS,CMOS_B,0.698064,0.69691,0.056729,0.057513,49.419988,49.139623,5.120199,5.15695,3.059627,3.059901,2.979725,2.972176,0.711843,0.058534,49.893881,5.201165,3.167232,2.969245
C02755,B_L13,DIGITAL_CMOS,CMOS_B,0.57048,0.569031,0.067182,0.067637,53.417755,53.299827,5.39971,5.458648,3.261065,3.284918,3.023696,3.054513,0.566755,0.06934,53.243762,5.476059,3.36843,3.095164
C02756,B_L13,DIGITAL_CMOS,CMOS_B,0.618999,0.627953,0.099262,0.100189,51.893306,52.449044,5.421291,5.451268,3.241081,3.25745,2.949002,2.935523,0.628645,0.103775,51.864831,5.57326,3.311975,2.993168
C02757,B_L13,DIGITAL_CMOS,CMOS_B,0.496198,0.517603,0.070543,0.073286,48.532641,49.134013,5.116761,5.109778,2.963886,2.96498,2.898751,2.911037,0.540814,0.075744,50.697313,5.108872,3.017359,2.922586
C02758,B_L13,DIGITAL_CMOS,CMOS_B,0.473847,0.462164,0.062006,0.063043,51.773568,51.575885,5.347886,5.413956,3.132387,3.151273,3.053184,3.035044,0.474684,0.063051,52.283724,5.521473,3.289648,3.112463
C02759,B_L13,DIGITAL_CMOS,CMOS_B,0.552662,0.554337,0.103987,0.106226,53.380529,54.218948,5.091178,5.132348,3.079685,3.113762,2.764772,2.766975,0.579763,0.111074,55.547025,5.306047,3.239884,2.875909
C02760,B_L13,DIGITAL_CMOS,CMOS_B,0.860845,0.851789,0.117338,0.120144,53.201625,54.329192,5.279011,5.305995,3.120007,3.179659,2.752016,2.760172,0.874711,0.125547,55.468664,5.41323,3.218481,2.81767
C02761,B_L13,DIGITAL_CMOS,CMOS_B,0.543069,0.543239,0.052333,0.05565,51.606603,52.671012,5.440204,5.455287,3.177386,3.132412,3.074313,3.0555,0.565272,0.058337,53.813511,5.475068,3.214044,3.036243
C02762,B_L13,DIGITAL_CMOS,CMOS_B,0.425578,0.434671,0.082541,0.082849,51.916356,52.26396,5.508162,5.55424,3.244493,3.27301,3.238484,3.232995,0.426912,0.083849,52.315009,5.779216,3.456585,3.3333
C02763,B_L13,DIGITAL_CMOS,CMOS_B,0.524994,0.538412,0.064664,0.065819,46.753845,47.008767,5.186049,5.218341,3.319086,3.283979,3.065105,3.131291,0.576594,0.069333,49.321229,5.295716,3.414689,3.211904
C02764,B_L13,DIGITAL_CMOS,CMOS_B,0.749168,0.763626,0.079574,0.080764,52.814259,53.240813,5.229951,5.243419,3.176757,3.192423,2.899867,2.900805,0.74853,0.081487,53.22206,5.418478,3.341516,2.971622
C02765,B_L13,DIGITAL_CMOS,CMOS_B,0.565656,0.572095,0.057322,0.058685,51.735087,52.145904,5.423418,5.469465,3.129601,3.184978,2.869951,2.893414,0.575867,0.060392,52.50895,5.507866,3.252495,2.928125
C02766,B_L13,DIGITAL_CMOS,CMOS_B,0.652308,0.701816,0.070465,0.073934,50.242091,51.677017,5.239867,5.282932,3.125242,3.170183,2.947505,2.941869,1.010085,0.077713,58.033574,5.282784,3.22281,2.963783
C02767,B_L13,DIGITAL_CMOS,CMOS_B,0.548226,0.562618,0.142623,0.142095,47.903605,47.762449,5.404914,5.423283,3.141853,3.167331,2.956825,2.987507,0.580143,0.146027,47.82571,5.573776,3.345229,3.061333
C02768,B_L13,DIGITAL_CMOS,CMOS_B,0.631454,0.658286,0.079349,0.078587,50.680642,50.469506,5.502898,5.49162,3.275217,3.252064,2.927898,2.891906,0.709863,0.084695,53.488419,5.513498,3.253543,2.944118
C02769,B_L13,DIGITAL_CMOS,CMOS_B,0.52547,0.532227,0.099507,0.10188,53.020101,54.241344,5.321184,5.326431,3.319206,3.337673,3.113563,3.140662,0.560649,0.108343,55.493337,5.43439,3.419475,3.197971
C02770,B_L13,DIGITAL_CMOS,CMOS_B,0.656787,0.669481,0.083855,0.087043,51.982723,52.673081,5.209191,5.211178,3.115607,3.109863,2.803153,2.817589,0.730803,0.097037,54.925451,5.245033,3.135848,2.811145
C02771,B_L13,DIGITAL_CMOS,CMOS_B,0.828082,0.837508,0.085136,0.085566,50.074541,50.294804,5.107277,5.14473,3.145596,3.169616,2.985419,2.999333,0.866719,0.086101,50.794043,5.233125,3.221787,3.04157
C02772,B_L13,DIGITAL_CMOS,CMOS_B,0.594365,0.595637,0.063803,0.066901,52.10597,53.218381,5.514251,5.506001,3.365182,3.408056,3.090899,3.063091,0.607205,0.07033,55.516249,5.503728,3.353033,3.095244
C02773,B_L13,DIGITAL_CMOS,CMOS_B,0.661853,0.670585,0.116152,0.118923,49.476027,49.984552,5.313942,5.318106,3.218352,3.26168,3.010367,3.039777,0.759593,0.135055,53.305138,5.395783,3.347859,3.070109
C02774,B_L13,DIGITAL_CMOS,CMOS_B,0.479692,0.482302,0.070478,0.071262,49.069554,49.59344,4.973849,4.938998,3.079792,3.100372,2.956601,2.992611,0.479414,0.072988,50.257211,4.969675,3.106752,2.998175
C03371,B_L22,DIGITAL_CMOS,CMOS_B,0.861955,0.86632,0.102625,0.106449,50.013508,50.443915,5.172996,5.18793,3.122303,3.108903,3.166619,3.156056,0.901063,0.110148,53.905921,5.2679,3.163848,3.175687
C03372,B_L22,DIGITAL_CMOS,CMOS_B,0.486595,0.489614,0.071466,0.072121,43.663742,43.214521,5.5974,5.524074,3.357429,3.320165,3.252983,3.249019,0.486599,0.072616,44.930809,5.633583,3.403234,3.290033
C03373,B_L22,DIGITAL_CMOS,CMOS_B,0.436308,0.430855,0.122465,0.121589,45.77559,46.308566,5.353208,5.412261,3.787555,3.839311,3.290161,3.317693,0.434515,0.123382,46.953293,5.567759,3.996161,3.365154
C03374,B_L22,DIGITAL_CMOS,CMOS_B,0.508736,0.517551,0.074114,0.074838,48.983639,49.593527,5.415428,5.482183,3.488863,3.519633,3.13361,3.19008,0.54629,0.081682,53.434588,5.763748,3.822231,3.331639
C03375,B_L22,DIGITAL_CMOS,CMOS_B,0.625516,0.645979,0.073136,0.074568,46.50917,46.681664,5.592969,5.611406,3.622998,3.625368,3.360924,3.327318,0.639744,0.074839,47.685262,5.98499,3.779832,3.442948
C03376,B_L22,DIGITAL_CMOS,CMOS_B,0.456807,0.460839,0.073016,0.074059,47.195939,47.368329,5.246161,5.209526,3.286441,3.311017,3.204012,3.189935,0.48517,0.077933,48.841578,5.251052,3.32022,3.252362
C03377,B_L22,DIGITAL_CMOS,CMOS_B,0.544008,0.540954,0.057693,0.057897,45.211698,45.338496,5.452888,5.444932,3.520061,3.527636,3.373762,3.385804,0.545052,0.058555,46.031444,5.497559,3.534915,3.415878
C03378,B_L22,DIGITAL_CMOS,CMOS_B,0.473994,0.47721,0.04369,0.04407,45.798002,45.296867,5.122352,5.15774,3.414673,3.418039,2.924357,2.924374,0.483405,0.045255,46.421654,5.171482,3.438885,2.938546
C03379,B_L22,DIGITAL_CMOS,CMOS_B,0.569779,0.569799,0.074981,0.077011,48.865197,49.049196,5.181968,5.247808,3.413028,3.444328,3.332742,3.353524,0.620133,0.082039,51.97093,5.283564,3.434024,3.322794
C03380,B_L22,DIGITAL_CMOS,CMOS_B,0.535757,0.552815,0.093357,0.097683,49.300237,49.720309,5.330869,5.322015,3.480411,3.474737,3.469164,3.498546,0.581972,0.100651,52.452412,5.428339,3.559856,3.521843
C03381,B_L22,DIGITAL_CMOS,CMOS_B,0.500759,0.497717,0.083296,0.085117,45.314284,45.611009,5.174158,5.246407,3.291412,3.285917,3.00461,3.052632,0.507708,0.089209,46.660339,5.430136,3.469664,3.147584
C03382,B_L22,DIGITAL_CMOS,CMOS_B,0.578316,0.591562,0.094432,0.098384,43.05138,43.66241,5.182483,5.218799,3.397943,3.395981,3.116922,3.127252,0.619707,0.106872,46.252594,5.415014,3.613263,3.18495
C03383,B_L22,DIGITAL_CMOS,CMOS_B,0.639218,0.658151,0.073653,0.075288,42.950197,43.092132,5.222795,5.278844,3.340721,3.411271,3.228731,3.2394,0.681055,0.078891,46.54233,5.46651,3.532877,3.285229
C03384,B_L22,DIGITAL_CMOS,CMOS_B,0.465947,0.481224,0.082938,0.085958,45.056255,45.636445,5.358072,5.394538,3.401929,3.474003,3.219474,3.206258,0.512716,0.088659,49.346544,5.458493,3.501859,3.22966
C03385,B_L22,DIGITAL_CMOS,CMOS_B,0.600513,0.610453,0.091833,0.092663,45.63146,46.299276,5.188343,5.210319,3.472261,3.501754,3.193829,3.193267,0.671143,0.100189,50.248644,5.307877,3.512582,3.194622
C03386,B_L22,DIGITAL_CMOS,CMOS_B,0.624559,0.637497,0.10999,0.109314,44.74673,45.298857,5.502691,5.498785,3.342947,3.365411,3.289423,3.323748,0.639126,0.113426,45.547666,5.765241,3.557531,3.429423
C03387,B_L22,DIGITAL_CMOS,CMOS_B,0.5038,0.514422,0.085671,0.087792,46.388998,46.690228,5.381465,5.361196,3.581455,3.601808,3.114948,3.131648,0.556083,0.093733,49.319659,5.440495,3.584175,3.16317
C03388,B_L22,DIGITAL_CMOS,CMOS_B,0.455121,0.45498,0.064094,0.063888,43.691137,44.199089,5.213263,5.247904,3.38098,3.429328,3.165964,3.147095,0.45895,0.065968,44.653148,5.237665,3.445988,3.185779
C03389,B_L22,DIGITAL_CMOS,CMOS_B,0.476888,0.476051,0.047134,0.047078,44.252641,44.350056,5.122949,5.089662,3.322024,3.339304,3.058205,3.039932,0.48532,0.047992,45.273944,5.170034,3.345788,3.094995
C03390,B_L22,DIGITAL_CMOS,CMOS_B,0.528589,0.530524,0.084557,0.084772,45.479854,46.4734,5.217114,5.241185,3.437099,3.491883,3.179634,3.196352,0.554036,0.091022,48.799323,5.473335,3.725752,3.317709
C03391,B_L22,DIGITAL_CMOS,CMOS_B,0.62516,0.62365,0.079038,0.080357,46.0569,46.482043,5.194543,5.228625,3.379395,3.475036,3.249889,3.253683,0.631423,0.082772,48.761049,5.415618,3.674614,3.305356
C03392,B_L22,DIGITAL_CMOS,CMOS_B,0.476711,0.477969,0.068436,0.069236,43.935314,44.482862,5.429655,5.406518,3.706284,3.722049,3.102972,3.140438,0.482544,0.070842,45.551599,5.738375,3.876348,3.257031
C03393,B_L22,DIGITAL_CMOS,CMOS_B,0.578396,0.586837,0.087347,0.087981,46.966525,47.570877,5.129342,5.173942,3.343593,3.327449,3.162927,3.165645,0.605342,0.095127,50.278254,5.38383,3.469879,3.308755
C03394,B_L22,DIGITAL_CMOS,CMOS_B,0.796023,0.79669,0.129778,0.132039,48.641003,49.332883,4.972439,4.984441,3.031985,3.054202,2.997357,2.991347,0.808458,0.13464,49.426119,4.987969,3.056346,3.016977
C03395,B_L22,DIGITAL_CMOS,CMOS_B,0.51228,0.533502,0.115647,0.120334,44.191495,45.013374,5.510271,5.532027,3.288168,3.285011,3.060752,3.075198,0.545871,0.125512,47.036758,5.619645,3.297032,3.084394
C03396,B_L22,DIGITAL_CMOS,CMOS_B,0.672891,0.691945,0.065369,0.066709,48.7083,49.942617,5.037937,5.088538,3.152375,3.197446,2.84677,2.883487,0.729284,0.069971,51.199496,5.228522,3.251395,2.893863
C03397,B_L22,DIGITAL_CMOS,CMOS_B,0.628801,0.630127,0.06982,0.070924,48.445924,49.125726,5.133266,5.175937,3.314361,3.340361,2.780623,2.792831,0.676988,0.074681,52.687838,5.423669,3.547706,2.87608
C03398,B_L22,DIGITAL_CMOS,CMOS_B,0.46326,0.463111,0.070485,0.072137,44.959574,45.120212,5.313789,5.338945,3.130006,3.098847,3.127674,3.088575,0.468948,0.072982,45.379364,5.366008,3.143995,3.097862
C03399,B_L22,DIGITAL_CMOS,CMOS_B,0.662414,0.6709,0.090177,0.093992,46.813362,47.254321,5.336862,5.366853,3.140654,3.180631,3.149428,3.157925,0.73449,0.104257,52.495507,5.474124,3.311553,3.192997
C03400,B_L22,DIGITAL_CMOS,CMOS_B,0.63797,0.635624,0.099717,0.100924,50.091731,50.653195,5.32837,5.370488,3.434825,3.478439,3.076214,3.093573,0.674215,0.11192,54.665125,5.682339,3.64384,3.20552
C03401,B_L22,DIGITAL_CMOS,CMOS_B,0.4533,0.451142,0.063631,0.064547,48.716053,49.65781,5.275317,5.366039,3.248482,3.30284,3.174825,3.230876,0.461974,0.069482,51.266694,5.571328,3.477627,3.214163
C03402,B_L22,DIGITAL_CMOS,CMOS_B,0.511094,0.51479,0.163831,0.169312,50.556002,51.767355,4.825823,4.821051,3.070645,3.055898,2.947439,2.914421,0.535189,0.175377,53.637467,4.920802,3.123835,2.977791
C03403,B_L22,DIGITAL_CMOS,CMOS_B,0.756255,0.802803,0.085532,0.08732,49.951727,50.878162,5.2794,5.238666,3.607682,3.712396,3.095508,3.103144,0.888799,0.093887,55.466261,5.265572,3.845829,3.093792
C03404,B_L22,DIGITAL_CMOS,CMOS_B,0.817245,0.819979,0.110951,0.111197,46.235284,46.378087,5.701073,5.685909,3.382378,3.404324,3.237182,3.226342,0.807512,0.112332,46.890316,5.701951,3.442897,3.276961
C03405,B_L22,DIGITAL_CMOS,CMOS_B,0.633866,0.655042,0.089191,0.092423,49.319956,49.799667,5.493978,5.50124,3.482337,3.495441,3.414542,3.415389,0.679864,0.097754,52.381635,5.55832,3.545442,3.44492
C03406,B_L22,DIGITAL_CMOS,CMOS_B,0.579683,0.599003,0.08632,0.0894,43.990905,44.546524,5.410263,5.508359,3.419889,3.389176,3.254797,3.317834,0.71754,0.097249,51.65384,5.630885,3.454137,3.372546
C03407,B_L22,DIGITAL_CMOS,CMOS_B,0.549197,0.551581,0.073198,0.077079,43.96988,44.76484,5.453905,5.448183,3.583076,3.591316,3.126637,3.14296,0.566353,0.079144,45.872316,5.477934,3.618962,3.149387
C03408,B_L22,DIGITAL_CMOS,CMOS_B,0.564866,0.577101,0.068819,0.071121,48.251374,48.531621,5.127258,5.215805,3.658314,3.71777,3.109766,3.128903,0.592419,0.076048,50.122288,5.347976,3.770581,3.174634
C03409,B_L22,DIGITAL_CMOS,CMOS_B,0.54116,0.548341,0.053814,0.054732,45.16729,44.903775,5.206479,5.270923,3.428787,3.422877,3.444877,3.514821,0.581947,0.058315,47.209674,5.531012,3.673536,3.634721
C03410,B_L22,DIGITAL_CMOS,CMOS_B,0.521498,0.5065,0.134587,0.135574,43.68632,44.568377,5.438922,5.498016,3.295712,3.265025,3.153495,3.155497,0.523197,0.138047,45.26494,5.600507,3.335499,3.189663
C03411,B_L22,DIGITAL_CMOS,CMOS_B,0.561588,0.565504,0.081321,0.083779,47.00844,47.896543,5.800442,5.813365,3.35311,3.323789,3.131096,3.160413,0.60284,0.088835,49.180868,5.86322,3.368073,3.198061
C03412,B_L22,DIGITAL_CMOS,CMOS_B,0.632143,0.64101,0.078741,0.081259,48.545768,48.238366,5.01384,5.060899,3.089691,3.120007,3.030764,3.033749,0.651544,0.080742,50.080983,5.298197,3.28018,3.154568
C03413,B_L22,DIGITAL_CMOS,CMOS_B,0.47255,0.480517,0.092641,0.094067,46.131454,46.248501,6.714517,6.810526,3.822246,3.901346,3.314407,3.317473,0.488137,0.095161,46.108801,7.63221,4.056503,3.425625
C03414,B_L22,DIGITAL_CMOS,CMOS_B,0.596532,0.609894,0.121557,0.12148,46.241217,46.38046,5.256972,5.337959,3.353942,3.402689,3.006661,2.974954,0.63377,0.136849,50.496278,5.460695,3.513862,3.056799
C03415,B_L22,DIGITAL_CMOS,CMOS_B,0.712515,0.689378,0.071083,0.073387,44.505637,45.423958,5.047287,5.092539,3.102758,3.177709,3.002052,3.040531,0.729817,0.081037,47.901056,5.233833,3.25931,3.099355
C03416,B_L22,DIGITAL_CMOS,CMOS_B,0.603781,0.612826,0.092252,0.094344,45.664231,45.976884,5.254411,5.34967,3.356586,3.407198,3.013865,3.062266,0.651304,0.102097,49.819212,5.557035,3.452772,3.109171
C03417,B_L22,DIGITAL_CMOS,CMOS_B,0.630612,0.632236,0.084475,0.085814,45.883402,46.232482,5.217629,5.182578,3.400521,3.436358,3.155027,3.131235,0.630579,0.087614,46.497176,5.229716,3.436685,3.178309
C03418,B_L22,DIGITAL_CMOS,CMOS_B,0.417547,0.419906,0.067904,0.069478,49.215623,50.480083,5.343809,5.397485,3.536769,3.560258,3.356129,3.343635,0.44147,0.073306,52.414254,5.725959,3.983131,3.356755
C03419,B_L22,DIGITAL_CMOS,CMOS_B,0.488761,0.502899,0.060076,0.06165,44.831984,45.849627,5.121082,5.10165,3.201892,3.205044,3.118658,3.097775,0.513071,0.064792,48.19302,5.13054,3.24819,3.11829
C03420,B_L22,DIGITAL_CMOS,CMOS_B,0.717159,0.712262,0.059362,0.061129,46.649904,47.194052,5.376975,5.403088,3.055483,3.103283,3.127691,3.142791,0.705672,0.062538,47.508488,5.533834,3.218405,3.223963
C03421,B_L22,DIGITAL_CMOS,CMOS_B,0.729312,0.740674,0.047161,0.04876,44.29387,44.632012,5.291199,5.282838,3.380057,3.411893,2.909388,2.936426,0.769289,0.052783,46.047555,5.3686,3.393838,2.940385
C03422,B_L22,DIGITAL_CMOS,CMOS_B,0.549943,0.551942,0.085369,0.087613,46.036901,45.92827,5.313011,5.315615,3.447109,3.421209,3.252145,3.266954,0.600431,0.093093,50.197224,5.391331,3.422499,3.280561
C03423,B_L22,DIGITAL_CMOS,CMOS_B,0.616163,0.611684,0.094745,0.097624,48.990916,49.956529,5.35773,5.479408,3.467227,3.543557,3.316439,3.354422,0.665701,0.109532,54.263957,5.680905,3.67601,3.390197
C03424,B_L22,DIGITAL_CMOS,CMOS_B,0.637739,0.642522,0.098563,0.098557,46.338997,47.565873,5.203813,5.235532,3.376949,3.400332,3.209353,3.221264,0.651373,0.100614,48.312245,5.246109,3.413418,3.218649
C03425,B_L22,DIGITAL_CMOS,CMOS_B,0.58013,0.579049,0.087016,0.085507,50.274605,50.458414,5.371687,5.387521,3.486068,3.496905,3.281383,3.259834,0.570888,0.088304,50.873823,5.395757,3.517257,3.331652
C03426,B_L22,DIGITAL_CMOS,CMOS_B,0.604658,0.604465,0.07132,0.072765,44.000272,44.310756,5.324465,5.408363,3.454354,3.533281,3.121364,3.12941,0.630705,0.075455,45.556987,5.738303,3.742223,3.282211
C03427,B_L22,DIGITAL_CMOS,CMOS_B,0.495526,0.485304,0.07776,0.078585,46.559953,46.65784,5.382004,5.38653,3.402399,3.447477,3.166413,3.17438,0.496256,0.078843,46.557175,5.482447,3.434313,3.184194
C03428,B_L22,DIGITAL_CMOS,CMOS_B,0.434706,0.43827,0.069073,0.071003,43.098236,44.186426,5.17631,5.187278,3.598157,3.608447,3.177177,3.147538,0.452877,0.073419,46.589226,5.211622,3.62807,3.181713
C03429,B_L22,DIGITAL_CMOS,CMOS_B,0.521896,0.521056,0.085535,0.085818,49.179103,50.381369,5.193782,5.219154,3.097379,3.133779,3.186773,3.227674,0.517653,0.086321,50.924115,5.261514,3.1417,3.213835
C03430,B_L22,DIGITAL_CMOS,CMOS_B,0.596564,0.60778,0.100083,0.104271,44.005687,44.921768,5.364006,5.392251,3.442137,3.510012,3.271539,3.263875,0.617058,0.111673,47.238104,5.737149,3.622367,3.325342
C03431,B_L22,DIGITAL_CMOS,CMOS_B,0.746629,0.752528,0.086586,0.088714,44.108792,45.284634,5.371741,5.423184,3.496,3.491577,3.31482,3.311568,0.779836,0.093577,46.672858,5.431009,3.53679,3.351746
C03432,B_L22,DIGITAL_CMOS,CMOS_B,0.554599,0.556462,0.088474,0.091911,47.442445,47.677888,4.879383,4.916737,3.337279,3.334336,2.92421,2.963276,0.578332,0.094642,49.845221,4.957232,3.40518,2.978021
C03433,B_L22,DIGITAL_CMOS,CMOS_B,0.368279,0.36171,0.04396,0.045007,44.580368,45.130146,5.400623,5.386434,3.440363,3.454282,3.315956,3.322561,0.361655,0.04635,46.126452,5.440421,3.47872,3.344934
C03434,B_L22,DIGITAL_CMOS,CMOS_B,0.501552,0.500666,0.100215,0.103598,52.376262,53.6293,5.360464,5.35434,3.498687,3.520945,3.331596,3.353144,0.532924,0.109268,55.790672,5.36646,3.56146,3.368263
C03435,B_L22,DIGITAL_CMOS,CMOS_B,0.498058,0.489886,0.081298,0.082408,46.335909,46.534468,5.056834,5.099079,3.305102,3.321835,3.054603,3.045183,0.494309,0.08256,47.305035,5.15637,3.316312,3.078087
C03436,B_L22,DIGITAL_CMOS,CMOS_B,0.516745,0.519558,0.06283,0.063484,45.7456,46.32144,5.045826,5.153514,3.404179,3.445944,3.028835,3.061862,0.527225,0.063362,46.585926,5.289402,3.494879,3.120964
C03437,B_L22,DIGITAL_CMOS,CMOS_B,0.440519,0.450178,0.086025,0.087282,42.348096,42.8793,5.483015,5.525899,3.42219,3.400036,3.361601,3.406993,0.478554,0.089631,45.159627,5.753285,3.537865,3.531695
C03438,B_L22,DIGITAL_CMOS,CMOS_B,0.675279,0.678846,0.054732,0.05557,46.008469,46.785356,5.279566,5.353969,3.289933,3.292314,3.16058,3.211263,0.668992,0.056756,46.820274,5.684332,3.519328,3.309765
C03439,B_L22,DIGITAL_CMOS,CMOS_B,0.443774,0.456388,0.085549,0.087542,48.75017,49.633929,5.656848,5.642859,3.551898,3.528258,3.327415,3.311587,0.466622,0.098433,52.388961,5.765941,3.573894,3.301341
C03440,B_L22,DIGITAL_CMOS,CMOS_B,0.636339,0.643125,0.091259,0.093125,43.19029,43.761177,5.842948,5.825244,3.695093,3.676255,3.448976,3.465423,0.659311,0.098908,47.348858,5.861118,3.703924,3.455967
C03441,B_L22,DIGITAL_CMOS,CMOS_B,0.679339,0.679278,0.072293,0.073419,43.571094,45.186205,4.95701,4.941,3.288534,3.279035,3.184286,3.180173,0.711559,0.078284,47.692608,5.039786,3.318661,3.164409
C03442,B_L22,DIGITAL_CMOS,CMOS_B,0.520723,0.534624,0.09846,0.102393,45.221965,45.23287,5.63218,5.697801,3.275709,3.312561,3.170865,3.172131,0.515923,0.120315,45.747071,5.881249,3.418807,3.190991
C03443,B_L22,DIGITAL_CMOS,CMOS_B,0.600381,0.608831,0.080418,0.081631,44.269771,44.467228,5.115513,5.258455,3.214145,3.198009,3.029965,3.031637,0.609812,0.082743,44.582876,7.667906,3.197441,3.054275
C03444,B_L22,DIGITAL_CMOS,CMOS_B,0.437203,0.442816,0.060127,0.06069,46.465295,46.496924,5.117773,5.140917,3.061832,3.084098,2.833734,2.843134,0.445813,0.061905,47.004134,5.135897,3.088303,2.833694
C03445,B_L22,DIGITAL_CMOS,CMOS_B,0.617863,0.623583,0.111459,0.11231,45.43172,45.636646,5.37507,5.36416,3.658117,3.629796,3.325083,3.309485,0.653952,0.123285,48.472328,5.445031,3.719798,3.348412
C03446,B_L22,DIGITAL_CMOS,CMOS_B,0.427652,0.426664,0.058337,0.059009,47.934301,48.793334,5.347058,5.366044,3.368692,3.363669,3.239673,3.277388,0.434964,0.062191,50.365882,5.457834,3.38023,3.293704
C03447,B_L22,DIGITAL_CMOS,CMOS_B,0.587598,0.59448,0.05631,0.057865,46.078856,46.164429,5.412313,5.4781,3.532221,3.553786,3.364184,3.362129,0.595748,0.058023,46.368273,5.496854,3.560557,3.395942
C03448,B_L22,DIGITAL_CMOS,CMOS_B,0.618114,0.629304,0.057144,0.056917,41.439526,41.888092,5.27493,5.279256,3.342755,3.363372,3.047663,3.099548,0.652996,0.060353,42.915248,5.314002,3.411389,3.092873
C03449,B_L22,DIGITAL_CMOS,CMOS_B,0.682535,0.69043,0.099252,0.098712,45.42915,45.798289,4.952589,4.996629,3.492956,3.542988,3.050243,3.057053,0.687285,0.099007,47.296697,5.249321,3.793766,3.121702
C03450,B_L22,DIGITAL_CMOS,CMOS_B,0.712728,0.713408,0.079143,0.080658,47.273628,47.918104,4.990999,5.043103,3.06689,3.078283,2.931652,2.946794,0.763805,0.086462,52.365182,5.286403,3.331756,3.06
C03451,B_L23,DIGITAL_CMOS,CMOS_B,0.53819,0.527661,0.070269,0.072764,50.007169,50.364534,4.93423,4.969159,3.126082,3.15423,2.937902,2.939528,0.546009,0.076378,51.317914,5.072704,3.160059,2.945257
C03452,B_L23,DIGITAL_CMOS,CMOS_B,0.543495,0.537652,0.049474,0.049433,44.552947,44.559772,4.795954,4.859359,3.123292,3.086238,2.828584,2.851681,0.553468,0.059605,44.797343,5.272492,3.516489,3.084625
C03453,B_L23,DIGITAL_CMOS,CMOS_B,0.680987,0.688597,0.083949,0.086256,47.288062,47.618163,5.224489,5.212093,3.293963,3.266221,2.879504,2.874973,0.705527,0.090359,48.295024,5.285602,3.307676,2.961757
C03454,B_L23,DIGITAL_CMOS,CMOS_B,0.5732,0.57447,0.064908,0.064461,45.221302,45.694797,4.948555,4.968908,3.193198,3.216842,2.815996,2.882235,0.627787,0.071769,47.487271,5.191709,3.342858,2.962595
C03455,B_L23,DIGITAL_CMOS,CMOS_B,0.526019,0.527893,0.06636,0.065867,46.628007,46.569168,5.328162,5.316205,3.304979,3.314085,2.995714,3.015543,0.524879,0.067759,47.06628,5.310061,3.385963,3.066727
C03456,B_L23,DIGITAL_CMOS,CMOS_B,0.503013,0.51004,0.061806,0.063922,47.254839,47.994182,4.993637,5.030562,3.031793,3.040154,2.745297,2.77477,0.562897,0.069616,49.513537,5.074116,3.043858,2.764042
C03457,B_L23,DIGITAL_CMOS,CMOS_B,0.4402,0.455562,0.078849,0.080902,48.77768,49.29218,5.014807,5.02978,3.213702,3.230505,2.831156,2.900235,0.490503,0.083475,50.551436,5.164228,3.298106,3.064896
C03458,B_L23,DIGITAL_CMOS,CMOS_B,0.58124,0.581741,0.073924,0.07379,44.905494,45.486404,5.327238,5.422841,3.129357,3.116159,2.826748,2.855752,0.597215,0.074743,45.555047,5.69222,3.278458,2.969548
C03459,B_L23,DIGITAL_CMOS,CMOS_B,0.734225,0.740537,0.09147,0.094312,47.466923,47.368397,5.14127,5.213708,3.104834,3.146744,2.767368,2.799448,0.743526,0.093289,47.831225,5.328171,3.23768,2.95384
C03460,B_L23,DIGITAL_CMOS,CMOS_B,0.838319,0.83793,0.083516,0.08552,51.914021,51.63081,4.991052,5.048102,3.232577,3.24529,2.812174,2.84528,0.854502,0.086386,51.60793,5.327571,3.47695,3.118914
C03461,B_L23,DIGITAL_CMOS,CMOS_B,0.538438,0.53649,0.095046,0.096129,45.723233,45.549481,5.299628,5.36352,3.252053,3.237332,2.99341,3.026065,0.533585,0.09805,46.204688,5.663725,3.343816,3.388863
C03462,B_L23,DIGITAL_CMOS,CMOS_B,0.518334,0.513128,0.06654,0.066761,46.372593,45.895867,4.89079,4.89625,3.21027,3.238215,2.812775,2.79894,0.507597,0.067461,46.698401,4.915503,3.278342,2.866208
C03463,B_L23,DIGITAL_CMOS,CMOS_B,0.674864,0.69516,0.072405,0.075285,48.872869,49.90245,5.307583,5.327195,3.502003,3.543489,3.169954,3.173792,0.733342,0.08214,50.703592,5.343288,3.533913,3.194312
C03464,B_L23,DIGITAL_CMOS,CMOS_B,0.630426,0.631588,0.0525,0.055674,40.943092,41.521713,5.301432,5.326738,3.397808,3.38242,2.911484,2.924092,0.667159,0.058774,42.407375,5.415872,3.409947,2.962041
C03465,B_L23,DIGITAL_CMOS,CMOS_B,0.712781,0.700768,0.08487,0.083148,44.992626,45.225866,5.207962,5.200379,3.225157,3.249881,2.847858,2.852645,0.704909,0.083943,45.314642,5.269372,3.237942,2.845225
C03466,B_L23,DIGITAL_CMOS,CMOS_B,0.569783,0.546067,0.067839,0.069435,47.298634,47.899717,4.966153,4.970379,3.103866,3.119849,2.69112,2.762851,0.611681,0.078391,50.139438,5.350751,3.338137,3.048641
C03467,B_L23,DIGITAL_CMOS,CMOS_B,0.601909,0.597074,0.05978,0.063001,47.889627,47.553049,4.996686,5.156071,3.053977,3.111417,2.728898,2.778311,0.614621,0.065799,49.069509,5.346164,3.166352,2.874763
C03468,B_L23,DIGITAL_CMOS,CMOS_B,0.588592,0.60207,0.079927,0.082786,47.882819,48.775959,5.149175,5.137753,3.041808,3.039798,2.83766,2.832742,0.6389,0.095313,50.795148,5.190459,3.044479,2.88758
C03469,B_L23,DIGITAL_CMOS,CMOS_B,0.647214,0.644591,0.064923,0.064738,46.445726,47.156263,5.01674,5.020299,3.201349,3.242029,2.879414,2.927973,0.664977,0.065575,47.236898,5.042022,3.266734,2.970809
C03470,B_L23,DIGITAL_CMOS,CMOS_B,0.594329,0.602922,0.07118,0.071283,47.853388,47.852875,5.172623,5.188961,3.220081,3.210742,2.720879,2.714917,0.609519,0.072735,48.263068,5.176206,3.260321,2.77654
C03471,B_L23,DIGITAL_CMOS,CMOS_B,0.501223,0.503863,0.056641,0.05707,47.178404,47.322414,5.001989,4.993945,3.082166,3.066881,2.797105,2.8299,0.510682,0.059989,48.128599,5.015638,3.113694,2.85001
C03472,B_L23,DIGITAL_CMOS,CMOS_B,0.457009,0.457653,0.095142,0.094689,50.149589,50.015528,4.912887,4.886245,2.97325,2.993905,2.785755,2.766355,0.461263,0.097199,50.265874,5.05075,2.976297,2.77044
C03473,B_L23,DIGITAL_CMOS,CMOS_B,0.685095,0.679103,0.094239,0.095576,47.9882,49.360576,5.356058,5.458613,3.294583,3.334077,3.102049,3.115989,0.69921,0.096815,49.54406,5.61497,3.372323,3.247758
C03474,B_L23,DIGITAL_CMOS,CMOS_B,0.6784,0.693459,0.062642,0.062667,45.449125,45.785665,5.200427,5.313067,3.413858,3.421105,2.813379,2.859684,0.717134,0.066579,47.196128,5.506842,3.519507,2.923624
C03475,B_L23,DIGITAL_CMOS,CMOS_B,0.536383,0.561022,0.069914,0.072139,48.131572,48.240028,4.82332,4.863769,3.120176,3.123581,2.745345,2.790056,0.601668,0.074587,48.785591,4.835553,3.143242,2.785743
C03476,B_L23,DIGITAL_CMOS,CMOS_B,0.650074,0.668516,0.187385,0.19675,50.371644,51.068877,5.284173,5.340284,3.121855,3.192891,3.063247,3.11986,0.666237,0.206873,52.346963,5.51875,3.285696,3.300702
C03477,B_L23,DIGITAL_CMOS,CMOS_B,0.696569,0.682507,0.065595,0.06582,43.522303,43.035664,5.165073,5.188063,3.115599,3.17642,2.949107,2.995971,0.686776,0.066472,43.388743,5.314626,3.260085,3.063951
C03478,B_L23,DIGITAL_CMOS,CMOS_B,0.625405,0.659058,0.511325,0.696131,51.66579,52.007524,5.039572,5.051286,3.097902,3.107214,2.887304,2.926438,0.728774,1.046887,54.677357,5.142463,3.072383,2.957583
C03479,B_L23,DIGITAL_CMOS,CMOS_B,0.531351,0.549008,0.076903,0.079375,46.676125,46.417609,5.267495,5.258062,3.08013,3.121765,2.805977,2.821545,0.576841,0.084614,48.345935,5.33723,3.142622,2.874119
C03480,B_L23,DIGITAL_CMOS,CMOS_B,0.412499,0.414247,0.062214,0.062795,43.583661,43.210281,5.330209,5.411312,3.514339,3.538564,3.094556,3.106572,0.421388,0.063194,44.24469,5.654699,3.585874,3.284032
C03481,B_L23,DIGITAL_CMOS,CMOS_B,0.472432,0.492384,0.058695,0.05889,45.368445,45.658484,5.192162,5.275362,3.081576,3.084784,2.750012,2.78375,0.51804,0.061664,46.51979,5.743517,3.247357,2.968748
C03482,B_L23,DIGITAL_CMOS,CMOS_B,0.608244,0.618156,0.075641,0.078106,46.250507,46.099584,4.968784,5.024268,3.231166,3.264753,2.810201,2.873768,0.666187,0.085364,47.319216,5.148196,3.364026,2.954931
C03483,B_L23,DIGITAL_CMOS,CMOS_B,0.569354,0.585168,0.08709,0.088879,40.961705,41.367158,5.148649,5.187563,3.252251,3.258372,2.936605,2.940621,0.631269,0.099701,42.546797,5.200397,3.282453,2.98896
C03484,B_L23,DIGITAL_CMOS,CMOS_B,0.634986,0.63359,0.08311,0.086222,47.835054,48.695346,4.954356,5.036982,3.067214,3.065828,2.767522,2.80854,0.650518,0.093931,50.553028,5.281901,3.150547,2.909751
C03485,B_L23,DIGITAL_CMOS,CMOS_B,0.514032,0.512292,0.096637,0.099231,47.458057,47.270324,5.386983,5.517756,3.287573,3.303822,2.901909,2.936136,0.54961,0.102851,48.683888,5.804343,3.450581,3.05245
C03486,B_L23,DIGITAL_CMOS,CMOS_B,0.555505,0.563196,0.105055,0.110718,46.315935,46.968893,5.157934,5.221504,3.360803,3.382527,2.98461,3.033343,0.591139,0.114798,48.262435,5.347776,3.529056,3.119044
C03487,B_L23,DIGITAL_CMOS,CMOS_B,0.769264,0.783679,0.1197,0.123486,46.286256,47.485754,5.170207,5.172039,3.101975,3.153263,3.11004,3.156548,0.817602,0.128128,49.070113,5.459617,3.299181,3.395168
C03488,B_L23,DIGITAL_CMOS,CMOS_B,1.088706,1.103798,0.079707,0.080994,45.642119,46.023306,5.115578,5.176011,3.294291,3.298448,2.774383,2.796389,1.139954,0.08419,46.245096,5.176525,3.361163,2.830665
C03489,B_L23,DIGITAL_CMOS,CMOS_B,0.55395,0.562039,0.078985,0.079834,46.914234,47.271982,5.083026,5.091794,3.366825,3.374058,2.875323,2.907161,0.58469,0.088072,49.534333,5.445646,3.525871,3.123099
C03490,B_L23,DIGITAL_CMOS,CMOS_B,0.619812,0.614328,0.08857,0.088048,44.441204,44.326108,4.823414,4.849793,2.991247,3.005629,2.731033,2.732679,0.62083,0.090597,44.128855,4.92909,3.026609,2.792671
C03491,B_L23,DIGITAL_CMOS,CMOS_B,0.635908,0.630124,0.097008,0.098432,48.328985,48.619845,4.875287,4.963512,3.083538,3.102845,2.744741,2.82255,0.648824,0.10069,48.302893,5.288442,3.243735,3.098643
C03492,B_L23,DIGITAL_CMOS,CMOS_B,0.641306,0.644036,0.083634,0.084829,46.156864,46.401884,5.161178,5.155606,3.232597,3.236538,2.838959,2.846299,0.679085,0.089259,47.201211,5.212654,3.300124,2.889263
C03493,B_L23,DIGITAL_CMOS,CMOS_B,0.518044,0.526039,0.081212,0.081428,44.625729,44.309754,5.004771,5.025368,3.198897,3.229581,2.842877,2.886272,0.528835,0.083672,45.413484,5.099407,3.273493,2.879755
C03494,B_L23,DIGITAL_CMOS,CMOS_B,0.641198,0.660253,0.088348,0.089691,48.029246,48.11329,5.01565,5.103577,3.421651,3.423638,2.896548,2.934287,0.687947,0.093228,49.174244,5.238921,3.585805,3.062535
C03495,B_L23,DIGITAL_CMOS,CMOS_B,0.548876,0.556357,0.086286,0.089494,44.808197,45.11632,5.429523,5.424507,3.453753,3.440399,3.206312,3.216369,0.582507,0.095626,46.02204,5.522221,3.447746,3.316615
C03496,B_L23,DIGITAL_CMOS,CMOS_B,0.492434,0.5083,0.070499,0.07347,42.985694,43.94758,5.133596,5.204768,3.297207,3.338336,2.827373,2.876533,0.548611,0.079917,46.074634,5.405328,3.410768,2.99238
C03497,B_L23,DIGITAL_CMOS,CMOS_B,0.697088,0.69613,0.1174,0.119133,46.379143,46.072886,5.220227,5.220474,3.396378,3.405681,2.988849,3.006786,0.706996,0.120639,46.56405,5.229957,3.454848,3.01466
C03498,B_L23,DIGITAL_CMOS,CMOS_B,0.618571,0.64015,0.06976,0.072296,45.766511,46.19907,4.969741,5.015228,3.16974,3.195102,2.816518,2.859254,0.700107,0.079342,48.574554,5.187955,3.305238,2.986198
C03499,B_L23,DIGITAL_CMOS,CMOS_B,0.754554,0.757983,0.079303,0.080285,45.011114,45.105501,5.371028,5.43432,3.481016,3.491509,3.314775,3.314283,0.759018,0.083673,45.166316,5.478121,3.550337,3.373466
C03500,B_L23,DIGITAL_CMOS,CMOS_B,0.598342,0.598476,0.07383,0.07665,45.068672,45.019721,5.426067,5.462626,3.261578,3.338768,3.031173,3.045795,0.618198,0.080817,45.902188,5.499573,3.660621,3.079534
C03501,B_L23,DIGITAL_CMOS,CMOS_B,0.503761,0.506623,0.096319,0.096879,49.097905,48.275328,5.283076,5.305455,3.318927,3.359723,2.922413,2.915738,0.50991,0.09734,49.945736,5.299264,3.398315,3.002269
C03502,B_L23,DIGITAL_CMOS,CMOS_B,0.658848,0.672034,0.093369,0.095902,46.47264,46.895817,4.907568,4.981487,3.179532,3.214549,2.990154,2.962804,0.712157,0.100247,48.661485,5.37881,3.357753,3.178318
C03503,B_L23,DIGITAL_CMOS,CMOS_B,0.694676,0.696947,0.101295,0.102836,45.287694,45.603545,4.83268,4.893201,3.164024,3.203771,2.846067,2.915227,0.752322,0.111125,47.184764,5.175711,3.282842,3.11988
C03504,B_L23,DIGITAL_CMOS,CMOS_B,0.489791,0.488283,0.069159,0.071172,49.737446,49.391248,4.974594,5.063618,3.104998,3.116721,2.708148,2.725678,0.502939,0.071879,49.24837,5.463591,3.302551,2.943323
C03505,B_L23,DIGITAL_CMOS,CMOS_B,0.51059,0.493751,0.0552,0.056239,44.186777,44.546126,5.130948,5.110215,3.085518,3.119551,2.820187,2.862608,0.516045,0.057022,44.486705,5.207251,3.133432,2.928199
C03506,B_L23,DIGITAL_CMOS,CMOS_B,0.646942,0.636819,0.079945,0.079694,45.229908,45.914386,5.484167,5.497133,3.47116,3.440168,2.750189,2.777101,0.692013,0.092221,47.760834,5.548582,3.486756,2.818646
C03507,B_L23,DIGITAL_CMOS,CMOS_B,0.426484,0.427196,0.089038,0.091344,44.014268,44.322797,4.97083,4.974367,3.008719,3.02753,2.844725,2.872514,0.443928,0.09543,45.159161,5.022243,3.048667,2.904484
C03508,B_L23,DIGITAL_CMOS,CMOS_B,0.537257,0.534525,0.078514,0.080521,44.154272,44.233623,5.156273,5.160628,3.433686,3.432211,3.002127,3.023322,0.536937,0.080369,44.458372,5.421525,3.559987,3.142523
C03509,B_L23,DIGITAL_CMOS,CMOS_B,0.539294,0.537706,0.084273,0.085214,45.972764,45.9962,5.193917,5.349845,3.248615,3.282829,2.983331,3.033237,0.550569,0.085881,47.105626,5.560157,3.34236,3.184025
C03510,B_L23,DIGITAL_CMOS,CMOS_B,0.496604,0.509482,0.049763,0.050986,47.742596,47.692714,4.987774,4.994302,3.141892,3.124714,2.889691,2.905841,0.512481,0.05298,47.800981,5.068993,3.156412,2.947293
C03511,B_L23,DIGITAL_CMOS,CMOS_B,0.802523,0.805122,0.126137,0.126586,48.279951,48.941923,5.271754,5.273455,3.130048,3.150785,2.869767,2.891207,0.8207,0.130279,48.530497,5.394257,3.154086,2.927442
C03512,B_L23,DIGITAL_CMOS,CMOS_B,0.670092,0.665259,0.045021,0.045532,43.64453,43.56757,5.111955,5.217393,3.399649,3.436566,2.796962,2.81556,0.747246,0.048434,45.020972,5.330652,3.588293,2.994872
C03513,B_L23,DIGITAL_CMOS,CMOS_B,0.754447,0.768929,0.10994,0.11127,46.820791,46.863345,4.878796,4.891981,3.066943,3.073269,2.97635,3.026381,0.807422,0.11483,47.26703,4.932256,3.131911,3.073562
C03514,B_L23,DIGITAL_CMOS,CMOS_B,0.648987,0.651884,0.091137,0.091594,46.313119,46.372887,5.200764,5.299808,3.198842,3.225292,2.844624,2.908029,0.659394,0.092834,46.635089,5.543446,3.291526,3.00831
C03515,B_L23,DIGITAL_CMOS,CMOS_B,0.560005,0.579928,0.114517,0.121455,45.092572,45.538421,5.008302,4.985893,3.23172,3.204727,3.105894,3.122661,0.611676,0.129312,46.409794,5.063102,3.244573,3.130204
C03516,B_L23,DIGITAL_CMOS,CMOS_B,0.958277,0.987071,0.066768,0.067602,48.236626,48.864341,4.566936,4.579273,2.90976,2.919396,2.611689,2.646638,0.994131,0.067894,49.414562,4.634081,2.947538,2.698823
C03517,B_L23,DIGITAL_CMOS,CMOS_B,0.60641,0.626348,0.085914,0.09107,46.133924,46.882247,5.015477,5.069656,3.275691,3.306714,2.82648,2.854899,0.67648,0.09465,48.420764,5.40411,3.435263,3.103283
C03518,B_L23,DIGITAL_CMOS,CMOS_B,0.68437,0.68252,0.122481,0.127237,54.174773,54.57951,4.899196,5.026755,2.966578,3.014059,2.661843,2.689785,0.729281,0.13685,56.031403,5.374331,3.232443,2.819045
C03519,B_L23,DIGITAL_CMOS,CMOS_B,0.508256,0.519709,0.096301,0.097106,48.343218,48.436504,5.294929,5.304473,3.251865,3.256123,3.055487,3.077355,0.568419,0.096663,49.197115,5.524525,3.271801,3.332193
C03520,B_L23,DIGITAL_CMOS,CMOS_B,0.518341,0.520473,0.094307,0.095591,44.905709,44.945414,5.256031,5.322988,3.303631,3.35341,2.892799,2.972859,0.515923,0.097066,45.417597,5.489028,3.424042,3.076805
C03521,B_L23,DIGITAL_CMOS,CMOS_B,0.477639,0.483449,0.050939,0.052991,51.691623,51.443599,5.259868,5.285458,3.056885,3.069878,3.23503,3.232876,0.515188,0.057666,52.621887,5.332538,3.085709,3.259223
C03522,B_L23,DIGITAL_CMOS,CMOS_B,0.665326,0.67102,0.083014,0.085907,47.395988,48.14807,5.220417,5.241615,3.196715,3.189999,3.077448,3.127294,0.713217,0.094551,49.711287,5.575809,3.387892,3.443128
C03901,C_L05,DIGITAL_CMOS,CMOS_C,0.295518,0.301533,0.158814,0.160621,65.939921,66.227186,3.366865,3.390477,1.7946,1.808123,1.663423,1.664501,0.296495,0.168993,67.105817,3.391461,1.822883,1.654563
C03902,C_L05,DIGITAL_CMOS,CMOS_C,0.330023,0.334225,0.216958,0.216626,69.45272,69.255152,3.470943,3.508602,1.835918,1.903658,1.578217,1.578621,0.325037,0.219952,69.712196,3.545103,1.945696,1.624682
C03903,C_L05,DIGITAL_CMOS,CMOS_C,0.309767,0.30854,0.193939,0.197637,64.247927,64.492535,3.78601,3.802642,1.805511,1.808057,1.704572,1.708163,0.315194,0.204976,66.141202,3.813521,1.824033,1.70914
C03904,C_L05,DIGITAL_CMOS,CMOS_C,0.275245,0.281433,0.125267,0.129271,61.88478,61.906853,3.557185,3.567532,1.865298,1.883549,1.654696,1.659046,0.286438,0.138683,63.879859,3.642727,1.901881,1.679138
C03905,C_L05,DIGITAL_CMOS,CMOS_C,0.274463,0.277403,0.195327,0.199015,65.499444,65.26018,3.544093,3.553127,1.85091,1.865918,1.749649,1.740788,0.291194,0.218711,67.858536,3.584717,1.85374,1.746037
C03906,C_L05,DIGITAL_CMOS,CMOS_C,0.340389,0.356115,0.180929,0.18385,67.38018,67.487064,3.518711,3.487649,1.750096,1.740965,1.683615,1.675049,0.354765,0.191864,67.893182,3.508797,1.76165,1.696188
C03907,C_L05,DIGITAL_CMOS,CMOS_C,0.337571,0.338481,0.156564,0.160359,71.907579,72.053848,3.490273,3.498389,1.818914,1.857514,1.76811,1.769818,0.343166,0.167881,73.591428,3.576235,1.870532,1.805061
C03908,C_L05,DIGITAL_CMOS,CMOS_C,0.179269,0.181014,0.169459,0.172058,68.208837,69.115991,3.549915,3.558905,1.829039,1.838599,1.596236,1.592036,0.191039,0.180095,70.996414,3.594022,1.847862,1.596269
C03909,C_L05,DIGITAL_CMOS,CMOS_C,0.302837,0.300094,0.204115,0.204693,68.037508,68.901878,3.560015,3.59509,1.871579,1.905061,1.722434,1.740416,0.300878,0.204482,68.724778,3.68101,1.946008,1.770012
C03910,C_L05,DIGITAL_CMOS,CMOS_C,0.228436,0.232546,0.084172,0.084647,68.269521,68.296265,3.501677,3.54146,1.839133,1.841629,1.616303,1.63252,0.241464,0.087754,68.96503,3.542568,1.862265,1.639459
C03911,C_L05,DIGITAL_CMOS,CMOS_C,0.323334,0.319349,0.177558,0.177476,70.42264,69.435188,3.456649,3.460509,1.852647,1.856716,1.70449,1.71163,0.320229,0.177859,69.911026,3.516158,1.856646,1.707948
C03912,C_L05,DIGITAL_CMOS,CMOS_C,0.269882,0.267907,0.430189,0.390893,79.680956,78.672466,3.384514,3.406651,1.908253,1.925586,1.814646,1.813282,0.271755,0.447122,80.318915,3.407152,1.960903,1.80675
C03913,C_L05,DIGITAL_CMOS,CMOS_C,0.303819,0.304276,0.20065,0.200984,67.708589,67.298039,3.402806,3.440262,1.746038,1.777398,1.575659,1.59819,0.317027,0.206117,66.891534,3.916407,1.996014,1.640857
C03914,C_L05,DIGITAL_CMOS,CMOS_C,0.259554,0.258264,0.154907,0.15795,73.024083,73.348801,3.575851,3.605512,1.857082,1.847616,1.629767,1.638476,0.258318,0.158856,73.828874,3.625447,1.869375,1.632228
C03915,C_L05,DIGITAL_CMOS,CMOS_C,0.288146,0.289571,0.219035,0.21595,70.177504,69.76382,3.539108,3.552209,1.77928,1.782361,1.728605,1.741972,0.290843,0.220198,69.661917,3.555125,1.829951,1.765865
C03916,C_L05,DIGITAL_CMOS,CMOS_C,0.246704,0.251653,0.165656,0.16492,68.043004,68.371822,3.196699,3.260734,1.833906,1.860236,1.643909,1.658759,0.250394,0.168251,67.773265,3.311931,1.904102,1.693372
C03917,C_L05,DIGITAL_CMOS,CMOS_C,0.377231,0.381443,0.191203,0.194613,67.197356,67.334199,3.543619,3.565345,1.820192,1.824885,1.739635,1.732838,0.387011,0.206474,68.319832,3.554602,1.814242,1.740152
C03918,C_L05,DIGITAL_CMOS,CMOS_C,0.25687,0.259149,0.133354,0.136456,68.266753,69.064129,3.339765,3.330457,1.861991,1.884209,1.590143,1.596778,0.266589,0.14379,69.822905,3.346331,1.912568,1.588274
C03919,C_L05,DIGITAL_CMOS,CMOS_C,0.330646,0.339307,0.201819,0.20459,65.753228,66.371803,3.494974,3.490557,1.853727,1.875478,1.58339,1.602359,0.458854,0.219531,67.865198,3.553414,1.914737,1.619577
C03920,C_L05,DIGITAL_CMOS,CMOS_C,0.311199,0.312781,0.106828,0.107901,65.971851,65.416284,3.505165,3.552269,1.983036,2.02129,1.70659,1.713797,0.310281,0.109832,65.700622,3.597303,2.121341,1.777887
C03921,C_L05,DIGITAL_CMOS,CMOS_C,0.34614,0.349366,0.194194,0.19831,66.007143,66.99549,3.397681,3.408862,1.769503,1.7774,1.593724,1.577628,0.352304,0.199159,67.050188,3.400445,1.780635,1.606801
C03922,C_L05,DIGITAL_CMOS,CMOS_C,0.286465,0.283556,0.216062,0.217178,75.645865,75.452088,3.55109,3.540295,2.033865,2.0332,1.651472,1.658753,0.28291,0.226143,75.671854,3.565177,2.068545,1.666806
C03923,C_L05,DIGITAL_CMOS,CMOS_C,0.363642,0.361449,0.186656,0.188345,63.319262,63.135889,3.644708,3.650007,1.892087,1.92546,1.805598,1.806494,0.361473,0.19118,63.676001,3.679053,1.917045,1.797723
C03924,C_L05,DIGITAL_CMOS,CMOS_C,0.314724,0.329275,0.17905,0.181572,65.983692,67.084177,3.288574,3.345247,1.618763,1.642431,1.669088,1.672508,0.32201,0.196755,68.313556,3.412431,1.690402,1.712446
C03925,C_L05,DIGITAL_CMOS,CMOS_C,0.327138,0.332634,0.163024,0.16611,64.816889,64.682482,3.527292,3.558303,1.831847,1.851894,1.690717,1.667675,0.341686,0.179934,66.913148,3.624503,1.910553,1.71604
C03926,C_L05,DIGITAL_CMOS,CMOS_C,0.26454,0.263119,0.1725,0.172755,70.182826,70.143096,3.429506,3.408174,1.858669,1.857977,1.753939,1.760095,0.267792,0.176528,69.790171,3.455653,1.876641,1.786181
C03927,C_L05,DIGITAL_CMOS,CMOS_C,0.28658,0.284526,0.162652,0.165059,68.394881,67.679542,3.573034,3.582134,2.050966,2.063875,1.794758,1.784087,0.286149,0.167151,68.060552,3.606009,2.047555,1.784192
C03928,C_L05,DIGITAL_CMOS,CMOS_C,0.343038,0.346536,0.105094,0.108255,69.069268,69.144758,3.517427,3.491918,1.76783,1.755008,1.665213,1.660352,0.351847,0.11462,70.591992,3.511063,1.772929,1.664411
C03929,C_L05,DIGITAL_CMOS,CMOS_C,0.259127,0.255092,0.139111,0.144421,71.009391,71.533411,3.464499,3.498239,1.711773,1.752497,1.607471,1.633203,0.266015,0.158547,73.540632,3.575908,1.810365,1.64624
C03930,C_L05,DIGITAL_CMOS,CMOS_C,0.279725,0.279737,0.127179,0.132967,66.255681,66.893372,3.610711,3.613531,1.903265,1.907816,1.635141,1.652995,0.281777,0.138164,67.278235,3.652658,1.94327,1.665363
C03931,C_L05,DIGITAL_CMOS,CMOS_C,0.301047,0.301553,0.099679,0.100611,61.884026,61.482099,3.123237,3.147726,1.813235,1.805539,1.635673,1.637654,0.302945,0.105491,62.210169,3.156004,1.809453,1.646352
C03932,C_L05,DIGITAL_CMOS,CMOS_C,0.356502,0.35945,0.170206,0.173915,63.872563,64.225275,3.341476,3.315466,1.779659,1.762507,1.556704,1.572187,0.366183,0.18123,65.404006,3.32932,1.784808,1.56307
C03933,C_L05,DIGITAL_CMOS,CMOS_C,0.31583,0.3123,0.15168,0.153884,64.702832,64.855871,3.51247,3.523577,1.923072,1.941866,1.526855,1.54268,0.323282,0.160347,65.622922,3.630065,2.024801,1.564118
C03934,C_L05,DIGITAL_CMOS,CMOS_C,0.341969,0.347761,0.161898,0.169326,65.667805,65.566536,3.46027,3.453287,1.788536,1.817981,1.612126,1.590934,0.353539,0.179076,66.744119,3.475286,1.80079,1.612688
C03935,C_L05,DIGITAL_CMOS,CMOS_C,0.263435,0.259157,0.194985,0.194123,60.201423,60.866856,3.482275,3.482315,1.856666,1.85125,1.478359,1.471284,0.263487,0.201422,60.647314,3.563978,1.949699,1.514926
C03936,C_L05,DIGITAL_CMOS,CMOS_C,0.246003,0.251353,0.201349,0.205543,65.481387,65.306596,3.370289,3.37256,1.713347,1.722585,1.591025,1.601851,0.253705,0.216617,66.702567,3.353663,1.730561,1.592952
C03937,C_L05,DIGITAL_CMOS,CMOS_C,0.334758,0.33963,0.369708,0.34576,67.490907,66.830992,3.669182,3.677628,1.760734,1.753865,1.598116,1.594127,0.33735,0.382352,67.57076,3.778921,1.840561,1.653381
C03938,C_L05,DIGITAL_CMOS,CMOS_C,0.233669,0.238271,0.237011,0.241136,69.693238,69.935253,3.533302,3.518538,1.900103,1.908622,1.738401,1.734988,0.239426,0.256991,71.655602,3.518246,1.921585,1.742883
C03939,C_L05,DIGITAL_CMOS,CMOS_C,0.241974,0.244214,0.27303,0.276749,68.893466,69.181605,3.518584,3.530769,1.85546,1.888523,1.651657,1.662866,0.244945,0.276674,69.99249,3.597331,1.917152,1.699408
C03940,C_L05,DIGITAL_CMOS,CMOS_C,0.291777,0.290457,0.169235,0.174187,67.14874,67.870354,3.433608,3.447418,1.882903,1.880945,1.695845,1.700616,0.297273,0.183351,68.766341,3.539647,1.943849,1.717781
C03941,C_L05,DIGITAL_CMOS,CMOS_C,0.246669,0.240593,0.122786,0.124894,67.00356,67.365502,3.438254,3.417621,1.858662,1.862902,1.698054,1.714895,0.24623,0.124562,67.368578,3.446326,1.852927,1.701619
C03942,C_L05,DIGITAL_CMOS,CMOS_C,0.347798,0.351128,0.124724,0.130963,70.698806,70.848274,3.463057,3.447679,1.86491,1.862187,1.681831,1.671939,0.353742,0.136259,71.213709,3.473963,1.878006,1.677222
C03943,C_L05,DIGITAL_CMOS,CMOS_C,0.319786,0.31784,0.13864,0.144292,68.391481,67.984025,3.46451,3.508185,1.915137,1.92633,1.716527,1.728596,0.331739,0.157951,69.940586,3.504759,1.98414,1.768167
C03944,C_L05,DIGITAL_CMOS,CMOS_C,0.266913,0.274997,0.166378,0.169007,71.062488,71.813582,3.529801,3.544108,1.880838,1.880515,1.647416,1.62659,0.275119,0.174508,72.931116,3.555041,1.8884,1.634505
C03945,C_L05,DIGITAL_CMOS,CMOS_C,0.400237,0.399805,0.154426,0.159262,69.754641,70.39594,3.365461,3.374615,1.846976,1.848555,1.589793,1.60426,0.429464,0.167829,71.754921,3.382759,1.873594,1.59094
C03946,C_L05,DIGITAL_CMOS,CMOS_C,0.468768,0.472082,0.207049,0.213481,66.630911,67.261213,3.496521,3.520559,1.97041,2.01593,1.653863,1.649044,0.483064,0.223306,68.600262,3.591154,2.06585,1.688241
C03947,C_L05,DIGITAL_CMOS,CMOS_C,0.265013,0.266921,0.138271,0.142066,61.196281,61.759904,3.511388,3.50322,1.780655,1.799538,1.679536,1.692226,0.274588,0.152175,62.539869,3.591858,1.875565,1.723524
C03948,C_L05,DIGITAL_CMOS,CMOS_C,0.349257,0.35935,0.169668,0.170728,71.689754,72.576464,3.585137,3.590355,1.938091,1.937685,1.723503,1.737644,0.368215,0.17999,73.712647,3.60319,1.947349,1.726555
C03949,C_L05,DIGITAL_CMOS,CMOS_C,0.294872,0.294631,0.179744,0.180899,64.237912,65.076864,3.550251,3.564185,1.887559,1.900473,1.600084,1.591491,0.29527,0.181671,64.841273,3.653431,1.961399,1.639061
C03950,C_L05,DIGITAL_CMOS,CMOS_C,0.268582,0.270104,0.111614,0.12326,70.880435,70.521332,3.441921,3.472103,1.848439,1.843474,1.674977,1.689058,0.27292,0.172193,71.478427,3.473136,1.846123,1.711854
C03951,C_L05,DIGITAL_CMOS,CMOS_C,0.309401,0.313759,0.169697,0.172539,64.467146,65.455022,3.564056,3.557138,1.82099,1.83611,1.691283,1.695574,0.310504,0.171514,65.707232,3.557803,1.846663,1.685148
C03952,C_L05,DIGITAL_CMOS,CMOS_C,0.393911,0.39652,0.208779,0.216397,68.769472,69.208673,3.333548,3.380528,1.845847,1.857579,1.558072,1.576468,0.409772,0.234191,71.231699,3.453097,1.937911,1.618872
C03953,C_L05,DIGITAL_CMOS,CMOS_C,0.332827,0.331057,0.149458,0.153878,68.70891,68.397666,3.388348,3.442092,1.747326,1.737489,1.673772,1.662588,0.342165,0.153847,68.636984,3.505584,1.793035,1.712793
C03954,C_L05,DIGITAL_CMOS,CMOS_C,0.433521,0.434208,0.250834,0.251152,66.853555,67.375091,3.536735,3.546016,1.786515,1.773001,1.545604,1.536975,0.456145,0.267623,68.745064,3.596613,1.786288,1.545831
C03955,C_L05,DIGITAL_CMOS,CMOS_C,0.279093,0.278147,0.142607,0.144778,67.089151,67.349487,3.530187,3.58452,1.791317,1.815312,1.830091,1.838846,0.28483,0.147223,67.822394,3.683996,1.908033,1.880284
C03956,C_L05,DIGITAL_CMOS,CMOS_C,0.315334,0.322207,0.186512,0.188243,71.569275,72.449171,3.237983,3.23712,1.858456,1.819481,1.651906,1.646832,0.324462,0.190996,73.134525,3.221934,1.854725,1.673262
C03957,C_L05,DIGITAL_CMOS,CMOS_C,0.342342,0.341119,0.190565,0.19163,65.680884,66.251782,3.412633,3.421429,1.86455,1.881512,1.611554,1.604989,0.333125,0.195113,66.819305,3.449225,1.91549,1.597546
C03958,C_L05,DIGITAL_CMOS,CMOS_C,0.341373,0.34118,0.171985,0.170746,68.403224,69.056846,3.578907,3.575668,1.916847,1.899107,1.866883,1.846893,0.36175,0.18161,70.613857,3.580613,1.907755,1.860147
C03959,C_L05,DIGITAL_CMOS,CMOS_C,0.325914,0.321692,0.168115,0.175713,64.219445,63.678782,3.442066,3.449383,1.88594,1.887125,1.709451,1.70386,0.33634,0.184073,65.776221,3.463436,1.921312,1.739408
C03960,C_L05,DIGITAL_CMOS,CMOS_C,0.210889,0.211865,0.130156,0.131928,63.416028,63.329478,3.409328,3.433996,1.798016,1.799928,1.676148,1.671806,0.211779,0.135817,63.684528,3.495778,1.897012,1.717424
C03961,C_L05,DIGITAL_CMOS,CMOS_C,0.311793,0.314541,0.137704,0.14176,68.129949,67.966747,3.442623,3.424215,1.845545,1.850798,1.740099,1.742716,0.317993,0.143374,67.978605,3.452103,1.864628,1.772056
C03962,C_L05,DIGITAL_CMOS,CMOS_C,0.239859,0.240954,0.159249,0.161794,62.573482,62.664659,3.571004,3.558206,1.90862,1.917124,1.766046,1.775987,0.240337,0.163028,62.893874,3.647465,1.974778,1.821523
C03963,C_L05,DIGITAL_CMOS,CMOS_C,0.283194,0.283472,0.114502,0.117164,69.555626,69.566847,3.311756,3.338825,1.774723,1.790768,1.530961,1.5508,0.29641,0.123652,69.617576,3.445103,1.806369,1.581437
C03964,C_L05,DIGITAL_CMOS,CMOS_C,0.350039,0.378141,0.188781,0.215736,67.727211,70.627286,3.569544,3.57127,1.984721,2.00226,1.832326,1.845,0.418988,0.242005,72.229331,3.603448,2.003573,1.86444
C03965,C_L05,DIGITAL_CMOS,CMOS_C,0.366835,0.367451,0.169606,0.17307,67.019833,67.05923,3.422522,3.423199,1.862528,1.859054,1.714457,1.727917,0.379689,0.174235,67.266118,3.465714,1.877626,1.732128
C03966,C_L05,DIGITAL_CMOS,CMOS_C,0.357744,0.351093,0.172114,0.172947,66.21881,65.7525,3.291322,3.323468,1.706442,1.689509,1.612141,1.637819,0.358552,0.175603,66.05254,3.335624,1.702916,1.630415
C03967,C_L05,DIGITAL_CMOS,CMOS_C,0.311537,0.321883,0.161452,0.164533,69.078048,69.443452,3.373158,3.410135,1.600381,1.605406,1.590939,1.614153,0.318947,0.169244,69.661049,3.464956,1.618975,1.64179
C03968,C_L05,DIGITAL_CMOS,CMOS_C,0.2409,0.242268,0.142647,0.141485,60.023568,61.356286,3.517166,3.521289,1.945226,1.951544,1.610505,1.634847,0.239076,0.141929,61.57596,3.539127,1.94403,1.632963
C03969,C_L05,DIGITAL_CMOS,CMOS_C,0.302811,0.304288,0.174021,0.171612,68.464503,67.334531,3.457257,3.468571,1.805012,1.812609,1.699562,1.682164,0.305638,0.173395,67.901571,3.484377,1.824729,1.684819
C03970,C_L05,DIGITAL_CMOS,CMOS_C,0.30823,0.304111,0.171264,0.169273,70.992014,70.22614,3.537113,3.530342,1.775912,1.785036,1.619133,1.603862,0.309104,0.173285,70.4346,3.568117,1.811154,1.615776
C04133,C_L08,DIGITAL_CMOS,CMOS_C,0.290622,0.297727,0.13662,0.141695,63.7092,64.666755,3.484596,3.478315,1.706406,1.706465,1.739736,1.748604,0.307576,0.156082,66.574609,3.482294,1.711816,1.796411
C04134,C_L08,DIGITAL_CMOS,CMOS_C,0.368173,0.371888,0.123749,0.130057,67.68496,68.437931,3.491192,3.480303,1.799681,1.805818,1.680085,1.694047,0.379874,0.144623,69.947769,3.620662,1.912463,1.816506
C04135,C_L08,DIGITAL_CMOS,CMOS_C,0.321053,0.313995,0.148616,0.149732,64.399874,64.260339,3.344784,3.414461,1.682226,1.717644,1.691738,1.722892,0.315315,0.149469,66.418199,3.54566,1.849902,1.809558
C04136,C_L08,DIGITAL_CMOS,CMOS_C,0.250563,0.25578,0.126185,0.128348,64.343009,64.668848,3.580458,3.597975,1.849012,1.842845,1.788153,1.810947,0.260757,0.147921,69.720914,3.682757,1.888666,1.85384
C04137,C_L08,DIGITAL_CMOS,CMOS_C,0.242115,0.233146,0.217557,0.22695,67.423143,68.006788,3.709038,3.734749,1.772017,1.780475,1.82129,1.832052,0.241384,0.235479,71.069523,3.869314,1.842129,1.943559
C04138,C_L08,DIGITAL_CMOS,CMOS_C,0.283956,0.27994,0.169359,0.1757,67.862275,67.70839,3.351634,3.337359,1.786981,1.796428,1.639487,1.650251,0.28258,0.178914,68.170556,3.339734,1.828133,1.670815
C04139,C_L08,DIGITAL_CMOS,CMOS_C,0.248054,0.254534,0.122828,0.126966,66.269353,64.834694,3.60182,3.58206,1.768636,1.76008,1.870237,1.87283,0.258206,0.130162,66.918034,3.628392,1.776013,1.920511
C04140,C_L08,DIGITAL_CMOS,CMOS_C,0.294811,0.297848,0.151599,0.152728,66.341003,66.826224,3.470101,3.480791,1.807073,1.832679,1.733083,1.730791,0.296218,0.158482,67.38558,3.502054,1.822802,1.768309
C04141,C_L08,DIGITAL_CMOS,CMOS_C,0.269466,0.273862,0.148465,0.15962,63.91125,63.860593,3.422458,3.422004,1.84388,1.836385,1.857503,1.872591,0.274561,0.170692,66.747851,3.456097,1.872292,1.935956
C04142,C_L08,DIGITAL_CMOS,CMOS_C,0.318372,0.325621,0.152292,0.159632,68.411764,68.655655,3.502747,3.519762,1.683866,1.683454,1.664774,1.652155,0.334892,0.184727,73.892287,3.580101,1.712254,1.700025
C04143,C_L08,DIGITAL_CMOS,CMOS_C,0.276443,0.278802,0.141234,0.141615,68.21457,68.144759,3.406319,3.429841,1.939779,1.952411,1.902932,1.913472,0.276755,0.143095,68.695798,3.435996,1.987773,1.93999
C04144,C_L08,DIGITAL_CMOS,CMOS_C,0.314698,0.318318,0.149464,0.154573,66.05996,66.615502,3.396761,3.429261,1.791565,1.821678,1.810797,1.833242,0.326667,0.17179,70.026459,3.510479,1.956489,1.900716
C04145,C_L08,DIGITAL_CMOS,CMOS_C,0.386888,0.391637,0.244891,0.247565,63.901045,63.826298,3.552945,3.586923,1.847839,1.830673,1.838051,1.843678,0.393048,0.250499,65.686781,3.629463,1.84909,1.851005
C04146,C_L08,DIGITAL_CMOS,CMOS_C,0.290208,0.292013,0.25261,0.255824,62.756401,63.010289,3.433861,3.455394,1.776218,1.808358,1.675054,1.677399,0.288813,0.255701,63.166423,3.528899,1.876232,1.748519
C04147,C_L08,DIGITAL_CMOS,CMOS_C,0.229737,0.229039,0.139974,0.144305,65.237712,65.624283,3.358048,3.348219,1.769096,1.758503,1.679256,1.695663,0.232539,0.147788,65.85826,3.393545,1.801089,1.71964
C04148,C_L08,DIGITAL_CMOS,CMOS_C,0.248264,0.252025,0.118123,0.120511,66.548569,67.37108,3.591218,3.587517,1.798393,1.810504,1.663929,1.682454,0.251031,0.128561,68.953231,3.612455,1.822892,1.72627
C04149,C_L08,DIGITAL_CMOS,CMOS_C,0.439423,0.440048,0.207622,0.214919,65.808956,65.880932,3.468412,3.545805,1.808846,1.830119,1.736194,1.761716,0.455821,0.234681,67.11927,3.74587,2.011878,1.912945
C04150,C_L08,DIGITAL_CMOS,CMOS_C,0.279487,0.281554,0.135988,0.144894,62.775444,63.905289,3.637808,3.626521,1.764816,1.776091,1.644849,1.645325,0.289493,0.154543,64.415714,3.680363,1.8178,1.676842
C04151,C_L08,DIGITAL_CMOS,CMOS_C,0.334464,0.343836,0.16133,0.162331,64.131101,65.002624,3.479532,3.500144,1.820127,1.811758,1.634265,1.640145,0.345916,0.165667,65.270908,3.536052,1.841284,1.642842
C04152,C_L08,DIGITAL_CMOS,CMOS_C,0.249895,0.249119,0.134085,0.136593,62.036617,61.718085,3.614902,3.651011,1.861661,1.852794,1.8103,1.827576,0.248087,0.142018,62.824451,3.687612,1.854583,1.860404
C04153,C_L08,DIGITAL_CMOS,CMOS_C,0.409585,0.412164,0.156308,0.166571,63.164741,65.440451,3.565786,3.566028,1.711801,1.748006,1.753645,1.792532,0.411834,0.193108,65.858456,3.639619,1.849334,1.871713
C04154,C_L08,DIGITAL_CMOS,CMOS_C,0.291344,0.287885,0.150091,0.158174,71.152408,71.763424,3.468454,3.456539,1.857403,1.873504,1.676896,1.674266,0.298145,0.176192,74.825397,3.497415,1.927269,1.709347
C04155,C_L08,DIGITAL_CMOS,CMOS_C,0.25024,0.252926,0.138028,0.144721,63.141508,64.11804,3.473852,3.474446,1.769379,1.774757,1.679367,1.697742,0.257782,0.150253,65.703217,3.497222,1.795193,1.727691
C04156,C_L08,DIGITAL_CMOS,CMOS_C,0.248058,0.24826,0.135223,0.133618,62.321592,62.668618,3.483615,3.545871,1.669401,1.716248,1.687833,1.750077,0.249839,0.139216,63.038233,3.630812,1.77444,1.838363
C04157,C_L08,DIGITAL_CMOS,CMOS_C,0.28019,0.284139,0.187851,0.197347,65.793663,66.29988,3.582912,3.631726,1.749261,1.767194,1.552214,1.570653,0.293447,0.205748,69.912767,3.688394,1.823596,1.592
C04158,C_L08,DIGITAL_CMOS,CMOS_C,0.292517,0.297985,0.183813,0.195099,65.342752,65.243834,3.334277,3.32948,1.690175,1.689071,1.672879,1.67595,0.300095,0.212603,67.89968,3.376399,1.743766,1.68852
C04159,C_L08,DIGITAL_CMOS,CMOS_C,0.338806,0.332454,0.123231,0.128582,65.745575,66.069519,3.342232,3.389718,1.768404,1.79754,1.686431,1.697024,0.339173,0.13872,67.8572,3.50006,1.864306,1.771906
C04160,C_L08,DIGITAL_CMOS,CMOS_C,0.28323,0.283338,0.161447,0.164611,64.165323,64.585735,3.440617,3.493013,1.835158,1.852089,1.722025,1.739944,0.290318,0.17217,65.371751,3.657846,1.995093,1.838791
C04161,C_L08,DIGITAL_CMOS,CMOS_C,0.271357,0.271624,0.168117,0.176016,67.499023,68.698455,3.558472,3.610293,1.711202,1.742886,1.709813,1.754599,0.282448,0.205646,73.491082,3.777727,1.821201,1.810338
C04162,C_L08,DIGITAL_CMOS,CMOS_C,0.273453,0.278056,0.20513,0.207981,65.962369,66.249484,3.4773,3.511454,1.776313,1.763068,1.749296,1.764079,0.288708,0.238389,70.787648,3.553535,1.778137,1.785814
C04163,C_L08,DIGITAL_CMOS,CMOS_C,0.395369,0.392301,0.127227,0.12628,65.443999,65.958028,3.500101,3.489446,1.757946,1.770797,1.617127,1.639646,0.393562,0.129005,66.672141,3.587231,1.766102,1.648458
C04164,C_L08,DIGITAL_CMOS,CMOS_C,0.316632,0.317937,0.136192,0.137945,67.554542,68.501674,3.29053,3.32301,1.776866,1.814643,1.724639,1.737128,0.327975,0.161731,71.464897,3.398779,1.926041,1.855459
C04165,C_L08,DIGITAL_CMOS,CMOS_C,0.307995,0.308296,0.202183,0.202174,65.662847,65.981858,3.572434,3.605377,1.860915,1.846423,1.831977,1.822374,0.308926,0.207094,66.512575,3.647405,1.877742,1.879858
C04166,C_L08,DIGITAL_CMOS,CMOS_C,0.254064,0.249645,0.16262,0.161463,67.255331,67.741593,3.300908,3.31773,1.911505,1.921541,1.7974,1.817029,0.254666,0.16559,68.888447,3.331963,1.957607,1.852917
C04167,C_L08,DIGITAL_CMOS,CMOS_C,0.261214,0.26109,0.132225,0.132528,69.768992,70.163627,3.265641,3.283494,1.722189,1.725036,1.64421,1.651113,0.267959,0.135442,70.536945,3.3355,1.736326,1.678937
C04168,C_L08,DIGITAL_CMOS,CMOS_C,0.318649,0.326356,0.168323,0.170587,65.402059,66.175045,3.264351,3.330985,1.682526,1.70254,1.598107,1.633813,0.342032,0.193658,69.738398,3.426237,1.790687,1.74397
C04169,C_L08,DIGITAL_CMOS,CMOS_C,0.260235,0.268346,0.167548,0.166736,61.326709,61.825678,3.384678,3.385252,1.825151,1.814694,1.797466,1.821069,0.265414,0.168291,62.78554,3.390134,1.856952,1.879083
C04170,C_L08,DIGITAL_CMOS,CMOS_C,0.236546,0.236442,0.146583,0.147147,64.996226,65.7591,3.408005,3.441162,1.63948,1.676785,1.69413,1.70778,0.236686,0.161075,69.060057,3.543006,1.709011,1.765745
C04171,C_L08,DIGITAL_CMOS,CMOS_C,0.269229,0.267717,0.172118,0.173321,63.250264,62.809117,3.373049,3.38691,1.80481,1.789719,1.671285,1.684152,0.262052,0.174155,63.390069,3.411224,1.807802,1.726346
C04172,C_L08,DIGITAL_CMOS,CMOS_C,0.316001,0.311989,0.146054,0.148631,66.529591,67.383231,3.544764,3.571326,1.790355,1.826416,1.657793,1.684201,0.325403,0.162729,70.515135,3.716531,2.003409,1.869471
C04173,C_L08,DIGITAL_CMOS,CMOS_C,0.236338,0.240483,0.166914,0.171816,71.918346,72.123251,3.306532,3.36552,1.740738,1.792154,1.647239,1.684674,0.250189,0.190149,75.749907,3.48924,1.899166,1.742779
C04174,C_L08,DIGITAL_CMOS,CMOS_C,0.332826,0.328154,0.153962,0.153023,69.008375,69.098981,3.216068,3.227478,1.738489,1.732863,1.649207,1.677915,0.331676,0.153447,70.156924,3.247545,1.74874,1.710134
C04175,C_L08,DIGITAL_CMOS,CMOS_C,0.291143,0.295431,0.126459,0.133906,63.991167,64.587313,3.5094,3.562226,1.790419,1.822859,1.71724,1.734995,0.299364,0.141015,67.857852,3.737077,1.931462,1.84974
C04176,C_L08,DIGITAL_CMOS,CMOS_C,0.276936,0.28818,0.159292,0.164889,66.762156,67.325299,3.442569,3.440144,1.814532,1.8163,1.673913,1.697378,0.292777,0.183888,69.218571,3.638093,2.002786,1.879148
C04177,C_L08,DIGITAL_CMOS,CMOS_C,0.268776,0.26658,0.173339,0.181586,65.035439,65.89246,3.492992,3.502524,1.768179,1.78933,1.652262,1.67289,0.272049,0.210336,69.355214,3.54042,1.792698,1.714711
C04178,C_L08,DIGITAL_CMOS,CMOS_C,0.329822,0.325641,0.233665,0.234152,70.109122,70.595921,3.28793,3.323618,1.589802,1.589494,1.533958,1.538889,0.331184,0.2409,71.113374,3.355978,1.609174,1.541824
C04179,C_L08,DIGITAL_CMOS,CMOS_C,0.288715,0.283599,0.184574,0.189506,72.09022,72.433949,3.575452,3.632274,1.838579,1.875165,1.877547,1.910321,0.292934,0.189065,73.611222,3.795265,1.922007,2.003208
C04180,C_L08,DIGITAL_CMOS,CMOS_C,0.330988,0.332583,0.119083,0.12143,56.641975,56.760358,3.345145,3.386859,1.735708,1.7521,1.603446,1.62988,0.344384,0.124919,57.05656,3.58268,1.874886,1.807693
C04181,C_L08,DIGITAL_CMOS,CMOS_C,0.313108,0.319399,0.189555,0.1967,69.011356,69.155703,3.322979,3.385023,1.747284,1.775681,1.66863,1.718617,0.325559,0.220012,71.184641,3.537308,1.880657,1.816396
C04182,C_L08,DIGITAL_CMOS,CMOS_C,0.236684,0.236627,0.172203,0.174358,64.427958,64.306088,3.319855,3.33524,1.772975,1.814152,1.678975,1.668814,0.239269,0.180181,65.933358,3.370755,1.846952,1.71663
C04183,C_L08,DIGITAL_CMOS,CMOS_C,0.264925,0.263248,0.163221,0.17754,73.156252,74.014276,3.239158,3.236107,1.728201,1.756402,1.655889,1.65789,0.267305,0.188346,76.67367,3.261526,1.758295,1.654228
C04184,C_L08,DIGITAL_CMOS,CMOS_C,0.387482,0.377694,0.150878,0.153477,65.017021,64.878132,3.577359,3.622173,1.840932,1.872809,1.826869,1.849017,0.385871,0.159937,65.266749,3.733529,1.984094,1.892506
C04185,C_L08,DIGITAL_CMOS,CMOS_C,0.264261,0.265662,0.17843,0.180372,66.518927,66.272352,3.650848,3.707726,1.810002,1.815499,1.771167,1.787415,0.26787,0.1894,65.878545,3.754822,1.824987,1.791654
C04186,C_L08,DIGITAL_CMOS,CMOS_C,0.311888,0.31862,0.13268,0.138853,68.383159,69.373322,3.586166,3.628506,1.770113,1.777323,1.798213,1.807252,0.332178,0.144319,70.732852,3.69718,1.818659,1.827387
C04187,C_L08,DIGITAL_CMOS,CMOS_C,0.282021,0.286486,0.174508,0.182854,62.77691,63.235613,3.576501,3.630378,1.82538,1.826377,1.836826,1.856912,0.28586,0.191775,64.395646,3.910321,1.970078,2.018526
C04188,C_L08,DIGITAL_CMOS,CMOS_C,0.32814,0.329888,0.128642,0.131902,65.852845,66.277598,3.321281,3.326292,1.713768,1.752941,1.558249,1.586993,0.326875,0.135273,66.418931,3.410715,1.80846,1.646377
C04189,C_L08,DIGITAL_CMOS,CMOS_C,0.233882,0.232328,0.176248,0.176136,67.9095,68.517575,3.499949,3.478305,1.873418,1.893246,1.828056,1.806262,0.235389,0.180366,68.336885,3.509141,1.960695,1.833421
C04190,C_L08,DIGITAL_CMOS,CMOS_C,0.313088,0.316316,0.13073,0.131626,64.508751,64.94683,3.454587,3.460042,1.821923,1.883532,1.792559,1.818935,0.31189,0.13673,64.906483,3.717883,2.092501,1.973534
C04191,C_L08,DIGITAL_CMOS,CMOS_C,0.274248,0.275208,0.138912,0.14356,69.460453,70.66301,3.411634,3.430079,1.739922,1.7552,1.611388,1.611329,0.280965,0.157455,74.932073,3.475135,1.767189,1.623829
C04192,C_L08,DIGITAL_CMOS,CMOS_C,0.320337,0.32357,0.108032,0.113228,63.038317,64.414261,3.595212,3.638702,1.773313,1.802873,1.988773,2.013007,0.331856,0.126902,66.337741,3.748809,1.909254,2.092146
C04193,C_L08,DIGITAL_CMOS,CMOS_C,0.36265,0.357197,0.232984,0.229277,66.885789,66.900277,3.542376,3.572696,1.727034,1.727756,1.714304,1.713743,0.363431,0.231543,67.453683,3.571291,1.747712,1.767227
C04194,C_L08,DIGITAL_CMOS,CMOS_C,0.385591,0.385754,0.123343,0.126579,60.061723,60.449222,3.302666,3.330303,1.643613,1.669753,1.546415,1.566881,0.383958,0.131726,61.173819,3.477904,1.757344,1.65506
C04195,C_L08,DIGITAL_CMOS,CMOS_C,0.298384,0.300307,0.183337,0.190759,71.590484,72.359679,3.311327,3.344174,1.688712,1.669359,1.638562,1.657927,0.30151,0.202101,73.822352,3.367472,1.679028,1.68505
C04196,C_L08,DIGITAL_CMOS,CMOS_C,0.290216,0.293372,0.195727,0.2001,65.70053,65.701247,3.49829,3.51396,1.880299,1.906326,1.725306,1.73194,0.296893,0.232989,68.232241,3.537567,1.908183,1.782081
C04197,C_L08,DIGITAL_CMOS,CMOS_C,0.254043,0.260552,0.133994,0.136759,66.836359,68.661061,3.592545,3.599021,1.935646,1.945243,1.755105,1.755007,0.259784,0.148644,69.694125,3.618208,2.003382,1.782732
C04198,C_L08,DIGITAL_CMOS,CMOS_C,0.264074,0.271146,0.153431,0.159423,65.00444,65.670359,3.699806,3.713444,1.887311,1.879953,1.749743,1.773007,0.267833,0.15688,65.467927,3.759347,1.913011,1.752329
C04199,C_L08,DIGITAL_CMOS,CMOS_C,0.353056,0.351992,0.136496,0.138681,67.012636,68.932318,3.65844,3.671675,1.871016,1.873974,1.746397,1.730377,0.363674,0.155706,72.043048,3.680589,1.90387,1.732089
C04200,C_L08,DIGITAL_CMOS,CMOS_C,0.250332,0.24988,0.100065,0.103902,67.823123,68.343712,3.394985,3.42521,1.787783,1.841399,1.684496,1.717837,0.253749,0.118384,71.673768,3.507269,1.950301,1.761923
C04201,C_L08,DIGITAL_CMOS,CMOS_C,0.27946,0.279825,0.185383,0.200299,64.458653,65.995127,3.615577,3.655824,1.720908,1.746077,1.774642,1.773037,0.289156,0.23121,68.223062,3.691831,1.768882,1.797523
C04202,C_L08,DIGITAL_CMOS,CMOS_C,0.349245,0.3571,0.158606,0.167675,64.8021,65.438065,3.661477,3.63873,1.897566,1.886566,1.68163,1.675192,0.356543,0.184349,68.091643,3.707213,1.899668,1.749575
C04203,C_L08,DIGITAL_CMOS,CMOS_C,0.257707,0.254475,0.127848,0.130871,66.963508,67.977335,3.474225,3.462815,1.918915,1.92426,1.88269,1.866178,0.262301,0.137742,68.507086,3.505107,1.943743,1.887976
C04204,C_L08,DIGITAL_CMOS,CMOS_C,0.335629,0.337863,0.098049,0.103065,66.592873,67.466231,3.382951,3.368841,1.725223,1.718206,1.621969,1.602221,0.343882,0.117839,70.17595,3.378524,1.753305,1.618135
C04205,C_L08,DIGITAL_CMOS,CMOS_C,0.303988,0.31081,0.166838,0.177411,65.953197,66.081711,3.33148,3.323824,1.699317,1.698614,1.724115,1.737163,0.320999,0.187476,67.468776,3.387165,1.712529,1.795759
C04206,C_L08,DIGITAL_CMOS,CMOS_C,0.381459,0.38435,0.166643,0.174505,64.949167,66.102126,3.338536,3.377522,1.890529,1.896101,1.739049,1.767583,0.395845,0.185898,69.05001,3.388034,1.924395,1.786731
C04207,C_L08,DIGITAL_CMOS,CMOS_C,0.382785,0.385396,0.167889,0.166854,67.59829,67.725584,3.351832,3.395537,1.799687,1.859846,1.795507,1.803107,0.382954,0.169772,68.516946,3.525281,1.91335,1.899443
C04208,C_L08,DIGITAL_CMOS,CMOS_C,0.293656,0.296125,0.187076,0.188745,63.694873,63.612349,3.447059,3.50944,1.64664,1.684695,1.634989,1.687533,0.291088,0.190886,63.761104,3.631059,1.740768,1.789261
C04209,C_L08,DIGITAL_CMOS,CMOS_C,0.322303,0.321673,0.197951,0.202999,68.485238,67.962662,3.494839,3.534193,1.811482,1.841253,1.765813,1.775927,0.31921,0.210189,68.61703,3.722607,1.980505,1.907255
C04210,C_L08,DIGITAL_CMOS,CMOS_C,0.322177,0.316992,0.163882,0.168482,67.264857,67.500358,3.422087,3.420998,1.758867,1.77636,1.759574,1.780873,0.325541,0.167065,68.254029,3.569628,1.950006,1.896511
C04211,C_L08,DIGITAL_CMOS,CMOS_C,0.354479,0.358642,0.173959,0.184597,68.468693,69.144894,3.409341,3.404122,1.87962,1.873335,1.798782,1.801258,0.363583,0.20218,70.677211,3.415834,1.909485,1.798524
C04719,C_L16,DIGITAL_CMOS,CMOS_C,0.248206,0.258099,0.129499,0.133049,62.70192,62.576986,3.614459,3.591697,1.861742,1.894539,1.776842,1.782453,0.283825,0.139482,66.715792,3.654295,1.88856,1.795001
C04720,C_L16,DIGITAL_CMOS,CMOS_C,0.300686,0.306187,0.124272,0.124997,65.201876,65.348509,3.118112,3.108925,1.600726,1.611732,1.570146,1.569951,0.30459,0.130333,66.069563,3.113349,1.604568,1.577538
C04721,C_L16,DIGITAL_CMOS,CMOS_C,0.351035,0.357869,0.134325,0.137141,64.083508,63.938913,3.303569,3.325152,1.662998,1.680356,1.621121,1.628147,0.37292,0.136393,63.835171,3.311035,1.690728,1.645067
C04722,C_L16,DIGITAL_CMOS,CMOS_C,0.228416,0.22902,0.191554,0.19468,63.010213,63.74868,3.376761,3.402492,1.687999,1.671154,1.588241,1.592576,0.253776,0.21307,67.294519,3.398501,1.696686,1.597721
C04723,C_L16,DIGITAL_CMOS,CMOS_C,0.30137,0.306412,0.203142,0.211676,66.075645,67.447754,3.477536,3.507229,1.793018,1.864352,1.819732,1.828591,0.327223,0.220743,70.030877,3.554998,1.968217,1.862878
C04724,C_L16,DIGITAL_CMOS,CMOS_C,0.661449,0.761434,0.097983,0.104036,61.831835,62.896603,3.43809,3.414023,1.730886,1.724397,1.794487,1.790911,1.097302,0.120648,64.963764,3.450083,1.764094,1.783448
C04725,C_L16,DIGITAL_CMOS,CMOS_C,0.235849,0.236616,0.089822,0.091208,65.135083,65.217615,3.237118,3.249668,1.8164,1.836343,1.666247,1.681935,0.25342,0.095102,67.977909,3.261751,1.872637,1.691925
C04726,C_L16,DIGITAL_CMOS,CMOS_C,0.249526,0.256416,0.194348,0.201664,59.675875,61.185532,3.371303,3.372364,1.738067,1.733749,1.638564,1.635601,0.271529,0.209629,63.873749,3.406772,1.765057,1.643144
C04727,C_L16,DIGITAL_CMOS,CMOS_C,0.270783,0.278223,0.148431,0.152017,64.752057,66.34258,3.346683,3.380434,1.785682,1.776209,1.625825,1.627131,0.290471,0.157488,68.729435,3.429938,1.792258,1.642935
C04728,C_L16,DIGITAL_CMOS,CMOS_C,0.222227,0.226429,0.099523,0.099857,70.548966,71.261713,3.357743,3.340953,1.689844,1.711664,1.692025,1.706038,0.226743,0.10142,71.389385,3.430104,1.88438,1.755956
C04729,C_L16,DIGITAL_CMOS,CMOS_C,0.244172,0.243205,0.137909,0.137618,58.996912,58.374366,3.531131,3.545752,1.905894,1.919369,1.750439,1.754561,0.244359,0.139999,59.02863,3.557335,1.934777,1.746279
C04730,C_L16,DIGITAL_CMOS,CMOS_C,0.261964,0.259278,0.187804,0.189522,65.778096,65.771291,3.658479,3.674614,1.831357,1.834315,1.816177,1.827333,0.268578,0.190692,66.676482,3.947315,2.104411,2.247066
C04731,C_L16,DIGITAL_CMOS,CMOS_C,0.291574,0.291307,0.104872,0.106766,65.408362,67.054379,3.347806,3.385267,1.749773,1.805747,1.628413,1.648499,0.318418,0.109877,68.70927,3.46102,1.899326,1.669944
C04732,C_L16,DIGITAL_CMOS,CMOS_C,0.249343,0.252675,0.148116,0.148937,62.797164,63.543814,3.242628,3.255085,1.760241,1.767621,1.817121,1.829543,0.256624,0.148994,63.390738,3.263336,1.783107,1.837769
C04733,C_L16,DIGITAL_CMOS,CMOS_C,0.337009,0.349475,0.141743,0.144223,66.099563,66.75468,3.483787,3.471455,1.739984,1.757438,1.651481,1.664884,0.381426,0.15107,69.721872,3.487811,1.780364,1.66646
C04734,C_L16,DIGITAL_CMOS,CMOS_C,0.271257,0.273818,0.105985,0.106107,66.561906,67.852226,3.530222,3.557768,1.936773,1.945426,1.832158,1.840345,0.277381,0.109726,67.772628,3.684578,2.032557,1.89693
C04735,C_L16,DIGITAL_CMOS,CMOS_C,0.237033,0.244093,0.165652,0.165625,60.680599,62.050502,3.5,3.533598,1.76139,1.790657,1.648067,1.672371,0.256688,0.173637,63.842513,3.534823,1.82033,1.679009
C04736,C_L16,DIGITAL_CMOS,CMOS_C,0.284807,0.290189,0.207901,0.216027,62.057704,63.360792,3.364917,3.359771,1.909064,1.913764,1.714062,1.70449,0.316738,0.235505,67.925106,3.393547,1.9204,1.717917
C04737,C_L16,DIGITAL_CMOS,CMOS_C,0.230445,0.229781,0.110773,0.112736,66.551081,67.461025,3.47815,3.485313,1.683004,1.67734,1.685035,1.684256,0.254538,0.122546,69.881028,3.501925,1.707475,1.66132
C04738,C_L16,DIGITAL_CMOS,CMOS_C,0.252949,0.260828,0.15011,0.153236,59.035494,59.970469,3.273859,3.324613,1.727542,1.769761,1.551201,1.563905,0.278153,0.159302,62.847602,3.447345,1.834433,1.586272
C04739,C_L16,DIGITAL_CMOS,CMOS_C,0.242814,0.248554,0.160243,0.160715,60.507684,60.1218,3.665625,3.695612,1.909238,1.921163,1.847916,1.836958,0.253164,0.166316,61.056989,3.654602,1.922084,1.853672
C04740,C_L16,DIGITAL_CMOS,CMOS_C,0.242668,0.244347,0.14141,0.143088,63.398421,64.105044,3.268733,3.320335,1.682557,1.743008,1.700885,1.709067,0.278893,0.158806,66.873926,3.354635,1.818065,1.749392
C04741,C_L16,DIGITAL_CMOS,CMOS_C,0.288007,0.287735,0.159835,0.161105,60.974455,60.707422,3.563729,3.597623,1.781054,1.818084,1.74683,1.762239,0.294404,0.163093,61.397555,4.307115,1.903843,1.908229
C04742,C_L16,DIGITAL_CMOS,CMOS_C,0.320271,0.323137,0.099341,0.101592,61.437665,61.573662,3.200519,3.206663,1.803563,1.825935,1.6219,1.636644,0.332654,0.10284,62.661616,3.221501,1.877928,1.632338
C04743,C_L16,DIGITAL_CMOS,CMOS_C,0.284895,0.28512,0.102385,0.104943,66.31102,66.211124,3.487177,3.507787,1.82176,1.836377,1.823685,1.863064,0.31035,0.109736,71.159123,3.568941,1.948917,1.886202
C04744,C_L16,DIGITAL_CMOS,CMOS_C,0.342837,0.33954,0.154915,0.157835,66.672976,66.698207,3.40797,3.439442,1.867022,1.891545,1.692493,1.702209,0.346029,0.162751,66.692056,3.497206,1.988242,1.749642
C04745,C_L16,DIGITAL_CMOS,CMOS_C,0.242848,0.240714,0.127339,0.129101,65.264969,66.041641,3.484021,3.521888,1.704068,1.724532,1.682079,1.691171,0.249826,0.1315,65.799973,3.598078,1.820991,1.720621
C04746,C_L16,DIGITAL_CMOS,CMOS_C,0.409149,0.42365,0.209675,0.224724,69.494051,70.623563,3.353409,3.349664,1.792446,1.797979,1.73522,1.735705,0.474843,0.249434,74.75,3.378216,1.844896,1.733199
C04747,C_L16,DIGITAL_CMOS,CMOS_C,0.271144,0.274394,0.157957,0.162679,66.806643,66.947117,3.240688,3.252941,1.749633,1.75286,1.620501,1.632232,0.282061,0.165443,67.08675,3.325671,1.838079,1.696842
C04748,C_L16,DIGITAL_CMOS,CMOS_C,0.248054,0.256455,0.096456,0.097452,61.844012,61.90556,3.542453,3.553918,1.827472,1.826966,1.706814,1.707086,0.254708,0.097625,62.775928,3.552898,1.872904,1.717909
C04749,C_L16,DIGITAL_CMOS,CMOS_C,0.218465,0.228042,0.162942,0.167294,63.444688,64.355126,3.517143,3.548158,1.829918,1.859643,1.746969,1.758766,0.24715,0.183345,67.721039,3.570542,1.931511,1.791126
C04750,C_L16,DIGITAL_CMOS,CMOS_C,0.272073,0.27651,0.170561,0.173794,64.452027,64.29255,3.490863,3.503807,1.778513,1.783601,1.640149,1.644684,0.292426,0.189593,66.680015,3.549101,1.816791,1.659325
C04751,C_L16,DIGITAL_CMOS,CMOS_C,0.226501,0.225761,0.110676,0.110111,63.816239,63.980973,3.523631,3.56332,1.910058,1.941448,1.6604,1.661455,0.25769,0.116684,69.158067,3.605214,2.075843,1.693869
C04752,C_L16,DIGITAL_CMOS,CMOS_C,0.24555,0.258104,0.106932,0.107773,60.193102,61.161142,3.409133,3.408663,1.882737,1.881466,1.740091,1.737208,0.274566,0.114396,63.196792,3.441415,1.89014,1.738733
C04753,C_L16,DIGITAL_CMOS,CMOS_C,0.258366,0.265288,0.148056,0.151004,63.070634,63.284516,3.311753,3.318268,1.680825,1.693134,1.574056,1.594789,0.275505,0.157856,65.204972,3.325624,1.707566,1.58576
C04754,C_L16,DIGITAL_CMOS,CMOS_C,0.382091,0.391382,0.210254,0.21545,65.996175,67.600463,3.594,3.628394,1.698121,1.745845,1.790343,1.806799,0.420144,0.223584,69.493533,3.716108,1.847943,1.818773
C04755,C_L16,DIGITAL_CMOS,CMOS_C,0.251997,0.254948,0.105866,0.103588,62.129853,62.203138,3.566197,3.53308,1.941523,1.969661,1.802989,1.805055,0.258258,0.106558,62.861911,3.59983,2.091719,1.840199
C04756,C_L16,DIGITAL_CMOS,CMOS_C,0.242841,0.247363,0.137041,0.139878,65.048902,65.277313,3.309549,3.341704,1.736222,1.769227,1.65982,1.652852,0.242802,0.141069,66.762751,3.457678,1.910312,1.697213
C04757,C_L16,DIGITAL_CMOS,CMOS_C,0.280243,0.283918,0.168453,0.168785,59.777115,59.798491,3.352986,3.350138,1.72766,1.748261,1.712731,1.695874,0.283666,0.173079,60.274288,3.458633,1.941146,1.754927
C04758,C_L16,DIGITAL_CMOS,CMOS_C,0.201465,0.202081,0.11577,0.121841,66.700197,67.193656,3.38332,3.415056,1.764487,1.816269,1.693926,1.70977,0.21734,0.127201,69.299764,3.43421,1.885344,1.75597
C04759,C_L16,DIGITAL_CMOS,CMOS_C,0.22252,0.229734,0.09281,0.096412,63.134388,64.050358,3.359737,3.362086,1.611138,1.612386,1.643796,1.65379,0.241901,0.099812,65.016954,3.369787,1.631857,1.642793
C04760,C_L16,DIGITAL_CMOS,CMOS_C,0.319779,0.334549,0.175165,0.177961,64.398381,65.116505,3.356787,3.375101,1.748244,1.772467,1.652845,1.650903,0.349881,0.187845,66.778334,3.390804,1.815263,1.664624
C04761,C_L16,DIGITAL_CMOS,CMOS_C,0.254101,0.256738,0.108312,0.109884,59.306948,60.32205,3.276457,3.316461,1.766835,1.819839,1.614621,1.620937,0.285413,0.122685,65.154635,3.379274,1.926033,1.656753
C04762,C_L16,DIGITAL_CMOS,CMOS_C,0.236002,0.235611,0.216871,0.217591,63.979469,64.182349,3.409695,3.425183,1.720129,1.75789,1.651684,1.660914,0.245295,0.219925,64.037433,3.56878,1.932833,1.701351
C04763,C_L16,DIGITAL_CMOS,CMOS_C,0.279456,0.281098,0.237046,0.238939,67.758807,69.279016,3.292852,3.282941,1.692955,1.679353,1.739063,1.717335,0.310488,0.25596,73.909403,3.326827,1.722835,1.736434
C04764,C_L16,DIGITAL_CMOS,CMOS_C,0.255441,0.26642,0.13555,0.139459,59.663544,60.588569,3.412852,3.41423,1.799594,1.860737,1.664301,1.694523,0.276772,0.142829,63.4964,3.469777,1.920612,1.727983
C04765,C_L16,DIGITAL_CMOS,CMOS_C,0.288082,0.295288,0.096596,0.097021,65.193637,66.681751,3.320549,3.318312,1.902647,1.875991,1.689658,1.690965,0.303572,0.101435,67.465456,3.43691,2.04977,1.775718
C04766,C_L16,DIGITAL_CMOS,CMOS_C,0.357829,0.363722,0.185552,0.188061,61.254665,61.322392,3.413976,3.408849,1.854214,1.894369,1.725151,1.710449,0.374235,0.192591,61.560465,3.488213,1.984353,1.735169
C04767,C_L16,DIGITAL_CMOS,CMOS_C,0.291226,0.295587,0.133832,0.134461,66.003133,65.95659,3.259032,3.249165,1.657659,1.681267,1.621001,1.644815,0.299078,0.137999,66.830118,3.318661,1.753153,1.657636
C04768,C_L16,DIGITAL_CMOS,CMOS_C,0.229624,0.236886,0.140071,0.144413,55.986488,56.808339,3.570921,3.583506,1.811816,1.823677,1.716474,1.737307,0.408631,0.19067,59.221202,3.574265,1.831781,1.732659
C04769,C_L16,DIGITAL_CMOS,CMOS_C,0.216474,0.225511,0.130996,0.135009,54.468474,54.979171,3.257577,3.27855,1.667869,1.707416,1.72893,1.722485,0.251579,0.153783,57.464048,3.326807,1.778054,1.739492
C04770,C_L16,DIGITAL_CMOS,CMOS_C,0.291593,0.295558,0.127743,0.131291,64.122529,65.311087,3.322388,3.335866,1.719338,1.712982,1.578788,1.580804,0.304317,0.134749,66.823685,3.342448,1.777196,1.57704
C04771,C_L16,DIGITAL_CMOS,CMOS_C,0.272022,0.269602,0.119044,0.122961,64.102514,65.59951,3.301137,3.310177,1.701299,1.711515,1.564886,1.572391,0.291574,0.130567,67.51753,3.306196,1.721627,1.56753
C04772,C_L16,DIGITAL_CMOS,CMOS_C,0.354532,0.359143,0.151312,0.154891,64.485363,64.610864,3.624903,3.632576,1.92173,1.913966,1.867235,1.837216,0.397962,0.159609,67.947287,3.640431,1.948857,1.854976
C04773,C_L16,DIGITAL_CMOS,CMOS_C,0.269938,0.284903,0.163035,0.172127,63.122009,64.784742,3.414928,3.431259,1.937263,1.938295,1.808313,1.797221,0.308872,0.179297,67.417208,3.45413,1.945734,1.804749
C04774,C_L16,DIGITAL_CMOS,CMOS_C,0.310368,0.316339,0.12197,0.121627,65.962402,65.2342,3.240106,3.233101,1.656713,1.653742,1.656063,1.640651,0.321997,0.123793,66.116324,3.260054,1.700731,1.642822
C04775,C_L16,DIGITAL_CMOS,CMOS_C,0.227905,0.236924,0.105648,0.109032,64.482155,65.225508,3.73445,3.775552,2.03004,2.047746,1.738921,1.76291,0.248667,0.114522,66.595715,3.773349,2.143912,1.785093
C04776,C_L16,DIGITAL_CMOS,CMOS_C,0.253668,0.248084,0.108031,0.107211,64.136563,64.063156,3.376015,3.380387,1.807509,1.812899,1.661778,1.681569,0.254083,0.110697,64.239286,3.418666,1.810246,1.687439
C04777,C_L16,DIGITAL_CMOS,CMOS_C,0.250265,0.249226,0.199484,0.200306,64.749855,64.626347,3.531769,3.526201,1.706966,1.715907,1.741117,1.721769,0.273141,0.217016,70.073983,3.535979,1.740964,1.751138
C04778,C_L16,DIGITAL_CMOS,CMOS_C,0.270608,0.279391,0.128353,0.132193,61.715988,62.817138,3.284434,3.310646,1.811727,1.837541,1.804266,1.793179,0.294409,0.135493,66.097509,3.35405,1.927797,1.82372
C04779,C_L16,DIGITAL_CMOS,CMOS_C,0.2688,0.275103,0.089752,0.091494,62.591136,62.876044,3.141448,3.155743,1.657664,1.663801,1.594781,1.611296,0.284376,0.097633,64.723869,3.224312,1.775302,1.624507
C04780,C_L16,DIGITAL_CMOS,CMOS_C,0.280889,0.280026,0.110346,0.112065,59.089728,59.222915,3.43932,3.43585,1.800762,1.809819,1.68568,1.697577,0.28605,0.113579,59.243909,3.44119,1.843291,1.706773
C04781,C_L16,DIGITAL_CMOS,CMOS_C,0.257065,0.262972,0.133717,0.136479,62.481493,63.20211,3.25755,3.268892,1.681213,1.723965,1.641164,1.661697,0.283894,0.146076,66.732886,3.357136,1.827027,1.688091
C04782,C_L16,DIGITAL_CMOS,CMOS_C,0.236254,0.23315,0.120234,0.12366,60.899989,62.352515,3.508096,3.519346,1.856986,1.86117,1.685918,1.681896,0.250669,0.131132,64.534303,3.532469,1.872982,1.674778
C04783,C_L16,DIGITAL_CMOS,CMOS_C,0.32008,0.330223,0.133934,0.135311,61.243781,62.241887,3.434183,3.431227,1.670495,1.70282,1.627467,1.62994,0.370862,0.150003,64.648757,3.471029,1.740709,1.643274
C04784,C_L16,DIGITAL_CMOS,CMOS_C,0.33334,0.336854,0.1108,0.113258,62.378098,63.046726,3.359961,3.378784,1.77518,1.806118,1.645666,1.659187,0.373566,0.12251,67.072823,3.43626,1.886813,1.673878
C04785,C_L16,DIGITAL_CMOS,CMOS_C,0.29049,0.292631,0.081831,0.083443,63.417135,63.700329,3.378109,3.391039,1.749607,1.79796,1.632828,1.651,0.305529,0.082828,64.054254,3.422933,1.872967,1.649489
C04786,C_L16,DIGITAL_CMOS,CMOS_C,0.241736,0.248282,0.124297,0.130343,63.22957,63.537629,3.345901,3.349075,1.74578,1.776495,1.584868,1.577661,0.25859,0.138385,65.105461,3.36816,1.802051,1.587219
C04787,C_L16,DIGITAL_CMOS,CMOS_C,0.262544,0.267411,0.107151,0.111495,66.804234,67.855915,3.331479,3.325892,1.79598,1.778545,1.70839,1.758141,0.284293,0.115904,70.988413,3.356489,1.811751,1.98411
C04788,C_L16,DIGITAL_CMOS,CMOS_C,0.282761,0.286271,0.113558,0.118075,59.432352,60.059152,3.513602,3.500717,1.752911,1.780053,1.652251,1.635871,0.296516,0.122989,62.806564,3.524943,1.814033,1.648645
C04789,C_L16,DIGITAL_CMOS,CMOS_C,0.20057,0.204971,0.145646,0.147605,61.237909,61.653452,3.479247,3.494483,1.79206,1.856531,1.65591,1.665515,0.220731,0.154609,64.619945,3.551063,1.937937,1.697252
C04790,C_L16,DIGITAL_CMOS,CMOS_C,0.312467,0.320848,0.151893,0.154594,64.668495,65.829261,3.360778,3.3795,1.747911,1.78587,1.63244,1.637613,0.35602,0.164343,70.495401,3.415587,1.856274,1.6731
C04791,C_L16,DIGITAL_CMOS,CMOS_C,0.247438,0.249431,0.098921,0.10019,67.769122,68.05939,3.513188,3.505686,1.734968,1.770727,1.65135,1.673673,0.255476,0.103618,68.605914,3.531314,1.785116,1.667222
C04792,C_L16,DIGITAL_CMOS,CMOS_C,0.166369,0.169994,0.118682,0.121194,65.326658,66.634015,3.502226,3.536036,1.774931,1.795173,1.676021,1.668481,0.186364,0.135509,68.863854,3.654451,1.96119,1.72876
C04952,C_L19,DIGITAL_CMOS,CMOS_C,0.234258,0.235941,0.084608,0.085087,64.326022,64.127526,3.507021,3.553888,1.689085,1.702673,1.688058,1.698601,0.243778,0.086506,64.543855,3.603965,1.725515,1.731034
C04953,C_L19,DIGITAL_CMOS,CMOS_C,0.345677,0.360513,0.128301,0.134874,62.063345,62.466632,3.707211,3.749679,1.929723,1.953286,1.822628,1.830087,0.369325,0.13988,64.588972,3.797139,1.974282,1.869317
C04954,C_L19,DIGITAL_CMOS,CMOS_C,0.283248,0.290036,0.134458,0.136375,64.270172,65.380333,3.659961,3.691929,1.895368,1.914705,1.701101,1.699768,0.300868,0.142703,66.735421,3.771009,1.968792,1.774211
C04955,C_L19,DIGITAL_CMOS,CMOS_C,0.24234,0.242732,0.137414,0.137676,58.241512,59.440092,3.483291,3.500853,1.72422,1.735432,1.634289,1.658702,0.252883,0.14179,61.10448,3.550138,1.79637,1.668446
C04956,C_L19,DIGITAL_CMOS,CMOS_C,0.276079,0.284715,0.125808,0.130594,59.658687,59.844672,3.720845,3.733065,1.864593,1.859094,1.634477,1.63757,0.307004,0.132908,61.504354,3.760575,1.889863,1.653925
C04957,C_L19,DIGITAL_CMOS,CMOS_C,0.281447,0.289288,0.064471,0.06654,66.232669,65.904152,3.22789,3.241853,1.743979,1.764943,1.641945,1.657912,0.304997,0.069743,68.265559,3.281426,1.811496,1.678098
C04958,C_L19,DIGITAL_CMOS,CMOS_C,0.446967,0.454429,0.255587,0.263929,62.781105,63.409949,3.530972,3.55371,1.909878,1.926002,1.737686,1.743213,0.475438,0.274135,65.493128,3.647794,1.967961,1.784742
C04959,C_L19,DIGITAL_CMOS,CMOS_C,0.288342,0.289537,0.219125,0.21937,63.516109,64.332253,3.453547,3.453565,2.020082,2.018306,1.825187,1.832249,0.307452,0.233681,66.889071,3.473344,2.022957,1.824801
C04960,C_L19,DIGITAL_CMOS,CMOS_C,0.309267,0.320109,0.150658,0.152606,63.478409,64.254517,3.598481,3.565055,1.924598,1.953622,1.879189,1.881145,0.329934,0.159878,66.919254,3.588912,1.917782,1.888699
C04961,C_L19,DIGITAL_CMOS,CMOS_C,0.305903,0.318512,0.131068,0.134136,59.430869,60.318985,3.48116,3.519388,1.860779,1.890065,1.706143,1.725663,0.335874,0.140199,61.978469,3.603994,1.949454,1.747038
C04962,C_L19,DIGITAL_CMOS,CMOS_C,0.304123,0.306146,0.130651,0.133141,61.250118,62.277745,3.545426,3.569502,1.897548,1.906446,1.77926,1.76955,0.311644,0.134544,64.045946,3.632283,1.922127,1.764266
C04963,C_L19,DIGITAL_CMOS,CMOS_C,0.302493,0.304687,0.115692,0.11539,65.295051,65.592043,3.655301,3.649895,2.017643,2.021651,1.694635,1.706985,0.301662,0.117859,65.953093,3.678533,2.028386,1.71361
C04964,C_L19,DIGITAL_CMOS,CMOS_C,0.278926,0.281261,0.093017,0.094475,59.339912,59.391121,3.457345,3.458356,1.804636,1.797539,1.715939,1.706749,0.299883,0.099768,61.788049,3.496849,1.807347,1.716656
C04965,C_L19,DIGITAL_CMOS,CMOS_C,0.343239,0.346361,0.13725,0.135804,66.518607,66.68789,3.400019,3.398655,1.684854,1.695511,1.712372,1.718584,0.357252,0.138751,66.848445,3.469499,1.72435,1.763352
C04966,C_L19,DIGITAL_CMOS,CMOS_C,0.284839,0.292024,0.169271,0.170254,58.170308,57.988316,3.484523,3.506609,1.907317,1.919268,1.67775,1.68233,0.289299,0.173698,58.998181,3.572356,1.938296,1.674649
C04967,C_L19,DIGITAL_CMOS,CMOS_C,0.275544,0.277643,0.152228,0.155285,60.928764,61.286009,3.505333,3.564847,1.808714,1.831655,1.672112,1.680266,0.281819,0.153542,61.165309,3.677121,1.890454,1.722193
C04968,C_L19,DIGITAL_CMOS,CMOS_C,0.303373,0.312811,0.124503,0.127258,63.127083,63.512534,3.576843,3.604305,1.914867,1.933724,1.757084,1.75233,0.333697,0.137562,66.053913,3.708573,1.991033,1.810984
C04969,C_L19,DIGITAL_CMOS,CMOS_C,0.308486,0.314909,0.135389,0.13756,61.208786,61.237388,3.387614,3.383881,1.847042,1.831182,1.820449,1.808488,0.317632,0.137185,62.005453,3.387903,1.845496,1.832418
C04970,C_L19,DIGITAL_CMOS,CMOS_C,0.272579,0.274351,0.11593,0.117089,58.1571,58.68464,3.476982,3.51471,1.775718,1.817949,1.717516,1.739536,0.299464,0.130232,59.700179,3.595244,1.861411,1.768523
C04971,C_L19,DIGITAL_CMOS,CMOS_C,0.286222,0.293221,0.124162,0.124453,59.136786,60.190746,3.696291,3.736083,2.016633,2.026466,1.782103,1.788933,0.29645,0.126491,60.767592,3.784471,2.077022,1.821931
C04972,C_L19,DIGITAL_CMOS,CMOS_C,0.271826,0.279583,0.0844,0.087153,63.853857,64.741657,3.48426,3.504295,1.875788,1.879269,1.703093,1.711482,0.292638,0.089087,65.762855,3.509012,1.873084,1.718144
C04973,C_L19,DIGITAL_CMOS,CMOS_C,0.308141,0.311552,0.151509,0.153288,57.075265,57.401719,3.784657,3.809249,1.868631,1.860733,1.776386,1.776121,0.324151,0.154243,57.461448,3.789965,1.868139,1.787336
C04974,C_L19,DIGITAL_CMOS,CMOS_C,0.342338,0.340534,0.127919,0.129071,61.523478,62.225386,3.611172,3.629974,2.034859,2.037559,1.940785,1.963607,0.35325,0.129623,61.509422,3.707273,2.088745,1.997361
C04975,C_L19,DIGITAL_CMOS,CMOS_C,0.294701,0.294918,0.118724,0.120109,55.924139,55.704853,3.348229,3.371979,1.685865,1.696489,1.569955,1.577563,0.308912,0.128808,57.883535,3.460414,1.730816,1.605859
C04976,C_L19,DIGITAL_CMOS,CMOS_C,0.460254,0.471216,0.265429,0.27088,62.056322,61.831753,3.308541,3.319567,1.724384,1.730122,1.555144,1.556734,0.495022,0.278239,62.898807,3.374282,1.747389,1.566893
C04977,C_L19,DIGITAL_CMOS,CMOS_C,0.320466,0.318604,0.154114,0.153564,64.331765,65.402634,3.469382,3.456642,1.803633,1.817312,1.70579,1.717883,0.338837,0.167644,66.766305,3.479207,1.842018,1.722464
C04978,C_L19,DIGITAL_CMOS,CMOS_C,0.333057,0.344755,0.111963,0.112673,65.045097,65.947303,3.55302,3.550223,1.805257,1.81206,1.717969,1.737294,0.359787,0.120062,69.634035,3.582788,1.824336,1.750751
C04979,C_L19,DIGITAL_CMOS,CMOS_C,0.305734,0.310334,0.136374,0.1379,63.341981,63.145956,3.42676,3.412058,1.864461,1.858569,1.666735,1.669441,0.331511,0.144015,64.825727,3.4259,1.835853,1.678039
C04980,C_L19,DIGITAL_CMOS,CMOS_C,0.285103,0.284397,0.122053,0.124116,66.250266,66.466201,3.648424,3.679551,1.887222,1.918298,1.671903,1.671057,0.304739,0.131288,68.758736,3.734434,1.93232,1.697682
C04981,C_L19,DIGITAL_CMOS,CMOS_C,0.253869,0.253846,0.095525,0.096488,64.985264,65.308565,3.508908,3.501136,1.856035,1.849857,1.563407,1.580007,0.254003,0.097761,65.550564,3.542859,1.88158,1.586767
C04982,C_L19,DIGITAL_CMOS,CMOS_C,0.388202,0.38128,0.155728,0.158074,63.11083,63.035843,3.540348,3.591134,1.991454,1.978747,1.820704,1.835487,0.395215,0.160636,63.638952,3.646379,2.106173,2.012453
C04983,C_L19,DIGITAL_CMOS,CMOS_C,0.404528,0.423349,0.117637,0.117323,63.602954,64.238657,3.305004,3.337837,1.868085,1.882333,1.684035,1.702735,0.458607,0.126786,67.334343,3.388459,1.948207,1.73979
C04984,C_L19,DIGITAL_CMOS,CMOS_C,0.330848,0.340205,0.122599,0.122397,66.512803,67.142276,3.804436,3.821873,1.944059,1.971232,1.819443,1.830838,0.362061,0.12552,69.083967,3.950368,1.992868,1.836953
C04985,C_L19,DIGITAL_CMOS,CMOS_C,0.318715,0.323852,0.155888,0.161073,61.006219,60.917621,3.415292,3.435087,1.848947,1.861272,1.655355,1.670947,0.356667,0.172809,64.401514,3.542903,1.91978,1.713285
C04986,C_L19,DIGITAL_CMOS,CMOS_C,0.263863,0.269172,0.14386,0.145539,59.189958,59.627853,3.532328,3.573436,1.859303,1.858644,1.734927,1.759801,0.287064,0.151678,61.316406,3.617908,1.92778,1.782128
C04987,C_L19,DIGITAL_CMOS,CMOS_C,0.228819,0.229386,0.098527,0.10188,62.290991,62.256395,3.398514,3.403123,1.875115,1.888189,1.592748,1.592847,0.234205,0.102367,63.446922,3.44914,1.891264,1.588527
C04988,C_L19,DIGITAL_CMOS,CMOS_C,0.228203,0.23058,0.134275,0.1343,62.412935,62.186994,3.337718,3.345169,1.835657,1.855105,1.706949,1.728295,0.229611,0.134375,63.416638,3.400509,1.892876,1.737697
C04989,C_L19,DIGITAL_CMOS,CMOS_C,0.386367,0.397369,0.978208,1.033812,62.244863,61.688838,3.558256,3.55578,1.835915,1.843976,1.669837,1.679884,0.41773,1.053092,64.882488,3.574998,1.83556,1.708386
C04990,C_L19,DIGITAL_CMOS,CMOS_C,0.308038,0.314159,0.164651,0.164815,61.701915,62.485126,3.735028,3.733573,1.866546,1.874448,1.851307,1.857342,0.347172,0.179129,66.051902,3.770709,1.878488,1.845888
C04991,C_L19,DIGITAL_CMOS,CMOS_C,0.395429,0.407392,0.217021,0.222086,61.14114,62.603091,3.317075,3.34609,1.814192,1.856398,1.587577,1.616735,0.41685,0.225253,64.333119,3.427082,1.889672,1.633299
C04992,C_L19,DIGITAL_CMOS,CMOS_C,0.298203,0.30421,0.156695,0.158508,57.389009,58.530745,3.639154,3.636764,1.948047,1.960913,1.710771,1.707741,0.306472,0.164892,60.702351,3.634223,1.973812,1.717163
C04993,C_L19,DIGITAL_CMOS,CMOS_C,0.238391,0.239434,0.136468,0.141112,61.48707,61.702842,3.458295,3.475293,1.82605,1.836955,1.770796,1.779262,0.253762,0.147707,63.428839,3.563104,1.937235,1.816504
C04994,C_L19,DIGITAL_CMOS,CMOS_C,0.317556,0.314661,0.123899,0.127037,64.306567,64.877854,3.530707,3.534982,1.899138,1.876928,1.71533,1.721584,0.320748,0.132854,66.71974,3.579282,1.887882,1.737727
C04995,C_L19,DIGITAL_CMOS,CMOS_C,0.249111,0.257896,0.105014,0.109499,64.133645,63.934677,3.455464,3.430734,1.764175,1.78621,1.662938,1.678392,0.270579,0.113126,65.374558,3.492898,1.769088,1.674546
C04996,C_L19,DIGITAL_CMOS,CMOS_C,0.324473,0.33072,0.20139,0.205043,60.791351,60.96447,3.469294,3.488183,1.875408,1.888057,1.798917,1.811355,0.342913,0.212782,62.554757,3.624021,1.957092,1.869781
C04997,C_L19,DIGITAL_CMOS,CMOS_C,0.274488,0.282374,0.148959,0.149827,68.97248,70.012103,3.33825,3.342344,1.829729,1.819641,1.669984,1.680847,0.296217,0.155226,71.285871,3.344682,1.840951,1.673392
C04998,C_L19,DIGITAL_CMOS,CMOS_C,0.529266,0.606574,0.167935,0.17031,61.147427,60.77185,3.569166,3.604401,1.838276,1.85422,1.753045,1.760077,1.141814,0.174726,61.210815,3.609472,1.875927,1.766884
C04999,C_L19,DIGITAL_CMOS,CMOS_C,0.368202,0.367179,0.134174,0.131795,65.358801,65.054605,3.509852,3.502594,1.974199,1.960373,1.74531,1.723367,0.37065,0.136154,65.046094,3.507369,1.993933,1.743887
C05000,C_L19,DIGITAL_CMOS,CMOS_C,0.309389,0.313296,0.101379,0.103372,63.99543,64.729372,3.527382,3.587508,1.880284,1.910391,1.861989,1.891185,0.321884,0.106228,66.735666,3.680416,1.959219,1.941679
C05001,C_L19,DIGITAL_CMOS,CMOS_C,0.279572,0.281967,0.1548,0.155681,64.693306,64.114099,3.308934,3.349497,1.780759,1.792601,1.63807,1.639151,0.288165,0.157267,65.101862,3.424956,1.833314,1.663461
C05002,C_L19,DIGITAL_CMOS,CMOS_C,0.309553,0.315896,0.148805,0.150265,59.297425,59.322272,3.535172,3.543021,1.919259,1.918717,1.835299,1.839442,0.309773,0.149892,59.996065,3.540665,1.937378,1.852477
C05003,C_L19,DIGITAL_CMOS,CMOS_C,0.2692,0.271452,0.108771,0.110277,56.823996,57.95623,3.239472,3.278437,1.832082,1.854192,1.63045,1.633948,0.28367,0.114863,58.584182,3.362748,1.889753,1.668497
C05004,C_L19,DIGITAL_CMOS,CMOS_C,0.293414,0.302987,0.133674,0.136606,63.299369,63.69764,3.664818,3.691719,1.932825,1.95095,1.809216,1.792688,0.314056,0.144998,66.444902,3.84526,2.043238,1.849413
C05005,C_L19,DIGITAL_CMOS,CMOS_C,0.291019,0.295539,0.148962,0.148498,63.072739,62.347716,3.548941,3.534286,1.903737,1.92002,1.80047,1.796427,0.295932,0.148388,62.661771,3.588129,1.93474,1.806865
C05006,C_L19,DIGITAL_CMOS,CMOS_C,0.277834,0.27958,0.098964,0.100538,59.006118,59.640333,3.684382,3.693016,2.02407,2.023106,1.785284,1.785682,0.281557,0.102299,59.781974,3.845499,2.096847,1.817946
C05007,C_L19,DIGITAL_CMOS,CMOS_C,0.320521,0.335452,0.176623,0.179084,64.06263,64.853007,3.600812,3.600318,1.794931,1.801482,1.712761,1.718702,0.350109,0.182277,65.578692,3.664783,1.830991,1.757836
C05008,C_L19,DIGITAL_CMOS,CMOS_C,0.260861,0.269282,0.138128,0.13876,62.350372,61.794376,3.058435,3.057527,1.695437,1.709756,1.54297,1.538837,0.264185,0.14202,62.221502,3.183495,1.790359,1.578969
C05009,C_L19,DIGITAL_CMOS,CMOS_C,0.387906,0.388943,0.13567,0.137893,63.231097,63.951269,3.562312,3.560843,1.814803,1.809349,1.757228,1.755054,0.389515,0.140295,63.901337,3.554325,1.832486,1.756393
C05010,C_L19,DIGITAL_CMOS,CMOS_C,0.351865,0.358828,0.161658,0.163704,62.34876,63.387174,3.393502,3.414457,1.806996,1.817317,1.652656,1.650013,0.388804,0.180094,66.202504,3.401684,1.823743,1.641448
C05011,C_L19,DIGITAL_CMOS,CMOS_C,0.25491,0.253686,0.100933,0.102661,62.599126,63.047037,3.622324,3.647214,1.788674,1.800991,1.731827,1.72535,0.261882,0.103457,63.838318,3.672891,1.792396,1.73022
C05012,C_L19,DIGITAL_CMOS,CMOS_C,0.323059,0.318841,0.149668,0.153268,66.898389,66.703693,3.409818,3.397891,1.869285,1.878078,1.801602,1.801026,0.322091,0.155319,67.518656,3.421347,1.879426,1.806981
C05013,C_L19,DIGITAL_CMOS,CMOS_C,0.309737,0.318012,0.105699,0.105829,64.194306,63.748199,3.539503,3.547882,1.809796,1.821829,1.799831,1.803239,0.324995,0.105965,64.898665,3.548928,1.823107,1.809706
C05014,C_L19,DIGITAL_CMOS,CMOS_C,0.317457,0.32462,0.139871,0.140617,62.345192,62.990131,3.46788,3.458186,1.884125,1.89484,1.717909,1.70469,0.334134,0.145959,64.682924,3.490078,1.909248,1.718223
C05015,C_L19,DIGITAL_CMOS,CMOS_C,0.297048,0.297284,0.09045,0.090337,61.263667,62.113622,3.411658,3.411939,1.867933,1.887442,1.69562,1.703106,0.30114,0.091215,63.028907,3.525368,1.948873,1.761429
C05016,C_L19,DIGITAL_CMOS,CMOS_C,0.292144,0.298061,0.108861,0.108679,59.119997,58.777526,3.721686,3.741579,1.928892,1.922348,1.745653,1.743847,0.29946,0.111908,59.263493,3.845124,2.005825,1.824844
C05017,C_L19,DIGITAL_CMOS,CMOS_C,0.285996,0.286512,0.152488,0.15364,67.6449,68.133628,3.401436,3.427134,1.93103,1.951026,1.713466,1.723982,0.295258,0.157022,68.139958,3.52483,2.051739,1.797363
C05018,C_L19,DIGITAL_CMOS,CMOS_C,0.292097,0.301507,0.092038,0.09247,63.540176,63.984649,3.669343,3.687797,1.861261,1.864741,1.735706,1.722155,0.317583,0.098355,64.71828,3.726953,1.874722,1.726695
C05019,C_L19,DIGITAL_CMOS,CMOS_C,0.313319,0.316221,0.113455,0.116369,64.677926,64.900921,3.586706,3.603784,1.825623,1.838561,1.805109,1.80266,0.345423,0.119861,67.601559,3.737016,1.871639,1.875138
C05020,C_L19,DIGITAL_CMOS,CMOS_C,0.323326,0.33283,0.123944,0.125062,58.024298,57.746601,3.835613,3.863877,1.96067,1.934006,1.745137,1.758786,0.336495,0.125384,58.477848,3.877503,1.975662,1.740269
C05021,C_L19,DIGITAL_CMOS,CMOS_C,0.294417,0.294439,0.097095,0.099304,62.754604,62.723095,3.379016,3.357499,1.77369,1.757956,1.768474,1.78003,0.314967,0.106331,64.649737,3.40647,1.787528,1.767843
C05022,C_L19,DIGITAL_CMOS,CMOS_C,0.294225,0.291954,0.132294,0.131336,65.240046,64.333638,3.520936,3.507525,1.730381,1.731232,1.809152,1.803095,0.299331,0.131103,65.767563,3.59862,1.780691,1.848881
C05023,C_L19,DIGITAL_CMOS,CMOS_C,0.315992,0.316463,0.138561,0.138004,61.838165,61.335153,3.730212,3.761327,1.849589,1.867612,1.74558,1.73507,0.324885,0.139618,62.067222,3.844492,1.882824,1.873227
C05024,C_L19,DIGITAL_CMOS,CMOS_C,0.320782,0.319888,0.130507,0.132842,62.074174,61.775305,3.462336,3.487535,1.787886,1.806459,1.708558,1.722774,0.338883,0.138906,63.295936,3.550892,1.843165,1.752767
C05025,C_L19,DIGITAL_CMOS,CMOS_C,0.376715,0.388765,0.138643,0.141132,59.774541,59.044664,3.308478,3.349917,1.77132,1.782788,1.541963,1.563589,0.382875,0.14238,60.104039,3.385621,1.807565,1.568113
