component_id,lot_id,device_family,device_variant,IDDQ_0h,IDDQ_24h,Input_Leakage_Current_0h,Input_Leakage_Current_24h,Active_Supply_Current_0h,Active_Supply_Current_24h,Propagation_Delay_0h,Propagation_Delay_24h,Output_Rise_Time_0h,Output_Rise_Time_24h,Output_Fall_Time_0h,Output_Fall_Time_24h,IDDQ_168h,Input_Leakage_Current_168h,Active_Supply_Current_168h,Propagation_Delay_168h,Output_Rise_Time_168h,Output_Fall_Time_168h
C00001,A_L01,DIGITAL_CMOS,CMOS_A,1.408087,1.424752,0.011829,0.012731,87.884655,87.744366,10.018188,10.162009,14.978218,15.944729,8.203012,8.195852,1.487606,0.013738,88.947445,10.223706,16.37718,8.217509
C00002,A_L01,DIGITAL_CMOS,CMOS_A,1.552432,1.559156,0.026077,0.027066,84.617921,85.43138,8.522235,8.593447,7.683874,7.634435,7.696743,7.683961,1.632706,0.030926,87.923703,8.631875,7.780622,7.735198
C00003,A_L01,DIGITAL_CMOS,CMOS_A,1.852637,1.817498,0.031201,0.031314,90.628124,90.473263,9.32065,9.322506,7.578387,7.583135,7.502123,7.42318,1.872465,0.032832,91.167367,9.492231,7.705329,7.526566
C00004,A_L01,DIGITAL_CMOS,CMOS_A,1.482589,1.484211,0.013367,0.013776,81.659258,81.918659,9.13944,9.22524,8.086665,8.235248,7.920424,8.028022,1.514035,0.014436,82.714401,9.610485,8.434509,8.376064
C00005,A_L01,DIGITAL_CMOS,CMOS_A,1.199789,1.203264,0.010749,0.010938,77.53311,77.650509,9.569204,9.580026,8.16427,8.238008,8.100352,8.259265,1.217327,0.011088,77.994143,9.948246,8.405655,8.389041
C00006,A_L01,DIGITAL_CMOS,CMOS_A,1.100764,1.117601,0.0211,0.022108,79.547414,80.807858,9.40061,9.560865,7.913823,7.947477,8.032283,8.034878,1.143856,0.025774,84.230349,9.78509,8.056019,8.363675
C00007,A_L01,DIGITAL_CMOS,CMOS_A,1.458198,1.483895,0.024163,0.025545,87.778334,88.131182,9.087246,9.062957,7.705113,7.738609,7.476856,7.533602,1.513994,0.027505,90.729573,9.175518,7.726674,7.63352
C00008,A_L01,DIGITAL_CMOS,CMOS_A,1.296638,1.313616,0.025474,0.025609,85.042752,84.663864,9.998184,10.07855,8.389518,8.401041,7.754129,7.844842,1.327752,0.025843,86.414396,10.258432,8.635658,8.199069
C00009,A_L01,DIGITAL_CMOS,CMOS_A,1.424051,1.412,0.017972,0.018039,80.466627,80.943302,8.756775,8.862029,7.97229,8.023714,7.496191,7.588873,1.433322,0.018397,81.728881,9.261629,8.320831,7.90524
C00010,A_L01,DIGITAL_CMOS,CMOS_A,1.368071,1.380377,0.023468,0.025224,89.694929,90.42488,8.831232,8.888498,7.813591,7.909385,7.457895,7.559442,1.427948,0.027372,91.530518,9.316902,8.219573,7.866099
C00011,A_L01,DIGITAL_CMOS,CMOS_A,1.734111,1.730531,0.020171,0.021604,85.734977,87.530736,9.779987,9.808589,8.223817,8.21208,7.92671,7.990879,1.757332,0.024148,89.077131,9.986247,8.480395,8.321677
C00012,A_L01,DIGITAL_CMOS,CMOS_A,1.493656,1.484359,0.025241,0.025787,83.650403,83.942109,9.229061,9.257758,7.906243,7.899493,7.733796,7.79514,1.459988,0.026803,85.150797,9.39416,7.923458,7.876605
C00013,A_L01,DIGITAL_CMOS,CMOS_A,1.337681,1.333689,0.024405,0.02624,90.366621,91.421108,9.706072,9.780277,7.908597,7.970355,7.405253,7.498868,1.377412,0.028495,92.424623,10.478386,8.371513,7.861865
C00014,A_L01,DIGITAL_CMOS,CMOS_A,1.865717,1.86813,0.019764,0.020518,82.560832,83.612485,8.727541,8.863836,7.509916,7.527599,7.399983,7.548146,1.858556,0.02165,83.400786,9.20415,7.777731,7.829275
C00015,A_L01,DIGITAL_CMOS,CMOS_A,1.233709,1.256027,0.018301,0.018742,86.582849,86.70703,9.09977,9.071843,7.728054,7.708932,7.410344,7.447115,1.273047,0.022083,89.619954,9.07864,7.750362,7.464216
C00016,A_L01,DIGITAL_CMOS,CMOS_A,1.441426,1.47096,0.013743,0.015242,88.563185,89.20368,9.23252,9.306601,8.247974,8.223369,8.076084,8.160228,1.456038,0.016526,90.415553,9.65942,8.646271,8.909143
C00017,A_L01,DIGITAL_CMOS,CMOS_A,1.536566,1.534851,0.020588,0.020976,87.96276,88.198937,8.458308,8.532085,7.216836,7.240348,7.130255,7.167733,1.537763,0.022483,89.665127,9.219188,7.684635,7.599227
C00018,A_L01,DIGITAL_CMOS,CMOS_A,1.875524,1.907134,0.017656,0.018931,87.962925,88.201374,9.104177,9.19535,7.623156,7.683839,7.206741,7.383562,1.92609,0.0206,90.257419,9.46098,7.805145,7.716511
C00019,A_L01,DIGITAL_CMOS,CMOS_A,1.564614,1.589847,0.020199,0.020697,81.109468,81.246219,9.516519,9.490445,8.30819,8.315742,8.336256,8.370758,1.683972,0.022963,85.091359,9.673435,8.338386,8.368881
C00020,A_L01,DIGITAL_CMOS,CMOS_A,1.316957,1.294449,0.013773,0.014153,87.568936,88.704121,9.465907,9.492181,8.345373,8.364425,7.878065,7.885528,1.331509,0.015075,89.875432,9.572138,8.533233,7.946293
C00021,A_L01,DIGITAL_CMOS,CMOS_A,1.558732,1.537521,0.019502,0.020184,90.008069,90.055655,8.538054,8.560819,6.876744,6.881921,7.43434,7.391225,1.674486,0.02309,92.481227,8.633184,6.940391,7.498735
C00022,A_L01,DIGITAL_CMOS,CMOS_A,1.24679,1.25452,0.032182,0.034165,84.011341,84.17311,9.237689,9.30857,7.623904,7.794074,7.447559,7.629386,1.276575,0.037629,85.181211,9.718334,7.930096,7.771955
C00023,A_L01,DIGITAL_CMOS,CMOS_A,1.289514,1.320113,0.02558,0.026531,86.752053,86.290063,9.155239,9.280702,8.216399,8.093575,7.449176,7.428506,1.321972,0.026789,86.848424,9.405083,8.14529,7.405089
C00024,A_L01,DIGITAL_CMOS,CMOS_A,1.387893,1.399172,0.015411,0.01608,80.070105,79.511761,9.129418,9.252556,8.40687,8.482276,7.874307,7.91967,1.474147,0.018066,81.910811,11.492919,8.691174,8.204356
C00025,A_L01,DIGITAL_CMOS,CMOS_A,1.510786,1.535088,0.019781,0.020146,82.367963,82.21496,8.417636,8.522967,7.319797,7.347522,7.361353,7.391339,1.525876,0.021593,83.88058,8.815883,7.722823,7.955287
C00026,A_L01,DIGITAL_CMOS,CMOS_A,1.818559,1.850666,0.028768,0.030861,99.780559,100.654328,8.749118,8.789546,7.466138,7.411085,7.792516,7.876356,1.896349,0.032933,102.79369,8.821757,7.510081,7.863763
C00027,A_L01,DIGITAL_CMOS,CMOS_A,1.071294,1.075512,0.011163,0.011819,78.705662,79.113082,9.483216,9.515282,8.582874,8.600561,8.496715,8.442841,1.09086,0.012961,81.175879,9.557979,8.677126,8.482266
C00028,A_L01,DIGITAL_CMOS,CMOS_A,1.436594,1.418956,0.010359,0.010445,89.626835,89.724651,8.895043,8.909745,7.633569,7.661194,7.912337,8.052783,1.43931,0.011164,90.789191,9.013478,7.703126,8.065809
C00029,A_L01,DIGITAL_CMOS,CMOS_A,1.664833,1.678051,0.016332,0.016613,91.977791,92.708152,9.152429,9.189686,8.214698,8.192291,8.003746,7.99182,1.692391,0.017479,92.646363,9.285556,8.208367,8.036958
C00030,A_L01,DIGITAL_CMOS,CMOS_A,1.522104,1.49998,0.014955,0.015176,81.772093,82.049523,8.769459,8.782885,7.271388,7.331879,7.093888,7.1416,1.513946,0.016149,82.738509,8.809859,7.379567,7.164668
C00031,A_L01,DIGITAL_CMOS,CMOS_A,1.664441,1.646111,0.019652,0.019878,86.748809,86.656594,9.146852,9.177664,7.817614,7.841165,7.609481,7.609658,1.706782,0.020992,87.070059,9.323225,7.919114,7.717175
C00032,A_L01,DIGITAL_CMOS,CMOS_A,1.662791,1.64806,0.017539,0.018042,85.636734,84.596278,9.415128,9.509495,8.139712,8.194605,7.188487,7.255478,1.726907,0.019566,86.660258,9.922632,8.437081,7.59982
C00033,A_L01,DIGITAL_CMOS,CMOS_A,1.129948,1.138121,0.0153,0.015394,83.683119,84.459773,8.86115,8.923666,8.285077,8.25259,7.551159,7.641068,1.133112,0.015792,84.862194,9.118904,8.53334,7.76387
C00034,A_L01,DIGITAL_CMOS,CMOS_A,1.42926,1.452525,0.019653,0.020709,84.884488,85.469769,8.545428,8.613069,7.630828,7.670294,7.49068,7.557892,1.531446,0.022659,87.215244,8.632912,7.754859,7.606295
C00035,A_L01,DIGITAL_CMOS,CMOS_A,1.15605,1.175256,0.019987,0.021096,87.967643,88.7788,8.964136,9.018378,8.030955,8.089516,7.671015,7.762377,1.221214,0.024998,91.47501,9.496808,8.44303,8.312399
C00036,A_L01,DIGITAL_CMOS,CMOS_A,1.732443,1.752186,0.019985,0.020494,89.947375,90.417049,9.398921,9.413262,7.929466,7.951265,8.107814,7.97046,1.803522,0.022008,92.45483,9.445836,7.939198,8.12275
C00037,A_L01,DIGITAL_CMOS,CMOS_A,1.430142,1.480447,0.023734,0.024414,88.6644,88.451919,9.382581,9.550893,8.383826,8.4543,8.024393,8.141898,2.537781,0.02822,101.647155,9.720754,8.770963,8.480413
C00038,A_L01,DIGITAL_CMOS,CMOS_A,1.854878,1.888628,0.019198,0.020137,85.612983,86.538615,9.213642,9.231909,7.407746,7.474109,7.829576,7.872795,2.061388,0.025042,95.392156,9.364413,7.417771,7.898368
C00039,A_L01,DIGITAL_CMOS,CMOS_A,1.83254,1.788286,0.027036,0.02814,79.311134,80.13054,9.056998,9.242806,8.103572,8.185981,7.968631,8.064287,1.844184,0.030655,81.519594,9.701344,8.441805,8.38169
C00040,A_L01,DIGITAL_CMOS,CMOS_A,1.403877,1.397501,0.011709,0.012257,83.688214,82.841345,8.681765,8.732799,7.732105,7.757777,7.412192,7.458091,1.483217,0.013963,85.581392,8.775011,7.782602,7.527629
C00041,A_L01,DIGITAL_CMOS,CMOS_A,1.626189,1.637245,0.021593,0.021938,83.48968,83.457923,9.204275,9.370591,7.88806,7.970205,8.139329,8.232104,1.643721,0.022439,84.739214,9.830066,8.262516,8.602633
C00042,A_L01,DIGITAL_CMOS,CMOS_A,1.280009,1.272759,0.021038,0.02153,79.109873,80.309852,8.451887,8.516236,7.43125,7.36112,7.199299,7.1498,1.306419,0.02296,81.093896,8.569269,7.493279,7.241956
C00043,A_L01,DIGITAL_CMOS,CMOS_A,1.933074,1.943762,0.022742,0.022848,94.104516,94.455614,8.632308,8.718484,7.357608,7.460345,6.909613,6.969892,1.940737,0.022983,95.056584,9.040709,7.581121,7.244868
C00044,A_L01,DIGITAL_CMOS,CMOS_A,1.517103,1.530718,0.016735,0.017644,80.17779,80.073875,9.49722,9.509368,8.621107,8.704729,7.854695,7.923596,1.54417,0.018997,81.596196,9.768065,8.970544,8.125409
C00045,A_L01,DIGITAL_CMOS,CMOS_A,1.350145,1.391087,0.016063,0.016815,91.130097,91.009724,8.849467,8.876632,7.768806,7.797887,6.89844,6.962781,1.407614,0.017959,91.958616,8.900033,7.845518,6.996616
C00046,A_L01,DIGITAL_CMOS,CMOS_A,1.560808,1.608229,0.018522,0.020266,84.838317,86.919981,9.333523,9.4554,7.867817,7.90039,8.043583,8.274591,1.654727,0.021763,89.011249,9.667022,8.085514,8.536978
C00047,A_L01,DIGITAL_CMOS,CMOS_A,1.24918,1.240624,0.013688,0.013713,87.808819,87.445336,8.792877,8.841464,7.495445,7.560741,6.866343,7.050672,1.25132,0.014597,87.488547,8.98688,7.738335,7.270032
C00048,A_L01,DIGITAL_CMOS,CMOS_A,1.555477,1.582662,0.017531,0.018828,94.396251,94.302134,9.816746,9.769261,8.271401,8.348149,7.599695,7.679551,1.596139,0.020022,97.207807,9.735807,8.427259,7.830143
C00049,A_L01,DIGITAL_CMOS,CMOS_A,1.724828,1.729424,0.032331,0.033016,81.921123,81.723307,9.066659,9.140439,8.337827,8.335605,7.853539,7.816539,1.747119,0.033843,82.557288,9.170114,8.443801,7.985074
C00050,A_L01,DIGITAL_CMOS,CMOS_A,1.324901,1.350952,0.018861,0.020712,74.068447,74.307013,9.381205,9.502901,7.509339,7.54099,7.339289,7.463694,1.396321,0.022552,76.474135,9.897488,7.809584,7.864395
C00051,A_L01,DIGITAL_CMOS,CMOS_A,1.365786,1.375799,0.023669,0.024316,88.304422,88.976438,8.747538,8.830913,8.162462,8.302411,7.63349,7.670148,1.358888,0.025282,90.150231,9.543528,8.708353,8.244878
C00052,A_L01,DIGITAL_CMOS,CMOS_A,1.462099,1.474815,0.019921,0.020009,88.988434,88.905355,9.339483,9.428718,7.27356,7.383205,7.542677,7.709831,1.50452,0.02096,91.027683,9.63225,7.533679,7.92033
C00053,A_L01,DIGITAL_CMOS,CMOS_A,1.658986,1.674857,0.013038,0.013319,91.651154,92.020272,9.626245,9.798971,8.809414,8.837691,8.32956,8.475333,1.626816,0.013595,92.391906,10.09763,9.086221,8.814914
C00054,A_L01,DIGITAL_CMOS,CMOS_A,1.627883,1.634212,0.022678,0.022735,88.439439,88.362266,9.431654,9.432259,8.098281,8.132455,7.5549,7.506724,1.656524,0.023833,88.131282,9.483516,8.117437,7.676431
C00055,A_L01,DIGITAL_CMOS,CMOS_A,1.396922,1.387448,0.017397,0.01815,90.141468,89.86809,9.251535,9.326699,7.649871,7.693588,7.740324,7.839322,1.413437,0.021361,92.976143,9.831611,8.110679,8.4465
C00056,A_L01,DIGITAL_CMOS,CMOS_A,1.392829,1.374742,0.016538,0.01718,82.33251,82.213557,9.085354,9.15516,7.787303,7.764571,7.535603,7.602174,1.463076,0.019366,84.711772,9.163113,7.858818,7.574024
C00057,A_L01,DIGITAL_CMOS,CMOS_A,1.587858,1.601984,0.019891,0.01998,93.61389,94.25385,8.943497,8.971411,8.205071,8.236579,7.669893,7.659757,1.632409,0.021112,94.713165,9.015736,8.338238,7.665551
C00058,A_L01,DIGITAL_CMOS,CMOS_A,1.522472,1.565721,0.017614,0.017659,87.148726,87.222025,9.213175,9.236821,7.941032,7.906961,8.04638,8.158694,1.55529,0.018568,87.796885,9.319103,8.008356,8.170517
C00059,A_L01,DIGITAL_CMOS,CMOS_A,1.587871,1.578761,0.021105,0.021599,88.601858,89.010838,9.776372,9.855645,7.945635,8.003382,8.223428,8.265792,1.615608,0.022017,88.615296,10.148101,8.318142,8.887421
C00060,A_L01,DIGITAL_CMOS,CMOS_A,1.486206,1.465917,0.019415,0.020147,86.623258,86.721169,8.539093,8.691971,7.473332,7.632053,7.289641,7.398698,1.509714,0.023764,90.170058,9.131392,7.934898,7.711343
C00061,A_L01,DIGITAL_CMOS,CMOS_A,1.701385,1.722746,0.017203,0.017931,86.525408,87.018219,9.204769,9.255417,7.379991,7.469867,7.370569,7.410492,1.767511,0.020588,90.108443,9.709843,7.854466,7.975416
C00062,A_L01,DIGITAL_CMOS,CMOS_A,1.373111,1.383893,0.019086,0.02002,89.032464,90.201187,9.634169,9.641604,8.398664,8.368345,8.479957,8.47654,1.412828,0.023949,92.425491,10.322901,8.651094,8.615922
C00063,A_L01,DIGITAL_CMOS,CMOS_A,1.62178,1.59747,0.02654,0.026916,85.719198,85.313578,9.270561,9.334716,8.116435,8.209842,7.549555,7.624619,1.652527,0.028098,86.102699,9.828666,8.538608,8.048473
C00064,A_L01,DIGITAL_CMOS,CMOS_A,1.903818,1.928759,0.028767,0.030209,86.572775,87.038174,8.783744,8.915985,7.328005,7.403229,7.306666,7.374136,1.968398,0.033367,89.04562,9.105393,7.615533,7.583216
C00065,A_L01,DIGITAL_CMOS,CMOS_A,1.477572,1.508861,0.017002,0.017979,91.067465,92.190833,9.42673,9.441381,8.381605,8.550846,7.776798,7.926965,1.597645,0.020326,95.100276,9.696083,8.843878,8.397467
C00066,A_L01,DIGITAL_CMOS,CMOS_A,1.658678,1.645331,0.011129,0.011207,86.918602,86.880524,8.815094,8.816093,7.058652,6.973664,8.071072,8.162229,1.684707,0.011152,88.121014,8.906337,6.992495,8.186752
C00067,A_L01,DIGITAL_CMOS,CMOS_A,2.161101,2.101985,0.019183,0.020064,83.970876,84.262121,9.137673,9.23411,7.31014,7.412892,7.334464,7.514807,2.256099,0.024467,86.065592,9.461122,7.523253,7.771509
C00068,A_L01,DIGITAL_CMOS,CMOS_A,1.418384,1.406345,0.01817,0.018997,86.996927,87.635249,8.700166,8.786876,8.072709,8.012171,7.828061,8.152429,1.474733,0.020737,90.153823,9.123923,8.323185,8.398648
C00069,A_L01,DIGITAL_CMOS,CMOS_A,1.498722,1.514798,0.02131,0.021833,89.693139,90.115973,9.030157,9.130288,7.492512,7.491166,7.514402,7.454414,1.50096,0.022212,90.75346,9.163332,7.546812,7.584216
C00070,A_L01,DIGITAL_CMOS,CMOS_A,1.053924,1.0502,0.019451,0.020351,88.576645,89.923666,9.209501,9.307035,8.127475,8.19267,7.889139,7.934418,1.103454,0.021743,91.161926,9.623705,8.499273,8.265649
C00071,A_L01,DIGITAL_CMOS,CMOS_A,1.315257,1.318211,0.032109,0.032875,81.881175,82.792719,8.798065,8.882476,7.373704,7.390199,7.248951,7.26029,1.369788,0.041242,94.972039,8.921458,7.459384,7.397131
C00072,A_L01,DIGITAL_CMOS,CMOS_A,1.861943,1.894534,0.024871,0.026837,82.905759,82.754052,8.841558,8.901276,8.00876,7.941293,7.76882,7.814864,1.935502,0.029359,85.785726,8.898208,8.122234,7.900503
C00073,A_L01,DIGITAL_CMOS,CMOS_A,1.885671,1.947523,0.02743,0.027428,89.31096,89.651802,9.998169,10.072598,8.16522,8.250153,8.288175,8.276286,1.905294,0.027435,89.974083,10.514375,8.4849,8.684099
C00074,A_L01,DIGITAL_CMOS,CMOS_A,1.261513,1.283856,0.023871,0.024407,86.713157,86.41745,9.523782,9.561486,8.353875,8.386572,7.89484,7.808613,1.259231,0.025119,87.27058,9.672412,8.369267,7.961453
C00075,A_L01,DIGITAL_CMOS,CMOS_A,1.398972,1.374756,0.012896,0.012923,84.26721,83.631672,8.890007,9.030472,7.630595,7.68972,7.085218,7.175803,1.38095,0.013218,84.117826,9.241566,7.850289,7.369417
C00076,A_L01,DIGITAL_CMOS,CMOS_A,1.680142,1.68942,0.021846,0.023076,84.34467,85.167373,8.996116,9.068222,7.840084,7.869211,7.467531,7.406647,1.690047,0.024813,86.666026,9.72078,8.264124,7.865579
C00077,A_L01,DIGITAL_CMOS,CMOS_A,1.359869,1.328988,0.0175,0.017422,82.861258,82.847793,9.694771,9.698391,8.173339,8.22765,7.975215,8.056778,1.339274,0.018155,84.367763,9.82198,8.327981,8.071703
C00078,A_L01,DIGITAL_CMOS,CMOS_A,1.961692,1.988006,0.026402,0.02707,89.968189,90.427546,9.618101,9.645054,8.429363,8.437538,8.361022,8.514046,1.975716,0.027879,90.803013,9.7027,8.51792,8.533652
C00079,A_L02,DIGITAL_CMOS,CMOS_A,1.808318,1.825099,0.022752,0.023228,93.983999,95.510402,9.625321,9.649219,8.387068,8.363922,8.029663,8.087771,1.880584,0.024031,96.974933,9.679712,8.354311,8.101854
C00080,A_L02,DIGITAL_CMOS,CMOS_A,1.853336,1.898064,0.03245,0.032623,93.975817,95.75738,8.614862,8.665641,7.572506,7.57831,7.367076,7.409488,1.895148,0.033723,96.85749,8.809414,7.743606,7.522346
C00081,A_L02,DIGITAL_CMOS,CMOS_A,1.45605,1.45103,0.016456,0.016771,96.195313,96.763356,9.31577,9.35793,8.757214,8.801599,8.327217,8.27537,1.502416,0.017273,97.135474,9.354036,8.780094,8.353931
C00082,A_L02,DIGITAL_CMOS,CMOS_A,1.406538,1.386739,0.01469,0.014699,96.261171,97.592957,9.377377,9.413764,7.94284,8.046644,7.382368,7.476627,1.390781,0.014548,96.63496,9.579595,8.155244,7.561481
C00083,A_L02,DIGITAL_CMOS,CMOS_A,1.241636,1.245324,0.017312,0.01737,104.151149,103.830865,9.056743,9.063878,8.101118,8.038902,7.455175,7.445858,1.247952,0.017966,105.250424,9.060736,8.086328,7.544696
C00084,A_L02,DIGITAL_CMOS,CMOS_A,1.203511,1.216498,0.015592,0.015557,99.387432,99.30076,9.086282,9.160487,8.046681,8.018849,7.530346,7.547294,1.25932,0.015979,100.712549,9.181735,8.049405,7.613839
C00085,A_L02,DIGITAL_CMOS,CMOS_A,1.479913,1.452313,0.015012,0.015519,95.34954,96.612384,9.654808,9.750633,8.33722,8.48696,7.446325,7.442638,1.547901,0.015988,97.455925,9.925385,8.541117,7.554264
C00086,A_L02,DIGITAL_CMOS,CMOS_A,2.038399,2.073874,0.02254,0.02247,95.453767,95.040422,8.773452,8.841903,8.144293,8.210079,8.092557,8.050206,2.028754,0.022415,95.856216,8.946115,8.414891,8.155134
C00087,A_L02,DIGITAL_CMOS,CMOS_A,1.250884,1.246323,0.015101,0.014828,84.628627,84.961536,9.069076,9.085624,8.001927,8.042322,7.839954,7.820629,1.281364,0.014495,85.903895,9.332389,8.390134,8.0747
C00088,A_L02,DIGITAL_CMOS,CMOS_A,1.665015,1.635905,0.019974,0.020034,97.543587,97.518239,8.837131,8.861678,8.154184,8.179458,7.087297,7.161978,1.673004,0.01986,98.71464,8.961288,8.21774,7.246299
C00089,A_L02,DIGITAL_CMOS,CMOS_A,1.695565,1.693573,0.013806,0.013905,96.213139,95.677134,8.886002,8.938789,8.161119,8.203047,7.165914,7.232798,1.689033,0.014301,96.020125,9.132098,8.483163,7.432771
C00090,A_L02,DIGITAL_CMOS,CMOS_A,1.881293,1.900909,0.024572,0.0254,93.640892,93.828752,9.026143,9.129392,7.850349,7.841766,7.353639,7.382143,1.957222,0.02719,95.398827,9.23495,7.984142,7.518243
C00091,A_L02,DIGITAL_CMOS,CMOS_A,1.450495,1.421263,0.016447,0.016698,101.609122,102.009507,9.174643,9.313606,8.504052,8.474292,7.244906,7.1708,1.45962,0.017484,104.936744,9.278151,8.603461,7.32579
C00092,A_L02,DIGITAL_CMOS,CMOS_A,1.482284,1.474467,0.012872,0.013347,95.204716,96.286822,8.997223,9.074933,7.871742,7.969031,7.485843,7.556294,1.508628,0.01382,98.35723,9.213936,8.061396,7.800412
C00093,A_L02,DIGITAL_CMOS,CMOS_A,1.54807,1.561921,0.033634,0.034162,97.793006,98.121457,8.792366,8.781943,8.405352,8.356441,7.580145,7.516664,1.547543,0.036043,99.675534,8.763701,8.460439,7.592361
C00094,A_L02,DIGITAL_CMOS,CMOS_A,1.648549,1.659697,0.025369,0.025824,94.23595,93.596797,9.356417,9.359739,7.74426,7.689148,7.671867,7.661093,1.661182,0.025877,94.548726,9.329723,7.69471,7.749152
C00095,A_L02,DIGITAL_CMOS,CMOS_A,2.111444,2.093684,0.020069,0.020251,92.192537,92.112062,8.878632,8.92088,8.120083,8.093665,7.406341,7.449323,2.115048,0.020963,93.301544,9.050934,8.305479,7.488958
C00096,A_L02,DIGITAL_CMOS,CMOS_A,1.152655,1.183744,0.0154,0.015833,101.549056,101.31684,9.072316,9.095472,7.693583,7.705235,7.834241,7.8178,1.172894,0.023576,105.481731,9.062195,7.803231,7.80328
C00097,A_L02,DIGITAL_CMOS,CMOS_A,1.544468,1.584174,0.018412,0.019123,87.114517,87.994818,8.732136,8.755133,7.556186,7.596176,7.390851,7.366596,1.609225,0.020372,90.922942,8.821139,7.589028,7.531885
C00098,A_L02,DIGITAL_CMOS,CMOS_A,1.723788,1.710986,0.025912,0.025629,97.654899,99.322247,8.968666,9.044253,7.824104,7.800598,7.323784,7.376862,1.782185,0.027689,99.70847,9.055959,7.823928,7.469685
C00099,A_L02,DIGITAL_CMOS,CMOS_A,1.437421,1.414536,0.012229,0.012127,99.890834,99.72198,8.5929,8.653925,7.439035,7.442095,7.419914,7.405504,1.440374,0.012425,100.737031,8.658698,7.52235,7.478345
C00100,A_L02,DIGITAL_CMOS,CMOS_A,1.745983,1.730349,0.0154,0.015604,102.189777,100.863276,8.86322,8.844885,7.42289,7.374158,7.042627,7.038885,1.707186,0.015721,101.613852,8.936452,7.430363,7.053877
C00101,A_L02,DIGITAL_CMOS,CMOS_A,1.616602,1.654823,0.016535,0.016751,100.348767,100.226549,9.044023,9.139061,7.777578,7.807907,7.213957,7.317797,1.706581,0.018052,102.019814,9.27356,8.100695,7.500204
C00102,A_L02,DIGITAL_CMOS,CMOS_A,1.412683,1.438583,0.013466,0.013547,90.89653,91.102378,8.969485,8.997848,8.010786,8.000732,7.232293,7.268618,1.449922,0.014033,92.04794,9.037182,8.050583,7.375896
C00103,A_L02,DIGITAL_CMOS,CMOS_A,1.692009,1.705385,0.023233,0.023624,99.096995,99.208132,8.562882,8.562141,7.165913,7.162486,7.060254,7.077712,1.745308,0.025497,100.911009,8.659052,7.210378,7.207337
C00104,A_L02,DIGITAL_CMOS,CMOS_A,1.96378,1.948922,0.022619,0.023661,95.918751,97.071661,9.303096,9.340001,7.87029,7.925774,7.166332,7.235134,2.022444,0.024522,99.054688,9.43541,7.973752,7.222243
C00105,A_L02,DIGITAL_CMOS,CMOS_A,1.393403,1.347132,0.015397,0.015509,96.868151,97.415983,8.825033,8.866616,7.606835,7.773926,7.3822,7.403811,1.371391,0.015748,98.506063,9.018678,7.907242,7.641154
C00106,A_L02,DIGITAL_CMOS,CMOS_A,1.100809,1.085457,0.020975,0.021254,97.187069,97.16447,9.345382,9.466744,8.22496,8.161217,7.588151,7.554363,1.122858,0.022275,99.32755,9.466366,8.319608,7.612735
C00107,A_L02,DIGITAL_CMOS,CMOS_A,1.366646,1.381714,0.01328,0.013503,99.710995,100.581182,8.590349,8.735246,7.816204,7.892356,7.244477,7.346563,1.421447,0.014144,101.848844,19.793412,8.084668,8.583094
C00108,A_L02,DIGITAL_CMOS,CMOS_A,1.85194,1.84157,0.019695,0.019592,99.537327,99.813053,8.357275,8.464446,7.917574,7.949237,7.09347,7.201648,1.864096,0.019796,100.901131,8.669475,8.083922,7.336872
C00109,A_L02,DIGITAL_CMOS,CMOS_A,1.250669,1.231721,0.019659,0.020143,97.179633,96.963299,8.626282,8.66786,7.408861,7.374441,7.067512,7.078799,1.2974,0.021012,97.300615,8.964732,7.754953,7.302789
C00110,A_L02,DIGITAL_CMOS,CMOS_A,1.197534,1.217765,0.019395,0.019752,95.873188,97.668312,8.806883,8.810831,7.95981,7.996205,7.018423,7.017731,1.236396,0.019992,97.975706,8.896622,7.988414,7.100533
C00111,A_L02,DIGITAL_CMOS,CMOS_A,1.33511,1.344866,0.020772,0.021008,88.85143,89.619069,9.133746,9.086753,7.801126,7.800091,7.577257,7.512713,1.396717,0.021994,90.25247,9.126896,7.855886,7.589786
C00112,A_L02,DIGITAL_CMOS,CMOS_A,1.4724,1.482743,0.016684,0.016859,94.221522,93.909453,9.325421,9.297102,8.046252,8.091606,7.664834,7.696849,1.530153,0.017461,96.564084,9.319699,8.198303,7.73625
C00113,A_L02,DIGITAL_CMOS,CMOS_A,1.57474,1.569924,0.024513,0.025136,88.499171,88.211462,9.582617,9.617786,8.23935,8.308406,8.045668,8.097239,1.674832,0.026415,90.51881,9.724001,8.338911,8.090764
C00114,A_L02,DIGITAL_CMOS,CMOS_A,1.501305,1.485064,0.017999,0.018367,92.252776,91.956695,8.934895,8.913833,8.13451,8.131813,7.585352,7.572675,1.510751,0.019344,91.91227,9.016432,8.194399,7.717324
C00115,A_L02,DIGITAL_CMOS,CMOS_A,1.441327,1.45542,0.018094,0.018472,101.963714,102.818965,9.108377,9.168299,7.827015,7.887484,7.134813,7.194757,1.479792,0.01905,105.57951,9.438631,8.154537,7.502167
C00116,A_L02,DIGITAL_CMOS,CMOS_A,1.865365,1.877998,0.024167,0.024375,96.193876,96.100714,9.096788,9.174697,8.021873,8.038656,7.266653,7.196146,1.927937,0.026215,97.784694,9.226536,8.142581,7.263951
C00117,A_L02,DIGITAL_CMOS,CMOS_A,1.492953,1.508586,0.020865,0.021221,91.539761,91.655671,9.202276,9.194181,7.955177,8.051199,7.820787,7.850012,1.52112,0.021475,92.396608,9.255738,8.101956,7.93513
C00118,A_L02,DIGITAL_CMOS,CMOS_A,1.776264,1.793624,0.026912,0.027114,94.554518,94.222303,9.584092,9.677331,7.992335,7.98909,7.444538,7.425919,1.764022,0.027218,95.056841,9.860652,8.311665,7.833674
C00119,A_L02,DIGITAL_CMOS,CMOS_A,1.665574,1.698473,0.016907,0.017253,91.474773,92.346616,8.941702,8.968108,7.902798,7.896903,7.691779,7.706795,1.750667,0.018332,94.527353,8.957319,7.986952,7.829686
C00120,A_L02,DIGITAL_CMOS,CMOS_A,1.58252,1.582998,0.015554,0.015714,95.540328,95.938596,8.458034,8.511678,7.642495,7.668968,7.019641,7.080095,1.630822,0.015772,97.982769,8.585456,7.632654,7.026319
C00121,A_L02,DIGITAL_CMOS,CMOS_A,1.274613,1.257209,0.016364,0.016023,92.778927,93.201233,8.809063,8.824245,7.092591,7.084708,7.203472,7.263046,1.270771,0.0165,93.290373,8.870089,7.133453,7.276132
C00122,A_L02,DIGITAL_CMOS,CMOS_A,1.229238,1.232019,0.014342,0.014533,86.912334,87.45766,9.199296,9.22389,8.174808,8.160268,7.690765,7.657259,1.230348,0.01491,90.021198,9.218261,8.190098,7.785883
C00123,A_L02,DIGITAL_CMOS,CMOS_A,1.418097,1.420397,0.0179,0.017991,99.685778,100.274258,8.990188,9.009359,7.792333,7.786678,7.796866,7.811445,1.428507,0.018051,99.843965,9.333952,8.131666,7.989874
C00124,A_L02,DIGITAL_CMOS,CMOS_A,1.66869,1.664559,0.019724,0.019372,84.868958,84.776924,8.641048,8.713773,8.211027,8.295459,8.030396,8.045229,1.651808,0.019701,84.378205,8.849787,8.456221,8.291098
C00125,A_L02,DIGITAL_CMOS,CMOS_A,1.511416,1.5085,0.023101,0.023329,89.165237,89.894326,9.290188,9.366986,7.834747,7.881027,6.85788,6.942078,1.505176,0.02342,90.35907,9.55884,8.127726,7.11583
C00126,A_L02,DIGITAL_CMOS,CMOS_A,1.194929,1.207443,0.010218,0.010392,92.261096,93.171803,9.328268,9.303784,8.587759,8.605666,7.753319,7.730985,1.238597,0.010819,94.115376,9.451866,8.735284,7.937664
C00127,A_L02,DIGITAL_CMOS,CMOS_A,1.566103,1.531367,0.018155,0.018568,98.118113,98.364535,9.175517,9.16949,7.424931,7.424882,7.372031,7.309284,1.600149,0.019273,99.768852,9.194291,7.465539,7.420508
C00128,A_L02,DIGITAL_CMOS,CMOS_A,1.245156,1.20649,0.013303,0.013404,94.59743,93.595705,9.032199,9.164849,7.912021,7.979993,7.375546,7.425578,1.245609,0.013555,94.354772,9.183151,7.986013,7.530504
C00129,A_L02,DIGITAL_CMOS,CMOS_A,1.232273,1.227898,0.020975,0.021254,90.659185,89.193721,9.007505,9.051709,8.008228,8.092002,7.452696,7.521232,1.237959,0.021108,89.812715,9.440214,8.226039,7.779813
C00130,A_L02,DIGITAL_CMOS,CMOS_A,1.120372,1.107324,0.015889,0.015878,88.388335,89.024228,9.386255,9.386856,8.144373,8.225548,7.162663,7.294533,1.093356,0.016208,89.217065,9.533144,8.327249,7.437892
C00131,A_L02,DIGITAL_CMOS,CMOS_A,1.289164,1.317536,0.01818,0.019181,92.745597,93.49403,9.221094,9.219017,8.476766,8.419588,7.275845,7.262567,1.353802,0.020162,93.897816,9.298187,8.566469,7.232564
C00132,A_L02,DIGITAL_CMOS,CMOS_A,1.211237,1.239498,0.012394,0.012521,94.814601,95.843419,8.948165,9.079807,7.857259,7.797641,7.055404,7.06003,1.236686,0.012738,96.539091,9.323616,8.024388,7.27458
C00133,A_L02,DIGITAL_CMOS,CMOS_A,1.322504,1.329893,0.021892,0.022314,96.053882,96.444291,8.835411,8.850159,8.450983,8.439903,7.280468,7.303443,1.375247,0.023445,98.073707,9.099814,8.571711,7.453968
C00134,A_L02,DIGITAL_CMOS,CMOS_A,1.39839,1.432452,0.027143,0.0271,95.281213,95.822147,9.225898,9.224676,8.464666,8.360319,7.947681,7.867334,1.451947,0.029172,97.682593,9.311629,8.363794,7.929276
C00135,A_L02,DIGITAL_CMOS,CMOS_A,1.578116,1.582472,0.021712,0.02175,101.012128,101.808491,8.994321,8.987895,8.041179,8.082075,7.368797,7.361074,1.586536,0.021839,101.767485,9.199919,8.343874,7.726283
C00136,A_L02,DIGITAL_CMOS,CMOS_A,1.610355,1.574949,0.018045,0.018054,94.617687,94.035319,9.098828,9.060608,7.676979,7.604177,7.040874,7.053879,1.572451,0.017967,94.095945,9.143741,7.687344,7.042834
C00137,A_L02,DIGITAL_CMOS,CMOS_A,1.609768,1.592526,0.023211,0.023166,96.326378,95.294572,8.743621,8.871314,7.48137,7.481413,7.102379,7.184492,1.584783,0.023441,95.951733,9.056921,7.686614,7.351271
C00138,A_L02,DIGITAL_CMOS,CMOS_A,1.342726,1.368261,0.02174,0.022091,93.250259,94.84519,8.876946,8.931368,8.396593,8.437511,7.813037,7.796532,1.402095,0.02283,95.404464,8.920553,8.475648,7.780808
C00139,A_L02,DIGITAL_CMOS,CMOS_A,1.231358,1.210155,0.013752,0.013753,101.748345,100.986146,9.200697,9.272765,7.913011,7.938192,7.492791,7.564855,1.24285,0.01425,102.145823,9.31934,7.949803,7.687274
C00140,A_L02,DIGITAL_CMOS,CMOS_A,1.37909,1.386321,0.018881,0.01863,90.842865,91.151697,8.963045,8.937457,7.851569,7.86404,7.584321,7.601469,1.422067,0.018974,92.36687,8.985154,7.917733,7.672519
C00141,A_L02,DIGITAL_CMOS,CMOS_A,1.300635,1.304405,0.020416,0.020461,92.812672,92.754981,8.978728,8.969341,7.979208,7.980687,7.204312,7.149476,1.288436,0.020532,93.994813,9.064854,8.080901,7.21404
C00142,A_L02,DIGITAL_CMOS,CMOS_A,1.460531,1.489832,0.012857,0.013081,102.123772,102.656626,9.150815,9.063696,7.737311,7.679764,7.629083,7.703026,1.520763,0.013489,105.441343,9.175489,7.717547,7.652086
C00143,A_L02,DIGITAL_CMOS,CMOS_A,1.195164,1.225224,0.019865,0.020154,97.161125,97.294421,8.965284,8.988269,7.273643,7.309684,7.176009,7.220444,1.226897,0.020743,98.878665,9.045417,7.432461,7.201275
C00144,A_L02,DIGITAL_CMOS,CMOS_A,1.513202,1.516708,0.018234,0.018744,90.954087,90.622929,9.154495,9.182344,7.63722,7.664706,6.965386,6.962998,1.588928,0.019622,92.815302,9.163084,7.700233,6.994156
C00145,A_L02,DIGITAL_CMOS,CMOS_A,2.173109,2.152238,0.023608,0.023885,97.315575,97.457487,9.090787,9.181517,8.184511,8.17094,7.175442,7.13681,2.169302,0.032146,96.818825,9.231284,8.209258,7.17565
C00146,A_L02,DIGITAL_CMOS,CMOS_A,1.580405,1.574027,0.023458,0.023591,93.143483,92.493394,9.209814,9.280485,8.724599,8.83517,8.005253,8.146154,1.548554,0.027817,92.951348,10.666812,9.099373,10.40473
C00147,A_L02,DIGITAL_CMOS,CMOS_A,1.434837,1.442105,0.015843,0.016094,94.950098,95.316612,8.866927,8.950604,7.257644,7.379276,6.76345,6.926935,1.539189,0.017368,97.924542,9.107848,7.608444,6.940114
C00148,A_L02,DIGITAL_CMOS,CMOS_A,1.355188,1.371694,0.020822,0.021376,93.891631,93.025891,9.136408,9.101337,8.035109,8.056822,8.062513,8.217813,1.410615,0.021705,94.643079,9.190968,8.185523,8.371248
C00149,A_L02,DIGITAL_CMOS,CMOS_A,2.029673,2.04211,0.016755,0.016692,101.855483,101.166482,8.323926,8.387543,7.475646,7.589935,6.540778,6.518118,2.028421,0.01663,101.105948,8.703204,7.797093,6.777639
C00150,A_L02,DIGITAL_CMOS,CMOS_A,1.2953,1.301859,0.02158,0.022145,92.755815,93.208557,8.636711,8.73809,7.922701,7.976889,7.694065,7.664295,1.338608,0.022179,94.045688,8.838653,8.150998,7.818577
C00151,A_L02,DIGITAL_CMOS,CMOS_A,1.451615,1.490798,0.013537,0.013862,94.296014,94.35685,8.67049,8.714557,7.928471,8.057216,6.771769,6.770401,1.503917,0.01463,95.479625,8.915188,8.126683,7.017853
C00152,A_L02,DIGITAL_CMOS,CMOS_A,1.549859,1.548564,0.035114,0.035705,89.151506,89.262785,8.533396,8.490404,7.26001,7.267872,6.794263,6.842093,1.535317,0.036293,89.103656,8.648362,7.35519,7.126086
C00153,A_L02,DIGITAL_CMOS,CMOS_A,1.838325,1.816726,0.033607,0.034282,100.887264,100.120226,9.976902,10.00468,8.240901,8.420766,7.696841,7.777351,1.86099,0.033917,101.621423,10.139685,8.525051,7.983786
C00154,A_L02,DIGITAL_CMOS,CMOS_A,1.714033,1.734355,0.014125,0.014466,94.604115,95.432515,9.129675,9.214713,7.696563,7.76522,6.874825,7.028559,1.751572,0.014744,96.726849,9.46036,7.899134,7.164024
C00155,A_L02,DIGITAL_CMOS,CMOS_A,1.281546,1.30091,0.014858,0.015067,90.726154,91.372947,9.204781,9.234525,8.241845,8.164379,7.452403,7.468005,1.307909,0.015203,91.115328,9.260653,8.295082,7.454404
C00156,A_L02,DIGITAL_CMOS,CMOS_A,1.412445,1.421117,0.016346,0.017148,95.592868,95.445454,9.509399,9.50729,8.570557,8.516366,7.624314,7.52978,1.457407,0.017847,97.727211,9.584925,8.510633,7.684955
C00157,A_L02,DIGITAL_CMOS,CMOS_A,1.209089,1.221755,0.014906,0.015254,90.722805,91.829646,9.018976,9.029025,7.710981,7.692498,7.163176,7.164797,1.273201,0.016024,93.03382,9.099346,7.714048,7.207133
C00451,A_L07,DIGITAL_CMOS,CMOS_A,1.90743,1.915719,0.025475,0.025822,101.495587,102.160013,9.488223,9.579964,8.370082,8.330166,8.344587,8.347637,1.896753,0.026088,102.212479,9.620931,8.451937,8.337917
C00452,A_L07,DIGITAL_CMOS,CMOS_A,1.622125,1.615602,0.020851,0.02121,95.835916,96.032567,8.651993,8.755065,7.520631,7.627027,7.311124,7.413897,1.651469,0.021075,97.313601,9.001173,8.061569,7.60181
C00453,A_L07,DIGITAL_CMOS,CMOS_A,1.175116,1.174535,0.017583,0.017673,99.326993,99.067404,9.348572,9.505458,8.90574,9.233113,7.987822,7.90417,1.235689,0.017882,102.339315,9.881757,9.658382,8.038298
C00454,A_L07,DIGITAL_CMOS,CMOS_A,1.610516,1.610422,0.01866,0.018412,90.823868,91.518478,8.935844,9.015287,7.904936,7.993448,7.908759,8.034188,1.588628,0.018882,91.921134,9.045376,8.037096,8.008554
C00455,A_L07,DIGITAL_CMOS,CMOS_A,1.76181,1.757839,0.028414,0.028731,99.40801,99.203667,8.514672,8.644387,8.154158,8.305769,7.282106,7.335132,1.854592,0.029268,102.180759,10.418502,9.624706,7.419485
C00456,A_L07,DIGITAL_CMOS,CMOS_A,1.293551,1.307329,0.019022,0.019339,90.899771,91.94544,8.968976,9.058099,8.423583,8.430547,8.007773,8.029944,1.454904,0.020432,95.394909,9.196674,8.542951,8.032022
C00457,A_L07,DIGITAL_CMOS,CMOS_A,1.405943,1.435325,0.017225,0.017276,96.232027,95.944017,8.897831,8.944779,8.641846,8.735856,8.161412,8.166934,1.424085,0.017382,97.229911,9.016911,8.760745,8.194741
C00458,A_L07,DIGITAL_CMOS,CMOS_A,1.85621,1.808715,0.013448,0.013579,89.910053,90.583248,9.132387,9.197323,8.458579,8.599285,8.667541,8.750602,1.893982,0.013902,93.95056,9.536514,9.391454,9.141148
C00459,A_L07,DIGITAL_CMOS,CMOS_A,1.460961,1.480792,0.025848,0.026378,90.652583,91.155653,8.449285,8.478416,8.208968,8.33423,7.288274,7.32614,1.53749,0.026466,95.868144,8.618739,8.405794,7.274743
C00460,A_L07,DIGITAL_CMOS,CMOS_A,1.480111,1.507105,0.022009,0.022108,89.220752,88.474123,9.033984,9.067935,8.051154,8.072157,8.166182,8.223718,1.544422,0.02256,89.677427,9.229718,8.132468,8.357339
C00461,A_L07,DIGITAL_CMOS,CMOS_A,1.765514,1.774253,0.013481,0.013752,85.943765,86.417618,8.885523,8.97921,8.429164,8.455749,7.588954,7.67272,1.774691,0.013884,88.135236,8.961595,8.491949,7.639486
C00462,A_L07,DIGITAL_CMOS,CMOS_A,2.078155,2.08501,0.021935,0.022042,96.009664,96.645386,8.62875,8.669191,7.837885,7.861262,7.38225,7.390643,2.147893,0.021857,97.647605,8.747224,7.984716,7.46821
C00463,A_L07,DIGITAL_CMOS,CMOS_A,1.888957,1.921418,0.021318,0.021843,91.926538,93.438479,8.362515,8.333159,7.980681,7.947341,7.574676,7.527001,1.978101,0.022001,96.788208,8.34172,8.047557,7.518148
C00464,A_L07,DIGITAL_CMOS,CMOS_A,1.56196,1.585961,0.024489,0.024575,98.005402,98.088956,8.666001,8.672824,8.498113,8.438399,7.561804,7.56585,1.585257,0.024683,99.319961,8.806392,8.553203,7.62553
C00465,A_L07,DIGITAL_CMOS,CMOS_A,1.499053,1.493575,0.016896,0.017085,93.765153,96.396305,8.885147,8.942305,8.410678,8.329911,7.898657,7.936363,1.536958,0.017949,98.586719,8.974265,8.576442,7.933618
C00466,A_L07,DIGITAL_CMOS,CMOS_A,1.430034,1.405561,0.030473,0.030591,89.692764,90.53968,9.217837,9.239903,8.389177,8.367467,8.399947,8.414001,1.404981,0.030778,91.204524,9.373312,8.483505,8.438364
C00467,A_L07,DIGITAL_CMOS,CMOS_A,1.334779,1.339422,0.016819,0.016587,94.190168,94.61159,8.992362,9.051129,7.878837,7.891325,7.268986,7.217132,1.356768,0.01656,94.874109,9.392534,8.35752,7.591471
C00468,A_L07,DIGITAL_CMOS,CMOS_A,1.545958,1.584662,0.018372,0.018226,90.458452,92.406196,8.86492,8.868051,7.835172,7.876525,7.603067,7.592422,1.665354,0.019207,97.920305,8.931348,7.872192,7.633447
C00469,A_L07,DIGITAL_CMOS,CMOS_A,1.476301,1.489384,0.027885,0.028063,96.999627,97.695949,8.895366,9.021562,7.559888,7.712606,7.622526,7.617393,1.548929,0.029097,99.776782,9.326309,8.383724,7.955836
C00470,A_L07,DIGITAL_CMOS,CMOS_A,1.589423,1.622134,0.03397,0.034555,99.617854,100.354669,9.146779,9.178091,7.865377,7.971418,7.657628,7.828893,1.624366,0.035559,103.577232,9.755753,8.733497,8.082082
C00471,A_L07,DIGITAL_CMOS,CMOS_A,1.242238,1.253939,0.021765,0.022066,79.590691,81.060205,9.015691,9.133909,7.5921,7.838108,7.409384,7.548181,1.315768,0.022822,83.52216,9.324944,8.168832,7.726751
C00472,A_L07,DIGITAL_CMOS,CMOS_A,1.33054,1.343866,0.035302,0.036223,91.877615,91.659696,8.588145,8.62883,8.008657,8.146425,7.633256,7.613889,1.377398,0.036488,92.782844,9.319435,8.705156,7.973153
C00473,A_L07,DIGITAL_CMOS,CMOS_A,1.247736,1.241675,0.017194,0.017407,91.070765,92.62174,8.677758,8.714077,8.101169,8.262858,7.815396,7.973488,1.34054,0.017673,99.234452,9.202419,8.961807,8.255523
C00474,A_L07,DIGITAL_CMOS,CMOS_A,1.95902,1.969213,0.016757,0.017516,97.810543,98.729538,9.688051,9.752552,8.700058,8.693977,8.162863,8.174158,2.065212,0.017438,101.985769,9.813367,8.862751,8.249951
C00475,A_L07,DIGITAL_CMOS,CMOS_A,1.204414,1.216756,0.020848,0.021132,99.326302,99.523283,8.494719,8.544993,7.573236,7.657808,7.628392,7.65494,1.21277,0.021581,99.547069,8.93329,7.892414,7.726431
C00476,A_L07,DIGITAL_CMOS,CMOS_A,1.83406,1.822131,0.020879,0.021386,97.659363,98.878136,9.558284,9.692776,8.709698,8.716756,8.235386,8.250824,1.831442,0.021332,99.001616,9.91785,9.227036,8.466718
C00477,A_L07,DIGITAL_CMOS,CMOS_A,1.16414,1.186609,0.019049,0.018972,99.0386,99.728759,9.271205,9.319682,8.506628,8.665801,8.238135,8.320255,1.176035,0.019051,99.912957,9.326073,8.764765,8.235059
C00478,A_L07,DIGITAL_CMOS,CMOS_A,2.079755,2.13134,0.025162,0.025693,93.28754,94.022537,9.230025,9.21004,7.961185,7.978971,7.723049,7.740645,2.119944,0.025218,94.599757,9.298316,8.100592,7.723552
C00479,A_L07,DIGITAL_CMOS,CMOS_A,1.759914,1.837317,0.019163,0.019273,100.089878,101.473677,9.312513,9.300689,8.681961,8.67981,8.174875,8.183748,1.851486,0.020002,105.979155,9.414434,8.876395,8.201144
C00480,A_L07,DIGITAL_CMOS,CMOS_A,1.069474,1.087952,0.026597,0.02719,89.732814,92.572057,9.131823,9.112149,8.366455,8.370706,8.158899,8.157852,1.137983,0.027715,94.398261,9.247849,8.444857,8.159168
C00481,A_L07,DIGITAL_CMOS,CMOS_A,1.61023,1.661609,0.022913,0.022916,97.844651,98.364511,8.608333,8.743523,7.979135,8.179886,8.080002,8.10711,1.748862,0.02415,103.473551,8.984866,8.580896,8.266543
C00482,A_L07,DIGITAL_CMOS,CMOS_A,1.526558,1.536256,0.018733,0.018777,88.755581,88.925345,8.890522,8.869019,7.471461,7.547113,7.703968,7.602839,1.640173,0.019598,91.891365,8.911023,7.596452,7.645198
C00483,A_L07,DIGITAL_CMOS,CMOS_A,1.351022,1.364828,0.016882,0.016981,91.059243,92.141748,8.686099,8.699747,8.568269,8.592159,7.66325,7.699969,1.420291,0.01761,93.509108,8.819925,8.67826,7.710794
C00484,A_L07,DIGITAL_CMOS,CMOS_A,1.344416,1.345542,0.030367,0.030565,100.068715,100.703077,8.883011,9.06475,7.870109,7.983128,7.660759,7.720428,1.38997,0.031471,103.045889,9.104945,8.462043,7.974812
C00485,A_L07,DIGITAL_CMOS,CMOS_A,1.41986,1.460913,0.02992,0.030913,96.286586,97.625603,8.239161,8.329806,7.582184,7.748666,7.359162,7.394666,1.529029,0.03131,102.535567,8.65326,7.9824,7.439525
C00486,A_L07,DIGITAL_CMOS,CMOS_A,1.359596,1.396353,0.025401,0.025669,89.224507,89.695635,9.147285,9.306904,8.478848,8.505308,7.761255,7.806096,1.432583,0.026292,91.863874,9.904007,9.079453,8.019693
C00487,A_L07,DIGITAL_CMOS,CMOS_A,1.26813,1.29262,0.025339,0.02565,96.383869,97.739775,8.568417,8.601119,7.107587,7.168006,7.677253,7.713094,1.319516,0.026012,99.963013,8.642308,7.196717,7.738482
C00488,A_L07,DIGITAL_CMOS,CMOS_A,1.652696,1.650009,0.024574,0.025161,95.647876,96.453712,9.15981,9.417944,8.423186,8.468053,7.382534,7.469277,1.677889,0.025294,97.880663,9.665422,8.851108,7.629414
C00489,A_L07,DIGITAL_CMOS,CMOS_A,1.454113,1.456058,0.030654,0.031074,95.437955,97.247063,9.010467,9.122498,8.324321,8.320174,7.611733,7.640048,1.49885,0.031478,99.114977,9.166085,8.359669,7.6722
C00490,A_L07,DIGITAL_CMOS,CMOS_A,1.530385,1.506321,0.012519,0.012628,92.11335,92.307352,8.782697,8.787875,8.11884,8.202639,7.48669,7.508926,1.572672,0.013238,96.080231,8.884514,8.18019,7.481365
C00491,A_L07,DIGITAL_CMOS,CMOS_A,1.266978,1.307378,0.030889,0.031033,91.434657,91.907437,8.231791,8.224658,7.931018,7.835944,7.512867,7.562747,1.303804,0.031015,92.764926,8.3536,7.85602,7.604409
C00492,A_L07,DIGITAL_CMOS,CMOS_A,1.919268,1.876613,0.016551,0.0169,98.071517,98.252065,8.296835,8.310635,7.46001,7.536258,7.157237,7.212377,1.961929,0.017799,102.726553,8.628958,8.062624,7.459239
C00493,A_L07,DIGITAL_CMOS,CMOS_A,1.759363,1.788546,0.026248,0.026342,85.0825,86.431704,9.188918,9.234783,8.092462,8.260016,7.580089,7.563971,1.861445,0.02721,89.484312,9.435031,8.59615,7.803906
C00494,A_L07,DIGITAL_CMOS,CMOS_A,1.674144,1.66515,0.019485,0.019468,99.289905,99.765525,8.909164,8.912451,8.131305,8.095638,7.539487,7.514725,1.709985,0.019913,99.866968,8.92047,8.250438,7.565489
C00495,A_L07,DIGITAL_CMOS,CMOS_A,1.550573,1.576818,0.023096,0.023627,90.285419,91.961319,9.503501,9.468598,8.993411,9.054822,8.636395,8.726972,1.575444,0.024483,94.748456,10.013349,10.057629,8.899175
C00496,A_L07,DIGITAL_CMOS,CMOS_A,1.89988,1.872438,0.032413,0.032858,92.9608,94.14169,8.309087,8.346055,7.668554,7.623221,7.714597,7.74476,2.00383,0.033548,96.888249,8.459048,7.855995,7.852021
C00497,A_L07,DIGITAL_CMOS,CMOS_A,1.474431,1.497039,0.025919,0.025966,97.587101,98.912641,8.925437,8.906609,8.455512,8.402876,8.107994,8.03794,1.551454,0.026838,102.373254,9.037238,8.44117,8.168677
C00498,A_L07,DIGITAL_CMOS,CMOS_A,1.899493,1.910433,0.022302,0.022444,93.344218,93.389104,9.16002,9.278579,7.733194,7.796037,7.682047,7.765027,1.890945,0.022723,94.566642,9.499162,8.074735,7.954434
C00499,A_L07,DIGITAL_CMOS,CMOS_A,1.970156,1.959927,0.025809,0.025879,91.520414,92.236223,8.786895,8.874665,8.183735,8.393528,7.747738,7.913076,1.992686,0.026365,95.566037,9.326949,8.805288,8.24838
C00500,A_L07,DIGITAL_CMOS,CMOS_A,1.609296,1.617285,0.019248,0.019682,97.882329,98.607222,8.910256,8.845863,8.734761,8.746073,7.82116,7.842604,1.668518,0.019765,101.158625,8.966761,8.748112,7.915858
C00501,A_L07,DIGITAL_CMOS,CMOS_A,1.240961,1.274971,0.027279,0.026778,92.236713,92.063932,9.100903,9.088687,8.395203,8.470715,7.619176,7.633958,1.282043,0.027211,93.373317,9.242276,8.679587,7.662052
C00502,A_L07,DIGITAL_CMOS,CMOS_A,1.727026,1.662676,0.018143,0.018318,101.974862,101.672754,9.121308,9.070538,7.65469,7.627951,7.766789,7.71095,1.75155,0.018876,102.396764,9.25578,7.733619,7.711033
C00503,A_L07,DIGITAL_CMOS,CMOS_A,1.306455,1.321219,0.020637,0.020897,92.282962,92.401264,8.377894,8.469931,7.468729,7.586499,6.86913,6.895399,1.368162,0.021482,93.462527,8.606395,7.793462,7.013777
C00504,A_L07,DIGITAL_CMOS,CMOS_A,1.52206,1.578614,0.01551,0.015294,96.676127,95.384226,9.293017,9.302959,7.87634,7.93385,7.997704,7.995021,1.532014,0.015695,98.741953,9.326431,8.07304,8.125136
C00505,A_L07,DIGITAL_CMOS,CMOS_A,1.771806,1.751782,0.025657,0.025955,100.917463,101.82411,8.967027,9.071175,8.230041,8.275696,8.021877,8.092332,1.802305,0.026654,104.751139,9.100706,8.39742,8.002224
C00506,A_L07,DIGITAL_CMOS,CMOS_A,1.482845,1.500802,0.015884,0.015918,99.65591,100.261604,8.492086,8.620575,8.430295,8.563614,7.430476,7.519743,1.505601,0.016069,101.359306,8.825143,8.879354,7.724407
C00507,A_L07,DIGITAL_CMOS,CMOS_A,1.913875,1.93948,0.031542,0.031618,96.725671,97.707406,9.087224,9.038944,8.204517,8.225144,8.068806,8.04351,2.016497,0.033235,99.961838,9.124448,8.25492,8.099748
C00508,A_L07,DIGITAL_CMOS,CMOS_A,1.375641,1.382181,0.025809,0.026347,97.363615,97.158115,9.330801,9.340949,7.703135,7.657878,7.590324,7.553856,1.404175,0.027009,97.248852,9.334664,7.839321,7.641093
C00509,A_L07,DIGITAL_CMOS,CMOS_A,1.46783,1.471931,0.029335,0.029667,99.355724,100.614569,8.94209,8.852288,8.248338,8.2985,7.785401,7.761689,1.563784,0.030476,103.948663,9.007526,8.392139,7.846673
C00510,A_L07,DIGITAL_CMOS,CMOS_A,1.240115,1.282387,0.014729,0.014864,86.984974,87.41926,9.082294,9.174962,8.116216,8.324222,7.098199,7.188361,1.354173,0.015502,94.536803,9.479347,8.846691,7.271695
C00511,A_L07,DIGITAL_CMOS,CMOS_A,1.856137,1.868129,0.020789,0.021183,99.221555,99.762582,9.206376,9.213598,7.624741,7.625032,7.67673,7.691971,1.966646,0.021491,102.886913,9.368083,7.622801,7.707411
C00512,A_L07,DIGITAL_CMOS,CMOS_A,2.148352,2.168878,0.022232,0.022382,89.299929,89.436321,9.032952,9.062201,8.408119,8.430197,7.263898,7.253661,2.35068,0.02316,95.11469,9.157634,8.548481,7.328134
C00513,A_L07,DIGITAL_CMOS,CMOS_A,1.54984,1.535621,0.015497,0.015334,93.681907,94.101816,8.889383,8.975213,8.265536,8.416548,8.022495,8.150102,1.558574,0.015682,94.489352,9.536954,9.064973,8.422392
C00514,A_L07,DIGITAL_CMOS,CMOS_A,1.869204,1.947959,0.015107,0.015313,92.490369,92.588013,8.859311,8.967205,8.274613,8.339516,7.95717,8.018645,1.984067,0.015675,96.88834,9.073263,8.448393,8.038079
C00515,A_L07,DIGITAL_CMOS,CMOS_A,1.579232,1.548415,0.020402,0.020471,102.389959,102.034795,8.916643,8.981917,8.690321,8.669684,8.062828,8.061069,1.568347,0.020566,104.456699,9.066285,8.90663,8.236336
C00516,A_L07,DIGITAL_CMOS,CMOS_A,1.542069,1.637799,0.015205,0.015481,98.650102,99.885262,8.732561,8.799632,7.837459,8.094251,8.660468,10.071994,1.698229,0.015493,102.211125,8.783594,9.382788,16.547421
C00517,A_L07,DIGITAL_CMOS,CMOS_A,1.54684,1.557223,0.028506,0.028842,97.69713,97.268675,8.767875,8.86345,7.814752,7.868486,8.004677,7.967406,1.674656,0.030181,102.168403,9.157057,8.416852,8.164566
C00518,A_L07,DIGITAL_CMOS,CMOS_A,1.521609,1.545589,0.018144,0.018316,85.175484,85.605401,9.173339,9.224754,8.494217,8.48753,7.949053,7.947935,1.671423,0.019175,86.953046,9.3183,8.608788,7.999489
C00519,A_L07,DIGITAL_CMOS,CMOS_A,1.692436,1.738528,0.015102,0.015015,98.236329,99.600883,9.210387,9.270055,8.239212,8.342999,8.421334,8.533858,1.756657,0.015409,100.697357,9.467456,8.608298,8.621422
C00520,A_L07,DIGITAL_CMOS,CMOS_A,1.481309,1.498285,0.032685,0.032995,93.355195,95.389138,9.226588,9.329047,8.282372,8.250832,8.426352,8.391292,1.536968,0.034556,98.29359,9.285191,8.472417,8.567604
C00521,A_L08,DIGITAL_CMOS,CMOS_A,1.125903,1.126085,0.016444,0.016596,89.931892,90.428305,8.598408,8.67711,8.146059,8.202588,7.339049,7.320128,1.260646,0.017414,94.032542,8.663038,8.269856,7.346219
C00522,A_L08,DIGITAL_CMOS,CMOS_A,1.784046,1.837959,0.026095,0.02625,89.756672,90.350039,8.754861,8.838764,7.595252,7.630966,6.973873,7.004912,1.881973,0.02727,93.441703,8.837133,7.611397,7.037231
C00523,A_L08,DIGITAL_CMOS,CMOS_A,1.939829,2.022005,0.02562,0.025981,97.051749,97.828221,8.589382,8.712018,8.029765,8.11429,7.845488,7.853079,2.153305,0.02735,100.658752,8.747708,8.184605,8.037853
C00524,A_L08,DIGITAL_CMOS,CMOS_A,1.463974,1.452807,0.014121,0.014263,86.662043,87.304674,9.124062,9.106113,8.33149,8.220306,7.780237,7.858253,1.536155,0.015136,90.460267,9.169954,8.362554,7.867463
C00525,A_L08,DIGITAL_CMOS,CMOS_A,1.779386,1.805176,0.030611,0.030545,86.557282,87.404775,8.42953,8.488686,7.522283,7.55851,6.933644,6.94949,1.909082,0.032507,89.759757,8.571593,7.523361,7.126245
C00526,A_L08,DIGITAL_CMOS,CMOS_A,1.216454,1.246425,0.015453,0.015486,98.289131,98.623901,9.210457,9.226199,7.985748,7.937964,7.683638,7.79939,1.310544,0.016613,102.063783,9.546241,8.188564,8.325008
C00527,A_L08,DIGITAL_CMOS,CMOS_A,1.32472,1.319988,0.018532,0.018737,82.467299,82.071726,8.831798,8.88814,8.517136,8.574477,7.861668,7.941062,1.418113,0.019617,84.834345,8.943749,8.797315,8.10717
C00528,A_L08,DIGITAL_CMOS,CMOS_A,1.06558,1.085193,0.013034,0.013378,88.314179,88.751148,9.158355,9.143643,8.076291,8.101873,7.184178,7.252098,1.168594,0.013982,90.623364,9.507402,8.371104,7.639358
C00529,A_L08,DIGITAL_CMOS,CMOS_A,1.358112,1.35246,0.022828,0.022964,90.245039,89.435368,8.902707,8.919994,7.762738,7.755191,7.635563,7.674899,1.374745,0.022775,91.253148,9.047177,7.784076,7.650194
C00530,A_L08,DIGITAL_CMOS,CMOS_A,1.357022,1.402193,0.015589,0.015719,83.97149,84.709266,8.928626,8.958071,7.889738,7.870656,6.92187,6.960531,1.439022,0.016241,87.303316,8.966469,7.959121,7.002771
C00531,A_L08,DIGITAL_CMOS,CMOS_A,1.334924,1.330928,0.014676,0.01464,85.942262,85.868147,8.603662,8.696652,7.776225,7.75078,7.091875,7.148351,1.398769,0.015581,89.630835,8.995703,7.967828,7.553545
C00532,A_L08,DIGITAL_CMOS,CMOS_A,1.808112,1.821589,0.030683,0.031379,85.264601,86.055536,8.611713,8.789268,8.070012,8.236884,7.045208,7.116194,1.939726,0.034347,90.495506,8.982902,8.41554,7.39774
C00533,A_L08,DIGITAL_CMOS,CMOS_A,1.174017,1.192121,0.015138,0.014926,88.487473,89.19677,9.187134,9.236346,8.089961,8.087422,7.671819,7.724981,1.197034,0.015056,90.24735,9.281535,8.11602,7.78175
C00534,A_L08,DIGITAL_CMOS,CMOS_A,1.551516,1.561223,0.025889,0.026082,92.763605,94.350793,8.738544,8.715751,7.994315,8.073791,7.476654,7.493314,1.65425,0.026955,96.608754,8.793121,8.151888,7.602927
C00535,A_L08,DIGITAL_CMOS,CMOS_A,1.694137,1.696086,0.022508,0.022745,96.354447,96.356139,9.151622,9.25861,8.426861,8.407964,7.537633,7.565085,1.707571,0.023051,96.590815,9.591756,8.722308,7.979672
C00536,A_L08,DIGITAL_CMOS,CMOS_A,1.39369,1.401582,0.016205,0.016124,87.054512,87.785981,9.25216,9.321075,7.762545,7.822547,7.997803,8.144603,1.404018,0.016476,86.970452,9.52416,7.89111,8.412585
C00537,A_L08,DIGITAL_CMOS,CMOS_A,1.431816,1.464015,0.016124,0.016615,91.622786,91.550936,8.940223,8.948934,8.044131,7.9536,7.164985,7.188661,1.579796,0.017053,93.104549,8.992297,8.041995,7.265992
C00538,A_L08,DIGITAL_CMOS,CMOS_A,1.471124,1.496214,0.023592,0.023665,92.754598,93.72583,8.884463,8.960567,7.943442,7.949087,7.239204,7.246309,1.644071,0.024968,96.311755,9.096637,8.163817,7.537356
C00539,A_L08,DIGITAL_CMOS,CMOS_A,1.868457,1.884369,0.018222,0.018105,97.700579,97.602495,9.104836,9.12366,7.80482,7.909806,7.455843,7.502628,1.857681,0.018354,98.775752,9.191305,8.034472,7.658315
C00540,A_L08,DIGITAL_CMOS,CMOS_A,1.261573,1.267498,0.026785,0.027386,90.634774,90.496749,8.502814,8.527452,7.521512,7.525748,7.036842,7.044376,1.271858,0.027335,91.203271,8.531283,7.542982,7.012171
C00541,A_L08,DIGITAL_CMOS,CMOS_A,1.595783,1.634338,0.021833,0.022128,93.134949,94.495299,9.505901,9.473137,8.162048,8.215529,7.822147,7.874097,1.698273,0.022466,96.379355,9.611303,8.164587,7.951948
C00542,A_L08,DIGITAL_CMOS,CMOS_A,1.223261,1.239512,0.017168,0.017595,84.236145,84.797761,8.982189,8.941984,7.85843,7.990317,7.606689,7.62284,1.334376,0.018166,87.521578,9.031906,7.968112,7.705478
C00543,A_L08,DIGITAL_CMOS,CMOS_A,1.885774,1.89895,0.02139,0.021787,83.921636,83.704648,9.166818,9.175512,8.292641,8.253136,7.503148,7.525017,1.962823,0.021855,87.314724,9.19375,8.26431,7.52255
C00544,A_L08,DIGITAL_CMOS,CMOS_A,1.385358,1.434593,0.022868,0.023667,95.40055,96.877883,9.473083,9.50289,8.163654,8.171029,7.44718,7.362817,1.541827,0.024712,99.104959,9.510607,8.105269,7.528453
C00545,A_L08,DIGITAL_CMOS,CMOS_A,1.061097,1.078345,0.015596,0.016021,90.137103,92.503366,9.296712,9.341158,8.032811,8.140095,8.145017,8.246978,1.076792,0.015666,93.618271,9.614016,8.325426,8.724436
C00546,A_L08,DIGITAL_CMOS,CMOS_A,1.073114,1.114931,0.015557,0.015971,80.503618,81.668387,9.009201,9.070247,8.575284,8.63678,8.024345,8.053893,1.179415,0.01616,83.647203,9.283574,8.947797,8.32581
C00547,A_L08,DIGITAL_CMOS,CMOS_A,1.330611,1.369009,0.020612,0.020542,87.483956,86.749656,9.072374,9.044301,7.95374,7.999303,7.790056,7.766547,1.370187,0.021008,87.409396,9.092311,8.026181,7.902478
C00548,A_L08,DIGITAL_CMOS,CMOS_A,1.370733,1.385182,0.020718,0.020923,92.547535,92.573348,9.200441,9.257654,8.661419,8.610989,8.09829,8.265841,1.394697,0.021128,93.226425,9.416477,8.74265,8.558879
C00549,A_L08,DIGITAL_CMOS,CMOS_A,1.714852,1.712254,0.021559,0.021562,88.152779,87.748319,8.846972,8.892624,8.561642,8.577609,7.784625,7.788334,1.749866,0.021956,87.781405,8.889107,8.555885,7.856049
C00550,A_L08,DIGITAL_CMOS,CMOS_A,1.267805,1.29649,0.020837,0.02091,88.956808,89.631198,8.844844,8.83047,7.713767,7.766214,7.054942,7.103288,1.3353,0.02148,91.892922,8.928767,7.718575,7.172534
C00551,A_L08,DIGITAL_CMOS,CMOS_A,2.139111,2.097858,0.026492,0.027061,90.438625,91.977416,8.841647,8.799191,8.631877,8.639733,7.705637,7.639017,2.229174,0.027202,93.531887,8.789205,8.657051,7.709461
C00552,A_L08,DIGITAL_CMOS,CMOS_A,1.325426,1.324723,0.015193,0.015227,89.760417,90.466472,8.644391,8.711103,7.826911,7.831968,7.070417,7.099863,1.471183,0.015851,95.358055,8.77307,7.890685,7.204616
C00553,A_L08,DIGITAL_CMOS,CMOS_A,1.302517,1.323794,0.019206,0.019252,88.219536,88.718126,9.108308,9.08975,8.472139,8.410326,7.515703,7.434682,1.405898,0.019892,89.284183,9.171224,8.463849,7.512665
C00554,A_L08,DIGITAL_CMOS,CMOS_A,1.679714,1.684302,0.016792,0.016838,83.817254,85.016762,8.52274,8.601589,7.621586,7.62129,7.169033,7.189744,1.69181,0.016933,84.918224,8.884388,7.809503,7.497346
C00555,A_L08,DIGITAL_CMOS,CMOS_A,1.388763,1.406322,0.015691,0.015884,89.323335,88.605718,9.081662,9.149152,8.524605,8.6446,6.672165,6.731301,1.438715,0.016047,88.768528,9.10137,8.536875,6.789337
C00556,A_L08,DIGITAL_CMOS,CMOS_A,1.509806,1.502716,0.015065,0.015164,91.798368,91.301049,9.001802,9.059209,8.117812,7.994351,7.638199,7.658481,1.514856,0.015397,91.238132,8.96865,8.116918,7.728279
C00557,A_L08,DIGITAL_CMOS,CMOS_A,1.717376,1.712998,0.02432,0.025024,89.691521,91.172403,9.122766,9.084122,8.232662,8.274079,7.757726,7.685083,1.822076,0.025773,93.307167,9.103482,8.317963,7.751469
C00558,A_L08,DIGITAL_CMOS,CMOS_A,1.620714,1.641188,0.019239,0.019707,92.028523,91.366238,9.375688,9.384984,8.436791,8.423376,8.110594,8.184448,1.775989,0.020838,98.892904,9.716007,8.869704,8.746165
C00559,A_L08,DIGITAL_CMOS,CMOS_A,1.139849,1.157081,0.021613,0.021894,89.791854,91.093431,8.692797,8.653135,8.203594,8.225003,7.346804,7.318115,1.220089,0.022781,94.173932,8.977523,8.474712,7.786098
C00560,A_L08,DIGITAL_CMOS,CMOS_A,1.452064,1.493888,0.022706,0.022478,88.865189,88.64218,10.105913,10.170652,8.190691,8.203958,7.755667,7.834547,1.481498,0.02252,89.681345,10.116922,8.247372,7.908586
C00561,A_L08,DIGITAL_CMOS,CMOS_A,1.918468,1.936767,0.01855,0.018666,82.820945,82.977558,8.864635,8.94193,7.861809,7.924815,7.496744,7.63519,2.00752,0.01896,84.013618,9.137661,8.203715,8.034242
C00562,A_L08,DIGITAL_CMOS,CMOS_A,1.343402,1.382861,0.022993,0.023357,91.344916,92.663678,8.632449,8.66964,7.261235,7.316141,6.578756,6.594439,1.466723,0.024099,94.603847,8.684323,7.326977,6.629865
C00563,A_L08,DIGITAL_CMOS,CMOS_A,1.431269,1.387905,0.020323,0.020546,84.614988,85.264174,9.157829,9.206801,7.579772,7.668306,7.553734,7.607989,1.437584,0.02084,86.104428,9.37726,7.864553,7.898493
C00564,A_L08,DIGITAL_CMOS,CMOS_A,1.593894,1.619296,0.022231,0.022729,92.813242,93.048492,8.278678,8.280406,7.228627,7.308756,7.07191,7.12767,1.682456,0.023715,95.554805,8.582398,7.450667,7.519842
C00565,A_L08,DIGITAL_CMOS,CMOS_A,1.260584,1.295542,0.018302,0.018199,83.454759,84.529739,8.974527,8.949862,8.188743,8.256771,7.721881,7.942914,1.398751,0.019031,87.402764,9.055871,8.484726,8.22929
C00566,A_L08,DIGITAL_CMOS,CMOS_A,1.678465,1.706738,0.026672,0.026772,89.306752,91.415102,9.030867,9.149839,7.947146,7.961601,7.333682,7.463783,1.823705,0.027622,93.281394,9.334028,8.084181,7.720117
C00567,A_L08,DIGITAL_CMOS,CMOS_A,1.357814,1.380602,0.021974,0.022187,91.548841,92.862551,8.584163,8.562694,7.245383,7.35311,7.033596,7.071837,1.46194,0.022428,94.454227,8.761078,7.403766,7.273984
C00568,A_L08,DIGITAL_CMOS,CMOS_A,1.650533,1.628931,0.018559,0.018685,83.179152,83.620989,9.019503,8.9816,8.515271,8.565852,7.526395,7.458596,1.658547,0.018727,84.000811,9.100738,8.552025,7.559282
C00569,A_L08,DIGITAL_CMOS,CMOS_A,1.58921,1.601348,0.022578,0.022783,88.387248,88.802203,8.924009,8.954205,8.402414,8.434696,7.966845,8.006581,1.733794,0.024204,93.512981,9.275754,8.609685,8.25186
C00570,A_L08,DIGITAL_CMOS,CMOS_A,1.074699,1.120899,0.012472,0.012621,89.750756,89.786391,8.432307,8.416135,7.26173,7.247834,6.506383,6.574005,1.187794,0.012933,91.116283,8.48009,7.240615,6.627608
C00571,A_L08,DIGITAL_CMOS,CMOS_A,1.40862,1.396995,0.020656,0.021031,82.659315,83.570137,8.784806,8.872414,7.922268,7.938761,7.34028,7.394566,1.460579,0.021284,84.084032,9.097113,8.074423,7.699462
C00572,A_L08,DIGITAL_CMOS,CMOS_A,1.749529,1.78791,0.015678,0.01543,90.084499,90.73244,8.62594,8.743993,7.826012,7.871035,6.948297,6.994303,1.79132,0.015655,90.970006,9.008068,7.933079,7.322407
C00573,A_L08,DIGITAL_CMOS,CMOS_A,1.366787,1.37622,0.016922,0.016781,88.746231,87.628967,8.695525,8.79478,7.670033,7.613764,7.513854,7.41176,1.391659,0.016601,88.281685,8.752316,7.721482,7.482995
C00574,A_L08,DIGITAL_CMOS,CMOS_A,1.522809,1.507553,0.018258,0.018285,91.654702,92.221438,9.353181,9.347841,8.427735,8.436431,7.76072,7.733685,1.523342,0.018524,94.048343,9.336212,8.46061,7.914925
C00575,A_L08,DIGITAL_CMOS,CMOS_A,1.313167,1.316899,0.015593,0.015867,88.54427,88.320742,9.173957,9.245815,8.094231,8.097951,7.196324,7.245748,1.344778,0.016089,90.341236,9.254473,8.154313,7.229227
C00576,A_L08,DIGITAL_CMOS,CMOS_A,1.282211,1.279029,0.015715,0.015892,81.068879,82.226429,9.020318,9.116783,7.048483,7.073094,6.461749,6.529017,1.313329,0.016134,82.308506,9.322195,7.23953,6.773869
C00577,A_L08,DIGITAL_CMOS,CMOS_A,1.152289,1.145106,0.015475,0.015322,83.635596,84.193161,9.195947,9.263936,7.791074,7.856002,7.132037,7.175795,1.174189,0.015531,85.146721,9.306657,7.855743,7.302475
C00578,A_L08,DIGITAL_CMOS,CMOS_A,1.501028,1.543364,0.020953,0.021328,87.623582,88.063396,8.445853,8.457116,7.214783,7.327116,6.711492,6.639254,1.605816,0.021745,91.404242,8.455269,7.34963,6.7231
C00579,A_L08,DIGITAL_CMOS,CMOS_A,1.200561,1.219597,0.015932,0.016003,86.356198,87.316575,8.849852,8.979011,8.241411,8.362949,7.65607,7.815283,1.349747,0.01659,91.545673,9.093237,8.391586,8.013966
C00580,A_L08,DIGITAL_CMOS,CMOS_A,1.414267,1.425439,0.012693,0.013241,92.229038,92.992522,8.929401,8.978836,8.122978,8.370782,7.914107,7.983854,1.726149,0.013565,95.076383,8.982911,10.237013,8.832163
C00581,A_L08,DIGITAL_CMOS,CMOS_A,1.422789,1.461728,0.019764,0.019209,93.559449,92.972272,8.985949,8.958678,8.033295,8.065891,7.108925,7.153734,1.453036,0.019597,94.311984,9.277007,8.265555,7.761553
C00582,A_L08,DIGITAL_CMOS,CMOS_A,1.492097,1.496798,0.016375,0.01642,89.704906,90.283639,8.955643,9.033112,8.487349,8.549482,7.475716,7.523757,1.497311,0.016659,91.431945,9.488371,8.905851,8.122259
C00583,A_L08,DIGITAL_CMOS,CMOS_A,1.648296,1.671185,0.018913,0.018905,89.416205,90.925355,8.547646,8.562126,7.669177,7.593771,7.248003,7.298735,1.65308,0.019084,90.568012,8.638727,7.578139,7.376138
C00584,A_L08,DIGITAL_CMOS,CMOS_A,1.308506,1.358288,0.016051,0.016495,92.247296,93.417186,8.91203,8.94132,7.806534,7.861949,7.912082,7.915859,1.400786,0.017159,96.611602,8.931706,7.889843,7.957557
C00585,A_L08,DIGITAL_CMOS,CMOS_A,1.12988,1.152646,0.01943,0.019973,90.651609,91.398827,8.732429,8.978863,7.8541,7.869802,7.475041,7.495669,1.271137,0.021032,93.095204,10.107422,7.935328,7.559271
C00586,A_L08,DIGITAL_CMOS,CMOS_A,1.235492,1.2984,0.022561,0.022473,86.490807,86.714898,9.116024,11.418836,7.526005,7.529236,7.405421,7.464867,1.349533,0.023241,90.018516,19.020294,7.596724,7.849833
C00587,A_L08,DIGITAL_CMOS,CMOS_A,1.361019,1.351447,0.018551,0.018652,93.080175,93.2647,9.454021,9.413753,8.326091,8.282755,7.4355,7.509869,1.471186,0.0205,98.97547,9.430065,8.430825,7.558741
C00588,A_L08,DIGITAL_CMOS,CMOS_A,1.288141,1.2658,0.015265,0.015627,84.315829,84.305308,9.051729,9.109569,8.656012,8.721996,7.995053,7.966923,1.303645,0.015727,84.067455,9.150981,8.725084,8.069079
C00589,A_L08,DIGITAL_CMOS,CMOS_A,1.039673,1.047444,0.018462,0.018586,93.223487,93.741844,8.482848,8.524021,7.947549,7.957402,7.016587,6.972216,1.097396,0.019525,99.303455,8.560557,8.004085,7.053651
C00590,A_L08,DIGITAL_CMOS,CMOS_A,1.392263,1.381328,0.017345,0.017711,88.968328,89.610986,9.341039,9.354842,7.749542,7.880167,7.445795,7.349168,1.414976,0.018227,91.122708,9.523464,8.012045,7.650553
C00591,A_L08,DIGITAL_CMOS,CMOS_A,1.576637,1.629934,0.011587,0.011927,83.959526,85.267201,9.29501,9.405512,8.364437,8.376304,7.592961,7.659074,1.777288,0.012358,87.477931,9.482156,8.323341,7.764145
C00592,A_L08,DIGITAL_CMOS,CMOS_A,1.471396,1.484261,0.016996,0.017262,85.962416,86.984189,8.584749,8.707918,8.055273,8.082897,7.201505,7.268115,1.658465,0.018203,88.928516,8.712541,8.060609,7.269888
C00593,A_L08,DIGITAL_CMOS,CMOS_A,1.917395,1.905853,0.022143,0.023056,89.66403,90.016953,8.848766,8.873034,7.52455,7.564273,7.154437,7.171143,2.010373,0.023906,93.417478,8.96469,7.618652,7.228586
C00594,A_L08,DIGITAL_CMOS,CMOS_A,1.475949,1.485026,0.018319,0.01866,82.612885,83.879313,8.867005,8.869128,8.030135,8.110718,7.730396,7.708333,1.652845,0.019481,89.812066,9.049787,8.366288,8.214744
C00751,A_L11,DIGITAL_CMOS,CMOS_A,1.374374,1.382995,0.011892,0.011797,87.221134,86.66055,8.961419,8.927442,8.291622,8.324866,7.741782,7.837337,1.382103,0.012326,86.612414,8.920398,8.470766,7.811513
C00752,A_L11,DIGITAL_CMOS,CMOS_A,1.706514,1.710742,0.017591,0.017445,86.572889,86.67138,9.634892,9.653332,7.691445,7.738413,8.337331,8.31183,1.72006,0.017675,86.746235,10.274896,8.005242,8.523016
C00753,A_L11,DIGITAL_CMOS,CMOS_A,1.308683,1.337647,0.02769,0.027984,93.358818,93.198898,9.102157,9.083271,8.078472,8.223285,7.794861,7.789598,1.347166,0.028695,94.589533,9.242488,8.191469,7.878099
C00754,A_L11,DIGITAL_CMOS,CMOS_A,1.440572,1.433438,0.0215,0.021905,88.828722,89.833851,8.835486,8.902838,8.438766,8.438063,8.198435,8.225657,1.426133,0.022491,89.479081,9.600683,8.609255,8.518437
C00755,A_L11,DIGITAL_CMOS,CMOS_A,1.299667,1.285349,0.029733,0.029527,96.714282,97.675718,8.778881,8.837012,8.482648,8.474545,8.152903,8.099834,1.313676,0.030231,98.838717,8.925639,8.515016,8.16612
C00756,A_L11,DIGITAL_CMOS,CMOS_A,1.426744,1.434942,0.021454,0.022365,89.445534,90.530375,8.993051,9.053916,7.909232,7.84176,7.793434,7.782664,1.471181,0.023384,91.524369,9.07574,7.880261,7.899565
C00757,A_L11,DIGITAL_CMOS,CMOS_A,1.816623,1.81119,0.024617,0.024688,90.782878,90.917776,9.43346,9.462271,8.91756,8.935481,8.169905,8.210262,1.846918,0.025323,92.576538,9.508252,8.963722,8.170479
C00758,A_L11,DIGITAL_CMOS,CMOS_A,1.085403,1.126462,0.013432,0.013461,86.058064,87.710388,9.046148,9.089376,8.647013,8.655763,8.159136,8.283437,1.130647,0.014087,89.245882,9.459783,8.789115,8.373543
C00759,A_L11,DIGITAL_CMOS,CMOS_A,1.307415,1.356828,0.01807,0.018664,86.730593,88.240273,9.272224,9.396575,8.713631,8.692333,7.91037,7.963267,1.402271,0.01993,90.195562,10.065804,8.948586,7.985952
C00760,A_L11,DIGITAL_CMOS,CMOS_A,1.02985,1.042538,0.011261,0.011268,86.973574,87.356206,8.880283,8.930584,8.053662,8.02439,7.672222,7.681539,1.033772,0.011547,86.613226,8.981402,8.033324,7.724314
C00761,A_L11,DIGITAL_CMOS,CMOS_A,1.640774,1.67655,0.015193,0.015355,87.124078,87.854241,9.228234,9.43607,9.262298,9.292455,8.10059,8.105312,1.765401,0.01616,91.089757,9.894425,9.384999,8.284855
C00762,A_L11,DIGITAL_CMOS,CMOS_A,1.452999,1.49429,0.01817,0.01859,104.269347,105.085168,8.850824,8.948028,8.349681,8.296002,8.024923,7.979449,1.500811,0.01894,105.701532,8.961648,8.338325,8.055014
C00763,A_L11,DIGITAL_CMOS,CMOS_A,1.038664,1.056549,0.018534,0.018736,88.896765,88.109745,8.791776,8.871887,8.510686,8.594607,7.215395,7.259886,1.052923,0.019063,89.099971,9.257912,8.702479,7.38847
C00764,A_L11,DIGITAL_CMOS,CMOS_A,1.224238,1.25522,0.026704,0.027666,91.363056,92.580118,8.937011,9.02133,8.450856,8.515824,7.423798,7.4363,1.275478,0.02854,94.362285,9.845355,8.701563,7.768313
C00765,A_L11,DIGITAL_CMOS,CMOS_A,1.646974,1.62686,0.024174,0.02459,87.874567,88.854178,9.994678,9.947736,9.416555,9.339063,8.411224,8.382391,1.650198,0.024339,89.447177,10.031239,9.361562,8.476602
C00766,A_L11,DIGITAL_CMOS,CMOS_A,1.384615,1.403818,0.016403,0.016546,95.457037,95.353214,8.908238,9.00923,9.196567,9.22527,14.932789,14.655179,1.398672,0.016847,97.048793,8.993291,9.281963,15.755587
C00767,A_L11,DIGITAL_CMOS,CMOS_A,1.818728,1.814261,0.038191,0.039001,95.997431,96.247385,8.959849,9.051171,8.373084,8.408881,7.335504,7.332596,1.837502,0.039072,96.573051,9.365975,8.515168,7.578524
C00768,A_L11,DIGITAL_CMOS,CMOS_A,1.708096,1.670155,0.015533,0.015964,91.328746,91.869097,13.661079,15.376167,8.714985,8.769152,7.685984,7.826115,1.728767,0.016528,93.923269,18.3575,8.874627,7.998891
C00769,A_L11,DIGITAL_CMOS,CMOS_A,1.819765,1.774895,0.020258,0.020672,95.654542,97.082941,9.335759,9.475651,8.299633,8.357001,7.974883,8.023809,1.925607,0.023114,98.978065,9.71831,8.526925,8.17231
C00770,A_L11,DIGITAL_CMOS,CMOS_A,1.390161,1.365589,0.023841,0.026359,87.172774,89.034938,9.09633,9.06651,8.355641,8.583895,8.196479,8.390673,1.455397,0.030039,94.902443,9.177264,8.719253,8.634301
C00771,A_L11,DIGITAL_CMOS,CMOS_A,1.960071,1.954088,0.02378,0.025022,92.103748,92.694801,8.877491,9.030774,8.289838,8.276451,7.770029,7.82851,2.129205,0.026338,96.701654,9.281657,8.414824,8.028823
C00772,A_L11,DIGITAL_CMOS,CMOS_A,1.180407,1.186162,0.013988,0.014661,94.383878,94.571647,9.041444,9.207673,8.21468,8.359029,8.204326,8.325814,1.252595,0.015257,96.623669,9.326762,8.479199,8.448799
C00773,A_L11,DIGITAL_CMOS,CMOS_A,1.388793,1.382914,0.016305,0.0163,84.804881,85.809591,9.195766,9.24082,8.24241,8.299657,7.606623,7.732079,1.396853,0.01667,85.652236,9.322707,8.192528,7.731903
C00774,A_L11,DIGITAL_CMOS,CMOS_A,1.662499,1.671719,0.030243,0.030172,95.55188,95.483629,8.433988,8.505325,8.414168,8.43548,7.870094,7.867404,1.728883,0.03001,96.361611,8.537862,8.369472,7.957644
C00775,A_L11,DIGITAL_CMOS,CMOS_A,1.279719,1.299544,0.011507,0.012085,93.348789,92.974699,9.200114,9.155192,8.215719,8.312649,7.355978,7.329913,1.31467,0.012683,96.466447,9.202239,10.344784,7.340032
C00776,A_L11,DIGITAL_CMOS,CMOS_A,1.362353,1.356497,0.014561,0.014764,87.593679,87.836425,9.258275,9.3995,8.708031,8.743665,8.112508,8.157461,1.430217,0.015718,92.988678,9.746956,8.850505,8.284509
C00777,A_L11,DIGITAL_CMOS,CMOS_A,1.199319,1.223428,0.017901,0.021588,101.638177,104.605577,9.007439,9.111521,8.154537,8.119205,7.958524,8.015119,1.242962,0.026064,108.416584,9.349638,8.285775,8.112404
C00778,A_L11,DIGITAL_CMOS,CMOS_A,1.359656,1.376087,0.011108,0.011223,89.143858,90.481226,9.513658,9.482327,8.881965,8.851694,8.02162,8.057291,1.452955,0.011956,93.384362,9.553915,8.886081,8.01289
C00779,A_L11,DIGITAL_CMOS,CMOS_A,1.429472,1.444663,0.020361,0.020619,98.609605,99.123909,9.202786,9.287348,8.228571,8.26939,7.760548,7.719848,1.528579,0.022098,105.054912,9.675131,8.440658,7.925894
C00780,A_L11,DIGITAL_CMOS,CMOS_A,1.1126,1.106213,0.018205,0.019082,82.454564,84.354207,8.861628,8.864574,8.207524,8.196377,7.892598,7.937356,1.136087,0.020182,86.068873,9.027691,8.256169,7.992051
C00781,A_L11,DIGITAL_CMOS,CMOS_A,1.627773,1.58758,0.012488,0.013146,93.149118,95.325383,8.967789,8.968069,7.930081,7.898237,7.64689,7.655884,1.655328,0.013756,96.797664,9.122248,7.955915,7.708708
C00782,A_L11,DIGITAL_CMOS,CMOS_A,1.421789,1.425086,0.012296,0.0126,86.794296,86.56902,9.161379,9.313957,8.671936,8.64662,7.927271,8.022005,1.477883,0.013622,89.388446,9.550066,8.749411,8.099568
C00783,A_L11,DIGITAL_CMOS,CMOS_A,1.624068,1.629342,0.018001,0.018326,88.54367,88.726194,8.959848,9.140719,8.455303,8.332392,7.845014,7.890269,1.644813,0.018992,91.225246,9.778688,8.667879,8.084067
C00784,A_L11,DIGITAL_CMOS,CMOS_A,1.775409,1.809541,0.026694,0.027275,90.289981,90.787452,8.780877,8.87596,8.130538,8.242258,8.05214,8.079206,1.9148,0.028412,94.025114,9.213494,8.425561,8.273179
C00785,A_L11,DIGITAL_CMOS,CMOS_A,1.397636,1.425357,0.020971,0.020687,82.897654,83.323819,8.943358,9.010849,7.46449,7.483523,7.545674,7.585394,1.401351,0.021272,83.866536,9.131558,7.560395,7.615514
C00786,A_L11,DIGITAL_CMOS,CMOS_A,1.215157,1.203896,0.020503,0.021436,91.001024,92.26158,8.43799,8.446249,7.216608,7.260881,7.507551,7.462671,1.31897,0.023233,96.268187,8.549078,7.305362,7.568405
C00787,A_L11,DIGITAL_CMOS,CMOS_A,1.537407,1.556759,0.020748,0.021013,89.986883,89.597646,9.345528,9.404649,7.985699,8.023471,7.383851,7.529833,1.596971,0.021608,90.571954,9.973655,8.121579,7.648695
C00788,A_L11,DIGITAL_CMOS,CMOS_A,2.082231,2.131591,0.016419,0.016778,87.564529,87.221669,8.587071,8.515051,8.250908,8.338036,7.472865,7.574419,2.267611,0.01769,90.775238,8.604567,8.351834,7.573318
C00789,A_L11,DIGITAL_CMOS,CMOS_A,1.335564,1.33359,0.017055,0.017392,92.438628,91.687809,8.671822,8.830679,8.043631,8.065403,7.163108,7.276376,1.321619,0.017642,92.854864,9.259603,8.262392,7.334213
C00790,A_L11,DIGITAL_CMOS,CMOS_A,1.799067,1.851935,0.020207,0.020512,95.583825,96.518121,8.570644,8.629711,8.204279,8.268085,7.474262,7.535237,1.927744,0.021586,97.893244,9.229466,8.49141,7.652897
C00791,A_L11,DIGITAL_CMOS,CMOS_A,1.443462,1.44747,0.013619,0.013852,86.719637,87.428109,9.410191,9.423714,8.673292,8.748668,8.127103,8.138508,1.52323,0.01498,90.229427,9.720875,8.826266,8.305862
C00792,A_L11,DIGITAL_CMOS,CMOS_A,1.214713,1.210397,0.014391,0.014605,94.195171,94.669586,8.92607,8.91327,8.110575,8.123165,7.475673,7.471746,1.240173,0.014572,95.675096,8.951791,8.272559,7.551903
C00793,A_L11,DIGITAL_CMOS,CMOS_A,1.336473,1.360515,0.018914,0.018988,84.412501,84.476313,9.66271,9.683304,8.660708,8.666947,8.001258,8.004088,1.341942,0.019451,85.491532,9.839199,8.670926,8.080617
C00794,A_L11,DIGITAL_CMOS,CMOS_A,1.428533,1.450503,0.020201,0.020689,85.826156,86.206504,9.108011,9.082889,8.62033,8.613048,7.329712,7.328442,1.464864,0.021637,89.463686,9.141937,8.667986,7.344177
C00795,A_L11,DIGITAL_CMOS,CMOS_A,1.273801,1.30743,0.014416,0.014489,88.530001,88.021211,9.074636,9.106931,8.403992,8.395625,8.073079,8.132876,1.30468,0.014907,87.852135,9.795276,8.719802,8.299552
C00796,A_L11,DIGITAL_CMOS,CMOS_A,1.836768,1.858243,0.019628,0.019529,90.277732,91.210726,9.406424,9.433471,8.164363,8.202154,7.348326,7.314387,1.897508,0.020097,92.6452,9.618959,8.193606,7.428344
C00797,A_L11,DIGITAL_CMOS,CMOS_A,1.568782,1.558867,0.022209,0.022769,90.816901,91.191307,9.536988,9.5704,8.829683,8.96279,7.990657,8.010954,1.565511,0.022694,90.843428,10.221388,9.09465,8.279791
C00798,A_L11,DIGITAL_CMOS,CMOS_A,1.711015,1.730922,0.024248,0.024356,86.715044,87.176266,9.451758,9.378383,8.682795,8.761794,7.463266,7.44382,1.786155,0.024915,87.84516,9.631176,8.798118,7.459385
C00799,A_L11,DIGITAL_CMOS,CMOS_A,1.440298,1.436223,0.017055,0.017454,91.05938,91.720155,9.130806,9.308931,8.124691,8.148115,7.488657,7.58158,1.486933,0.017782,94.15525,9.657333,8.328748,7.704019
C00800,A_L11,DIGITAL_CMOS,CMOS_A,1.58484,1.572758,0.018263,0.018616,81.606178,82.55133,9.518361,9.51118,8.03304,8.08404,13.819587,14.717616,1.644362,0.019563,84.742093,9.941991,8.270977,15.468805
C00801,A_L11,DIGITAL_CMOS,CMOS_A,2.057582,2.093591,0.021346,0.022071,88.338813,90.123371,8.992574,9.041344,8.426467,8.474947,8.163237,8.194688,2.138464,0.02309,93.309465,9.161294,8.506679,8.226281
C00802,A_L11,DIGITAL_CMOS,CMOS_A,1.557282,1.571988,0.016567,0.016789,96.455143,97.678468,9.007249,9.07423,8.484821,8.522153,7.377366,7.426585,1.714315,0.018992,101.873816,9.334525,8.585777,7.51413
C00803,A_L11,DIGITAL_CMOS,CMOS_A,1.230181,1.235654,0.017703,0.01799,92.682866,92.681273,10.092827,10.206981,10.031483,10.122651,9.75079,9.786507,1.295264,0.018895,97.627619,10.671861,10.171541,10.13056
C00804,A_L11,DIGITAL_CMOS,CMOS_A,1.176851,1.182691,0.016137,0.01629,90.493271,91.038576,9.559912,9.779005,8.682889,8.762144,7.987761,8.031814,1.235157,0.017255,93.377749,10.095558,8.883031,8.077788
C00805,A_L11,DIGITAL_CMOS,CMOS_A,1.511207,1.480849,0.023532,0.023784,82.987434,83.106066,9.069257,9.136638,8.675304,8.702607,8.111859,8.24023,1.528143,0.026095,84.488233,9.624279,8.870964,8.421092
C00806,A_L11,DIGITAL_CMOS,CMOS_A,1.459317,1.476565,0.017122,0.01833,83.920957,84.658949,9.414004,9.679915,8.889235,8.885083,8.451649,8.552157,1.494352,0.019046,85.293913,10.171313,9.012038,8.64574
C00807,A_L11,DIGITAL_CMOS,CMOS_A,1.356546,1.337277,0.016681,0.017133,80.738481,80.841139,9.44456,9.423432,8.904731,8.812722,8.270447,8.243376,1.364177,0.017018,81.09873,9.527622,8.943451,8.297214
C00808,A_L11,DIGITAL_CMOS,CMOS_A,1.518334,1.510706,0.019956,0.020163,86.226357,87.844363,9.224649,9.419208,8.599933,8.58024,8.158821,8.158092,1.605832,0.022146,90.409152,9.833822,8.849158,8.345266
C00809,A_L11,DIGITAL_CMOS,CMOS_A,1.382452,1.378151,0.015716,0.015758,85.071164,85.798982,9.279349,9.295216,8.769233,8.701455,8.675818,8.566711,1.421094,0.016015,86.601546,9.278108,8.826402,8.702951
C00810,A_L11,DIGITAL_CMOS,CMOS_A,1.489377,1.472294,0.019569,0.019349,89.50724,89.948707,8.898498,8.984999,8.827098,8.919998,7.555197,7.657365,1.498017,0.019417,90.678158,9.347683,9.041957,7.798074
C00811,A_L11,DIGITAL_CMOS,CMOS_A,1.111138,1.137625,0.013761,0.014506,86.042495,86.738829,9.40496,9.403597,8.136195,8.214197,7.807371,7.878469,1.180735,0.015228,88.624505,9.913338,8.404612,8.157965
C00812,A_L11,DIGITAL_CMOS,CMOS_A,1.228626,1.242212,0.022817,0.022867,94.168981,94.444302,9.524811,9.647908,8.75665,8.755305,8.552561,8.449187,1.272491,0.023114,95.426789,9.75746,8.81514,8.505438
C00813,A_L11,DIGITAL_CMOS,CMOS_A,1.736668,1.718091,0.015294,0.015059,92.625035,93.482069,9.049485,9.136252,8.904198,8.933454,7.844481,7.853438,1.745685,0.015238,93.162593,9.17472,8.916931,7.891832
C00814,A_L11,DIGITAL_CMOS,CMOS_A,1.45772,1.465272,0.021661,0.022117,83.717383,84.444933,9.412358,9.526252,8.430665,8.550559,7.891886,7.921698,1.589768,0.023996,87.077366,9.491372,8.523203,7.898282
C00815,A_L11,DIGITAL_CMOS,CMOS_A,1.146139,1.135878,0.017534,0.017838,91.345441,91.14274,8.741341,8.76997,7.898941,7.869744,7.207439,7.168675,1.156233,0.018199,92.326788,8.797412,7.818437,7.223483
C00816,A_L11,DIGITAL_CMOS,CMOS_A,1.281857,1.292362,0.019207,0.019384,84.99855,85.179095,8.575021,8.614617,8.186688,8.166661,7.561689,7.491804,1.311544,0.01924,86.573869,8.66093,8.122631,7.607615
C00817,A_L11,DIGITAL_CMOS,CMOS_A,1.470243,1.460608,0.013827,0.013934,86.243696,86.874062,9.226314,9.295257,8.785866,8.774617,8.039856,8.07485,1.454243,0.013892,87.132422,9.525435,8.839664,8.129145
C00818,A_L11,DIGITAL_CMOS,CMOS_A,2.35435,2.408088,0.019116,0.019592,98.117143,98.192746,8.509458,8.499885,8.183269,8.137121,7.775484,7.828031,2.45113,0.020775,100.99102,8.503504,8.167653,7.851901
C00819,A_L11,DIGITAL_CMOS,CMOS_A,1.842128,1.840276,0.017597,0.017994,93.854432,92.798695,9.861252,10.011372,8.889264,8.951547,8.164364,8.230162,1.93337,0.019225,98.12026,10.45153,9.1477,8.343284
C00820,A_L11,DIGITAL_CMOS,CMOS_A,1.783671,1.752817,0.017917,0.018278,81.249803,82.088106,8.979654,9.200495,8.48453,8.509772,7.587659,7.644032,1.767983,0.019028,82.397324,9.922764,8.726698,7.899946
C00821,A_L11,DIGITAL_CMOS,CMOS_A,1.630675,1.631136,0.018721,0.019169,85.955622,86.265011,9.332963,9.482027,8.632822,8.607251,8.055499,8.07962,1.645449,0.019269,86.823658,9.9535,8.782539,8.260934
C00822,A_L11,DIGITAL_CMOS,CMOS_A,1.025764,1.045652,0.013776,0.014191,89.675912,89.795272,9.387662,9.402872,8.250803,8.226539,7.740175,7.785403,1.018915,0.014359,90.57245,9.495529,8.301862,7.864279
C00823,A_L11,DIGITAL_CMOS,CMOS_A,1.224006,1.255085,0.018815,0.019575,91.963426,92.306775,8.820478,8.839685,8.111938,8.024021,7.309089,7.335761,1.285775,0.020424,93.795045,8.916533,8.051972,7.388629
C00824,A_L11,DIGITAL_CMOS,CMOS_A,1.31291,1.340773,0.014183,0.014598,91.122219,91.262578,8.901484,8.878685,8.747049,8.807942,7.803435,7.851719,1.34796,0.014884,91.852508,8.933099,8.876525,7.828014
C00825,A_L11,DIGITAL_CMOS,CMOS_A,1.435369,1.42688,0.015336,0.015956,95.189087,94.312777,8.886459,9.067294,8.048487,8.081645,6.993512,7.129227,1.476889,0.017189,97.889033,9.598324,8.198956,7.241399
C00826,A_L11,DIGITAL_CMOS,CMOS_A,1.863458,1.870296,0.019157,0.019163,93.582503,92.647585,9.49334,9.753542,8.781426,8.854604,8.350533,8.40484,1.886686,0.01952,92.659504,10.204948,8.967799,8.532
C00899,A_L13,DIGITAL_CMOS,CMOS_A,1.024759,1.007757,0.011372,0.011657,85.968696,86.206758,8.332393,8.40335,7.675835,7.750884,7.126937,7.178337,1.027119,0.011817,86.07375,8.508225,7.856018,7.247023
C00900,A_L13,DIGITAL_CMOS,CMOS_A,1.758658,1.764521,0.032692,0.03283,86.233518,86.190906,8.622836,8.646633,7.567969,7.464281,6.895176,6.964619,1.772894,0.032973,87.953282,8.628731,7.534181,6.935537
C00901,A_L13,DIGITAL_CMOS,CMOS_A,1.121522,1.11676,0.014308,0.014642,85.398777,85.919108,8.622952,8.605077,7.55854,7.583637,6.606821,6.591034,1.208127,0.015946,90.156256,8.669409,7.588451,6.628092
C00902,A_L13,DIGITAL_CMOS,CMOS_A,1.327394,1.342109,0.015285,0.015386,93.452667,94.040736,9.341534,9.426052,8.27178,8.326474,7.33236,7.367521,1.32937,0.015423,94.471925,9.485565,8.379184,7.666117
C00903,A_L13,DIGITAL_CMOS,CMOS_A,1.290347,1.318753,0.023045,0.02321,84.627258,83.878186,9.315272,9.378174,7.974999,8.053292,7.281974,7.379809,1.297932,0.023578,84.672061,9.868436,8.941867,7.891422
C00904,A_L13,DIGITAL_CMOS,CMOS_A,1.278664,1.298321,0.014187,0.01503,93.751,93.857373,8.970154,9.014606,7.962591,8.013787,7.690445,7.6393,1.311588,0.015657,94.634905,9.178173,8.214255,7.965702
C00905,A_L13,DIGITAL_CMOS,CMOS_A,1.157567,1.169829,0.011578,0.011984,84.520174,84.68271,8.568185,8.556485,7.891716,7.934854,6.377151,6.442494,1.172896,0.012402,86.866371,8.584973,7.987221,6.412046
C00906,A_L13,DIGITAL_CMOS,CMOS_A,1.393037,1.422659,0.023802,0.024133,88.192453,87.772981,8.738378,8.780974,7.877305,7.962292,6.758643,6.787466,1.429688,0.02516,90.258433,8.777722,7.920278,6.746912
C00907,A_L13,DIGITAL_CMOS,CMOS_A,1.543662,1.525302,0.020247,0.020365,89.300509,89.445822,8.849976,8.852703,7.729421,7.773546,7.103383,7.020106,1.555122,0.020621,89.01519,9.11669,15.371526,7.044637
C00908,A_L13,DIGITAL_CMOS,CMOS_A,1.225681,1.216648,0.023965,0.024217,91.644188,91.370979,8.791228,8.902129,7.850156,7.924934,7.077925,7.117103,1.23779,0.024224,92.952892,8.938083,7.962897,7.068593
C00909,A_L13,DIGITAL_CMOS,CMOS_A,1.101682,1.103993,0.020374,0.020952,86.192812,87.107752,8.508124,8.47523,8.006995,8.073242,7.394811,7.365896,1.147277,0.021407,88.392391,8.578476,7.994281,7.43286
C00910,A_L13,DIGITAL_CMOS,CMOS_A,1.22593,1.212984,0.016768,0.016746,81.300283,81.483402,8.768908,8.825504,7.591899,7.697457,7.144175,7.220747,1.234533,0.017191,81.598774,8.969799,7.751143,7.438304
C00911,A_L13,DIGITAL_CMOS,CMOS_A,1.913617,1.922975,0.021281,0.021729,91.16974,92.437573,8.697539,8.668039,7.660843,7.684008,7.25468,7.342789,1.988068,0.02382,94.326612,8.828829,7.703034,7.369584
C00912,A_L13,DIGITAL_CMOS,CMOS_A,1.267989,1.265582,0.013631,0.013573,91.106225,90.522968,8.283562,8.307258,7.57153,7.541745,6.927759,6.904652,1.247068,0.013688,91.129557,8.401065,7.70512,7.021277
C00913,A_L13,DIGITAL_CMOS,CMOS_A,1.501536,1.476396,0.021115,0.021572,86.747681,86.745014,8.752683,8.755843,8.161767,8.131928,7.014225,7.114496,1.474172,0.021655,87.04541,8.81514,8.248347,7.144184
C00914,A_L13,DIGITAL_CMOS,CMOS_A,1.060013,1.069116,0.013845,0.014151,89.745913,91.215697,8.149055,8.147912,8.203842,8.250493,7.360316,7.362256,1.073584,0.014533,92.100252,8.18455,8.241114,7.442793
C00915,A_L13,DIGITAL_CMOS,CMOS_A,0.980188,0.96849,0.01786,0.017914,80.760084,80.507114,8.351008,8.396434,7.340806,7.405281,6.798844,6.837582,0.982015,0.018449,81.265171,8.452594,7.481163,7.06813
C00916,A_L13,DIGITAL_CMOS,CMOS_A,1.443662,1.481069,0.019226,0.019577,92.495751,93.269958,8.508483,8.567355,7.653195,7.674617,6.868687,6.909094,1.49714,0.020059,92.317057,8.509634,7.82139,6.919722
C00917,A_L13,DIGITAL_CMOS,CMOS_A,1.062876,1.058207,0.014104,0.014147,86.701753,87.828361,8.784613,8.757169,7.921975,8.042214,7.245527,7.390151,1.048542,0.014417,86.987341,9.072987,8.122365,7.568748
C00918,A_L13,DIGITAL_CMOS,CMOS_A,1.749881,1.762099,0.025194,0.025295,91.372954,92.021326,8.409268,8.512065,7.961025,7.97981,6.729652,6.767963,1.771614,0.025548,92.743108,8.727301,8.121422,6.838341
C00919,A_L13,DIGITAL_CMOS,CMOS_A,1.460548,1.486905,0.018632,0.018652,85.540402,85.21974,8.901881,8.913965,8.566361,8.512418,7.474396,7.576246,1.482334,0.019156,85.922936,9.116032,8.693504,7.793583
C00920,A_L13,DIGITAL_CMOS,CMOS_A,1.12508,1.140559,0.014245,0.014586,90.366013,91.567384,8.802779,8.770467,8.228249,8.245544,7.22096,7.258676,1.176046,0.015213,92.740192,8.814505,8.290892,7.286249
C00921,A_L13,DIGITAL_CMOS,CMOS_A,1.095654,1.083713,0.013576,0.014154,89.846345,91.25241,8.208579,8.21433,7.435757,7.415519,6.961271,6.950629,1.136712,0.015416,93.47208,8.198396,7.450522,6.936266
C00922,A_L13,DIGITAL_CMOS,CMOS_A,1.389805,1.409024,0.020228,0.021034,91.083651,90.740582,8.943017,8.887101,8.128721,8.236171,7.316592,7.29965,1.434767,0.023501,93.010308,9.132205,8.354096,7.639001
C00923,A_L13,DIGITAL_CMOS,CMOS_A,1.470313,1.482186,0.023249,0.023924,92.732553,92.308345,8.626828,8.722788,8.059058,8.208505,7.310132,7.386635,1.558073,0.025309,94.029754,8.823467,8.189511,7.5168
C00924,A_L13,DIGITAL_CMOS,CMOS_A,1.166606,1.182528,0.026961,0.027629,86.44322,86.332632,8.392081,8.462254,7.646368,7.708972,7.204816,7.175346,1.220591,0.029562,89.017585,8.585424,7.793604,7.401846
C00925,A_L13,DIGITAL_CMOS,CMOS_A,1.114288,1.106876,0.013657,0.014003,86.458784,87.23073,9.048522,9.061171,8.195281,8.24851,7.762504,7.752442,1.124896,0.014349,87.739784,9.103328,8.232197,7.83611
C00926,A_L13,DIGITAL_CMOS,CMOS_A,1.429892,1.410412,0.016145,0.016845,85.646276,86.242692,8.697244,8.634369,8.119383,8.164266,7.496696,7.530092,1.483992,0.017864,88.026729,8.850255,8.383845,7.840456
C00927,A_L13,DIGITAL_CMOS,CMOS_A,1.222351,1.209475,0.014934,0.015311,91.242435,90.956146,8.067418,8.141826,7.424812,7.470094,6.813419,6.812768,1.227232,0.015256,91.108197,8.302139,7.553057,6.92685
C00928,A_L13,DIGITAL_CMOS,CMOS_A,1.256379,1.267871,0.023474,0.024388,84.773922,85.760075,9.147219,9.16097,8.446174,8.512871,7.232202,7.18962,1.295126,0.02609,86.603107,9.282025,8.713891,7.515146
C00929,A_L13,DIGITAL_CMOS,CMOS_A,1.370892,1.385671,0.015984,0.016074,94.435697,95.755168,8.439434,8.396249,8.023964,8.102732,6.98534,7.054737,1.491907,0.017072,97.934724,8.576512,8.268032,7.129272
C00930,A_L13,DIGITAL_CMOS,CMOS_A,0.92813,0.953401,0.017242,0.018227,92.165508,93.55673,8.392446,8.421153,7.721923,7.732993,6.910812,6.920621,0.968148,0.018644,94.625867,8.436425,7.709079,6.947783
C00931,A_L13,DIGITAL_CMOS,CMOS_A,1.063587,1.063813,0.013923,0.014385,85.049158,85.918821,8.144788,8.134889,7.724289,7.771345,6.876113,6.872857,1.066019,0.015096,86.659864,8.32312,7.792969,7.160009
C00932,A_L13,DIGITAL_CMOS,CMOS_A,1.303152,1.317816,0.020278,0.020681,89.264492,90.295672,8.612512,8.685427,7.549311,7.589667,6.978427,7.116456,1.334597,0.022081,90.650826,8.732664,7.681456,7.282531
C00933,A_L13,DIGITAL_CMOS,CMOS_A,1.225155,1.224574,0.018794,0.019191,84.138838,86.552292,8.927071,8.89476,8.149208,8.143824,7.406547,7.416938,1.244765,0.01981,87.065916,8.998519,8.214519,7.572209
C00934,A_L13,DIGITAL_CMOS,CMOS_A,1.2444,1.232949,0.02153,0.021617,90.447276,90.016905,8.120442,8.13019,8.50642,8.52734,7.488731,7.481566,1.275718,0.023918,92.245015,8.156787,8.53425,7.473812
C00935,A_L13,DIGITAL_CMOS,CMOS_A,1.183485,1.181618,0.013793,0.013971,87.363694,88.230854,9.072478,9.099847,8.738611,8.836533,7.136914,7.226092,1.224361,0.014657,89.838363,9.262428,9.03357,7.366399
C00936,A_L13,DIGITAL_CMOS,CMOS_A,1.52747,1.531556,0.018831,0.018908,97.633029,98.439819,8.239185,8.241291,7.738169,7.751143,7.080389,7.092883,1.49754,0.019122,97.516558,8.271324,7.803145,7.196921
C00937,A_L13,DIGITAL_CMOS,CMOS_A,1.393431,1.416209,0.015928,0.015425,90.039292,89.782254,8.451315,8.423656,8.037604,8.019376,7.266799,7.296978,1.429298,0.015686,90.183273,8.539746,8.198611,7.501558
C00938,A_L13,DIGITAL_CMOS,CMOS_A,1.403664,1.406677,0.01195,0.012664,95.886788,96.434095,8.264032,8.292593,7.357421,7.383555,6.317307,6.358607,1.448942,0.013909,98.498396,8.345929,7.518344,6.48413
C00939,A_L13,DIGITAL_CMOS,CMOS_A,1.262397,1.23531,0.016502,0.016599,92.582207,93.697751,8.827996,8.827169,7.788355,7.866622,7.141302,7.1368,1.322299,0.018309,94.490323,8.945421,8.0057,7.263858
C00940,A_L13,DIGITAL_CMOS,CMOS_A,1.282537,1.31431,0.022441,0.02329,91.580612,92.325164,8.60133,8.556559,8.124742,8.168799,7.750349,7.716171,1.347066,0.023728,94.24209,8.628907,8.17698,7.793305
C00941,A_L13,DIGITAL_CMOS,CMOS_A,1.229969,1.248495,0.0206,0.020791,89.730449,89.760848,8.7705,8.815531,8.226919,8.233735,7.277363,7.357599,1.241,0.020789,90.113816,8.951872,8.345443,7.530819
C00942,A_L13,DIGITAL_CMOS,CMOS_A,1.418621,1.440124,0.014064,0.014176,95.459226,96.484114,8.782039,8.827498,8.00452,8.012646,7.145829,7.136564,1.422762,0.014558,96.460024,8.940014,8.069897,7.260281
C00943,A_L13,DIGITAL_CMOS,CMOS_A,1.274942,1.290363,0.01613,0.016275,91.994258,93.240198,8.727254,8.775233,8.310676,8.448087,7.583013,7.666192,1.302154,0.017525,95.740065,8.857363,8.575323,7.800164
C00944,A_L13,DIGITAL_CMOS,CMOS_A,1.484444,1.440395,0.024515,0.025163,87.29718,88.699638,8.566818,8.598171,7.673125,7.765512,6.81086,6.807351,1.482675,0.025382,88.329379,8.582616,7.712305,6.880233
C00945,A_L13,DIGITAL_CMOS,CMOS_A,1.121767,1.134848,0.011329,0.011674,87.961499,88.493233,8.196919,8.293008,7.384627,7.465359,6.621409,6.726312,1.143994,0.012092,90.262129,8.298169,7.637558,6.779298
C00946,A_L13,DIGITAL_CMOS,CMOS_A,1.198657,1.201354,0.016917,0.017252,84.740164,84.734503,8.749,8.794219,7.929448,7.90243,6.993609,7.072262,1.267422,0.018373,89.028438,8.822389,7.914942,7.133494
C00947,A_L13,DIGITAL_CMOS,CMOS_A,1.26166,1.26019,0.015598,0.015795,83.898443,85.141841,8.603392,8.658293,7.595765,7.564326,6.549057,6.593725,1.27139,0.016534,85.088025,8.666059,7.655156,6.627777
C00948,A_L13,DIGITAL_CMOS,CMOS_A,1.003727,1.019989,0.014009,0.014012,90.265714,90.585142,8.306099,8.318687,7.761905,7.736655,7.132008,7.139483,1.022776,0.014378,91.271276,8.297055,7.79207,7.192504
C00949,A_L13,DIGITAL_CMOS,CMOS_A,1.469243,1.447395,0.022177,0.02312,82.331957,83.780061,8.600173,8.605379,8.076265,8.090088,7.675862,7.680747,1.518241,0.024285,85.376544,8.640775,8.094779,7.742291
C00950,A_L13,DIGITAL_CMOS,CMOS_A,1.406816,1.394915,0.025529,0.026007,85.474253,85.947246,7.904112,7.886848,7.965806,8.040701,6.463771,6.526877,1.433003,0.026126,86.160449,8.11143,8.117954,6.675823
C00951,A_L13,DIGITAL_CMOS,CMOS_A,1.01889,1.023302,0.014585,0.014724,86.279047,86.511355,8.667123,8.64476,7.714224,7.663839,7.001608,6.97947,1.003191,0.015028,86.813079,8.707576,7.731621,7.050703
C00952,A_L13,DIGITAL_CMOS,CMOS_A,1.400526,1.447379,0.024859,0.025629,91.380573,92.21147,8.623177,8.648361,7.770592,7.872699,7.063902,7.044479,1.485078,0.027605,95.088449,8.816441,8.106107,7.283828
C00953,A_L13,DIGITAL_CMOS,CMOS_A,1.46361,1.503679,0.029647,0.029837,89.870443,90.61643,8.820121,8.833652,7.979761,7.948803,7.429063,7.417784,1.519337,0.031447,92.311962,9.175708,8.122529,7.720256
C00954,A_L13,DIGITAL_CMOS,CMOS_A,1.262599,1.270856,0.020832,0.021116,85.874078,86.611177,8.850232,8.864429,8.098966,8.156959,7.667813,7.694762,1.267486,0.0221,88.375812,9.028736,8.348795,7.913101
C00955,A_L13,DIGITAL_CMOS,CMOS_A,1.240178,1.260578,0.014186,0.014393,87.926823,89.268241,8.295638,8.304214,7.550083,7.62276,7.106526,7.107435,1.254519,0.014827,91.600196,8.335696,7.638982,7.239218
C00956,A_L13,DIGITAL_CMOS,CMOS_A,1.403906,1.426671,0.023559,0.02367,92.613203,93.708964,8.300673,8.327186,8.018013,8.077862,7.074759,7.107162,1.443991,0.024561,93.951645,8.47862,8.181996,7.242054
C00957,A_L13,DIGITAL_CMOS,CMOS_A,1.294949,1.291772,0.013356,0.01356,95.175684,95.57056,8.908524,8.977155,7.630884,7.72609,7.133911,7.143856,1.317579,0.01458,97.006956,9.196299,7.846555,7.458947
C00958,A_L13,DIGITAL_CMOS,CMOS_A,1.261903,1.262578,0.018969,0.019156,91.603033,92.837667,8.20889,8.338217,7.442403,7.364904,7.04428,7.100922,1.345968,0.020826,94.253378,8.369693,7.523829,7.248693
C00959,A_L13,DIGITAL_CMOS,CMOS_A,1.10862,1.106921,0.021086,0.022081,83.960145,85.057709,9.059168,9.096411,8.182502,8.255581,7.8905,7.883726,1.180642,0.025092,86.921489,9.345317,8.427343,8.15881
C00960,A_L13,DIGITAL_CMOS,CMOS_A,1.183135,1.195274,0.021653,0.022082,78.996577,79.695928,8.996744,9.004888,7.962986,7.962204,7.325589,7.335624,1.217166,0.024247,82.861461,9.102115,8.09828,7.514309
C00961,A_L13,DIGITAL_CMOS,CMOS_A,1.449342,1.445033,0.01547,0.015793,86.587918,86.712469,8.592411,8.455263,7.828325,7.868227,7.099666,7.111268,1.482845,0.015867,87.559156,8.564657,7.881346,7.256526
C00962,A_L13,DIGITAL_CMOS,CMOS_A,1.090545,1.10723,0.014605,0.014685,88.793758,88.164805,8.067785,8.139284,7.238815,7.361933,6.35366,6.375831,1.156615,0.015775,92.304572,8.25709,7.442217,6.493854
C00963,A_L13,DIGITAL_CMOS,CMOS_A,1.62479,1.636973,0.023534,0.024176,87.216156,88.356602,8.397366,8.408092,7.929262,7.945657,6.924343,7.013455,1.729055,0.025593,90.752788,8.516043,8.031808,7.150187
C00964,A_L13,DIGITAL_CMOS,CMOS_A,1.393195,1.38018,0.013132,0.013685,93.658591,93.990246,8.880911,8.88405,7.937143,7.977957,6.929167,6.981644,1.381705,0.013666,94.887382,9.134934,8.065751,7.086929
C00965,A_L13,DIGITAL_CMOS,CMOS_A,1.106181,1.126069,0.017782,0.017782,91.876282,91.093862,8.33141,8.324745,7.417887,7.331401,6.664006,6.675056,1.101904,0.01819,92.91391,8.298953,7.437076,6.720418
C00966,A_L13,DIGITAL_CMOS,CMOS_A,1.339555,1.384732,0.022435,0.024148,84.331446,85.822317,8.728143,8.690558,7.569748,7.569379,7.298576,7.319201,1.414572,0.025462,89.299687,8.726013,7.634885,7.289552
C00967,A_L13,DIGITAL_CMOS,CMOS_A,1.1844,1.207337,0.01999,0.021008,84.405757,85.009044,8.328762,8.407626,8.234913,8.205287,6.62622,6.696632,1.211823,0.022324,85.816233,8.496178,8.341072,6.82312
C00968,A_L13,DIGITAL_CMOS,CMOS_A,0.981481,0.968996,0.016144,0.016585,88.548247,89.907341,8.74626,8.782302,8.310787,8.27585,7.502734,7.463712,1.0155,0.017638,93.040257,8.82637,8.257272,7.578603
C00969,A_L13,DIGITAL_CMOS,CMOS_A,1.468307,1.457673,0.021922,0.02205,93.283123,93.382085,8.764431,8.807589,7.626384,7.648719,7.288773,7.314459,1.468037,0.022311,92.693789,8.814646,7.651811,7.38911
C00970,A_L13,DIGITAL_CMOS,CMOS_A,1.783444,1.757598,0.022773,0.022372,92.967376,93.910238,8.358824,8.377142,7.552056,7.473563,6.99248,6.954209,1.78298,0.022703,93.973896,8.33747,7.493691,6.96082
C00971,A_L13,DIGITAL_CMOS,CMOS_A,1.482664,1.492171,0.020474,0.020696,100.725339,99.582197,8.666896,8.609324,8.659421,8.525397,6.951442,6.929875,1.471487,0.02122,100.538089,8.630253,8.658491,7.027517
C00972,A_L13,DIGITAL_CMOS,CMOS_A,1.660133,1.675031,0.017067,0.017451,87.461974,86.180067,8.643368,8.640344,7.767,7.836386,7.279781,7.321707,1.690937,0.018318,89.375741,8.790665,7.865347,7.423215
C00973,A_L13,DIGITAL_CMOS,CMOS_A,1.332782,1.341404,0.01514,0.015456,86.061528,87.94273,8.184168,8.25362,7.451444,7.469836,6.704923,6.756494,1.410475,0.016881,89.459912,8.223144,7.493789,6.74059
C00974,A_L13,DIGITAL_CMOS,CMOS_A,1.359076,1.405716,0.015259,0.015626,90.581294,91.322472,8.735854,8.726327,7.788325,7.819605,6.845245,6.836897,1.419946,0.016222,92.273659,8.8096,7.88776,6.935197
C00975,A_L13,DIGITAL_CMOS,CMOS_A,1.355987,1.375745,0.017124,0.017603,88.3216,88.747862,8.54416,8.598242,7.740027,7.747662,7.344436,7.406711,1.374821,0.018569,89.52927,8.598014,7.825901,7.404697
C00976,A_L13,DIGITAL_CMOS,CMOS_A,1.352223,1.36721,0.024289,0.024975,86.007104,85.300691,8.768027,8.792793,7.93439,7.960513,6.873354,6.938336,1.428553,0.027644,88.256293,8.868616,8.237529,7.203528
C00977,A_L13,DIGITAL_CMOS,CMOS_A,1.323564,1.32898,0.016101,0.016109,93.076489,91.716904,8.621586,8.649459,7.561316,7.483594,6.898297,6.981711,1.332522,0.016547,92.552787,8.843738,7.588204,7.213579
C00978,A_L13,DIGITAL_CMOS,CMOS_A,1.546675,1.578385,0.025556,0.026092,84.711037,85.8163,8.665885,8.702247,8.078669,8.071015,7.35914,7.400138,1.596233,0.027576,87.193369,8.72953,8.124476,7.430558
C00979,A_L13,DIGITAL_CMOS,CMOS_A,1.147899,1.159457,0.013482,0.013719,87.901695,88.754616,8.303361,8.314841,7.69894,7.782107,7.307926,7.266699,1.167744,0.013877,89.29757,8.354128,7.863997,7.257259
C00980,A_L14,DIGITAL_CMOS,CMOS_A,1.566877,1.579235,0.024994,0.025104,93.877395,93.865506,9.485264,9.520378,8.476277,8.558882,7.903878,7.920365,1.589035,0.025935,93.355664,9.49188,8.534945,8.016087
C00981,A_L14,DIGITAL_CMOS,CMOS_A,1.838072,1.874941,0.027707,0.030921,89.168675,91.037254,9.223023,9.199235,7.932456,7.940419,6.83547,6.84851,1.940463,0.034307,93.50379,9.278876,8.061427,6.830836
C00982,A_L14,DIGITAL_CMOS,CMOS_A,1.367718,1.408901,0.028125,0.030732,91.887532,92.506572,8.917532,8.990843,8.076555,8.156033,7.517302,7.653914,1.435105,0.033712,96.293083,9.061148,8.313465,7.724615
C00983,A_L14,DIGITAL_CMOS,CMOS_A,1.361274,1.373476,0.030624,0.031624,92.297282,94.536138,9.53854,9.46251,8.193813,8.219948,7.174207,7.176867,1.471848,0.039012,100.012264,9.477504,8.188216,7.24025
C00984,A_L14,DIGITAL_CMOS,CMOS_A,1.637225,1.666365,0.022014,0.023522,90.999007,93.087483,8.735326,8.804449,7.567004,7.590717,7.231985,7.235745,1.752694,0.026143,96.757446,9.056639,7.850028,7.504346
C00985,A_L14,DIGITAL_CMOS,CMOS_A,1.467259,1.490728,0.016615,0.017245,85.475992,85.71059,9.177683,9.273927,8.108052,8.154964,7.583455,7.684033,1.524873,0.018534,90.711845,9.583183,8.316983,7.800296
C00986,A_L14,DIGITAL_CMOS,CMOS_A,1.295246,1.288041,0.014126,0.014595,91.802596,91.317231,8.974595,8.969955,8.191376,8.251254,7.16403,7.228335,1.310208,0.01451,93.096973,9.040277,8.37585,7.192552
C00987,A_L14,DIGITAL_CMOS,CMOS_A,1.503802,1.523236,0.011657,0.011925,90.627109,90.038852,8.829015,8.772439,7.494998,7.465648,6.855614,6.847545,1.559307,0.012496,90.251215,8.800539,7.581658,6.97024
C00988,A_L14,DIGITAL_CMOS,CMOS_A,1.630422,1.692409,0.022895,0.023108,91.526096,92.442142,9.3349,9.389616,8.222564,8.254844,7.10654,7.180549,1.774379,0.025785,98.036129,9.407982,8.263101,7.206148
C00989,A_L14,DIGITAL_CMOS,CMOS_A,1.491695,1.527887,0.011976,0.012332,87.355778,88.381916,8.903358,8.938346,7.861803,7.839442,7.372324,7.41383,1.619203,0.014103,94.234597,8.955688,7.905607,7.396249
C00990,A_L14,DIGITAL_CMOS,CMOS_A,1.279877,1.308332,0.02451,0.026232,91.581795,93.092231,9.168896,9.205833,8.64829,8.701461,7.719461,7.752023,1.35987,0.027671,95.740657,9.435026,9.025198,7.989736
C00991,A_L14,DIGITAL_CMOS,CMOS_A,1.745061,1.743162,0.020265,0.020426,85.549106,86.089309,8.896098,8.802039,7.811068,7.878772,6.446395,6.457889,1.760769,0.020755,86.150967,8.927754,7.923165,6.470141
C00992,A_L14,DIGITAL_CMOS,CMOS_A,1.676674,1.711861,0.019041,0.019676,87.259482,87.241629,8.811917,8.87295,7.816454,7.799171,7.500687,7.593118,1.790668,0.02149,92.333677,8.945579,7.836689,7.512414
C00993,A_L14,DIGITAL_CMOS,CMOS_A,1.271672,1.307417,0.021677,0.022033,85.640199,85.474275,8.924939,8.936991,7.364668,7.429005,7.553122,7.583893,1.35023,0.02591,89.656602,9.137367,7.64034,7.758202
C00994,A_L14,DIGITAL_CMOS,CMOS_A,1.418911,1.458098,0.015665,0.016935,90.90194,91.282455,9.093548,9.08052,7.920119,8.050512,7.10806,7.176172,1.523411,0.018083,93.772476,9.195499,8.249011,7.413195
C00995,A_L14,DIGITAL_CMOS,CMOS_A,1.535575,1.534127,0.01563,0.016438,96.462902,96.729767,9.176985,9.158958,8.461691,8.425688,7.319443,7.317761,1.642679,0.018994,99.049086,9.243873,8.481859,7.346359
C00996,A_L14,DIGITAL_CMOS,CMOS_A,1.960033,2.039512,0.01945,0.020837,92.34608,93.32358,9.57062,9.591407,8.60991,8.637848,7.565126,7.480335,2.146746,0.02259,98.658681,9.670512,8.662279,7.554935
C00997,A_L14,DIGITAL_CMOS,CMOS_A,1.34247,1.310084,0.024835,0.025482,96.14999,98.06943,8.791442,8.741359,7.945569,8.025858,7.301591,7.271725,1.4409,0.030345,102.257395,8.811719,8.063946,7.178603
C00998,A_L14,DIGITAL_CMOS,CMOS_A,1.631205,1.639065,0.025458,0.026896,91.422262,92.419472,9.078741,9.177384,7.964349,7.978133,7.257774,7.214788,1.794774,0.032447,98.628658,9.178766,7.944129,7.236254
C00999,A_L14,DIGITAL_CMOS,CMOS_A,1.457308,1.480568,0.019624,0.021552,85.347663,87.265841,9.150292,9.173785,7.791014,7.873679,7.070752,7.186903,1.574568,0.023308,90.807585,9.43969,8.276338,7.447213
C01000,A_L14,DIGITAL_CMOS,CMOS_A,1.453407,1.429815,0.018371,0.018605,98.026798,98.613241,8.830763,8.839648,7.329745,7.324772,7.07146,7.079561,1.456533,0.019365,99.370882,8.883823,7.363797,7.07389
C01001,A_L14,DIGITAL_CMOS,CMOS_A,1.575666,1.599982,0.020204,0.020583,91.624261,92.327345,8.531996,8.533051,7.429142,7.406532,7.24233,7.191679,1.583411,0.021443,92.699507,8.541646,7.502322,7.266378
C01002,A_L14,DIGITAL_CMOS,CMOS_A,1.498628,1.549834,0.027851,0.028696,92.562318,93.992815,9.181976,9.107878,8.463581,8.504685,7.44711,7.563761,1.660028,0.031464,95.369819,9.441974,8.760731,7.741488
C01003,A_L14,DIGITAL_CMOS,CMOS_A,1.484426,1.497217,0.010228,0.010629,91.35317,92.594396,9.029245,9.09565,8.192407,8.188172,7.640928,7.657571,1.633734,0.012465,97.435868,9.089933,8.171824,7.7617
C01004,A_L14,DIGITAL_CMOS,CMOS_A,1.432232,1.425931,0.018727,0.018695,92.738189,92.814695,8.455448,8.518359,7.249779,7.181801,6.982093,6.966494,1.457141,0.019159,94.518026,8.500705,7.260137,7.028434
C01005,A_L14,DIGITAL_CMOS,CMOS_A,1.523182,1.538845,0.026731,0.028563,90.065181,91.39155,8.748547,8.781068,6.867381,6.854941,7.091532,7.019612,1.628861,0.031659,93.055298,8.847738,6.888366,7.05206
C01006,A_L14,DIGITAL_CMOS,CMOS_A,1.656651,1.718039,0.015079,0.015539,95.815303,97.221986,9.092799,9.121799,8.155101,8.180866,7.597464,7.605277,1.677223,0.016081,96.730445,9.200984,8.210327,7.651592
C01007,A_L14,DIGITAL_CMOS,CMOS_A,1.452632,1.501526,0.019708,0.021224,98.849605,100.708123,9.008885,9.020215,8.081514,8.127147,7.33027,7.284064,1.594933,0.023666,104.502846,9.074435,8.192454,7.337117
C01008,A_L14,DIGITAL_CMOS,CMOS_A,1.267968,1.296319,0.023776,0.024149,90.803777,92.112157,8.654607,8.708225,7.684031,7.671313,7.570292,7.5681,1.294495,0.024713,93.217656,8.780509,7.774636,7.559365
C01009,A_L14,DIGITAL_CMOS,CMOS_A,1.591407,1.615831,0.015636,0.016701,91.272994,91.646881,9.302061,9.263646,7.649539,7.720348,6.953007,6.988002,1.662726,0.018707,96.375948,9.297186,7.733042,7.095068
C01010,A_L14,DIGITAL_CMOS,CMOS_A,1.286751,1.287769,0.021314,0.021753,83.129307,83.616897,8.49465,8.546727,7.794896,7.770347,7.667285,7.689793,1.291005,0.02214,85.404513,8.808419,8.120402,7.933757
C01011,A_L14,DIGITAL_CMOS,CMOS_A,1.133756,1.134204,0.019105,0.020426,94.290906,94.963842,8.83638,8.826439,7.199231,7.270524,7.365388,7.364878,1.184399,0.02225,98.489087,9.007056,7.530191,7.573358
C01012,A_L14,DIGITAL_CMOS,CMOS_A,2.453741,2.535511,0.023748,0.024226,90.946398,90.742746,8.839877,8.875248,7.613107,7.59821,7.432112,7.538933,2.501716,0.024841,92.7012,9.153904,7.858572,7.635885
C01013,A_L14,DIGITAL_CMOS,CMOS_A,1.859899,1.880802,0.018152,0.018742,90.801781,90.544808,9.033463,9.050247,7.919299,7.936979,7.056915,7.08777,1.929139,0.019359,92.036368,9.447585,8.231771,7.284441
C01014,A_L14,DIGITAL_CMOS,CMOS_A,1.690729,1.711553,0.021574,0.022632,93.14887,93.261138,9.427179,9.465574,7.612896,7.610016,7.047389,7.132486,1.812861,0.025075,96.90497,9.491394,7.693954,7.178085
C01015,A_L14,DIGITAL_CMOS,CMOS_A,1.719045,1.754081,0.023456,0.023851,94.79888,95.05509,8.866154,8.888789,7.645216,7.780717,7.340023,7.318286,1.773434,0.024657,96.112615,9.122873,8.12262,7.595161
C01016,A_L14,DIGITAL_CMOS,CMOS_A,1.590797,1.596549,0.022529,0.024123,91.363754,92.157178,9.392411,9.46776,7.269702,7.27407,6.865213,6.941648,1.683781,0.02676,95.119652,9.557445,7.315041,6.949663
C01017,A_L14,DIGITAL_CMOS,CMOS_A,1.538105,1.574062,0.021387,0.022552,91.773922,92.625374,8.810812,8.879298,7.509627,7.486958,7.132437,7.158935,1.65311,0.024928,96.651775,8.955536,7.665049,7.195277
C01018,A_L14,DIGITAL_CMOS,CMOS_A,1.371844,1.388753,0.016816,0.01718,89.152856,90.066831,9.044496,9.163838,7.958649,8.126229,7.36453,7.372616,1.390092,0.017556,89.215779,9.324184,8.36261,7.682179
C01019,A_L14,DIGITAL_CMOS,CMOS_A,1.650227,1.631269,0.023152,0.02341,95.43791,97.713584,8.952446,8.889478,7.765375,7.830372,7.176322,7.222879,1.683297,0.024462,98.744799,8.946914,7.838753,7.221942
C01020,A_L14,DIGITAL_CMOS,CMOS_A,1.018443,1.051356,0.018477,0.019067,95.069376,95.585279,9.106107,9.083563,7.748897,7.806041,7.553427,7.576773,1.076349,0.020898,99.79505,9.305942,8.075919,7.673631
C01021,A_L14,DIGITAL_CMOS,CMOS_A,1.995899,2.005831,0.024835,0.026857,100.269135,103.126939,9.012057,8.982934,7.804919,7.782326,7.40095,7.411765,2.090126,0.029372,106.982833,9.044154,7.930617,7.388804
C01022,A_L14,DIGITAL_CMOS,CMOS_A,1.697511,1.707035,0.017281,0.017571,89.126987,90.363865,8.980372,8.981298,8.229551,8.209688,7.602818,7.650676,1.79152,0.020745,98.335919,9.304165,8.491928,7.957753
C01023,A_L14,DIGITAL_CMOS,CMOS_A,1.873637,1.831474,0.025525,0.025004,90.24811,90.546328,9.18074,9.313918,8.076295,8.08703,7.178167,7.263225,1.847955,0.02578,92.846341,9.54339,8.206819,7.411648
C01024,A_L14,DIGITAL_CMOS,CMOS_A,1.578941,1.609791,0.017355,0.018338,93.462561,93.538796,9.132729,9.15471,7.66929,7.597402,7.192111,7.186953,1.671765,0.01997,96.089708,9.291493,7.581639,7.334496
C01025,A_L14,DIGITAL_CMOS,CMOS_A,1.749334,1.723378,0.016733,0.017507,89.811286,91.952382,8.870088,8.966135,7.734565,7.734906,7.444326,7.516352,1.903028,0.020756,96.949241,9.162042,8.008529,7.622303
C01026,A_L14,DIGITAL_CMOS,CMOS_A,1.489279,1.528576,0.0185,0.019121,87.43079,88.81821,8.78227,8.83926,8.18104,8.274074,7.533805,7.551039,1.607363,0.020834,91.58164,8.839955,8.29357,7.599691
C01027,A_L14,DIGITAL_CMOS,CMOS_A,1.179672,1.222356,0.016784,0.017287,91.464461,92.598736,8.787406,8.837871,7.551212,7.633403,7.463923,7.482282,1.291874,0.019707,99.071918,9.005898,8.01673,7.731572
C01028,A_L14,DIGITAL_CMOS,CMOS_A,1.311953,1.335559,0.017434,0.018201,91.762844,92.598196,9.321644,9.283217,7.618334,7.716616,7.469847,7.487539,1.397364,0.019772,95.169104,9.45301,7.875867,7.539323
C01029,A_L14,DIGITAL_CMOS,CMOS_A,1.52255,1.567174,0.021044,0.022532,88.097219,89.909406,9.406905,9.504279,7.61694,7.827412,7.627467,7.727893,1.605558,0.027261,94.993402,9.874951,8.131616,8.026291
C01030,A_L14,DIGITAL_CMOS,CMOS_A,1.36196,1.401608,0.020317,0.021513,94.065924,93.527645,8.650294,8.66718,7.640646,7.647582,6.939142,6.92728,1.452221,0.022717,97.870934,8.773154,7.605379,6.918636
C01031,A_L14,DIGITAL_CMOS,CMOS_A,1.36149,1.427088,0.019887,0.02124,90.885766,92.247748,9.094139,9.080001,7.372785,7.377376,6.53774,6.593755,1.492949,0.023028,96.866622,9.36987,7.694333,6.801318
C01032,A_L14,DIGITAL_CMOS,CMOS_A,1.539892,1.587998,0.020669,0.021623,93.906676,94.777,9.341663,9.291471,8.034774,7.965469,7.234631,7.295504,1.792533,0.025689,103.053692,9.448245,8.18403,7.464405
C01033,A_L14,DIGITAL_CMOS,CMOS_A,1.7275,1.723578,0.02088,0.021352,92.531759,93.145386,9.33771,9.360255,7.735232,7.799613,7.492008,7.459985,1.789513,0.023822,98.274108,9.38895,7.766552,7.48534
C01034,A_L14,DIGITAL_CMOS,CMOS_A,1.600663,1.635978,0.014854,0.015062,93.199412,93.636203,8.451133,8.500233,7.683766,7.695882,7.146047,7.079985,1.622809,0.015518,94.94819,8.752765,7.938993,7.412285
C01035,A_L14,DIGITAL_CMOS,CMOS_A,1.736404,1.696229,0.019054,0.01952,84.412385,85.090741,9.315186,9.360274,7.191494,7.253644,6.699793,6.783657,1.739866,0.0205,86.117699,9.609278,7.468068,6.94337
C01036,A_L14,DIGITAL_CMOS,CMOS_A,1.576233,1.611008,0.024765,0.02609,96.601201,97.297231,9.076649,8.99958,7.750217,7.894549,7.184046,7.252262,1.781565,0.031503,104.166219,9.286859,8.146994,7.470111
C01037,A_L14,DIGITAL_CMOS,CMOS_A,1.366848,1.349461,0.025629,0.026383,96.878324,97.051168,8.684389,8.730709,7.823521,7.759127,6.701807,6.730383,1.384679,0.026712,97.939881,8.790924,7.878882,6.834454
C01038,A_L14,DIGITAL_CMOS,CMOS_A,1.512424,1.538821,0.013972,0.014191,89.652569,89.591736,9.048331,9.082098,7.39507,7.449703,6.9862,6.972906,1.562509,0.014795,90.08085,9.303159,7.669722,7.081701
C01039,A_L14,DIGITAL_CMOS,CMOS_A,1.470354,1.490468,0.019144,0.019354,94.528514,95.811538,9.187374,9.197465,8.158112,8.194978,7.927792,7.955175,1.512958,0.020041,96.808123,9.283497,8.336168,8.04586
C01040,A_L14,DIGITAL_CMOS,CMOS_A,1.242738,1.228762,0.022847,0.023074,96.175423,96.262261,9.386162,9.436089,7.701389,7.686912,7.685127,7.681471,1.216834,0.023935,97.510983,9.47291,7.81881,7.688373
C01041,A_L14,DIGITAL_CMOS,CMOS_A,1.54716,1.593752,0.016839,0.017001,95.139526,95.748656,9.282802,9.241334,7.868954,7.984489,7.280209,7.268212,1.610166,0.017904,96.384476,9.260649,8.011501,7.3125
C01042,A_L14,DIGITAL_CMOS,CMOS_A,1.659728,1.691353,0.023724,0.024504,92.355008,91.577165,8.928949,8.928258,7.840534,7.950793,6.992203,6.993155,1.856572,0.029305,98.761581,8.968035,7.892448,7.069225
C01043,A_L14,DIGITAL_CMOS,CMOS_A,1.609369,1.637875,0.021166,0.021861,81.079613,81.519136,8.536187,8.541,7.17869,7.128228,6.567644,6.562672,1.650152,0.022262,82.800224,8.649911,7.255328,6.627568
C01044,A_L14,DIGITAL_CMOS,CMOS_A,1.962639,1.955754,0.019104,0.019596,91.695565,92.492158,8.397793,8.384845,7.275021,7.263383,6.716428,6.727087,1.971403,0.019799,94.085618,8.458711,7.403106,6.792187
C01045,A_L14,DIGITAL_CMOS,CMOS_A,1.715053,1.748712,0.018547,0.018456,89.688927,89.175311,9.052307,9.016318,7.508702,7.533356,7.07478,7.239889,1.736438,0.018711,91.104784,9.22045,7.672476,7.299915
C01046,A_L14,DIGITAL_CMOS,CMOS_A,1.570758,1.598066,0.019393,0.019635,88.259799,88.104739,9.291627,9.384486,7.943439,8.023257,6.908896,6.939201,1.602781,0.019816,87.740763,9.51222,8.222499,7.047369
C01047,A_L14,DIGITAL_CMOS,CMOS_A,1.749931,1.788997,0.019967,0.020543,100.651758,102.006316,9.183965,9.14751,8.773214,8.699986,7.688038,7.701968,1.898835,0.022487,112.044033,9.240068,8.8195,7.66916
C01048,A_L14,DIGITAL_CMOS,CMOS_A,1.324639,1.315163,0.018649,0.018776,96.172348,96.054474,9.112597,9.123259,7.516474,7.701729,7.26238,7.339406,1.339783,0.019345,97.679082,9.37772,7.896666,7.52502
C01049,A_L14,DIGITAL_CMOS,CMOS_A,1.95048,1.969563,0.020829,0.021115,91.780128,93.375053,8.816599,8.869369,7.918863,7.943152,7.018718,7.087766,2.065482,0.024441,100.203475,9.181719,8.361393,7.367446
C01050,A_L15,DIGITAL_CMOS,CMOS_A,1.60686,1.628062,0.021804,0.022093,82.313621,82.041073,9.138255,9.243283,8.243058,8.319381,7.623057,7.637289,1.61746,0.022237,83.026248,9.259456,8.598455,7.793408
C01051,A_L15,DIGITAL_CMOS,CMOS_A,1.452402,1.443114,0.019713,0.019598,86.827578,88.179078,8.599764,8.515746,8.090052,8.119639,7.539529,7.518659,1.468683,0.019945,89.102503,8.511112,8.143804,7.633784
C01052,A_L15,DIGITAL_CMOS,CMOS_A,1.272925,1.276353,0.019845,0.020865,89.24389,88.992668,8.38181,8.406904,8.068442,8.095415,7.271188,7.236746,1.329156,0.022225,92.798557,8.403791,8.156372,7.288882
C01053,A_L15,DIGITAL_CMOS,CMOS_A,1.420904,1.422572,0.010046,0.010537,85.93351,86.508479,9.32516,9.320491,8.956949,8.968272,7.792314,7.746106,1.493362,0.012068,95.679864,9.334305,9.11014,7.899812
C01054,A_L15,DIGITAL_CMOS,CMOS_A,1.444137,1.426534,0.018279,0.019484,87.756375,88.801262,8.844712,8.931954,8.079366,8.226482,7.626519,7.778641,1.477804,0.020878,95.463397,9.035753,8.621679,7.965612
C01055,A_L15,DIGITAL_CMOS,CMOS_A,1.339707,1.332008,0.016079,0.016525,82.169909,82.260268,8.735257,8.728916,7.954589,7.900428,7.433136,7.437483,1.363508,0.017462,83.68736,8.800887,7.986826,7.51446
C01056,A_L15,DIGITAL_CMOS,CMOS_A,1.666909,1.666303,0.01333,0.013785,90.619486,91.435648,8.798065,8.818974,8.842074,8.90507,8.138086,8.238444,1.74763,0.01604,98.46271,9.017377,9.073583,8.333076
C01057,A_L15,DIGITAL_CMOS,CMOS_A,2.083919,2.093772,0.022781,0.023312,87.797527,89.088641,8.735345,8.758205,7.976602,7.968365,8.053014,8.11018,2.158157,0.025098,94.634852,8.776569,8.172297,8.097156
C01058,A_L15,DIGITAL_CMOS,CMOS_A,2.097379,2.13903,0.013633,0.013622,86.241963,86.696851,9.133574,9.06952,8.750889,8.734712,7.635637,7.647504,2.235738,0.015055,95.075889,9.119057,8.92775,7.681163
C01059,A_L15,DIGITAL_CMOS,CMOS_A,1.513754,1.545123,0.014324,0.015034,83.30244,84.592465,8.480787,8.544391,8.28607,8.340548,7.886428,7.924682,1.572851,0.016132,87.862416,8.614848,8.867073,8.148202
C01060,A_L15,DIGITAL_CMOS,CMOS_A,2.090493,2.093236,0.025371,0.025514,86.327268,86.224598,8.896817,8.899681,8.594284,8.587709,8.067348,7.972346,2.139249,0.027175,88.544536,8.910742,8.751354,8.047858
C01061,A_L15,DIGITAL_CMOS,CMOS_A,1.316994,1.334437,0.018034,0.018778,74.356479,76.67035,8.884731,8.85364,8.288367,8.37126,8.27015,8.252426,1.383327,0.020477,84.501136,9.026556,8.867196,8.585389
C01062,A_L15,DIGITAL_CMOS,CMOS_A,1.578128,1.624753,0.017659,0.017851,78.381581,79.94735,8.845569,8.852394,7.948185,7.932604,7.016322,7.038347,1.62329,0.017842,80.525475,8.84083,8.119698,7.119076
C01063,A_L15,DIGITAL_CMOS,CMOS_A,1.572586,1.590421,0.022884,0.023963,77.795708,79.575312,9.133421,9.110512,8.054278,8.077457,8.250961,8.218769,1.62664,0.02556,82.896244,9.130301,8.124951,8.352338
C01064,A_L15,DIGITAL_CMOS,CMOS_A,1.237365,1.289014,0.018365,0.018678,85.440813,87.997495,9.023019,9.140626,8.032702,8.242611,8.079009,8.107804,1.290879,0.020155,91.226254,9.134927,8.498358,8.24874
C01065,A_L15,DIGITAL_CMOS,CMOS_A,1.43418,1.389476,0.023526,0.024603,94.516289,97.09732,9.183,9.213861,8.598979,8.701431,7.917982,7.835765,1.417996,0.026772,102.56214,9.243357,8.704004,7.942904
C01066,A_L15,DIGITAL_CMOS,CMOS_A,1.726377,1.787881,0.036412,0.037632,83.89134,84.572406,9.008884,9.045772,8.357491,8.279681,7.523737,7.575612,1.88759,0.040246,91.026243,9.02949,8.25989,7.543137
C01067,A_L15,DIGITAL_CMOS,CMOS_A,1.541315,1.561863,0.017371,0.018004,83.921157,85.261382,8.912716,8.89018,8.179966,8.260308,7.893302,7.899378,1.620103,0.018488,87.322495,8.955076,8.445013,7.994511
C01068,A_L15,DIGITAL_CMOS,CMOS_A,1.444113,1.420787,0.014866,0.015328,85.52771,87.02194,8.893396,8.86459,8.062357,8.106659,7.816734,7.806704,1.454718,0.016128,89.355831,8.899208,8.084253,7.888312
C01069,A_L15,DIGITAL_CMOS,CMOS_A,1.228532,1.233087,0.019657,0.020473,84.599029,85.484084,8.969099,9.046867,8.006463,8.064889,7.899583,7.9582,1.233315,0.021887,90.93847,9.20336,8.333214,8.238232
C01070,A_L15,DIGITAL_CMOS,CMOS_A,1.685161,1.663309,0.016695,0.016733,82.190715,82.135422,8.523338,8.524218,8.318949,8.351716,7.623181,7.578421,1.689979,0.01705,83.358834,8.782344,8.580927,7.853645
C01071,A_L15,DIGITAL_CMOS,CMOS_A,1.722902,1.734599,0.023223,0.024307,91.437515,93.184129,9.071182,9.209674,8.223975,8.249696,7.789129,7.767412,1.799803,0.027084,97.093051,9.39627,8.916136,8.198462
C01072,A_L15,DIGITAL_CMOS,CMOS_A,1.440399,1.440946,0.018406,0.018723,79.104773,80.299476,8.83706,8.909376,7.871872,8.058681,7.833747,7.949863,1.594593,0.020626,88.713829,8.980652,8.213807,7.988937
C01073,A_L15,DIGITAL_CMOS,CMOS_A,1.928262,1.886066,0.022124,0.02211,81.19611,82.866319,7.946837,7.953813,7.592029,7.656223,6.787398,6.765632,2.018979,0.02568,90.033361,8.047905,7.918207,7.000707
C01074,A_L15,DIGITAL_CMOS,CMOS_A,1.271907,1.303833,0.012484,0.012815,94.462522,95.752904,8.502669,8.493761,7.839666,7.984579,7.333577,7.415965,1.351491,0.014076,103.99504,8.626379,8.158738,7.721852
C01075,A_L15,DIGITAL_CMOS,CMOS_A,1.864871,1.869154,0.024803,0.025346,85.709677,86.152171,9.337623,9.345577,8.038178,8.103597,7.474904,7.384361,1.885398,0.025739,87.30083,9.381859,8.245736,7.441002
C01076,A_L15,DIGITAL_CMOS,CMOS_A,1.581208,1.598154,0.021573,0.021998,86.055339,87.275365,9.145064,9.113149,8.118951,8.20309,7.818205,7.801388,1.583323,0.022451,88.979741,9.218122,8.232711,7.966381
C01077,A_L15,DIGITAL_CMOS,CMOS_A,1.619372,1.627586,0.022302,0.022915,90.495818,92.489279,8.559534,8.64772,7.850953,7.846812,7.736071,7.804291,1.682448,0.024207,97.778788,8.640206,7.965178,7.833856
C01078,A_L15,DIGITAL_CMOS,CMOS_A,1.453569,1.444131,0.014897,0.015585,85.997881,88.158895,8.69016,8.723172,7.859009,7.916423,7.72135,7.755185,1.529654,0.017557,93.890961,8.918772,8.316593,8.240935
C01079,A_L15,DIGITAL_CMOS,CMOS_A,1.284816,1.253302,0.012685,0.012757,80.480523,80.417575,9.350532,9.4028,8.359119,8.309971,7.329272,7.33432,1.279344,0.013037,82.643831,9.397689,8.314878,7.269839
C01080,A_L15,DIGITAL_CMOS,CMOS_A,1.253017,1.263962,0.014615,0.015006,86.767494,88.620058,9.027749,9.015557,8.24883,8.389204,8.004566,8.016417,1.290404,0.016574,92.536911,9.179781,8.682942,8.259819
C01081,A_L15,DIGITAL_CMOS,CMOS_A,1.910813,1.89682,0.015742,0.016374,88.976559,90.916001,9.095496,9.125449,8.312824,8.367572,7.764962,7.839767,1.978917,0.018582,98.140625,9.167676,8.604704,7.968555
C01082,A_L15,DIGITAL_CMOS,CMOS_A,1.355415,1.380368,0.012064,0.012349,80.164654,82.230735,8.715804,8.710743,8.366558,8.504159,7.552747,7.617479,1.420743,0.013007,85.424478,8.766885,8.682962,7.799251
C01083,A_L15,DIGITAL_CMOS,CMOS_A,1.47909,1.475561,0.021841,0.021673,83.728392,83.66195,9.041233,9.044997,7.776601,7.806733,7.365589,7.338091,1.512207,0.021866,85.388833,9.242411,8.127494,7.676263
C01084,A_L15,DIGITAL_CMOS,CMOS_A,1.648115,1.638109,0.01124,0.011604,81.056601,81.147656,9.275706,9.298709,8.781456,8.821887,8.454188,8.391823,1.625007,0.011725,81.536388,9.510606,9.185003,8.642575
C01085,A_L15,DIGITAL_CMOS,CMOS_A,1.550583,1.573475,0.015277,0.015974,85.422402,85.259932,8.903985,9.014283,8.222433,8.389186,7.739166,7.89977,1.586921,0.017247,89.760274,9.100265,8.571948,8.135892
C01086,A_L15,DIGITAL_CMOS,CMOS_A,2.01562,2.01457,0.016417,0.017348,86.55884,88.756269,9.225433,9.18771,8.073466,8.224703,8.284988,8.230303,2.055453,0.018575,93.306232,9.363665,8.380641,8.346467
C01087,A_L15,DIGITAL_CMOS,CMOS_A,1.357959,1.395972,0.016608,0.016806,85.021365,87.145629,8.559541,8.620303,8.335833,8.320592,8.19199,8.154912,1.436463,0.018875,93.126408,8.670214,8.411448,8.210072
C01088,A_L15,DIGITAL_CMOS,CMOS_A,1.566286,1.61086,0.01568,0.016174,85.087805,85.960733,8.595771,8.570441,7.779641,7.941498,7.526627,7.510672,1.6495,0.016934,89.283393,8.597386,7.939723,7.594602
C01089,A_L15,DIGITAL_CMOS,CMOS_A,1.697446,1.731259,0.016478,0.017463,84.804652,84.845391,8.80009,8.765611,8.284292,8.448739,7.546542,7.647794,1.824935,0.018851,88.944379,8.9424,8.759079,7.88708
C01090,A_L15,DIGITAL_CMOS,CMOS_A,1.354159,1.400573,0.017618,0.017951,86.126274,86.550637,9.240506,9.227406,8.619254,8.729337,8.241815,8.299341,1.392174,0.018419,87.020273,9.281001,8.786504,8.302326
C01091,A_L15,DIGITAL_CMOS,CMOS_A,1.657006,1.676448,0.023808,0.024794,86.279067,90.238457,9.056538,9.007365,7.131434,7.200735,7.516617,7.623691,1.744155,0.026141,94.370105,9.17857,7.478221,7.847001
C01092,A_L15,DIGITAL_CMOS,CMOS_A,1.877041,1.87905,0.012687,0.013793,88.714544,90.053437,8.742107,8.703051,7.944427,8.068439,7.435627,7.50669,2.026467,0.014567,96.979405,8.791895,8.322987,7.599922
C01093,A_L15,DIGITAL_CMOS,CMOS_A,1.298099,1.300291,0.018955,0.019976,87.163181,89.291802,8.8136,8.853167,8.922555,8.991115,7.989966,8.174611,1.357752,0.021346,92.369249,8.89345,9.22798,8.300924
C01094,A_L15,DIGITAL_CMOS,CMOS_A,1.308827,1.346242,0.012764,0.013698,91.580506,93.269662,8.384354,8.277753,7.537793,7.511067,7.54186,7.599888,1.389122,0.01433,95.81295,8.377444,7.547498,7.595299
C01095,A_L15,DIGITAL_CMOS,CMOS_A,1.47239,1.473308,0.019015,0.019467,84.422475,84.834367,8.743488,8.838049,7.705828,7.775706,7.128552,7.189776,1.549244,0.022647,89.736819,8.918488,8.011546,7.396757
C01096,A_L15,DIGITAL_CMOS,CMOS_A,1.854555,1.890863,0.019165,0.020985,86.998387,87.474251,9.091863,9.068417,8.23354,8.398288,7.662785,7.663672,2.689515,0.028998,91.049973,9.306218,9.015091,7.972571
C01097,A_L15,DIGITAL_CMOS,CMOS_A,1.859305,1.886602,0.026835,0.029051,83.818145,86.246978,8.683437,8.715021,8.29756,8.297539,7.806806,7.862862,1.905285,0.031691,89.350011,8.685133,8.281401,7.865688
C01098,A_L15,DIGITAL_CMOS,CMOS_A,1.625548,1.588659,0.014273,0.014837,88.906552,91.957491,9.355263,9.39653,8.477282,8.495703,8.168569,8.272206,1.676451,0.015716,94.849183,9.692928,9.081553,8.668625
C01099,A_L15,DIGITAL_CMOS,CMOS_A,1.337832,1.329206,0.01531,0.015308,81.034393,81.092408,9.045449,9.064262,8.513287,8.644059,7.439979,7.583165,1.332705,0.015793,83.135719,9.209618,8.879486,7.846614
C01100,A_L15,DIGITAL_CMOS,CMOS_A,1.670795,1.656123,0.016641,0.016947,86.137055,86.752344,8.837775,8.872288,8.094926,8.133712,7.176704,7.192845,1.746845,0.020037,95.169996,8.976919,8.388503,7.363107
C01101,A_L15,DIGITAL_CMOS,CMOS_A,1.597823,1.58044,0.017073,0.017797,85.014457,86.558809,8.928179,8.997302,7.967343,8.00694,7.423149,7.494797,1.630057,0.018542,90.722509,9.113564,8.486492,7.743207
C01102,A_L15,DIGITAL_CMOS,CMOS_A,1.806161,1.798163,0.021066,0.022027,86.257371,87.893637,8.873276,8.964042,8.541809,8.602839,7.504816,7.554748,1.896014,0.022683,92.609733,9.164914,8.874178,7.79042
C01103,A_L15,DIGITAL_CMOS,CMOS_A,1.844125,1.852121,0.024394,0.024402,84.501696,84.285423,8.726439,8.747946,8.761262,8.803439,7.492626,7.571762,1.86031,0.024799,85.491528,8.946123,9.163309,7.960354
C01104,A_L15,DIGITAL_CMOS,CMOS_A,1.364238,1.374035,0.021212,0.02124,92.75498,91.860256,9.026383,9.020792,8.608996,8.711406,7.934836,7.891833,1.411311,0.021384,93.191368,9.219842,9.280284,8.204219
C01105,A_L15,DIGITAL_CMOS,CMOS_A,2.046339,2.118418,0.021414,0.023188,78.856556,81.616659,8.671689,8.659177,8.266936,8.289436,7.359233,7.391328,2.20954,0.024515,88.767485,8.677715,8.499946,7.414112
C01106,A_L15,DIGITAL_CMOS,CMOS_A,1.700711,1.748359,0.027619,0.029314,82.9232,84.544231,8.929628,8.922836,7.764398,7.81548,7.447017,7.399215,1.816198,0.030847,88.4903,8.965446,7.971324,7.574056
C01107,A_L15,DIGITAL_CMOS,CMOS_A,1.843271,1.858013,0.031851,0.032294,90.04213,90.312144,8.784783,8.812537,7.678776,7.729171,7.437555,7.576671,1.87424,0.032941,91.355138,8.898125,8.009724,7.775221
C01108,A_L15,DIGITAL_CMOS,CMOS_A,1.645053,1.645551,0.02088,0.020753,83.997006,84.711576,8.973366,8.998677,8.650181,8.776356,8.49091,8.606951,1.680995,0.02164,85.595968,9.073618,8.873926,8.758017
C01109,A_L15,DIGITAL_CMOS,CMOS_A,1.466205,1.486373,0.018276,0.019018,89.735686,91.366785,9.066009,9.095386,8.591325,8.596166,7.728416,7.729876,1.51549,0.020096,96.465606,9.117799,8.723786,7.84168
C01110,A_L15,DIGITAL_CMOS,CMOS_A,1.575388,1.601055,0.013279,0.014139,84.351566,87.067139,8.598164,8.658475,7.580781,7.588658,7.557369,7.567574,1.633472,0.014776,91.18874,8.624979,7.6402,7.56467
C01111,A_L15,DIGITAL_CMOS,CMOS_A,1.475919,1.477843,0.017756,0.018209,88.867452,89.616274,9.131216,9.212714,8.357295,8.33607,7.65857,7.78156,1.561309,0.020475,94.643711,9.167796,8.343379,7.784966
C01112,A_L15,DIGITAL_CMOS,CMOS_A,1.305328,1.324217,0.017613,0.018176,86.642091,88.759799,8.999537,8.996305,8.214192,8.288578,7.362646,7.397501,1.42642,0.01991,97.741305,9.075742,8.279316,7.362478
C01113,A_L15,DIGITAL_CMOS,CMOS_A,1.686237,1.666982,0.023787,0.02403,84.054326,84.364324,8.862405,8.972937,15.289193,15.449311,8.144184,8.297802,1.706027,0.024671,85.672781,9.045425,15.938454,8.577743
C01114,A_L15,DIGITAL_CMOS,CMOS_A,1.523255,1.515448,0.017923,0.017725,90.549639,92.389251,8.709092,8.770392,7.79064,7.818822,7.147402,7.217951,1.536561,0.017981,93.369074,8.809323,8.109372,7.477692
C01115,A_L15,DIGITAL_CMOS,CMOS_A,1.427805,1.427116,0.016075,0.016245,81.77587,83.028542,8.788471,8.780887,8.196086,8.381832,7.557656,7.508956,1.446026,0.016766,83.210516,8.969046,8.748101,7.684739
C01116,A_L15,DIGITAL_CMOS,CMOS_A,1.510029,1.506487,0.018943,0.019866,83.097142,84.390208,8.930674,9.031205,8.564373,8.554055,8.030421,8.094553,1.538814,0.020918,89.808143,9.140985,8.892709,8.33844
C01117,A_L15,DIGITAL_CMOS,CMOS_A,1.814342,1.789662,0.02525,0.026273,85.974615,88.165217,9.058601,9.086761,7.871736,7.864281,7.296788,7.345105,1.878007,0.030457,96.305021,9.151053,7.874714,7.49909
C01118,A_L15,DIGITAL_CMOS,CMOS_A,1.455833,1.463674,0.012582,0.013006,86.035242,86.929255,8.71852,8.74253,8.178059,8.233439,7.18081,7.31778,1.538568,0.014895,93.25163,8.858962,8.497475,7.47531
C01119,A_L15,DIGITAL_CMOS,CMOS_A,1.60523,1.644523,0.017559,0.018103,81.526423,83.290616,8.880602,8.839905,8.265086,8.367355,7.13743,7.167354,1.745783,0.020416,92.210383,8.959955,8.348191,7.234791
C01120,A_L15,DIGITAL_CMOS,CMOS_A,1.41992,1.412121,0.014547,0.014986,82.548922,82.951222,9.184362,9.158283,7.992064,7.94693,7.669036,7.617029,1.454868,0.015478,81.939075,9.226942,8.166031,7.779285
C01121,A_L15,DIGITAL_CMOS,CMOS_A,1.521628,1.518738,0.01961,0.021184,87.444978,88.672707,9.208569,9.131368,8.184406,8.24816,7.912632,7.936813,1.593364,0.108524,101.073501,9.244028,8.317874,7.941566
C01122,A_L16,DIGITAL_CMOS,CMOS_A,1.229905,1.218657,0.014648,0.014867,87.971926,88.719303,8.794605,8.862225,7.528815,7.679277,7.241441,7.361006,1.274149,0.015687,91.522001,8.925685,7.943944,7.553912
C01123,A_L16,DIGITAL_CMOS,CMOS_A,1.401083,1.41436,0.016076,0.016607,85.34126,85.706563,9.386524,9.49712,8.286369,8.440963,7.638615,7.663195,1.582052,0.017942,90.41304,9.747197,8.949969,7.92804
C01124,A_L16,DIGITAL_CMOS,CMOS_A,1.934205,1.893955,0.016823,0.017217,94.117335,95.416968,9.107548,9.14651,7.945714,7.973441,7.177737,7.255144,2.106169,0.018499,103.150012,9.382694,8.216962,7.504073
C01125,A_L16,DIGITAL_CMOS,CMOS_A,1.651906,1.686893,0.022546,0.023477,93.064117,94.858305,8.536949,8.550647,7.440991,7.652429,6.837247,6.880143,1.706113,0.025034,97.342386,8.68137,7.994507,7.024728
C01126,A_L16,DIGITAL_CMOS,CMOS_A,1.380584,1.407872,0.014623,0.01516,81.287965,82.249816,9.043401,9.022469,7.815802,7.880698,7.00506,7.112117,1.455779,0.016018,87.293644,9.260518,8.250351,7.532326
C01127,A_L16,DIGITAL_CMOS,CMOS_A,1.248391,1.26635,0.019221,0.020156,85.783834,85.989382,9.108737,9.087305,8.247499,8.340118,7.29886,7.374031,1.313177,0.021009,88.792746,9.166472,8.480117,7.446328
C01128,A_L16,DIGITAL_CMOS,CMOS_A,1.491383,1.519065,0.013127,0.013549,85.80501,85.793542,9.659177,9.612853,8.352335,8.285827,7.238573,7.179454,1.55804,0.014516,89.035792,9.643936,8.383798,7.270718
C01129,A_L16,DIGITAL_CMOS,CMOS_A,1.61034,1.574853,0.021878,0.021651,90.142021,90.456366,9.130153,9.17739,8.242931,8.332511,7.459422,7.556338,1.576574,0.021748,91.00427,9.377603,8.555369,7.858639
C01130,A_L16,DIGITAL_CMOS,CMOS_A,1.37006,1.384012,0.013839,0.013827,92.98513,93.8601,8.542814,8.633954,7.382849,7.416164,7.113093,7.34669,1.450842,0.015033,97.271152,8.757926,7.694364,7.61325
C01131,A_L16,DIGITAL_CMOS,CMOS_A,1.407814,1.454541,0.020399,0.020758,85.504451,85.328022,8.772237,8.773797,7.881274,7.879511,7.834748,7.88274,1.575849,0.022081,89.118979,8.84243,7.974139,7.994464
C01132,A_L16,DIGITAL_CMOS,CMOS_A,1.542885,1.543501,0.017046,0.017285,85.681812,86.096517,9.203242,9.106764,8.202929,8.315137,7.219764,7.250062,1.591308,0.017357,86.026956,9.476131,8.73228,7.762882
C01133,A_L16,DIGITAL_CMOS,CMOS_A,1.505326,1.503259,0.01868,0.019205,92.740566,93.547642,8.713203,8.86364,8.041931,8.16248,6.82648,6.975291,1.619111,0.02027,99.038835,8.935207,8.340669,7.193495
C01134,A_L16,DIGITAL_CMOS,CMOS_A,1.366147,1.367991,0.013839,0.01418,81.901742,82.026032,9.436678,9.446809,8.104761,8.078155,7.823712,7.817479,1.430222,0.014769,84.900604,9.465293,8.237779,7.848611
C01135,A_L16,DIGITAL_CMOS,CMOS_A,1.466436,1.500937,0.018069,0.018524,85.578396,86.144983,8.47002,8.515974,7.383007,7.446094,7.241842,7.335335,1.576664,0.018771,87.466735,8.5363,7.49943,7.433576
C01136,A_L16,DIGITAL_CMOS,CMOS_A,1.52401,1.59387,0.018503,0.018572,92.019275,92.707291,8.697085,8.652432,7.887958,7.879267,6.813538,6.832102,1.605964,0.019055,92.469808,8.664272,7.898666,6.948348
C01137,A_L16,DIGITAL_CMOS,CMOS_A,1.451181,1.502125,0.019384,0.020117,92.847566,94.140944,8.70422,8.774685,7.648327,7.697729,7.504248,7.503459,1.606432,0.020875,96.389905,8.944682,7.932566,7.754381
C01138,A_L16,DIGITAL_CMOS,CMOS_A,1.412863,1.435528,0.027828,0.027596,89.583273,90.171757,8.425918,8.485956,8.683278,8.654672,7.496415,7.499107,1.454034,0.028168,90.814248,8.568459,9.001067,7.821787
C01139,A_L16,DIGITAL_CMOS,CMOS_A,1.957996,1.980093,0.016074,0.016177,87.390235,87.462157,9.173543,9.204126,8.381382,8.428487,7.462297,7.565119,2.090437,0.016958,92.186178,9.340036,8.697251,7.757004
C01140,A_L16,DIGITAL_CMOS,CMOS_A,1.416006,1.481482,0.016276,0.016813,80.550108,81.70856,9.273599,9.353075,8.214073,8.18438,7.677199,7.736152,1.649431,0.018675,83.772979,9.350628,8.306269,7.850147
C01141,A_L16,DIGITAL_CMOS,CMOS_A,1.739105,1.764857,0.015463,0.015843,89.739985,89.971529,9.846909,9.795558,7.954293,7.882626,7.193688,7.210565,1.907607,0.01715,95.680584,9.932023,7.886857,7.229066
C01142,A_L16,DIGITAL_CMOS,CMOS_A,1.18566,1.21299,0.015919,0.016231,83.042137,83.88088,9.06043,9.109547,8.396251,8.40342,7.631112,7.709186,1.286411,0.016733,86.317372,9.353549,8.743106,8.077193
C01143,A_L16,DIGITAL_CMOS,CMOS_A,1.644588,1.65422,0.015978,0.016182,85.553249,85.771992,9.081011,9.062605,7.349621,7.375914,7.339136,7.363229,1.696954,0.016304,85.049399,9.369921,7.716567,7.719836
C01144,A_L16,DIGITAL_CMOS,CMOS_A,1.316448,1.349685,0.016184,0.016563,79.190253,79.629645,9.143016,9.087638,8.371915,8.397367,7.469061,7.413502,1.503719,0.018287,83.456507,9.273578,8.501805,7.556218
C01145,A_L16,DIGITAL_CMOS,CMOS_A,1.554998,1.562233,0.017849,0.017819,91.609773,92.73554,9.177866,9.118956,8.432256,8.442477,7.395034,7.439531,1.540415,0.017896,92.775575,9.232574,8.572674,7.411833
C01146,A_L16,DIGITAL_CMOS,CMOS_A,1.111789,1.146372,0.010645,0.010587,90.134301,91.004688,9.442842,9.43824,8.233476,8.272075,7.629146,7.736105,1.183591,0.011176,94.374394,9.632413,8.765078,8.081976
C01147,A_L16,DIGITAL_CMOS,CMOS_A,1.531721,1.579213,0.014647,0.014892,91.084857,92.760397,8.929085,8.990759,7.937985,7.984317,7.278192,7.314931,1.677137,0.016302,97.560612,9.262488,8.448262,7.690591
C01148,A_L16,DIGITAL_CMOS,CMOS_A,1.446527,1.487428,0.016281,0.016599,79.54778,81.134426,9.236854,9.242746,8.94494,8.891214,7.502663,7.507055,1.59504,0.017708,85.501372,9.482682,9.401373,8.067384
C01149,A_L16,DIGITAL_CMOS,CMOS_A,2.083002,2.136877,0.015617,0.015949,95.974932,97.614085,9.284993,9.270299,8.602722,8.591276,8.033304,8.044331,2.253924,0.01665,98.916672,9.277772,8.698608,8.080592
C01150,A_L16,DIGITAL_CMOS,CMOS_A,1.060077,1.104396,0.010725,0.010941,83.628239,84.659976,8.923713,8.97916,7.100342,7.167734,6.862621,6.892932,1.142649,0.011299,87.081619,9.023387,7.174792,6.923091
C01151,A_L16,DIGITAL_CMOS,CMOS_A,1.434111,1.460349,0.016694,0.017004,83.569007,84.215044,8.97076,8.985374,7.635121,7.678933,7.352259,7.314633,1.545065,0.017556,86.733787,8.997934,7.66885,7.47792
C01152,A_L16,DIGITAL_CMOS,CMOS_A,1.315719,1.301054,0.016489,0.016562,85.663053,86.227135,8.838804,8.923871,7.641845,7.670963,6.894651,6.87963,1.437001,0.01737,89.84456,8.901529,7.740425,6.942463
C01153,A_L16,DIGITAL_CMOS,CMOS_A,1.521702,1.537739,0.018243,0.018205,93.004554,94.335346,8.324153,8.341823,7.331607,7.435847,6.618763,6.7748,1.622195,0.018853,96.808967,8.520892,7.636278,6.993095
C01154,A_L16,DIGITAL_CMOS,CMOS_A,1.56548,1.581332,0.026946,0.027203,88.643641,90.234837,9.223947,9.179085,8.114577,8.157028,7.394475,7.404705,1.723298,0.029072,93.492566,9.327247,8.365546,7.481038
C01155,A_L16,DIGITAL_CMOS,CMOS_A,1.526834,1.563459,0.02703,0.026866,92.831954,92.717146,8.742772,8.78606,7.825093,7.739898,7.504999,7.53964,1.685893,0.028842,99.035697,8.762155,7.948151,7.564375
C01156,A_L16,DIGITAL_CMOS,CMOS_A,1.196996,1.19513,0.022186,0.02271,85.7231,87.772688,8.695364,8.789998,7.747051,7.692445,7.021421,7.083211,1.262829,0.024067,88.806816,8.80431,7.726093,7.050332
C01157,A_L16,DIGITAL_CMOS,CMOS_A,1.02411,1.022013,0.024394,0.024314,88.633795,87.80721,8.875559,8.914278,7.894443,7.90711,7.224255,7.322416,1.047023,0.02505,88.587637,8.924737,8.067335,7.313183
C01158,A_L16,DIGITAL_CMOS,CMOS_A,1.477763,1.499496,0.015246,0.015241,83.62413,84.211725,8.821475,8.87592,7.505937,7.614355,6.998407,7.173976,1.523298,0.01577,85.215505,9.059147,7.741077,7.438222
C01159,A_L16,DIGITAL_CMOS,CMOS_A,1.369207,1.359408,0.011271,0.011245,84.346113,84.658877,9.070749,9.156328,7.273168,7.338833,7.161561,7.284716,1.386358,0.011366,85.796831,9.319916,7.57599,7.476908
C01160,A_L16,DIGITAL_CMOS,CMOS_A,1.211846,1.230159,0.015989,0.01628,85.688107,85.030686,9.007129,9.122431,7.779985,7.857868,7.031139,7.154425,1.214427,0.01658,85.577183,9.203128,8.101808,7.391574
C01161,A_L16,DIGITAL_CMOS,CMOS_A,1.391634,1.442197,0.018057,0.018341,83.782537,83.915923,8.385119,8.434778,8.004662,8.050566,7.286371,7.349472,1.575535,0.019253,88.4948,8.632656,8.258433,7.629985
C01162,A_L16,DIGITAL_CMOS,CMOS_A,1.220692,1.208617,0.028096,0.028746,94.943171,95.757734,8.821858,8.906172,7.541614,7.594738,7.628811,7.644769,1.285209,0.029631,98.154367,9.056793,7.893437,7.976247
C01163,A_L16,DIGITAL_CMOS,CMOS_A,2.452867,2.473201,0.02551,0.025807,94.251464,93.688443,9.260996,9.261511,8.138211,8.269511,7.480159,7.469472,2.454051,0.026267,94.711172,9.466987,8.525415,7.772652
C01164,A_L16,DIGITAL_CMOS,CMOS_A,1.535543,1.54524,0.014276,0.014666,84.925277,85.958578,8.606986,8.609227,7.853126,7.937885,7.070505,7.064303,1.637928,0.015351,87.729789,8.630258,8.035679,7.053155
C01165,A_L16,DIGITAL_CMOS,CMOS_A,1.415748,1.463003,0.019292,0.019421,88.394846,89.846394,9.4129,9.499851,8.232513,8.442505,7.952707,7.982593,1.531312,0.021217,94.060362,9.64559,8.563941,8.34531
C01166,A_L16,DIGITAL_CMOS,CMOS_A,1.426918,1.468617,0.019809,0.020459,89.87601,91.786697,8.892978,8.893639,7.724468,7.754735,7.358116,7.424427,1.498011,0.02097,94.748446,9.004205,7.721341,7.326278
C01167,A_L16,DIGITAL_CMOS,CMOS_A,1.575128,1.572295,0.022195,0.022855,87.47767,89.316978,8.904526,8.94693,8.171017,8.158521,7.527365,7.576389,1.64053,0.023905,93.672506,9.040964,8.403509,7.962034
C01168,A_L16,DIGITAL_CMOS,CMOS_A,1.207238,1.272102,0.016108,0.016848,89.693058,90.584948,8.718091,8.761181,8.166567,8.209821,7.310391,7.316047,1.31934,0.017627,94.648709,8.800026,8.271271,7.398016
C01169,A_L16,DIGITAL_CMOS,CMOS_A,1.524019,1.567572,0.021101,0.021373,89.068757,90.228918,8.748005,8.842141,7.400327,7.525036,6.814966,6.951046,1.577297,0.021315,89.948703,8.95851,7.883629,7.157774
C01170,A_L16,DIGITAL_CMOS,CMOS_A,1.651435,1.69287,0.017462,0.018407,83.152948,84.469182,9.163913,9.17042,8.55711,8.545808,7.326013,7.381333,1.756156,0.018717,87.003687,9.236682,8.6629,7.45055
C01171,A_L16,DIGITAL_CMOS,CMOS_A,1.317849,1.348337,0.021789,0.022179,90.164605,90.415161,8.967461,8.954876,7.714282,7.832444,7.057154,7.199743,1.361211,0.022564,91.052651,9.144471,8.157619,7.463048
C01172,A_L16,DIGITAL_CMOS,CMOS_A,1.532766,1.523865,0.018025,0.017916,90.51632,90.450418,8.693786,8.683561,8.397407,8.525821,7.308549,7.400545,1.554593,0.018177,90.528791,8.960684,9.081734,7.976995
C01173,A_L16,DIGITAL_CMOS,CMOS_A,1.539869,1.566353,0.019877,0.020578,95.06432,96.246061,8.837282,8.875381,7.60737,7.681281,6.868739,6.896375,1.657831,0.021817,100.359091,8.858588,7.805881,7.016488
C01174,A_L16,DIGITAL_CMOS,CMOS_A,1.28861,1.324091,0.022255,0.022633,89.31161,90.227741,8.657778,8.699967,7.651156,7.751182,6.84457,6.974607,1.363078,0.023689,92.593313,8.840684,7.960271,7.15655
C01175,A_L16,DIGITAL_CMOS,CMOS_A,1.667138,1.624772,0.024595,0.024827,90.150928,90.75034,9.377272,9.438995,8.21073,8.228532,7.730395,7.839821,1.651615,0.025684,90.301897,9.607436,8.756343,8.082625
C01176,A_L16,DIGITAL_CMOS,CMOS_A,1.29427,1.300667,0.018733,0.018611,96.368177,96.040191,8.525175,8.514011,7.688787,7.644965,7.172361,7.184981,1.31499,0.018959,98.056507,8.504375,7.749348,7.263177
C01177,A_L16,DIGITAL_CMOS,CMOS_A,1.346816,1.375216,0.029919,0.030781,91.290605,91.108215,9.127278,9.161453,8.434385,8.387429,7.705064,7.731723,1.374352,0.031683,90.902154,9.19938,8.452507,7.844531
C01178,A_L16,DIGITAL_CMOS,CMOS_A,1.474062,1.444492,0.015574,0.015855,91.743873,92.739789,8.909104,8.864561,7.851535,7.884409,6.970816,6.977141,1.463992,0.01612,93.31412,8.915423,7.933703,7.116892
C01179,A_L16,DIGITAL_CMOS,CMOS_A,1.363659,1.395474,0.023038,0.023068,84.089624,84.050581,8.888061,9.016657,8.542064,9.383762,7.571378,7.49539,1.415878,0.023894,85.420574,9.521845,15.330853,7.661395
C01180,A_L16,DIGITAL_CMOS,CMOS_A,1.348041,1.370931,0.018292,0.0185,90.346172,90.451123,9.699117,9.74254,8.662152,8.709826,7.857537,7.861323,1.358732,0.018741,90.616962,9.728268,8.790355,7.909349
C01181,A_L16,DIGITAL_CMOS,CMOS_A,2.104533,2.154678,0.019337,0.019566,87.737488,88.300554,9.13086,9.167508,8.047864,8.124115,7.442206,7.409041,2.165854,0.019928,88.173422,9.2514,8.099888,7.461975
C01182,A_L16,DIGITAL_CMOS,CMOS_A,1.625944,1.639732,0.019685,0.019691,90.091199,90.901583,9.298458,9.301486,8.221057,8.288585,7.780051,7.825066,1.66451,0.01973,91.529066,9.306354,8.359356,7.883399
C01183,A_L16,DIGITAL_CMOS,CMOS_A,1.292304,1.325103,0.015273,0.015232,89.060394,88.530823,9.199852,9.28219,8.368745,8.447774,7.025937,7.113501,1.379378,0.015273,89.933845,9.595318,9.107022,7.585848
C01184,A_L16,DIGITAL_CMOS,CMOS_A,1.507208,1.511131,0.020641,0.020839,84.623106,84.525573,8.712982,8.664937,7.710779,7.740733,7.268746,7.318358,1.566739,0.021018,85.032929,8.71799,7.845269,7.321205
C01185,A_L16,DIGITAL_CMOS,CMOS_A,1.441766,1.456216,0.025397,0.026506,88.106916,88.678163,8.679118,8.697415,7.407536,7.466345,6.856411,6.865064,1.525019,0.027357,91.233761,8.791169,7.521421,6.930757
C01186,A_L16,DIGITAL_CMOS,CMOS_A,1.11414,1.116146,0.014627,0.014724,84.668215,84.828931,8.343646,8.336969,7.615503,7.59185,7.114103,7.199911,1.107381,0.014641,85.294342,8.423423,7.678788,7.169206
C01187,A_L16,DIGITAL_CMOS,CMOS_A,1.445406,1.458116,0.01707,0.017224,93.361801,94.29495,8.970525,8.88499,7.530947,7.674022,7.318635,7.458033,1.490163,0.017434,94.755114,9.111558,7.91648,7.640026
C01188,A_L16,DIGITAL_CMOS,CMOS_A,1.497207,1.51831,0.024362,0.024629,83.911348,85.855797,8.93717,8.984735,7.992684,8.062169,7.270913,7.382645,1.537244,0.025714,88.507094,9.136915,8.495449,7.638312
C01189,A_L16,DIGITAL_CMOS,CMOS_A,1.280205,1.311188,0.020874,0.021295,87.824052,89.199426,8.568565,8.599444,7.654918,7.666676,7.020494,7.046918,1.475643,0.022943,94.307389,8.611611,7.678845,7.100043
C01190,A_L16,DIGITAL_CMOS,CMOS_A,1.561941,1.581313,0.023895,0.024049,92.535441,92.317214,9.266902,9.235721,8.14654,8.242118,7.458566,7.496615,1.562099,0.02439,93.406523,9.323342,8.258512,7.509043
C01191,A_L16,DIGITAL_CMOS,CMOS_A,1.431979,1.41384,0.012114,0.01255,89.768549,89.611967,8.921096,8.997214,7.805281,7.876093,7.311968,7.340641,1.424578,0.01259,90.660729,9.073571,8.111297,7.480264
C01192,A_L16,DIGITAL_CMOS,CMOS_A,1.474782,1.497087,0.017744,0.017682,86.977502,87.140201,8.962198,8.962124,8.029323,8.044393,6.731348,6.76685,1.531492,0.017879,89.369523,9.042379,8.099761,6.83338
C01193,A_L16,DIGITAL_CMOS,CMOS_A,1.668344,1.68101,0.026259,0.026585,99.788532,99.435102,8.80435,8.788544,8.191876,8.203829,7.488656,7.477796,1.669121,0.027306,99.696562,8.849645,8.33619,7.467701
C01194,A_L16,DIGITAL_CMOS,CMOS_A,1.19686,1.208168,0.018026,0.018643,88.103761,89.901074,9.292456,9.341677,8.401138,8.393016,6.997454,6.976056,1.257917,0.019796,93.191783,9.220845,8.394987,7.082867
C01195,A_L16,DIGITAL_CMOS,CMOS_A,1.588176,1.56249,0.023703,0.024279,88.162038,87.391867,8.892345,8.906827,8.113142,8.083834,7.171935,7.243884,1.58681,0.024364,89.016763,9.022783,8.138917,7.283388
C01196,A_L16,DIGITAL_CMOS,CMOS_A,1.656547,1.69486,0.018807,0.019279,92.025794,91.904396,8.913966,9.003326,8.660916,8.780933,7.772457,7.957983,1.824448,0.020978,94.86672,9.215976,8.932512,8.098057
C01197,A_L16,DIGITAL_CMOS,CMOS_A,1.602621,1.645104,0.016221,0.016354,93.55598,93.683322,8.586683,8.590552,7.571523,7.694399,6.90179,6.926984,1.756747,0.018161,97.271017,8.649131,7.792434,6.930086
C01198,A_L16,DIGITAL_CMOS,CMOS_A,1.449195,1.48034,0.011418,0.011686,86.550779,88.031442,8.832524,8.855264,7.667074,7.613297,6.894379,6.852578,1.545424,0.012513,92.733917,8.884372,7.663944,6.933231
C01199,A_L16,DIGITAL_CMOS,CMOS_A,1.82147,1.843145,0.017553,0.018062,95.291525,97.030227,8.306667,8.347427,7.79189,7.847228,6.935334,6.953837,1.96343,0.019316,101.060004,8.377379,7.78232,7.083984
C01200,A_L17,DIGITAL_CMOS,CMOS_A,1.68992,1.652441,0.019441,0.019792,92.43425,92.795355,8.867325,8.984934,7.274633,7.346154,7.436922,7.426933,1.695833,0.020191,92.967254,9.094886,7.300895,7.587289
C01201,A_L17,DIGITAL_CMOS,CMOS_A,1.51407,1.493079,0.017887,0.018073,87.625967,87.483111,9.509351,9.5907,8.286576,8.361433,7.841485,7.863946,1.533399,0.018631,87.86875,9.576156,8.372154,7.905751
C01202,A_L17,DIGITAL_CMOS,CMOS_A,1.685883,1.690303,0.016088,0.017082,85.67076,87.935925,10.370004,10.537052,8.425988,8.535525,7.792923,7.868419,1.715251,0.018438,89.440113,10.689601,8.71888,7.949359
C01203,A_L17,DIGITAL_CMOS,CMOS_A,1.531185,1.517755,0.013803,0.013899,84.73111,84.42218,8.91773,8.910689,7.876614,7.939264,7.327726,7.376429,1.537815,0.014147,84.11247,8.901693,7.902588,7.432313
C01204,A_L17,DIGITAL_CMOS,CMOS_A,2.059984,2.072474,0.018008,0.018401,85.056469,85.117127,9.492117,9.408812,8.058255,8.116024,7.476255,7.530542,2.058785,0.018786,84.04758,9.447727,8.154008,7.515098
C01205,A_L17,DIGITAL_CMOS,CMOS_A,1.59453,1.573153,0.016429,0.01756,87.971559,88.091432,9.491848,9.616105,8.593953,8.561154,8.133104,8.155472,1.637002,0.018555,90.653905,9.847191,8.712255,8.18086
C01206,A_L17,DIGITAL_CMOS,CMOS_A,1.344479,1.314499,0.02283,0.02298,87.151515,86.88997,8.706853,8.711762,8.116948,8.142854,6.932145,6.996604,1.35002,0.023565,87.62178,8.854093,8.186598,7.077873
C01207,A_L17,DIGITAL_CMOS,CMOS_A,1.33289,1.348432,0.018267,0.018852,90.684951,91.215966,8.687002,8.716477,7.226282,7.275063,6.898772,6.882389,1.407288,0.021226,95.123136,8.795213,7.256467,6.918003
C01208,A_L17,DIGITAL_CMOS,CMOS_A,1.835964,1.846287,0.020234,0.02101,90.128315,90.796976,8.888305,8.928234,8.057288,7.999624,7.484885,7.427698,1.909922,0.024054,96.335316,8.901777,8.067997,7.494341
C01209,A_L17,DIGITAL_CMOS,CMOS_A,1.266849,1.256874,0.02058,0.020516,88.213956,88.754602,8.967213,8.977375,7.607552,7.601939,7.113772,7.069692,1.270563,0.021501,89.259989,9.046209,7.612069,7.188033
C01210,A_L17,DIGITAL_CMOS,CMOS_A,1.801336,1.772739,0.020167,0.02092,86.498206,86.453854,9.208228,9.255497,8.06891,8.123728,7.588628,7.573053,1.768763,0.021043,87.053579,9.215134,8.134857,7.633106
C01211,A_L17,DIGITAL_CMOS,CMOS_A,1.4361,1.47758,0.02029,0.021209,92.051285,92.240037,9.083202,9.094477,7.819526,7.772133,7.428896,7.474626,1.534339,0.022366,95.668052,9.107556,7.856496,7.463968
C01212,A_L17,DIGITAL_CMOS,CMOS_A,1.354237,1.354067,0.020021,0.020327,88.976399,89.572602,9.103599,9.14836,7.996142,8.00756,7.27756,7.247697,1.368817,0.0206,90.397822,9.429567,8.200944,7.473726
C01213,A_L17,DIGITAL_CMOS,CMOS_A,1.582325,1.559568,0.018338,0.018674,89.433531,89.320816,9.498764,9.55309,8.142755,8.135399,7.795994,7.846533,1.584717,0.019152,89.753322,9.572486,8.170822,7.85206
C01214,A_L17,DIGITAL_CMOS,CMOS_A,1.179775,1.187902,0.015539,0.015585,91.501859,92.170388,9.380351,9.444408,7.9237,8.091278,7.456833,7.620994,1.213599,0.016241,92.977022,9.635776,8.070206,7.710301
C01215,A_L17,DIGITAL_CMOS,CMOS_A,1.227593,1.241263,0.024157,0.024404,90.410777,89.9688,9.109866,9.172125,7.804842,7.855015,7.612401,7.631543,1.244092,0.024815,91.956902,9.297988,7.858857,7.763879
C01216,A_L17,DIGITAL_CMOS,CMOS_A,1.343946,1.391973,0.016713,0.017696,93.530163,93.586282,9.437625,9.539332,7.919622,8.050466,7.755004,7.731358,1.415809,0.018175,96.684779,9.682287,8.151587,7.829736
C01217,A_L17,DIGITAL_CMOS,CMOS_A,1.602357,1.640461,0.021462,0.022179,90.904724,91.919931,9.97878,9.935323,8.355254,8.464429,8.03829,8.064467,1.664358,0.024305,93.717535,10.05132,8.437041,8.148923
C01218,A_L17,DIGITAL_CMOS,CMOS_A,1.445088,1.441407,0.015708,0.015929,86.937638,87.899975,8.926992,8.940869,7.877844,7.890223,7.33683,7.38057,1.431503,0.016282,87.696812,9.149998,8.002313,7.487633
C01219,A_L17,DIGITAL_CMOS,CMOS_A,1.416088,1.412319,0.020967,0.021215,84.569629,85.661173,9.283093,9.373952,7.881098,7.921909,7.514719,7.586735,1.516909,0.023836,88.980059,9.573896,7.996719,7.728898
C01220,A_L17,DIGITAL_CMOS,CMOS_A,1.114146,1.114164,0.021945,0.022473,86.896266,87.380004,9.53731,9.581199,8.255493,8.236691,8.469203,8.479907,1.177485,0.026062,91.951563,9.907188,8.52614,8.638421
C01221,A_L17,DIGITAL_CMOS,CMOS_A,1.464923,1.484234,0.021242,0.021097,89.194334,89.144119,8.86443,8.936413,7.898414,7.929138,7.29459,7.368438,1.495941,0.021693,90.310456,9.307618,8.031908,7.621161
C01222,A_L17,DIGITAL_CMOS,CMOS_A,2.008279,2.017086,0.02096,0.021885,88.852272,90.09222,9.376747,9.456976,8.362883,8.348937,7.641172,7.653752,2.097121,0.023794,93.564478,9.541479,8.371064,7.705217
C01223,A_L17,DIGITAL_CMOS,CMOS_A,1.150337,1.165536,0.023622,0.023729,80.399264,80.400923,8.98379,9.016267,8.058679,8.107773,7.797194,7.870554,1.159327,0.023783,81.552233,9.240224,8.257268,7.939684
C01224,A_L17,DIGITAL_CMOS,CMOS_A,0.926418,0.949633,0.019912,0.020786,92.637275,93.899941,9.9186,9.981081,8.688336,8.651389,7.689148,7.751423,0.982907,0.022849,94.63599,10.07456,8.768606,7.783683
C01225,A_L17,DIGITAL_CMOS,CMOS_A,1.229401,1.271972,0.013935,0.014326,85.798479,86.836365,9.734482,9.689105,8.279142,8.29983,7.872903,7.892779,1.249639,0.014333,87.160242,10.374569,8.675775,8.952556
C01226,A_L17,DIGITAL_CMOS,CMOS_A,2.110406,2.084594,0.023715,0.024452,90.940838,90.838085,9.383855,9.465006,8.008773,8.022936,7.782783,7.874945,2.228339,0.026711,94.690639,9.642159,8.128976,7.955051
C01227,A_L17,DIGITAL_CMOS,CMOS_A,1.677079,1.665548,0.024142,0.02406,86.607234,87.299491,9.05291,9.06068,8.146166,8.220814,7.149126,7.214138,1.663322,0.024725,88.014149,9.263679,8.424863,7.432898
C01228,A_L17,DIGITAL_CMOS,CMOS_A,1.774846,1.778405,0.033741,0.035156,81.197586,82.974572,9.439548,9.437323,8.507003,8.564548,7.871253,8.070499,1.837311,0.037442,84.196788,9.611423,8.657601,8.018419
C01229,A_L17,DIGITAL_CMOS,CMOS_A,1.410058,1.416006,0.028367,0.028983,88.912088,90.229299,9.15648,9.237207,7.69815,7.709705,7.725715,7.790455,1.442561,0.030974,92.625034,9.319738,7.857096,7.892092
C01230,A_L17,DIGITAL_CMOS,CMOS_A,1.699309,1.702858,0.018829,0.019233,91.491573,92.168067,8.573865,8.659108,8.192636,8.230751,7.274808,7.331029,1.767141,0.020939,96.800068,8.792473,8.268389,7.415855
C01231,A_L17,DIGITAL_CMOS,CMOS_A,1.328617,1.357352,0.021157,0.021943,84.709217,85.126725,9.049459,9.139506,7.838395,7.887024,7.329638,7.418413,1.378423,0.023614,88.020249,9.206355,7.990364,7.451359
C01232,A_L17,DIGITAL_CMOS,CMOS_A,2.207974,2.206269,0.026506,0.027013,97.112015,97.211481,8.800186,8.741296,8.111418,8.121504,7.360463,7.428529,2.308103,0.031491,102.281621,8.819417,8.19783,7.422833
C01233,A_L17,DIGITAL_CMOS,CMOS_A,1.525892,1.534586,0.017396,0.017416,90.383037,90.317561,8.979596,8.981997,8.106476,8.122394,7.629294,7.673363,1.539248,0.01794,91.492184,9.17434,8.259222,7.723051
C01234,A_L17,DIGITAL_CMOS,CMOS_A,1.277019,1.272354,0.013451,0.013539,80.255139,80.095061,9.614042,9.726859,8.425472,8.390162,8.025199,8.021109,1.312799,0.013997,82.735039,9.741091,8.446584,8.001259
C01235,A_L17,DIGITAL_CMOS,CMOS_A,1.47093,1.483719,0.015917,0.017014,89.838391,90.697613,9.485364,9.593476,7.8535,7.944723,7.548793,7.481322,1.517367,0.017827,91.832939,9.792061,7.987138,7.628068
C01236,A_L17,DIGITAL_CMOS,CMOS_A,0.973212,0.98827,0.019491,0.01972,88.243828,88.481641,9.486425,9.508745,8.571742,8.611949,8.370949,8.478891,0.999985,0.020564,90.197855,9.695262,8.681252,8.564991
C01237,A_L17,DIGITAL_CMOS,CMOS_A,1.819322,1.861061,0.019722,0.020254,93.012877,92.637576,9.50302,9.396424,8.682462,8.794014,8.094937,8.063958,1.952548,0.0227,96.083829,9.504929,8.774518,8.163817
C01238,A_L17,DIGITAL_CMOS,CMOS_A,1.259444,1.269427,0.014924,0.015081,87.065901,87.068406,9.217235,9.320494,7.838007,7.983738,7.319123,7.39044,1.287339,0.015384,87.97935,9.403324,8.127244,7.457775
C01239,A_L17,DIGITAL_CMOS,CMOS_A,1.476291,1.455716,0.020575,0.020968,89.286671,89.384214,9.346108,9.304127,7.829522,7.937857,7.462768,7.49939,1.487556,0.021008,91.294855,9.464867,8.006439,7.675625
C01240,A_L17,DIGITAL_CMOS,CMOS_A,1.295269,1.316442,0.016653,0.016582,84.955055,84.764604,9.03101,9.03946,8.278114,8.385767,7.662216,7.671358,1.354218,0.01674,85.484204,9.228066,8.457106,7.813371
C01241,A_L17,DIGITAL_CMOS,CMOS_A,1.852022,1.851896,0.0147,0.014637,87.224851,88.031082,9.268036,9.275341,8.308708,8.311569,8.069176,8.07592,1.788205,0.01505,88.456439,9.470373,8.561825,8.266263
C01242,A_L17,DIGITAL_CMOS,CMOS_A,1.159997,1.16529,0.019337,0.01951,77.709187,77.212015,9.160008,9.144864,8.003917,8.068546,7.486104,7.561879,1.16703,0.020433,77.175794,9.184093,8.125524,7.569214
C01243,A_L17,DIGITAL_CMOS,CMOS_A,1.732122,1.81277,0.027697,0.028856,85.758135,86.449352,9.178296,9.156417,7.795354,7.726664,7.595567,7.522255,1.839294,0.031397,87.733474,9.122009,7.742018,7.560664
C01244,A_L17,DIGITAL_CMOS,CMOS_A,1.491337,1.483053,0.018991,0.019343,89.105662,88.788888,9.59091,9.673311,8.998998,8.969181,8.232539,8.222033,1.486457,0.019615,89.918867,9.668244,9.053767,8.206451
C01245,A_L17,DIGITAL_CMOS,CMOS_A,1.338414,1.322956,0.013511,0.014444,92.951568,95.153657,8.858332,8.912907,8.16255,8.300284,7.395609,7.420067,1.372184,0.019747,108.08167,9.108727,8.574234,7.603449
C01246,A_L17,DIGITAL_CMOS,CMOS_A,1.770859,1.810006,0.01881,0.019147,85.627038,86.126973,9.779347,9.78809,8.270322,8.279098,7.931341,7.952862,1.889017,0.021037,90.639459,9.87505,8.260906,7.94778
C01247,A_L17,DIGITAL_CMOS,CMOS_A,1.278577,1.263978,0.015464,0.016173,78.453536,79.573685,9.282548,9.276442,8.096984,8.153699,6.908117,6.965414,1.30892,0.017446,80.683395,9.419537,8.04837,7.024192
C01248,A_L17,DIGITAL_CMOS,CMOS_A,1.552722,1.554253,0.020687,0.021123,95.967141,96.965574,9.582015,9.633746,8.662472,8.740964,8.102192,8.18139,1.591972,0.023345,102.095988,9.825659,9.003334,8.420048
C01249,A_L17,DIGITAL_CMOS,CMOS_A,1.657645,1.73291,0.029083,0.030701,91.56511,93.036747,9.315189,9.356297,7.86555,7.858613,7.534759,7.546674,2.020248,0.03576,104.280483,9.432031,7.958582,7.58036
C01250,A_L17,DIGITAL_CMOS,CMOS_A,1.146598,1.141662,0.02266,0.023156,92.454572,92.788135,9.205183,9.260605,7.51931,7.552709,8.060023,8.100242,1.137467,0.023346,93.540138,9.247009,7.499484,8.121176
C01251,A_L17,DIGITAL_CMOS,CMOS_A,2.232632,2.267216,0.022881,0.022898,89.166674,89.229765,9.390932,9.376263,8.305447,8.267131,7.964994,8.07883,2.291852,0.023288,88.980784,9.503353,8.354219,8.192168
C01252,A_L17,DIGITAL_CMOS,CMOS_A,1.508318,1.492546,0.017381,0.017337,89.713828,89.925318,9.24443,9.270596,7.86679,7.946708,7.658379,7.730076,1.502378,0.017825,90.421123,9.429606,7.981998,7.750501
C01253,A_L17,DIGITAL_CMOS,CMOS_A,1.14673,1.159383,0.019371,0.019676,92.779819,93.979584,9.103824,9.075773,7.899036,7.949094,7.079997,7.072147,1.250047,0.021177,99.013094,9.321236,8.074588,7.226883
C01254,A_L17,DIGITAL_CMOS,CMOS_A,1.336809,1.352643,0.029095,0.029388,91.9574,92.516072,8.856466,8.855808,7.945812,7.908975,7.920027,7.838349,1.367902,0.032742,97.486584,8.907892,7.953785,7.993645
C01255,A_L17,DIGITAL_CMOS,CMOS_A,1.456407,1.455641,0.031013,0.031347,89.774718,90.031136,9.468863,9.464887,8.036168,8.022084,7.491458,7.504224,1.457098,0.031832,90.555998,9.454278,8.10296,7.532791
C01256,A_L17,DIGITAL_CMOS,CMOS_A,1.641812,1.660503,0.017348,0.018635,89.425963,90.50313,9.423835,9.44987,7.626167,7.647954,7.263687,7.277995,1.661589,0.019407,92.952611,9.44922,7.663548,7.250857
C01257,A_L17,DIGITAL_CMOS,CMOS_A,1.471909,1.476328,0.028794,0.031001,89.479441,90.905714,9.07884,9.149899,7.924049,8.020197,7.106219,7.059516,1.494522,0.033272,92.781799,9.310151,8.066809,7.293066
C01258,A_L17,DIGITAL_CMOS,CMOS_A,1.337275,1.321803,0.01977,0.020532,84.268352,85.602412,9.421047,9.472906,7.760112,7.737878,7.570822,7.544477,1.352971,0.021852,88.291991,9.48029,7.755037,7.651344
C01259,A_L17,DIGITAL_CMOS,CMOS_A,1.678388,1.708578,0.011889,0.012249,96.265475,96.255444,9.276389,9.244291,7.922801,7.978346,7.483949,7.500914,1.718666,0.012768,100.238214,9.281209,8.006511,7.504922
C01260,A_L17,DIGITAL_CMOS,CMOS_A,1.600338,1.59912,0.025226,0.02606,87.85649,87.778386,9.315779,9.356884,8.112109,8.101656,7.655261,7.666683,1.610017,0.027842,89.601436,9.405201,8.189828,7.639185
C01261,A_L17,DIGITAL_CMOS,CMOS_A,1.887562,1.903635,0.016344,0.016026,86.662614,85.800338,9.177181,9.198708,8.543122,8.691195,7.669167,7.696052,1.874957,0.016433,86.389819,9.310138,8.608854,7.740105
C01262,A_L17,DIGITAL_CMOS,CMOS_A,1.430987,1.457685,0.029305,0.030314,92.459158,91.691116,9.339943,9.404137,7.747322,7.811152,7.409411,7.516944,1.475233,0.030798,92.827474,9.537461,7.891791,7.565933
C01263,A_L17,DIGITAL_CMOS,CMOS_A,1.538694,1.531336,0.022586,0.023715,87.969349,89.394692,8.985876,9.003238,8.10445,8.091477,7.542819,7.595014,1.597751,0.02653,92.438074,9.046293,8.212194,7.60107
C01264,A_L17,DIGITAL_CMOS,CMOS_A,1.363218,1.3722,0.018658,0.019036,91.307031,92.044881,8.874033,8.91243,7.549172,7.557666,7.26467,7.316908,1.350435,0.019295,91.564378,9.086834,7.667657,7.440569
C01265,A_L17,DIGITAL_CMOS,CMOS_A,1.783905,1.756286,0.01889,0.01901,91.528969,92.572887,9.329401,9.31216,8.035159,8.174081,7.377415,7.439634,1.750294,0.019526,92.684935,9.536165,8.267329,7.540071
C01266,A_L17,DIGITAL_CMOS,CMOS_A,1.258253,1.279172,0.017102,0.017168,82.29381,82.408769,9.085538,9.11139,8.103049,8.126698,7.421248,7.531987,1.245099,0.017495,82.605816,9.429443,8.322704,7.645947
C01267,A_L17,DIGITAL_CMOS,CMOS_A,2.202228,2.165066,0.020607,0.021265,89.042795,88.650211,9.003182,9.071935,7.560233,7.63049,7.160727,7.265655,2.234249,0.022001,89.967435,9.2062,7.666934,7.337893
C01268,A_L17,DIGITAL_CMOS,CMOS_A,1.678627,1.696935,0.01895,0.019117,95.605975,96.395442,9.568458,9.587519,8.247709,8.207387,7.575787,7.584398,1.683328,0.019459,97.022465,9.590537,8.250079,7.574975
C01269,A_L17,DIGITAL_CMOS,CMOS_A,1.42509,1.42732,0.018513,0.018539,82.591015,82.840566,9.440881,9.459688,7.879343,7.86232,7.170823,7.183104,1.410163,0.018888,83.284167,9.63711,8.042765,7.335989
C01270,A_L17,DIGITAL_CMOS,CMOS_A,1.109252,1.111959,0.02008,0.020258,91.640412,91.271841,9.464175,9.484904,8.040031,8.034198,7.448185,7.448479,1.155379,0.02035,92.15661,9.56294,8.057533,7.540314
C01271,A_L17,DIGITAL_CMOS,CMOS_A,1.387993,1.382032,0.015409,0.015584,92.569868,93.084301,9.656102,9.71119,7.854485,7.845211,7.939813,7.953186,1.402445,0.01569,93.307448,9.722193,7.825158,7.986287
C01272,A_L17,DIGITAL_CMOS,CMOS_A,2.034634,2.024467,0.025556,0.026015,95.485787,95.550505,9.362199,9.374069,8.172541,8.167393,7.888114,7.862774,2.145922,0.028898,98.604924,9.433865,8.131429,7.957605
C01273,A_L17,DIGITAL_CMOS,CMOS_A,2.146144,2.141176,0.025413,0.02574,93.533044,94.256588,8.85497,8.795153,7.468264,7.448459,7.400729,7.436731,2.176525,0.026516,94.713493,8.844925,7.456696,7.459411
C01274,A_L17,DIGITAL_CMOS,CMOS_A,1.582698,1.612757,0.026101,0.027325,79.330361,80.13013,9.34175,9.335127,8.606434,8.523445,7.443965,7.446854,1.612449,0.029447,80.952143,9.311522,8.537864,7.391525
C01275,A_L17,DIGITAL_CMOS,CMOS_A,1.461571,1.445873,0.020848,0.020607,86.712681,87.178684,9.993085,10.014651,8.672681,8.576002,8.564319,8.646303,1.475739,0.021193,87.969803,10.159513,8.715333,8.718879
C01276,A_L17,DIGITAL_CMOS,CMOS_A,1.446512,1.458865,0.023072,0.023334,91.842149,90.947972,9.168558,9.212177,7.910314,8.015942,7.468913,7.47258,1.45851,0.023266,91.849672,9.405926,8.039857,7.609299
C01277,A_L17,DIGITAL_CMOS,CMOS_A,1.386115,1.386204,0.021185,0.022067,82.845596,83.551085,9.36914,9.488423,7.685588,7.755605,7.085109,7.160078,1.476286,0.023199,85.135077,9.594538,7.906331,7.193689
C01278,A_L17,DIGITAL_CMOS,CMOS_A,1.637296,1.66217,0.020592,0.021102,92.26483,92.489681,8.636522,8.716565,7.504204,7.550043,7.498967,7.525372,1.640834,0.021899,91.924108,8.864238,7.582348,7.636057
C01279,A_L17,DIGITAL_CMOS,CMOS_A,2.193764,2.209286,0.024209,0.024017,85.663325,86.977788,9.378375,9.446486,8.050682,8.092904,7.552619,7.54918,2.198233,0.024158,86.964128,9.484739,8.075872,7.550788
C01280,A_L17,DIGITAL_CMOS,CMOS_A,1.505724,1.496367,0.021591,0.021989,85.619043,85.562265,9.047093,9.135564,7.609082,7.563208,6.92456,6.922087,1.564459,0.024576,89.881366,9.313521,7.612489,7.037094
C01360,A_L19,DIGITAL_CMOS,CMOS_A,1.949308,1.954617,0.020901,0.022268,89.60524,90.8358,8.854687,8.965778,7.545979,7.570899,7.098948,7.06534,2.114899,0.025363,93.05286,9.285095,7.959126,7.335105
C01361,A_L19,DIGITAL_CMOS,CMOS_A,1.258553,1.2893,0.019189,0.019431,90.257195,89.84225,8.863973,8.85252,7.814802,7.821898,7.660966,7.631386,1.331539,0.020235,89.639256,9.166597,8.12453,7.986587
C01362,A_L19,DIGITAL_CMOS,CMOS_A,1.772481,1.782099,0.024037,0.024535,90.37535,90.450485,9.109587,9.101256,7.861674,7.880899,7.340008,7.380074,1.82061,0.025306,91.19553,9.1874,7.916899,7.313281
C01363,A_L19,DIGITAL_CMOS,CMOS_A,1.751047,1.771127,0.017415,0.018076,91.724663,92.629946,9.136235,9.109908,8.624918,8.565575,7.527676,7.469119,2.07731,0.022008,95.731616,9.186232,8.570723,7.486301
C01364,A_L19,DIGITAL_CMOS,CMOS_A,1.466871,1.500468,0.020446,0.02172,84.496943,85.531189,9.349154,9.377056,8.3342,8.359437,7.423843,7.48016,1.625489,0.02401,85.672582,9.690266,8.655794,7.789661
C01365,A_L19,DIGITAL_CMOS,CMOS_A,1.330585,1.389884,0.028802,0.030788,87.448066,87.662294,9.154386,9.212916,7.953947,7.990123,7.312643,7.384206,1.549364,0.03349,90.313842,9.305118,8.224713,7.509983
C01366,A_L19,DIGITAL_CMOS,CMOS_A,1.331969,1.377684,0.026246,0.027455,86.606523,93.336328,8.452944,8.454097,7.720334,7.647758,7.303678,7.261714,1.512442,0.029699,118.816868,8.471551,7.748004,7.243621
C01367,A_L19,DIGITAL_CMOS,CMOS_A,1.316552,1.364471,0.013234,0.013651,84.435774,83.339934,8.820314,8.875348,8.176918,8.246307,7.291133,7.357289,1.601225,0.016508,88.141812,9.079878,8.630418,7.548773
C01368,A_L19,DIGITAL_CMOS,CMOS_A,1.363889,1.376189,0.022469,0.022643,92.827088,92.681951,8.750331,8.746314,8.067213,8.064855,7.708201,7.684726,1.377348,0.023886,93.494018,9.080665,8.420485,8.001089
C01369,A_L19,DIGITAL_CMOS,CMOS_A,1.727293,1.764305,0.029001,0.029528,88.681766,88.160596,8.44943,8.474752,7.642291,7.691952,7.179573,7.198461,1.85162,0.031093,90.086927,8.507095,7.622319,7.185726
C01370,A_L19,DIGITAL_CMOS,CMOS_A,1.289512,1.288079,0.016278,0.016338,89.630924,89.158362,9.109375,9.100172,8.600466,8.626166,7.879311,7.896397,1.310475,0.01709,89.685987,9.131245,8.54838,7.844174
C01371,A_L19,DIGITAL_CMOS,CMOS_A,1.2392,1.28472,0.017293,0.019206,92.685673,93.805792,8.619899,8.740416,7.874765,7.94645,7.403323,7.456169,1.430098,0.021397,95.276224,9.035138,8.202521,7.778213
C01372,A_L19,DIGITAL_CMOS,CMOS_A,1.366727,1.452927,0.033378,0.035401,94.140014,94.966902,8.760491,8.825359,7.545171,7.595277,7.449008,7.468618,1.580488,0.038676,97.385163,8.996272,7.777054,7.569656
C01373,A_L19,DIGITAL_CMOS,CMOS_A,1.893557,1.888233,0.023868,0.023945,88.842582,88.757891,8.743002,8.75393,14.075129,14.945982,7.205965,7.339326,1.970365,0.024765,88.431811,8.931795,15.982194,7.41563
C01374,A_L19,DIGITAL_CMOS,CMOS_A,1.65796,1.626594,0.019977,0.020143,97.095809,96.760048,8.795168,8.82073,7.786323,7.901952,7.167014,7.173511,1.678076,0.020871,96.930313,8.956362,8.037195,7.296396
C01375,A_L19,DIGITAL_CMOS,CMOS_A,1.570078,1.59951,0.022333,0.024768,86.045202,86.460825,8.735515,8.89559,8.254716,8.266577,7.235085,7.17111,1.67459,0.026898,87.100737,9.062495,8.577553,7.383065
C01376,A_L19,DIGITAL_CMOS,CMOS_A,1.557965,1.559174,0.029237,0.030402,95.435438,95.427349,8.953643,9.066593,8.930587,8.934804,8.39252,8.355572,1.623835,0.032212,97.030974,8.999402,8.984756,8.478074
C01377,A_L19,DIGITAL_CMOS,CMOS_A,1.487907,1.496868,0.017626,0.017395,89.524055,90.669152,8.648532,8.818269,7.705498,7.782563,7.129885,7.219647,1.550537,0.018244,89.776446,9.032057,8.042803,7.320178
C01378,A_L19,DIGITAL_CMOS,CMOS_A,1.369283,1.423833,0.019045,0.019843,87.370295,88.16848,8.535033,8.62379,7.606422,7.76673,7.262629,7.296999,1.649221,0.023504,89.951409,8.775111,7.874418,7.42737
C01379,A_L19,DIGITAL_CMOS,CMOS_A,1.455849,1.48631,0.019457,0.019957,87.479159,87.057538,9.249916,9.420779,6.920639,7.041447,7.17583,7.280265,1.488375,0.020875,87.551421,9.751829,7.132795,7.418313
C01380,A_L19,DIGITAL_CMOS,CMOS_A,1.469221,1.473736,0.017581,0.018115,96.498251,96.619311,8.86245,8.935026,7.856787,7.985634,7.535145,7.638933,1.522163,0.018249,95.763357,9.224655,8.05872,7.796364
C01381,A_L19,DIGITAL_CMOS,CMOS_A,1.594647,1.611858,0.025464,0.02599,90.748155,91.555286,8.748544,8.87236,7.847723,7.922488,7.406618,7.493073,1.634179,0.026743,90.864131,8.992707,8.131751,7.570575
C01382,A_L19,DIGITAL_CMOS,CMOS_A,1.37016,1.36386,0.021202,0.02203,86.0121,86.17979,9.050109,9.193275,8.106175,8.159845,7.360413,7.430737,1.552406,0.025252,89.179598,9.238592,8.36961,7.52369
C01383,A_L19,DIGITAL_CMOS,CMOS_A,1.161246,1.1643,0.020548,0.021443,90.039406,89.653665,8.72572,8.799158,7.391825,7.524198,7.806912,7.861087,1.214214,0.022143,90.117391,8.921555,7.622733,8.062258
C01384,A_L19,DIGITAL_CMOS,CMOS_A,1.392379,1.457948,0.00981,0.010105,91.754997,90.88874,8.688944,8.72343,7.84165,7.884311,7.214325,7.225464,1.510054,0.010917,91.588873,8.894093,8.024463,7.29263
C01385,A_L19,DIGITAL_CMOS,CMOS_A,1.286054,1.271357,0.014812,0.01552,86.52802,86.47803,8.879273,8.880042,8.165352,8.152238,7.471634,7.461349,1.378677,0.016277,88.776765,8.897576,8.254182,7.461868
C01386,A_L19,DIGITAL_CMOS,CMOS_A,1.61511,1.609043,0.024841,0.025206,87.2591,87.262923,8.861492,8.861846,8.413537,8.379232,7.747918,7.684656,1.628935,0.025663,87.627413,8.899102,8.370859,7.720772
C01387,A_L19,DIGITAL_CMOS,CMOS_A,1.296719,1.314083,0.012995,0.013472,92.562457,93.967047,8.545969,8.518068,7.984439,7.929056,7.779515,7.863481,1.388749,0.014454,95.02625,8.77049,8.292262,8.180638
C01388,A_L19,DIGITAL_CMOS,CMOS_A,1.260095,1.318202,0.017245,0.018394,82.9202,82.838349,8.886234,9.001115,8.565749,8.572571,7.723549,7.77007,1.414045,0.019559,83.47101,9.26875,9.000495,8.016036
C01389,A_L19,DIGITAL_CMOS,CMOS_A,1.577108,1.561737,0.023822,0.024177,87.303771,88.666892,8.823096,8.882056,7.443639,7.500359,7.332297,7.302912,1.626357,0.024507,88.695944,8.852603,7.53256,7.359436
C01390,A_L19,DIGITAL_CMOS,CMOS_A,1.418224,1.389106,0.020674,0.021019,88.130866,88.374813,8.885217,8.906085,8.370448,8.362328,7.819145,7.823377,1.419305,0.021253,88.999563,8.898473,8.442272,7.926442
C01391,A_L19,DIGITAL_CMOS,CMOS_A,1.654613,1.752659,0.02534,0.027199,89.311228,89.253709,8.531701,8.572244,7.807721,7.794278,7.686136,7.791951,1.850985,0.029932,89.901256,8.688139,7.907252,7.801527
C01392,A_L19,DIGITAL_CMOS,CMOS_A,1.689241,1.66121,0.026157,0.026414,87.490524,88.022556,8.420445,8.465766,7.875243,8.047916,7.950454,7.972979,1.686624,0.027375,88.088639,8.619723,8.190066,8.161168
C01393,A_L19,DIGITAL_CMOS,CMOS_A,1.827446,1.876328,0.026135,0.026354,97.98982,98.261847,9.19116,9.189493,7.8321,7.854569,7.840606,7.869682,2.158882,0.03171,100.289714,9.249656,7.836579,7.85131
C01394,A_L19,DIGITAL_CMOS,CMOS_A,1.278712,1.333616,0.018224,0.018617,93.878954,94.767911,8.836706,8.753645,8.176734,8.212101,7.241,7.276729,1.329387,0.018936,94.145644,8.92439,8.352981,7.290766
C01395,A_L19,DIGITAL_CMOS,CMOS_A,1.395759,1.484419,0.016553,0.017952,91.839708,91.65926,9.044659,9.077503,7.921148,7.894763,7.476813,7.504244,1.568641,0.019911,92.925619,9.35521,8.323064,7.69729
C01396,A_L19,DIGITAL_CMOS,CMOS_A,1.402706,1.448582,0.017929,0.019258,89.095432,90.060418,8.784759,8.847847,8.086245,8.072889,7.185254,7.267151,1.571911,0.020365,91.179578,8.958665,8.174588,7.338901
C01397,A_L19,DIGITAL_CMOS,CMOS_A,1.85643,1.859433,0.020942,0.021245,94.029198,93.109306,8.980873,8.981958,8.943074,8.947952,8.340324,8.304519,1.906477,0.021304,93.764715,9.01698,8.923887,8.377306
C01398,A_L19,DIGITAL_CMOS,CMOS_A,1.148039,1.167184,0.017664,0.017671,93.321661,92.712528,8.977158,9.058886,8.033279,8.022182,7.751317,7.810027,1.192421,0.018075,93.365229,9.244819,8.293881,8.76488
C01399,A_L19,DIGITAL_CMOS,CMOS_A,1.679553,1.714277,0.028345,0.029167,84.665602,84.46693,9.635095,9.676527,8.294412,8.271177,7.893504,7.929384,1.731498,0.030454,85.353417,9.739731,8.303354,8.006941
C01400,A_L19,DIGITAL_CMOS,CMOS_A,1.532927,1.508969,0.01524,0.01523,92.371518,91.289376,9.096418,9.090935,8.275838,8.266801,8.048701,8.128983,1.566071,0.015784,91.454842,9.156779,8.234295,8.090079
C01401,A_L19,DIGITAL_CMOS,CMOS_A,1.568513,1.630328,0.026144,0.027397,88.749126,88.906447,8.451643,8.439969,7.82232,7.903076,7.627116,7.657061,1.823817,0.030144,90.682806,8.540646,8.02424,7.83594
C01402,A_L19,DIGITAL_CMOS,CMOS_A,1.597804,1.58869,0.014917,0.015169,88.975335,88.769157,8.976102,8.887102,7.824787,7.792606,7.400185,7.501052,1.637334,0.015908,88.536276,9.200903,8.137389,7.742839
C01403,A_L19,DIGITAL_CMOS,CMOS_A,1.428916,1.424751,0.013477,0.013887,86.963073,86.785923,8.396984,8.483811,8.054245,8.135558,7.245411,7.256139,1.737055,0.016456,89.648838,8.580311,8.330876,7.381219
C01404,A_L19,DIGITAL_CMOS,CMOS_A,1.28258,1.321543,0.018005,0.019083,90.91963,91.314493,9.42999,9.367598,8.656613,8.593024,7.424576,7.410169,1.502566,0.022966,95.473098,9.445052,8.725699,7.414087
C01405,A_L19,DIGITAL_CMOS,CMOS_A,1.236177,1.305817,0.019,0.019804,86.061347,85.855038,8.82645,8.846596,7.997996,8.069883,7.33399,7.408907,1.510002,0.023101,89.693494,9.274515,8.497274,7.666633
C01406,A_L19,DIGITAL_CMOS,CMOS_A,1.304972,1.32517,0.02446,0.02507,95.348185,94.921644,8.878199,8.871987,7.942948,7.829859,7.580923,7.57775,1.549209,0.027416,97.867511,8.977219,7.89866,7.607669
C01407,A_L19,DIGITAL_CMOS,CMOS_A,1.354216,1.370669,0.021505,0.023376,83.23952,83.098433,8.25755,8.333702,7.800742,7.86972,7.138399,7.22701,1.545143,0.026391,85.415016,8.536097,7.988618,7.260247
C01408,A_L19,DIGITAL_CMOS,CMOS_A,1.636053,1.682741,0.020593,0.020813,92.670966,92.978594,9.081978,9.105151,8.37592,8.462627,7.133475,7.258093,1.710404,0.021165,92.122193,9.309619,8.672062,7.396098
C01409,A_L19,DIGITAL_CMOS,CMOS_A,1.378055,1.348694,0.019493,0.019507,83.997928,85.031368,8.980689,8.969144,8.476874,8.518003,8.210176,8.215183,1.405621,0.020485,85.03609,8.983301,8.574315,8.208733
C01410,A_L19,DIGITAL_CMOS,CMOS_A,1.294918,1.32434,0.01656,0.017048,85.595874,85.639076,8.753519,8.764982,8.17553,8.108655,7.350289,7.353058,1.346602,0.01739,86.718743,8.878059,8.187895,7.426522
C01411,A_L19,DIGITAL_CMOS,CMOS_A,1.754332,1.779161,0.029269,0.030329,88.724912,88.47282,9.810403,9.787877,8.155445,8.15988,7.372942,7.376096,1.822136,0.03216,88.670278,9.822437,8.252697,7.42493
C01412,A_L19,DIGITAL_CMOS,CMOS_A,1.132252,1.184726,0.011161,0.011716,83.537049,84.880431,8.676574,8.718933,7.345155,7.364441,7.408165,7.445571,1.260636,0.012497,86.539769,8.66566,7.482266,7.553006
C01413,A_L19,DIGITAL_CMOS,CMOS_A,1.159093,1.206101,0.016498,0.017099,94.014634,94.524262,9.524126,9.644801,7.591818,7.690536,7.770931,7.831267,1.393864,0.019596,97.486841,9.926734,7.943319,8.065356
C01414,A_L19,DIGITAL_CMOS,CMOS_A,1.230895,1.236224,0.027694,0.028561,92.660492,92.301513,8.838136,8.939957,8.242651,8.210682,6.506369,6.561912,1.37155,0.032605,95.857936,9.207621,8.394047,6.799619
C01415,A_L19,DIGITAL_CMOS,CMOS_A,1.48461,1.494421,0.013004,0.013489,91.739096,93.138382,8.752504,8.664836,7.971052,7.949002,7.569941,7.582439,1.59981,0.015503,98.283829,8.686915,7.967622,7.617432
C01416,A_L19,DIGITAL_CMOS,CMOS_A,2.319896,2.301891,0.019002,0.019134,89.362441,89.904092,8.739895,8.70143,7.582913,7.626532,7.354688,7.397111,2.44867,0.020046,89.603923,9.660871,8.183434,7.655801
C01417,A_L19,DIGITAL_CMOS,CMOS_A,1.433291,1.441938,0.014302,0.014561,93.335182,94.477873,8.643744,8.621214,8.004349,8.01589,7.684875,7.695601,1.43614,0.014944,94.130759,8.642277,8.10636,7.712003
C01418,A_L19,DIGITAL_CMOS,CMOS_A,0.981228,1.026609,0.026516,0.029297,94.033959,96.731292,8.74097,8.719572,8.290513,8.198743,7.386016,7.416699,1.119321,0.033125,101.452089,8.725796,8.370997,7.470542
C01419,A_L19,DIGITAL_CMOS,CMOS_A,1.691598,1.763965,0.022156,0.023656,90.890575,90.738335,8.703124,8.694007,7.652326,7.758433,7.209363,7.222447,1.907295,0.026121,93.463499,8.876347,7.867917,7.310499
C01420,A_L19,DIGITAL_CMOS,CMOS_A,1.586048,1.637948,0.024174,0.02492,87.1921,88.060145,8.279482,8.348137,7.9121,7.92756,7.370873,7.313907,1.915305,0.029146,90.544674,8.302386,7.890826,7.470723
C01421,A_L19,DIGITAL_CMOS,CMOS_A,2.124258,2.116852,0.019881,0.019862,91.121496,92.332711,8.388911,8.418987,7.852219,7.916213,6.887033,6.962782,2.194393,0.020468,92.701435,8.514874,8.147497,6.97014
C01422,A_L19,DIGITAL_CMOS,CMOS_A,1.159807,1.149776,0.024076,0.023234,89.847894,90.444193,8.874599,8.882091,8.052316,8.002762,7.546431,7.55799,1.255829,0.027598,94.658362,8.971278,8.081245,7.546456
C01423,A_L19,DIGITAL_CMOS,CMOS_A,1.281908,1.305057,0.020636,0.021699,84.423554,84.82164,8.786969,8.824155,7.9694,8.046152,7.12958,7.292733,1.406852,0.024645,86.280152,9.121611,8.197772,7.430419
C01424,A_L19,DIGITAL_CMOS,CMOS_A,1.76931,1.84494,0.017414,0.018362,89.556352,90.046671,8.989139,9.022607,8.029927,8.090107,7.623097,7.692194,2.113468,0.019637,91.186391,9.024694,8.170201,7.722887
C01425,A_L19,DIGITAL_CMOS,CMOS_A,1.591878,1.573333,0.028965,0.029481,85.486551,85.578472,8.868376,8.862091,8.413483,8.463442,7.743971,7.693412,1.588312,0.030351,86.591538,9.229381,8.762527,7.844342
C01426,A_L19,DIGITAL_CMOS,CMOS_A,1.315223,1.30518,0.014041,0.014054,89.634713,89.586592,9.340997,9.43439,8.281601,8.340924,8.16921,8.405882,1.365863,0.014314,89.047248,9.744938,8.696661,8.69482
C01427,A_L19,DIGITAL_CMOS,CMOS_A,1.331307,1.354083,0.013827,0.014364,90.940872,90.944707,8.671863,8.968806,7.733139,8.045221,7.692092,7.745132,1.586942,0.016309,93.053465,10.938941,9.42166,8.139577
C01428,A_L19,DIGITAL_CMOS,CMOS_A,1.376986,1.41941,0.012988,0.014174,96.697849,97.076312,8.725271,8.782944,8.396863,8.489787,6.946667,6.993446,1.49585,0.015786,99.675714,8.8937,8.564693,7.132465
C01429,A_L19,DIGITAL_CMOS,CMOS_A,1.242798,1.315557,0.019168,0.020373,88.091153,88.899955,9.09563,9.089273,7.902084,7.876213,7.524694,7.64955,1.423359,0.022964,90.300803,9.29859,8.293917,7.849263
C01430,A_L19,DIGITAL_CMOS,CMOS_A,1.359571,1.35797,0.015186,0.016464,86.79252,86.935152,8.394198,8.36882,7.864718,7.91874,6.846715,6.850414,1.606098,0.019339,90.234896,8.35925,7.986933,6.916395
C01431,A_L19,DIGITAL_CMOS,CMOS_A,1.542667,1.531868,0.013522,0.013655,91.738859,91.543299,8.591919,8.721578,7.664638,7.748737,7.00607,7.068795,1.583293,0.013805,92.700163,8.756046,7.905965,7.22616
C01432,A_L19,DIGITAL_CMOS,CMOS_A,1.321618,1.323023,0.020743,0.020786,90.995819,91.113604,8.50705,8.569923,8.389994,8.497248,7.677851,7.807939,1.357877,0.022057,91.843064,9.116447,8.995405,7.821959
C01433,A_L19,DIGITAL_CMOS,CMOS_A,1.422077,1.427495,0.019322,0.020004,88.088952,88.560094,8.700532,8.642777,7.973104,8.010925,7.210548,7.232901,1.455865,0.019968,89.476423,8.645765,8.060519,7.27542
C01434,A_L20,DIGITAL_CMOS,CMOS_A,1.557552,1.60616,0.012967,0.012997,89.089847,88.986273,9.264662,9.275359,7.915241,7.897106,7.516311,7.483488,1.670693,0.013792,90.455508,9.292246,8.102231,7.653661
C01435,A_L20,DIGITAL_CMOS,CMOS_A,1.728345,1.755606,0.021151,0.021151,86.003637,85.83606,9.341668,9.567281,8.066193,8.165476,7.212542,7.31234,1.765562,0.021555,86.724181,9.942962,8.536312,7.550015
C01436,A_L20,DIGITAL_CMOS,CMOS_A,0.978565,0.990676,0.019918,0.020007,90.515884,90.558833,8.738889,8.78289,7.705169,7.673659,7.139663,7.142582,1.040859,0.020951,92.160929,8.923927,7.736785,7.433892
C01437,A_L20,DIGITAL_CMOS,CMOS_A,1.532398,1.540956,0.019771,0.019687,90.222652,90.50122,9.525802,9.493838,8.769463,8.678666,8.188056,8.228135,1.580414,0.020004,91.914569,9.57088,8.789188,8.280527
C01438,A_L20,DIGITAL_CMOS,CMOS_A,1.718386,1.723939,0.022604,0.022613,91.463787,90.495062,8.810316,8.936592,7.834635,7.994308,6.681462,6.768286,1.798025,0.023022,91.488912,9.132469,8.286523,7.357615
C01439,A_L20,DIGITAL_CMOS,CMOS_A,1.488298,1.47752,0.013466,0.013472,90.975717,91.312002,9.336823,9.327721,8.456751,8.444796,7.630612,7.619417,1.461705,0.013632,90.809912,9.443346,8.524308,7.791167
C01440,A_L20,DIGITAL_CMOS,CMOS_A,1.703357,1.722398,0.019702,0.020321,93.425022,94.155276,8.999455,8.963382,8.673643,8.622531,7.369382,7.374502,1.820272,0.021096,95.086759,9.080568,8.580436,7.465369
C01441,A_L20,DIGITAL_CMOS,CMOS_A,1.756217,1.790268,0.020599,0.020652,85.308224,85.385837,9.631018,9.654376,8.663382,8.670907,7.890312,7.94792,1.797418,0.020857,85.128041,10.158281,9.292089,8.903935
C01442,A_L20,DIGITAL_CMOS,CMOS_A,1.49138,1.488585,0.022587,0.022697,82.701998,81.566755,9.225025,9.260741,8.540956,8.457227,7.88058,7.916407,1.579851,0.023033,82.480585,9.346773,8.544031,7.992064
C01443,A_L20,DIGITAL_CMOS,CMOS_A,1.524483,1.609378,0.01864,0.01907,86.159544,87.919102,9.636864,9.977941,9.088398,9.204409,7.427124,7.672154,1.677141,0.019811,89.626041,10.26343,9.755768,8.295117
C01444,A_L20,DIGITAL_CMOS,CMOS_A,1.090371,1.093576,0.010358,0.010773,84.175238,84.920153,8.400662,8.390326,7.449063,7.417455,6.31558,6.3939,1.155957,0.010949,85.482693,8.477644,7.488576,6.484738
C01445,A_L20,DIGITAL_CMOS,CMOS_A,1.274195,1.267083,0.018654,0.018794,83.529772,83.979949,9.511445,9.635548,8.4995,8.53966,7.779713,8.031063,1.310142,0.019267,85.323228,10.257313,9.24042,8.867862
C01446,A_L20,DIGITAL_CMOS,CMOS_A,1.688627,1.71317,0.023528,0.024466,99.847166,100.739121,8.593611,8.687333,8.286191,8.347805,7.114621,7.184371,1.800094,0.025461,102.050061,9.005783,8.792,7.745234
C01447,A_L20,DIGITAL_CMOS,CMOS_A,1.833029,1.87232,0.013142,0.013279,86.19274,85.910637,9.889203,10.006557,8.518293,8.569261,7.322317,7.292768,1.926151,0.013624,87.600346,10.096868,8.592059,7.437198
C01448,A_L20,DIGITAL_CMOS,CMOS_A,1.398417,1.441482,0.023606,0.024115,91.143668,90.743427,9.241537,9.360234,8.354888,8.411309,7.836403,7.958271,1.527261,0.024893,91.795094,9.838597,9.092558,9.048099
C01449,A_L20,DIGITAL_CMOS,CMOS_A,1.169124,1.193856,0.017957,0.018095,88.134646,88.514662,8.703421,8.804945,8.317983,8.466279,7.121239,7.282812,1.18238,0.018284,89.374327,9.143278,8.738217,7.657774
C01450,A_L20,DIGITAL_CMOS,CMOS_A,1.366575,1.365989,0.018642,0.018438,89.409325,89.640486,9.135898,9.12022,9.027656,9.07461,7.526562,7.557071,1.406497,0.018458,89.193339,9.260505,9.137646,7.57063
C01451,A_L20,DIGITAL_CMOS,CMOS_A,1.525135,1.55875,0.015787,0.015852,87.350354,88.433469,8.693191,8.748923,8.307791,8.397048,7.828218,8.623287,1.546991,0.016011,87.996653,8.779809,9.502342,15.265298
C01452,A_L20,DIGITAL_CMOS,CMOS_A,1.653279,1.659351,0.010414,0.010487,84.562517,84.294534,8.880595,8.949623,8.47896,8.423501,6.870587,6.908507,1.692971,0.010574,84.390787,8.915509,8.547742,6.96345
C01453,A_L20,DIGITAL_CMOS,CMOS_A,2.050066,2.036825,0.043907,0.044505,88.83202,89.767214,9.167716,9.307711,8.609449,8.774826,7.569073,7.710931,2.082441,0.044837,90.301209,9.756561,9.366688,8.508638
C01454,A_L20,DIGITAL_CMOS,CMOS_A,1.499984,1.504395,0.019574,0.020754,77.333325,77.465595,9.354589,9.52285,8.718114,8.789064,7.589018,7.745143,1.546962,0.107269,81.191061,10.09297,9.178734,8.265719
C01455,A_L20,DIGITAL_CMOS,CMOS_A,1.844433,1.889794,0.020823,0.020636,90.658539,90.656737,9.324339,9.482641,8.645647,8.762549,7.629419,7.824752,1.892811,0.021083,89.961114,10.625059,9.509389,8.50673
C01456,A_L20,DIGITAL_CMOS,CMOS_A,1.670737,1.654147,0.024077,0.024413,91.768945,91.047951,8.984385,9.048102,8.367595,8.305416,6.82773,6.861279,1.694135,0.024718,91.685282,9.157662,8.327052,6.921788
C01457,A_L20,DIGITAL_CMOS,CMOS_A,1.933291,1.938743,0.022747,0.022957,87.069645,87.873262,9.14463,9.136701,8.602792,8.751893,7.3164,7.377186,1.937671,0.023539,88.027833,9.251765,8.778988,7.412125
C01458,A_L20,DIGITAL_CMOS,CMOS_A,1.669721,1.702711,0.01801,0.01834,86.417765,86.999309,9.159797,9.265119,9.014469,9.137678,7.942387,8.142642,1.84501,0.019653,89.630471,9.532585,9.403717,8.350797
C01459,A_L20,DIGITAL_CMOS,CMOS_A,1.883507,1.907272,0.020613,0.021069,87.888074,89.465153,9.455438,9.568158,8.57735,8.680457,7.670295,7.821313,1.954601,0.021396,90.46353,10.482565,9.252542,8.417466
C01460,A_L20,DIGITAL_CMOS,CMOS_A,1.588936,1.584859,0.017988,0.018213,84.992058,84.733899,9.892269,10.025437,8.149453,8.184832,7.828142,7.993751,1.623654,0.01857,84.325345,10.432699,8.733242,8.87639
C01461,A_L20,DIGITAL_CMOS,CMOS_A,1.537269,1.529778,0.01586,0.01571,91.658291,92.018288,9.110091,9.116045,8.468151,8.571995,7.486406,7.595188,1.524221,0.015974,91.768952,9.16758,8.577282,7.63647
C01462,A_L20,DIGITAL_CMOS,CMOS_A,1.771195,1.747193,0.030475,0.030157,86.07661,86.769789,8.991545,9.028189,8.492238,8.542314,7.62551,7.757402,1.780833,0.030823,87.216166,9.132902,8.525499,7.784423
C01463,A_L20,DIGITAL_CMOS,CMOS_A,1.502148,1.522553,0.027812,0.028298,92.251303,91.896716,8.915022,8.910379,8.000158,8.000314,7.375679,7.399346,1.552671,0.028516,91.78676,8.833259,8.118949,7.416507
C01464,A_L20,DIGITAL_CMOS,CMOS_A,1.611663,1.613595,0.017606,0.017784,90.263802,90.344002,9.005507,9.080636,8.127275,8.324347,7.242092,7.396448,1.76846,0.019161,93.056652,9.615412,8.636644,7.991811
C01465,A_L20,DIGITAL_CMOS,CMOS_A,1.510673,1.529434,0.018151,0.018281,84.233746,83.533508,8.949677,9.032109,8.586155,8.612452,7.207506,7.265312,1.564161,0.018529,83.461632,9.159777,8.672507,7.313613
C01466,A_L20,DIGITAL_CMOS,CMOS_A,1.430888,1.478095,0.021634,0.021907,89.421884,89.457486,8.715832,8.710423,8.63233,8.595279,7.993528,7.999963,1.512736,0.021773,89.482013,9.451517,10.39036,8.143163
C01467,A_L20,DIGITAL_CMOS,CMOS_A,1.585774,1.601514,0.019484,0.020293,90.726716,91.917232,9.073296,9.062713,8.141932,8.229259,7.348041,7.379264,1.66389,0.020939,93.332284,9.061623,8.321423,7.570417
C01468,A_L20,DIGITAL_CMOS,CMOS_A,1.679675,1.673941,0.028876,0.029317,85.897632,87.026709,9.028206,9.14889,8.00197,7.984417,7.655919,7.856846,1.810112,0.029205,88.324629,9.495841,8.386606,8.63931
C01469,A_L20,DIGITAL_CMOS,CMOS_A,1.563335,1.580739,0.019403,0.019907,91.337394,92.138586,9.289475,9.295927,8.329104,8.347225,7.903603,7.958512,1.679703,0.020488,94.265092,9.839189,8.759432,8.812058
C01470,A_L20,DIGITAL_CMOS,CMOS_A,1.628361,1.619237,0.016164,0.016096,85.931801,86.131558,9.2886,9.40275,8.268612,8.419901,7.662487,7.856214,1.681831,0.016334,85.813461,9.720179,8.74416,8.457485
C01471,A_L20,DIGITAL_CMOS,CMOS_A,2.042988,2.080356,0.02697,0.027808,89.973423,91.845945,9.357695,9.343592,8.890998,9.030518,7.434197,7.509724,2.221808,0.029376,92.419678,9.313456,9.030063,7.759405
C01472,A_L20,DIGITAL_CMOS,CMOS_A,2.127474,2.153322,0.024187,0.024113,90.480511,90.780676,9.739969,9.695392,8.385377,8.422643,7.523739,7.430973,2.379093,0.0257,93.315426,9.904543,8.423339,7.596344
C01473,A_L20,DIGITAL_CMOS,CMOS_A,1.660889,1.716069,0.028,0.028655,87.89873,89.052114,9.28526,9.253012,8.70622,8.787021,7.992308,7.927139,1.892109,0.030322,90.803514,9.31303,8.996697,8.008861
C01474,A_L20,DIGITAL_CMOS,CMOS_A,1.527868,1.503263,0.017618,0.017824,86.862105,87.301992,9.160418,9.223429,8.921547,9.062855,7.863144,9.176698,1.576395,0.018414,88.517389,9.397016,9.496396,16.18286
C01475,A_L20,DIGITAL_CMOS,CMOS_A,1.605183,1.622326,0.023168,0.023626,83.929408,84.799223,8.960858,9.072312,8.099676,8.227863,6.9176,7.1345,1.733083,0.024148,87.514096,9.270217,8.439499,7.54063
C01476,A_L20,DIGITAL_CMOS,CMOS_A,1.568999,1.564943,0.017339,0.017407,84.442139,85.623407,8.363326,8.411029,8.416051,8.457159,7.430624,7.524936,1.650134,0.018561,88.108606,8.571351,8.50101,7.549313
C01477,A_L20,DIGITAL_CMOS,CMOS_A,1.289116,1.310303,0.022338,0.022907,80.051491,80.623857,9.395179,9.397673,8.494708,8.629806,7.45783,7.544191,1.411672,0.024362,82.264408,9.657498,8.904276,8.259674
C01478,A_L20,DIGITAL_CMOS,CMOS_A,1.78047,1.775204,0.022861,0.023327,84.561263,84.498485,9.064917,9.15815,7.978748,7.984773,7.157696,7.141101,1.837566,0.024563,86.433631,9.209629,8.00401,7.216471
C01479,A_L20,DIGITAL_CMOS,CMOS_A,1.905285,1.931094,0.015591,0.015857,84.370287,84.400162,9.122021,9.252646,7.694316,7.683249,7.268311,7.449602,1.950138,0.016186,84.35282,9.835288,8.094926,8.438526
C01480,A_L20,DIGITAL_CMOS,CMOS_A,1.85694,1.889207,0.01936,0.019343,87.193351,86.673481,9.074145,9.22016,8.590586,8.750041,7.259653,7.504445,1.91233,0.019823,86.662573,9.484699,8.890686,7.999387
C01481,A_L20,DIGITAL_CMOS,CMOS_A,1.543593,1.53142,0.016368,0.016684,83.865468,84.996276,8.841649,8.999905,8.245477,8.353581,7.705724,7.917067,1.651655,0.017661,86.413448,9.191443,8.638112,8.471161
C01482,A_L20,DIGITAL_CMOS,CMOS_A,2.217359,2.162141,0.020542,0.020708,88.605926,88.336283,9.339011,9.376265,8.709168,8.718983,7.428327,7.495765,2.278875,0.020965,89.64288,9.380774,8.906982,7.748495
C01483,A_L20,DIGITAL_CMOS,CMOS_A,1.464778,1.457962,0.016494,0.016783,92.561464,92.892862,9.15957,9.312315,8.416497,8.555826,7.474714,7.565952,1.48728,0.016927,92.800693,9.479471,8.751882,7.890127
C01484,A_L20,DIGITAL_CMOS,CMOS_A,1.599424,1.621334,0.022189,0.022586,97.606483,97.529356,8.302638,8.360972,7.591483,7.651665,6.844999,6.910248,2.135629,0.028792,103.569924,8.479327,7.702011,6.940767
C01485,A_L20,DIGITAL_CMOS,CMOS_A,1.358475,1.395426,0.013407,0.01394,80.423676,80.730744,9.07942,9.284212,8.260273,8.402438,7.472967,7.697828,1.458489,0.014132,83.324559,9.5474,8.614115,8.172191
C01486,A_L20,DIGITAL_CMOS,CMOS_A,1.356216,1.355211,0.018684,0.018458,88.376128,89.030667,9.797835,9.862717,9.862199,9.893502,7.876456,7.929048,1.375945,0.019077,89.957971,10.061946,10.015205,8.012621
C01487,A_L20,DIGITAL_CMOS,CMOS_A,1.615217,1.600955,0.018323,0.018736,84.242071,83.678829,9.456647,9.465968,8.100527,8.201329,7.488523,7.503845,1.756867,0.019345,84.439729,9.53498,8.224294,7.59057
C01488,A_L20,DIGITAL_CMOS,CMOS_A,1.407684,1.443667,0.020343,0.020523,85.103188,85.443835,9.42737,9.477223,8.641491,8.640189,7.450115,7.461485,1.614025,0.021282,87.993889,9.569207,8.867542,7.726587
C01489,A_L20,DIGITAL_CMOS,CMOS_A,1.636649,1.626587,0.014942,0.0147,92.963093,93.117346,8.805448,8.985586,8.056274,8.122732,7.432677,7.541546,1.688286,0.014817,93.070407,9.254851,8.453499,7.875033
C01490,A_L20,DIGITAL_CMOS,CMOS_A,1.628063,1.623171,0.017965,0.018715,90.194087,91.633211,9.195959,9.185529,8.76391,8.817735,8.119705,8.021039,1.715383,0.019529,93.413156,9.269417,8.802479,8.072737
C01491,A_L20,DIGITAL_CMOS,CMOS_A,1.473546,1.568713,0.027429,0.027672,75.178763,75.133015,9.054447,9.118298,8.421083,8.478185,7.420577,7.440682,1.628962,0.028082,75.915601,9.185377,8.625889,7.496844
C01492,A_L20,DIGITAL_CMOS,CMOS_A,1.394245,1.441029,0.009916,0.010041,88.984727,89.333786,8.865605,8.882666,8.316175,8.2952,7.096696,7.060142,1.609638,0.010575,92.322703,8.996659,8.390868,7.259562
C01493,A_L20,DIGITAL_CMOS,CMOS_A,1.351977,1.39338,0.017423,0.017642,84.478124,84.640874,9.169972,9.245442,9.099985,9.21044,7.378282,7.478168,1.522331,0.019031,85.776745,9.849138,9.716097,7.95154
C01494,A_L20,DIGITAL_CMOS,CMOS_A,1.787273,1.865217,0.021253,0.021782,93.032281,94.277214,9.199166,9.20907,8.391961,8.434028,7.390854,7.393672,1.948507,0.022167,95.487881,9.355257,8.502814,7.579376
C01495,A_L20,DIGITAL_CMOS,CMOS_A,1.229462,1.225279,0.016239,0.016366,80.928889,81.581849,8.975773,9.094404,8.753089,8.828436,7.458691,7.595528,1.678953,0.017086,95.473539,9.475983,9.09056,8.078771
C01496,A_L20,DIGITAL_CMOS,CMOS_A,1.634515,1.633422,0.022524,0.022482,89.116092,89.422201,8.845028,8.942901,8.81446,8.945799,7.37755,7.647548,1.662471,0.022704,89.689117,9.14426,9.036018,8.066739
C01497,A_L20,DIGITAL_CMOS,CMOS_A,2.13162,2.190015,0.024728,0.024875,92.669983,92.107898,9.127341,9.191731,8.119165,8.35488,7.155579,7.352777,2.222588,0.025338,92.539615,9.507916,8.749474,7.623716
C01498,A_L20,DIGITAL_CMOS,CMOS_A,0.978882,1.018833,0.013148,0.013561,88.735464,89.313539,9.369552,9.460793,8.291763,8.291592,7.274709,7.238504,1.028021,0.01372,90.122719,9.534175,8.362434,7.469585
C01499,A_L20,DIGITAL_CMOS,CMOS_A,1.296441,1.338973,0.019019,0.019692,90.808717,90.581291,9.23245,9.32286,7.646778,7.782163,6.772943,6.968412,1.333477,0.019452,90.639812,9.724975,7.903238,7.289263
C01500,A_L20,DIGITAL_CMOS,CMOS_A,1.01687,1.050017,0.014451,0.014817,116.788275,118.138756,9.746699,9.730868,8.535835,8.498181,8.055783,8.00207,1.056684,0.014696,118.931644,9.864297,8.6313,8.11274
C01501,A_L20,DIGITAL_CMOS,CMOS_A,1.539903,1.542681,0.034634,0.03551,90.422809,90.499132,9.260827,9.305207,8.330808,8.258278,7.420039,7.525347,1.579042,0.035896,89.559454,9.401221,8.325612,7.561987
C01502,A_L20,DIGITAL_CMOS,CMOS_A,1.80089,1.841701,0.024488,0.025073,86.575059,87.411265,9.566346,9.76066,9.001332,9.074237,7.437183,7.524285,1.940571,0.026374,88.33896,10.342255,9.900073,8.498534
C01503,A_L20,DIGITAL_CMOS,CMOS_A,1.733768,1.74784,0.023165,0.024447,89.900187,91.039599,9.024398,9.144705,8.270928,8.453557,7.652112,7.824461,1.811048,0.024738,91.942264,9.462982,8.827748,8.149409
C01504,A_L21,DIGITAL_CMOS,CMOS_A,1.578382,1.561548,0.02133,0.021314,97.228292,97.796082,8.32173,8.281451,7.715531,7.706969,6.812935,6.828076,1.565496,0.02175,98.144969,8.354809,7.85614,6.869699
C01505,A_L21,DIGITAL_CMOS,CMOS_A,1.656145,1.686558,0.019733,0.020715,95.718893,95.472002,8.839107,8.828719,7.891534,8.098023,7.050782,7.144381,1.775491,0.021831,97.729671,9.011159,8.667252,7.437871
C01506,A_L21,DIGITAL_CMOS,CMOS_A,1.460978,1.454457,0.024592,0.024688,99.018542,98.221517,8.783454,8.844158,7.694521,7.845029,7.271118,7.335965,1.480215,0.024509,98.089252,8.992144,8.117124,7.435518
C01507,A_L21,DIGITAL_CMOS,CMOS_A,1.582598,1.634874,0.019567,0.019507,89.52597,88.753701,8.881494,8.934705,8.795693,8.86934,7.391741,7.402132,1.663584,0.019853,89.984756,8.934435,8.944714,7.457629
C01508,A_L21,DIGITAL_CMOS,CMOS_A,1.370422,1.365831,0.018306,0.019217,90.236075,92.406702,8.40857,8.43604,7.861059,7.922791,7.489642,7.51512,1.527019,0.02198,96.394969,8.46747,7.94682,7.49529
C01509,A_L21,DIGITAL_CMOS,CMOS_A,1.588893,1.591205,0.016248,0.0163,86.129523,85.786704,8.994685,9.084759,7.672278,7.867834,7.456125,7.479126,1.631156,0.01666,87.328221,9.402537,8.676537,7.896138
C01510,A_L21,DIGITAL_CMOS,CMOS_A,2.149134,2.115287,0.021687,0.021803,98.951219,98.848328,8.737477,8.786083,7.449739,7.465744,7.148443,7.172682,2.164096,0.02256,98.904034,8.996837,7.755818,7.491186
C01511,A_L21,DIGITAL_CMOS,CMOS_A,1.712898,1.728394,0.014779,0.014695,90.465366,90.114423,8.980329,9.153411,7.685248,7.730456,7.893446,8.014298,1.738087,0.015189,90.304808,9.441893,8.035965,8.051178
C01512,A_L21,DIGITAL_CMOS,CMOS_A,1.555844,1.56572,0.017029,0.017741,97.688812,98.963152,8.645251,8.682226,7.807916,7.981093,7.519142,7.564237,1.642216,0.019226,100.294348,9.117946,8.631862,7.85458
C01513,A_L21,DIGITAL_CMOS,CMOS_A,1.189936,1.156209,0.014054,0.014054,88.873153,89.956527,8.939795,9.051887,8.253787,8.543566,7.957908,7.931918,1.191418,0.014619,89.197616,9.27381,8.955778,8.087172
C01514,A_L21,DIGITAL_CMOS,CMOS_A,1.54361,1.567096,0.018409,0.018629,96.927561,96.780354,8.886321,8.895109,7.917317,8.016622,7.611116,7.648042,1.712446,0.020886,102.990419,9.359093,8.458137,8.06872
C01515,A_L21,DIGITAL_CMOS,CMOS_A,1.294047,1.305513,0.010793,0.011463,84.936491,85.0154,9.002863,9.038547,8.398842,8.390652,7.883564,7.864695,1.364723,0.012245,87.513089,9.053941,8.524174,7.891941
C01516,A_L21,DIGITAL_CMOS,CMOS_A,1.910284,1.8917,0.019522,0.019775,97.411759,96.620663,9.110486,9.146425,8.394219,8.498149,8.044818,8.041586,1.929587,0.02086,98.147795,9.379254,9.453436,8.405079
C01517,A_L21,DIGITAL_CMOS,CMOS_A,1.513699,1.521666,0.025257,0.025782,91.425803,90.771374,8.838947,8.857476,8.426321,8.434737,7.33265,7.350931,1.605137,0.027237,92.974601,8.873558,8.529782,7.317476
C01518,A_L21,DIGITAL_CMOS,CMOS_A,1.592775,1.646504,0.020287,0.020955,100.379559,100.175998,8.7319,8.683776,8.032197,8.015787,7.207044,7.183925,1.741947,0.023609,103.242595,8.775261,8.122128,7.291064
C01519,A_L21,DIGITAL_CMOS,CMOS_A,1.892553,1.867364,0.023831,0.025776,94.178371,96.68733,9.579639,9.631108,8.70536,8.756518,7.526013,7.534133,1.999875,0.028885,98.778188,9.974302,9.507979,7.875933
C01520,A_L21,DIGITAL_CMOS,CMOS_A,1.873665,1.872734,0.029543,0.02934,91.487883,92.147349,8.71185,8.842688,8.314806,8.427945,6.649219,6.780539,1.882426,0.030739,92.100895,9.0245,8.966595,6.992809
C01521,A_L21,DIGITAL_CMOS,CMOS_A,1.448142,1.471241,0.016363,0.016723,93.595948,93.685372,9.177952,9.225553,8.057171,8.172923,7.56169,7.725602,1.511888,0.017855,94.211116,9.279781,8.371787,7.866372
C01522,A_L21,DIGITAL_CMOS,CMOS_A,1.156912,1.145803,0.019425,0.019751,92.545353,92.223983,8.776918,8.799204,7.859974,7.72422,7.24473,7.296629,1.150723,0.019904,93.201529,8.834741,7.898364,7.312825
C01523,A_L21,DIGITAL_CMOS,CMOS_A,1.735134,1.814016,0.0211,0.021658,86.594686,86.291948,8.760368,8.745539,7.312613,7.411022,7.336603,7.323078,1.797682,0.022642,90.141467,8.787376,7.516117,7.324809
C01524,A_L21,DIGITAL_CMOS,CMOS_A,1.700824,1.722109,0.025843,0.027201,94.980418,95.696969,8.456535,8.481497,7.813265,7.936534,7.377958,7.492122,1.863953,0.031209,98.172089,8.798177,8.43229,7.807383
C01525,A_L21,DIGITAL_CMOS,CMOS_A,1.089907,1.093301,0.017903,0.018504,95.864443,96.300033,9.159916,9.148738,7.706398,7.800025,7.490736,7.528148,1.154145,0.021507,100.428107,9.332983,8.070065,7.722135
C01526,A_L21,DIGITAL_CMOS,CMOS_A,1.69205,1.754094,0.017913,0.017947,88.457872,88.815798,9.222684,9.301987,8.604147,8.771322,8.178397,8.252413,1.745098,0.018035,88.472008,9.49006,9.101121,8.360774
C01527,A_L21,DIGITAL_CMOS,CMOS_A,1.491273,1.500152,0.012733,0.013283,91.845494,92.240255,8.62948,8.605494,8.03414,8.075836,6.98473,7.030792,1.630668,0.015168,96.068716,8.676372,8.115506,7.029044
C01528,A_L21,DIGITAL_CMOS,CMOS_A,2.085517,2.141474,0.03347,0.033982,93.852486,94.30463,8.704872,8.730054,8.016697,8.185714,7.172876,7.291949,2.179043,0.035304,94.662266,9.01585,8.700075,7.338942
C01529,A_L21,DIGITAL_CMOS,CMOS_A,1.695219,1.685641,0.014648,0.014849,89.961281,89.902741,8.839037,8.884709,7.870953,7.947565,7.279499,7.392324,1.723237,0.015787,89.886307,9.424993,8.888829,7.895941
C01530,A_L21,DIGITAL_CMOS,CMOS_A,1.931295,1.982111,0.030292,0.030965,93.474867,95.244138,9.08898,9.075978,8.121271,8.117963,7.991427,7.992396,1.976502,0.032656,96.725579,9.174111,8.173459,8.104792
C01531,A_L21,DIGITAL_CMOS,CMOS_A,1.688344,1.713874,0.02461,0.0248,91.226535,91.822495,8.241236,8.313386,7.429463,7.520851,6.964625,6.94599,1.734356,0.025124,92.648907,8.315222,7.662776,7.079254
C01532,A_L21,DIGITAL_CMOS,CMOS_A,1.684834,1.712186,0.015888,0.016422,94.920385,96.136554,9.129101,9.103447,8.341043,8.372239,7.616072,7.543452,1.825492,0.018696,98.438326,9.172844,8.496153,7.59995
C01533,A_L21,DIGITAL_CMOS,CMOS_A,1.671505,1.644701,0.019501,0.020219,97.231301,97.692586,8.674351,8.69451,7.389402,7.519236,7.010821,7.060915,1.719406,0.02165,99.6037,9.17171,7.918593,7.551876
C01534,A_L21,DIGITAL_CMOS,CMOS_A,1.474941,1.476359,0.018137,0.018487,83.310593,83.35623,9.040664,9.12122,8.551328,8.683035,7.752542,7.736594,1.507677,0.018739,84.335753,9.334359,9.404839,8.074834
C01535,A_L21,DIGITAL_CMOS,CMOS_A,1.554142,1.551579,0.014763,0.015254,99.778052,100.483429,9.234207,9.281602,7.22226,7.279401,7.547569,7.546238,1.587421,0.015917,101.171708,9.408372,7.313314,7.597737
C01536,A_L21,DIGITAL_CMOS,CMOS_A,1.283194,1.279647,0.017975,0.018058,92.137448,91.94785,9.026116,9.148057,7.696646,7.784803,7.321146,7.478699,1.266126,0.018889,93.465824,9.341383,8.408165,7.580424
C01537,A_L21,DIGITAL_CMOS,CMOS_A,1.80914,1.850647,0.020772,0.021132,91.094008,91.336067,8.33163,8.451637,7.272554,7.452847,6.601809,6.67303,1.834307,0.021923,91.815888,8.549918,7.747359,6.812336
C01538,A_L21,DIGITAL_CMOS,CMOS_A,1.393568,1.3664,0.023614,0.024237,90.459212,91.395493,8.678512,8.732804,7.74298,7.911157,6.873499,6.897768,1.391826,0.025051,91.278582,8.859184,8.237322,7.179507
C01539,A_L21,DIGITAL_CMOS,CMOS_A,2.071829,2.066339,0.017403,0.017692,89.892071,90.698065,8.747233,8.906118,7.494581,7.534929,6.917591,6.951021,2.11005,0.017784,90.752058,9.330234,8.389064,7.183387
C01540,A_L21,DIGITAL_CMOS,CMOS_A,1.48653,1.515227,0.011588,0.012287,83.980038,85.281885,9.086646,9.128924,7.696265,7.73765,7.385302,7.49593,1.547481,0.01298,85.937966,9.23484,7.817809,7.468663
C01541,A_L21,DIGITAL_CMOS,CMOS_A,1.9421,1.971431,0.017361,0.018168,93.418893,95.613615,9.043119,9.153892,8.181181,8.42027,7.96572,7.97514,2.051704,0.019161,95.410348,9.456039,8.95742,8.280536
C01542,A_L21,DIGITAL_CMOS,CMOS_A,1.328999,1.313631,0.021946,0.02209,96.953834,97.229422,9.08031,9.068401,7.653586,7.6702,7.314585,7.28095,1.333124,0.022716,97.161467,9.144868,7.811161,7.422982
C01543,A_L21,DIGITAL_CMOS,CMOS_A,1.496688,1.486907,0.020132,0.020829,86.667658,86.080712,8.687245,8.672766,7.93189,8.031616,7.725693,7.812157,1.547366,0.021527,87.37379,9.08746,8.770828,8.131815
C01544,A_L21,DIGITAL_CMOS,CMOS_A,1.458051,1.466482,0.016427,0.01686,98.130912,97.583983,8.177794,8.232861,7.692807,7.832701,7.194555,7.218495,1.484975,0.0177,97.952192,8.329854,7.851996,7.273156
C01545,A_L21,DIGITAL_CMOS,CMOS_A,1.459063,1.461915,0.018955,0.01922,96.931771,96.261875,8.551697,8.598335,7.88359,8.001843,7.286068,7.31377,1.496756,0.019936,97.662906,8.800788,8.377371,7.473875
C01546,A_L21,DIGITAL_CMOS,CMOS_A,1.800608,1.813576,0.01207,0.012477,88.670233,90.010616,8.693887,8.684056,7.675126,7.740474,7.318879,7.380459,1.925783,0.014919,92.30946,8.908065,8.314598,7.690903
C01547,A_L21,DIGITAL_CMOS,CMOS_A,1.582077,1.581436,0.021597,0.021749,91.744956,92.051713,8.652545,8.785487,7.293085,7.269609,7.387951,7.284067,1.557584,0.022026,91.830353,9.12695,7.523648,7.407958
C01548,A_L21,DIGITAL_CMOS,CMOS_A,1.033082,1.079917,0.012289,0.012414,93.607161,93.268957,8.720927,8.734947,8.061453,8.026442,7.438894,7.371554,1.057213,0.012955,94.4647,8.754334,8.14652,7.39936
C01549,A_L21,DIGITAL_CMOS,CMOS_A,1.396768,1.416422,0.024076,0.024118,88.604167,88.862241,8.662023,8.671495,8.074208,8.122974,7.594649,7.645396,1.409399,0.02441,88.018392,8.736032,8.223256,7.763513
C01550,A_L21,DIGITAL_CMOS,CMOS_A,1.27264,1.257898,0.012666,0.013314,96.927881,96.797206,8.897385,8.877057,7.772311,7.851469,7.21494,7.289433,1.352189,0.015659,103.121375,9.037404,7.957241,7.365144
C01551,A_L21,DIGITAL_CMOS,CMOS_A,1.569377,1.53926,0.014739,0.01483,85.512912,85.739565,8.826901,8.930895,8.115924,8.26131,8.174868,8.260005,1.586704,0.015837,86.891832,9.208553,9.140112,8.625717
C01552,A_L21,DIGITAL_CMOS,CMOS_A,1.132992,1.171981,0.018119,0.019469,100.689842,99.548217,9.018643,9.138252,7.563348,7.701287,7.106843,7.202469,1.193548,0.020808,101.388896,9.395136,8.032271,7.386711
C01553,A_L21,DIGITAL_CMOS,CMOS_A,1.316171,1.348465,0.011796,0.011838,99.148664,100.331651,8.742406,8.761222,7.748854,7.776069,7.441471,7.454091,1.335074,0.011991,99.678947,8.811667,7.861354,7.554802
C01554,A_L21,DIGITAL_CMOS,CMOS_A,1.418379,1.447104,0.011274,0.011986,86.575819,87.283578,8.703182,8.843667,7.458737,7.632548,7.216244,7.226905,1.510568,0.013143,90.171136,9.141376,8.43542,7.526404
C01555,A_L21,DIGITAL_CMOS,CMOS_A,1.608679,1.634556,0.021837,0.022127,98.361765,98.614709,8.80066,8.857182,7.492376,7.574926,6.904519,7.00106,1.602628,0.02271,99.457693,9.039904,8.318545,7.432585
C01556,A_L21,DIGITAL_CMOS,CMOS_A,1.665623,1.672938,0.040843,0.0415,83.985758,84.097157,8.555506,8.537875,7.288688,7.364015,7.131283,7.135774,1.708868,0.041801,85.474833,8.635731,7.361027,7.310252
C01557,A_L21,DIGITAL_CMOS,CMOS_A,1.621188,1.640753,0.016009,0.015956,91.633879,91.187277,8.931966,8.906606,6.833368,6.879152,7.167668,7.142089,1.664724,0.016193,92.412262,8.919403,6.95608,7.245183
C01558,A_L21,DIGITAL_CMOS,CMOS_A,1.680671,1.705363,0.019221,0.019359,94.299307,93.533224,9.10042,9.108689,7.899965,7.954922,7.293353,7.333432,1.708391,0.019853,95.005767,9.562769,8.339461,7.64404
C01559,A_L21,DIGITAL_CMOS,CMOS_A,1.56007,1.580735,0.018043,0.019127,97.908702,98.873215,8.782551,8.823124,7.961818,8.007634,7.818484,7.829407,1.618222,0.020275,101.508743,8.870034,8.127914,7.973629
C01560,A_L21,DIGITAL_CMOS,CMOS_A,1.87337,1.90399,0.017788,0.017801,92.516967,93.368825,8.62789,8.749032,8.215356,8.233532,7.067504,7.141667,1.893537,0.018722,93.477584,9.129951,8.938241,7.438883
C01561,A_L21,DIGITAL_CMOS,CMOS_A,1.355428,1.378236,0.021997,0.022337,91.461264,92.001272,8.879033,8.88824,8.315548,8.371135,7.749371,7.722873,1.366647,0.02292,91.107689,8.992279,8.525327,7.675805
C01562,A_L21,DIGITAL_CMOS,CMOS_A,1.378286,1.380283,0.015665,0.016606,88.360995,88.420036,8.682824,8.743766,8.101396,8.146622,7.790938,7.776793,1.44788,0.017976,90.09903,8.808672,8.206031,7.832953
C01563,A_L21,DIGITAL_CMOS,CMOS_A,1.64847,1.6162,0.017115,0.017711,96.376709,96.390115,9.307548,9.406749,7.914313,7.98288,7.096331,7.137171,1.713059,0.018428,96.388239,9.722976,8.385164,7.294567
C01564,A_L21,DIGITAL_CMOS,CMOS_A,1.462122,1.534159,0.030911,0.031614,96.153349,97.801452,9.067318,9.006785,7.9725,8.00377,8.080285,8.093947,1.573442,0.037407,101.706173,10.014518,8.270408,10.563443
C01565,A_L21,DIGITAL_CMOS,CMOS_A,1.462761,1.447934,0.027581,0.028809,87.792474,88.679591,9.398147,9.492933,7.930741,8.090706,7.672412,7.759753,1.584791,0.032992,91.423387,9.922283,8.711549,8.15153
C01566,A_L21,DIGITAL_CMOS,CMOS_A,1.441786,1.474319,0.016326,0.017206,95.162431,94.693924,9.036716,9.082532,7.969779,7.938525,7.358289,7.435278,1.589333,0.020759,97.714199,9.089129,8.1656,7.406007
C01567,A_L21,DIGITAL_CMOS,CMOS_A,1.641003,1.666468,0.02998,0.030041,93.964693,93.826846,8.875404,9.007361,7.667561,7.924705,7.169194,7.240193,1.670737,0.030995,94.396623,9.26988,8.610121,7.58742
C01568,A_L21,DIGITAL_CMOS,CMOS_A,1.298091,1.316403,0.017067,0.017781,100.15834,99.692097,8.964978,8.980515,7.929353,7.952721,7.036818,7.009316,1.338974,0.018568,101.555917,9.0634,7.946665,7.012142
C01569,A_L21,DIGITAL_CMOS,CMOS_A,1.19002,1.234473,0.023946,0.025068,90.22017,89.897606,9.100182,9.141351,8.064402,8.076538,7.783836,7.759614,1.310722,0.027163,93.995766,9.227898,8.20433,7.786543
C01570,A_L21,DIGITAL_CMOS,CMOS_A,1.437622,1.495564,0.02093,0.022031,88.689256,89.986967,8.695996,8.668184,8.303999,8.440757,7.545365,7.537317,1.557593,0.02316,92.534441,8.823988,8.497764,7.63179
C01571,A_L21,DIGITAL_CMOS,CMOS_A,1.2311,1.28809,0.015762,0.016762,91.437104,92.175752,8.501832,8.590195,7.999607,8.010782,7.127206,7.199177,1.322634,0.017722,94.012835,8.620902,8.188177,7.221486
C01572,A_L21,DIGITAL_CMOS,CMOS_A,1.874626,1.888553,0.020264,0.021505,92.902292,93.330751,8.956124,8.941951,8.073625,8.136749,7.815626,7.860125,2.012154,0.023674,95.970878,9.008162,8.239264,7.864057
C01573,A_L21,DIGITAL_CMOS,CMOS_A,1.728595,1.705304,0.022368,0.022907,95.270564,95.145506,9.045888,9.092662,8.046513,8.262891,7.569445,7.541888,1.740345,0.023435,96.3521,9.342789,8.685164,7.740745
C01574,A_L21,DIGITAL_CMOS,CMOS_A,1.518447,1.637563,0.024798,0.026456,90.518031,91.947279,8.383808,8.393527,7.741371,7.880051,7.381818,7.497956,1.781607,0.029164,93.658182,8.412885,7.951013,7.638662
C01575,A_L21,DIGITAL_CMOS,CMOS_A,1.302451,1.29478,0.017734,0.018008,91.195979,90.390434,9.184012,9.303118,8.209518,8.291536,8.058205,8.001314,1.318105,0.018267,91.905129,9.319838,8.427353,8.157475
C01576,A_L21,DIGITAL_CMOS,CMOS_A,1.822538,1.801261,0.012022,0.01263,94.702572,94.687858,8.90842,8.948791,8.038949,8.091779,7.285727,7.384335,1.909737,0.014753,99.233521,9.423685,8.64706,7.798729
C01577,A_L21,DIGITAL_CMOS,CMOS_A,1.435433,1.445302,0.027488,0.027722,87.049921,87.642281,8.711658,8.758236,8.235559,8.215679,7.698837,7.629117,1.426989,0.02802,86.915841,8.73661,8.384634,7.761362
C01652,A_L23,DIGITAL_CMOS,CMOS_A,2.074636,2.119689,0.023638,0.024214,94.317227,95.5529,9.402585,9.480562,8.397749,8.526308,7.630864,7.704932,2.250872,0.025434,102.610025,9.75435,8.621528,7.969995
C01653,A_L23,DIGITAL_CMOS,CMOS_A,1.69702,1.715973,0.025473,0.025593,88.875186,89.472189,9.190697,9.186626,8.35099,8.371916,7.864074,7.89047,1.779411,0.026812,99.221628,9.241846,8.37699,7.919912
C01654,A_L23,DIGITAL_CMOS,CMOS_A,1.292447,1.296711,0.02569,0.025759,94.396715,94.23671,8.794193,8.745887,8.106538,8.221267,7.450119,7.436951,1.306814,0.0261,94.676779,8.988565,8.267996,7.612796
C01655,A_L23,DIGITAL_CMOS,CMOS_A,1.669875,1.687883,0.025027,0.025305,93.925357,93.912901,8.638551,8.527454,7.485564,7.549445,6.518323,6.537321,1.691779,0.025288,95.205251,8.70139,7.563291,6.559865
C01656,A_L23,DIGITAL_CMOS,CMOS_A,1.275071,1.274619,0.030015,0.030168,90.882534,92.491422,8.823789,8.868398,8.491587,8.359537,8.080453,8.140292,1.287473,0.03016,92.427159,9.023537,8.641546,8.316938
C01657,A_L23,DIGITAL_CMOS,CMOS_A,1.559168,1.59474,0.017019,0.017222,86.08554,86.434548,9.517741,9.573681,8.619702,8.685047,8.144039,8.09029,1.66387,0.017693,89.025677,9.771953,8.871832,8.396806
C01658,A_L23,DIGITAL_CMOS,CMOS_A,1.714679,1.729038,0.023046,0.02306,88.386075,88.746743,9.193677,9.218531,8.211746,8.189932,7.576033,7.647681,1.724146,0.023599,90.473386,9.279001,8.280158,7.673178
C01659,A_L23,DIGITAL_CMOS,CMOS_A,1.743883,1.728982,0.02861,0.029512,86.371486,87.445872,9.355036,9.293371,8.511661,8.516956,8.039407,8.078182,1.752944,0.029854,93.040233,9.344732,8.504054,8.093855
C01660,A_L23,DIGITAL_CMOS,CMOS_A,1.637508,1.632473,0.019221,0.019023,86.395484,85.997226,8.64185,8.61477,7.87941,8.024361,7.140406,7.10464,1.661846,0.018915,88.198652,8.766707,8.082194,7.231724
C01661,A_L23,DIGITAL_CMOS,CMOS_A,1.489156,1.513222,0.018099,0.018193,95.041431,96.843371,9.375851,9.468633,8.479312,8.498012,7.591715,7.655347,1.633938,0.018962,103.805228,9.547931,8.621068,7.80834
C01662,A_L23,DIGITAL_CMOS,CMOS_A,1.241082,1.261184,0.014523,0.014584,91.314863,91.984745,9.335589,9.222606,8.214325,8.208653,7.566737,7.497967,1.249811,0.014635,93.286358,9.373628,8.247793,7.465239
C01663,A_L23,DIGITAL_CMOS,CMOS_A,1.142687,1.164799,0.023715,0.023896,91.88203,91.682841,9.305011,9.276572,8.797494,8.720934,7.572101,7.600869,1.152083,0.024349,91.953309,9.336987,8.686572,7.623551
C01664,A_L23,DIGITAL_CMOS,CMOS_A,1.575808,1.614967,0.023227,0.023651,88.488357,90.604738,8.683603,8.647716,8.046291,7.98615,7.116141,7.102477,1.652239,0.02401,92.835662,8.761137,7.957034,7.07053
C01665,A_L23,DIGITAL_CMOS,CMOS_A,1.827441,1.835175,0.016818,0.017058,87.374828,88.089948,9.042071,9.046088,8.243594,8.384284,7.421836,7.47098,1.914217,0.017565,93.787189,9.067665,8.43843,7.53139
C01666,A_L23,DIGITAL_CMOS,CMOS_A,1.570075,1.625009,0.018751,0.019074,87.502725,90.399295,9.556246,9.564885,8.630198,8.617164,7.776858,7.745043,1.653363,0.01966,94.703239,9.68377,8.5669,7.773405
C01667,A_L23,DIGITAL_CMOS,CMOS_A,1.491843,1.476779,0.022396,0.022538,89.331991,89.656522,9.367674,9.51075,8.170852,8.329847,7.615356,7.62243,1.504179,0.022416,91.101337,9.566746,8.416029,7.88018
C01668,A_L23,DIGITAL_CMOS,CMOS_A,1.58589,1.597239,0.02694,0.027303,86.946164,88.873122,8.794562,8.818377,7.541731,7.601987,7.995453,7.995731,1.636182,0.027704,91.55501,8.90593,7.740031,8.029262
C01669,A_L23,DIGITAL_CMOS,CMOS_A,1.352393,1.372754,0.022766,0.023169,99.058106,98.686942,9.439196,9.397963,8.393898,8.396595,7.546425,7.573354,1.360296,0.022945,99.607952,9.422168,8.528548,7.529791
C01670,A_L23,DIGITAL_CMOS,CMOS_A,1.502819,1.485479,0.024937,0.024983,79.26557,79.173294,9.150211,9.168938,8.233295,8.233348,7.863053,7.88864,1.47554,0.025257,81.605052,9.151372,8.228269,7.792913
C01671,A_L23,DIGITAL_CMOS,CMOS_A,2.007878,2.002565,0.022011,0.02219,89.61626,90.313843,8.995832,9.016665,7.908516,7.958726,7.353089,7.351431,2.038308,0.022591,90.686535,9.199705,8.159964,7.520571
C01672,A_L23,DIGITAL_CMOS,CMOS_A,1.746743,1.760398,0.028787,0.028722,85.480975,85.904512,9.355203,9.322073,8.346635,8.432981,7.783967,7.82132,1.753825,0.028684,86.225808,9.416407,8.522584,7.97633
C01673,A_L23,DIGITAL_CMOS,CMOS_A,1.929289,1.95722,0.029669,0.029671,96.074285,96.973072,9.284073,9.325328,8.149136,8.245825,7.693916,7.650659,1.932662,0.030609,96.071583,9.455277,8.381449,7.753108
C01674,A_L23,DIGITAL_CMOS,CMOS_A,1.408792,1.416181,0.018247,0.018066,89.834036,90.476676,8.921899,8.956151,7.910434,7.885954,7.180984,7.149681,1.424787,0.018644,90.775582,8.932444,7.950179,7.160033
C01675,A_L23,DIGITAL_CMOS,CMOS_A,1.672235,1.679742,0.018407,0.01873,91.85345,92.615014,9.416853,9.423336,8.21511,8.334796,7.417019,7.456772,1.759975,0.019662,99.740701,9.540069,8.371852,7.479193
C01676,A_L23,DIGITAL_CMOS,CMOS_A,1.875927,1.858057,0.037123,0.037193,83.827732,85.362181,9.465599,9.509201,7.985594,8.054217,7.400583,7.41204,1.899184,0.037226,85.917397,9.600524,8.093318,7.411552
C01677,A_L23,DIGITAL_CMOS,CMOS_A,1.444257,1.454223,0.019962,0.019986,89.650098,89.758253,8.584336,8.571759,7.769462,7.811651,7.575956,7.595537,1.560471,0.020741,97.878679,8.654576,7.799184,7.603168
C01678,A_L23,DIGITAL_CMOS,CMOS_A,1.425669,1.458608,0.02201,0.021875,93.913825,94.699045,9.423632,9.363198,8.689496,8.721547,8.164016,8.106764,1.518369,0.022822,97.847837,9.395686,8.740046,8.140907
C01679,A_L23,DIGITAL_CMOS,CMOS_A,1.613819,1.610326,0.013152,0.013606,83.991997,85.767742,8.940424,8.967442,7.739344,7.697744,6.914921,6.949107,1.662412,0.013715,89.550946,9.019393,7.76956,6.925642
C01680,A_L23,DIGITAL_CMOS,CMOS_A,1.421447,1.460498,0.01433,0.014535,93.598277,94.757864,9.495349,9.512592,8.79173,8.904072,7.457871,7.505694,1.432438,0.01452,94.66852,9.599487,9.026779,7.620146
C01681,A_L23,DIGITAL_CMOS,CMOS_A,1.207405,1.189616,0.018008,0.01792,97.629189,97.853473,8.942278,8.938914,8.064401,8.123495,7.42318,7.439493,1.226368,0.01825,98.205125,8.935669,8.151082,7.41746
C01682,A_L23,DIGITAL_CMOS,CMOS_A,1.171285,1.175793,0.018913,0.019078,94.078796,94.382609,8.489179,8.518917,7.810114,7.699222,6.429089,6.49147,1.164661,0.019279,95.157151,8.769164,8.076175,6.685184
C01683,A_L23,DIGITAL_CMOS,CMOS_A,1.491584,1.4748,0.022644,0.022786,92.174513,94.383294,9.570218,9.52737,8.589893,8.668475,7.640257,7.655927,1.510181,0.023009,97.52568,9.551985,8.760749,7.742177
C01684,A_L23,DIGITAL_CMOS,CMOS_A,1.355147,1.405769,0.018819,0.019309,89.172488,90.375526,8.875983,8.891974,8.333493,8.310561,7.584807,7.673244,1.435406,0.019679,92.928667,9.128452,8.369731,7.824054
C01685,A_L23,DIGITAL_CMOS,CMOS_A,1.331812,1.337025,0.020627,0.02105,98.672879,99.704341,9.360267,9.363304,7.939658,7.967429,7.499855,7.530664,1.425089,0.021822,107.324467,9.442558,7.971889,7.540035
C01686,A_L23,DIGITAL_CMOS,CMOS_A,1.229579,1.208324,0.033558,0.033409,94.487428,94.56376,9.015614,9.048035,8.260772,8.357756,7.302413,7.252967,1.241978,0.033746,95.790113,9.192135,8.496714,7.351898
C01687,A_L23,DIGITAL_CMOS,CMOS_A,1.761479,1.785135,0.021587,0.02177,87.797115,88.703145,8.765791,8.780612,7.965324,8.058596,7.25434,7.298206,1.788619,0.021473,89.39564,8.857054,8.225001,7.352278
C01688,A_L23,DIGITAL_CMOS,CMOS_A,1.471569,1.485849,0.019005,0.019245,97.906141,98.43463,9.162732,9.173955,7.890606,7.889824,7.352537,7.391845,1.52834,0.019839,103.063901,9.186643,7.906692,7.376418
C01689,A_L23,DIGITAL_CMOS,CMOS_A,1.828189,1.840567,0.01879,0.019369,90.529459,90.40818,9.25286,9.238771,8.767366,8.662631,7.929943,7.984621,1.82038,0.019738,91.004044,9.26442,8.807953,7.989719
C01690,A_L23,DIGITAL_CMOS,CMOS_A,1.280393,1.267181,0.026673,0.026722,97.53785,99.424037,9.024825,8.99122,8.304212,8.326264,7.693869,7.57402,1.320628,0.027568,103.436115,9.081102,8.298001,7.720265
C01691,A_L23,DIGITAL_CMOS,CMOS_A,1.384243,1.371498,0.016232,0.016262,88.54765,87.985898,9.32535,9.345842,8.5374,8.510067,8.019071,8.018248,1.390589,0.016332,89.617438,9.353977,8.707692,8.023536
C01692,A_L23,DIGITAL_CMOS,CMOS_A,1.062923,1.069266,0.011817,0.01204,87.657896,87.754605,9.160611,9.138992,8.499746,8.644098,7.649988,7.649603,1.089765,0.012677,95.246702,9.295929,8.831367,7.78266
C01693,A_L23,DIGITAL_CMOS,CMOS_A,1.932719,1.998665,0.02966,0.029247,88.414819,90.170219,8.761724,8.827002,7.781142,7.845162,7.258814,7.349334,2.093947,0.031333,95.314561,8.883892,8.065983,7.409697
C01694,A_L23,DIGITAL_CMOS,CMOS_A,1.53598,1.544572,0.019392,0.019728,93.05406,94.942209,8.216277,8.228655,7.809142,7.813471,6.94802,6.949859,1.608616,0.020231,96.718751,8.245781,7.832104,6.970488
C01695,A_L23,DIGITAL_CMOS,CMOS_A,1.499132,1.502277,0.025295,0.025302,91.342324,91.065571,9.565559,9.598738,7.8843,7.891327,7.958977,7.89396,1.502842,0.025377,90.896998,9.586928,7.978845,7.921734
C01696,A_L23,DIGITAL_CMOS,CMOS_A,1.378955,1.39798,0.016471,0.016362,88.340711,88.734443,8.865143,8.935946,7.898162,7.936374,8.045261,8.14543,1.400571,0.016447,89.387668,8.945286,7.930753,8.067585
C01697,A_L23,DIGITAL_CMOS,CMOS_A,1.202796,1.231798,0.027949,0.028369,89.08045,90.551565,8.854274,8.904707,8.593574,8.63228,8.042759,8.045776,1.265416,0.029376,93.931812,8.933105,8.807605,8.134866
C01698,A_L23,DIGITAL_CMOS,CMOS_A,1.026085,1.012728,0.020676,0.021149,85.768621,85.697289,8.970579,9.087084,7.884582,7.872995,7.355596,7.350781,1.010839,0.0211,86.363796,9.181667,8.077951,7.499632
C01699,A_L23,DIGITAL_CMOS,CMOS_A,1.808657,1.810345,0.022184,0.022303,82.617539,84.540866,9.006818,9.089536,8.213027,8.313245,7.678906,7.735202,1.833168,0.022848,86.266825,9.219486,8.348707,7.848556
C01700,A_L23,DIGITAL_CMOS,CMOS_A,1.155423,1.152907,0.016328,0.016666,88.909287,89.052119,8.906993,8.873195,8.206048,8.282214,7.067997,7.069978,1.188894,0.017216,94.074217,8.814046,8.245634,7.079298
C01701,A_L23,DIGITAL_CMOS,CMOS_A,1.530814,1.535989,0.020507,0.020735,93.438217,92.676145,9.001511,9.074999,7.843762,7.866874,7.588685,7.577651,1.500962,0.020534,91.939081,9.083627,7.884751,7.615659
C01702,A_L23,DIGITAL_CMOS,CMOS_A,1.353439,1.35942,0.024123,0.023907,84.928326,86.128342,8.330782,8.396005,8.164614,8.242377,6.663704,6.66309,1.445808,0.024867,92.686299,8.549809,8.404199,6.818528
C01703,A_L23,DIGITAL_CMOS,CMOS_A,1.478349,1.439816,0.012714,0.01279,87.069146,88.885438,8.961532,8.964858,7.880764,7.972876,7.201158,7.231782,1.505737,0.013247,92.283658,9.150021,8.031332,7.478122
C01704,A_L23,DIGITAL_CMOS,CMOS_A,0.896876,0.913657,0.020948,0.021191,93.979852,94.517627,9.441328,9.513679,7.861337,7.941019,7.823047,7.834934,0.950369,0.021938,103.317907,9.653032,8.303586,7.933443
C01705,A_L23,DIGITAL_CMOS,CMOS_A,1.411644,1.433577,0.018393,0.018415,89.054834,89.643808,9.529228,9.5328,8.895027,8.825737,8.381276,8.325429,1.429346,0.018712,89.433238,9.597022,8.786657,8.331281
C01706,A_L23,DIGITAL_CMOS,CMOS_A,1.477358,1.484723,0.016417,0.016722,92.441856,92.604842,8.980361,9.037752,8.336707,8.410886,7.688702,7.699552,1.522339,0.016879,94.278982,9.052044,8.410472,7.750893
C01707,A_L23,DIGITAL_CMOS,CMOS_A,1.773968,1.750195,0.015679,0.015686,91.321107,91.289131,9.125025,9.180696,8.430827,8.500782,6.977808,6.998538,1.793163,0.015658,93.435476,9.37666,8.44183,7.127283
C01708,A_L23,DIGITAL_CMOS,CMOS_A,1.301474,1.334698,0.018479,0.018687,86.365599,87.805955,9.388921,9.393145,8.492429,8.450845,7.573377,7.653811,1.368717,0.019395,90.541847,9.58591,8.615392,7.69093
C01709,A_L23,DIGITAL_CMOS,CMOS_A,1.456881,1.464373,0.030181,0.03017,88.280048,88.238865,9.659608,9.646233,8.898356,8.863003,8.259339,8.260739,1.4592,0.030331,87.422243,9.745898,8.974053,8.23084
C01710,A_L23,DIGITAL_CMOS,CMOS_A,1.340097,1.369678,0.019195,0.01918,91.087905,92.800036,8.520004,8.539629,7.559074,7.588036,7.313082,7.19268,1.441199,0.020062,100.24517,8.576922,7.600811,7.2166
C01711,A_L23,DIGITAL_CMOS,CMOS_A,1.939919,1.971753,0.015175,0.015102,93.855998,96.344909,9.005641,9.092609,8.40099,8.487304,7.708726,7.678303,2.061084,0.015393,101.038868,9.04858,8.493673,7.746924
C01712,A_L23,DIGITAL_CMOS,CMOS_A,1.479053,1.456809,0.014277,0.014686,86.351133,86.155281,9.296996,9.326575,8.420541,8.42842,7.723901,7.733743,1.495824,0.014675,86.355164,9.337852,8.494753,7.752474
C01713,A_L23,DIGITAL_CMOS,CMOS_A,1.032064,1.020641,0.011313,0.011153,91.878431,91.831197,9.421809,9.476045,8.70361,8.724936,7.663245,7.623267,1.037068,0.011382,93.029787,9.478915,8.812452,7.698003
C01714,A_L23,DIGITAL_CMOS,CMOS_A,1.493236,1.501234,0.021612,0.022198,84.897098,85.148513,9.089487,9.042311,8.351687,8.318577,7.914973,7.94027,1.521725,0.02227,87.347874,9.087812,8.425258,7.928205
C01715,A_L23,DIGITAL_CMOS,CMOS_A,1.229468,1.244878,0.019604,0.019591,89.058257,89.047712,9.819677,9.853072,9.33495,9.436506,7.988787,7.991015,1.282652,0.019906,91.328646,9.925272,9.478557,8.023301
C01716,A_L23,DIGITAL_CMOS,CMOS_A,1.456009,1.49303,0.023279,0.023546,92.649198,92.945812,9.005073,9.019955,8.177147,8.283693,6.991063,7.013071,1.511086,0.023245,94.6616,9.203273,8.403848,7.127799
C01717,A_L23,DIGITAL_CMOS,CMOS_A,1.583237,1.605626,0.021535,0.021694,93.459372,95.361644,8.749415,8.734034,7.62142,7.667836,6.892482,6.966812,1.658144,0.022791,98.138744,8.864959,7.681239,7.111681
C01718,A_L23,DIGITAL_CMOS,CMOS_A,1.154539,1.177421,0.011478,0.011824,86.131673,86.84292,9.01805,9.071839,8.405248,8.462983,7.759318,7.804644,1.244836,0.012034,90.521846,9.147661,8.584618,7.879904
C01719,A_L23,DIGITAL_CMOS,CMOS_A,1.682486,1.694393,0.02515,0.024657,87.877499,88.63771,9.127926,9.055294,8.431864,8.485757,7.924377,8.048979,1.697793,0.025164,88.676008,9.100363,8.482177,7.97745
C01720,A_L23,DIGITAL_CMOS,CMOS_A,1.294127,1.31604,0.012877,0.012988,82.708309,83.532941,9.22956,9.341902,8.682269,8.74529,7.677446,7.769054,1.308114,0.01325,84.312063,9.53464,9.023721,7.889813
C01721,A_L23,DIGITAL_CMOS,CMOS_A,1.892009,1.895026,0.029223,0.029727,95.097322,94.687359,9.414386,9.514299,8.228024,8.278446,7.99599,8.018657,1.889413,0.029553,96.739857,9.708489,8.462529,8.221545
C01722,A_L23,DIGITAL_CMOS,CMOS_A,1.403482,1.364606,0.024924,0.024666,96.192401,96.611692,8.861895,8.868637,7.608562,7.603915,7.099124,7.119854,1.456152,0.025865,104.565492,8.94777,7.602613,7.103456
C01723,A_L23,DIGITAL_CMOS,CMOS_A,0.896589,0.889451,0.019037,0.019361,96.094424,96.530205,9.114572,9.114383,7.950098,8.014529,7.748825,7.783494,0.92724,0.019711,102.213489,9.270345,8.089644,7.900965
C01724,A_L23,DIGITAL_CMOS,CMOS_A,1.336233,1.336849,0.02363,0.023856,90.964957,90.090605,8.809882,8.825377,7.948193,7.927368,7.684842,7.697353,1.32533,0.024519,91.531965,9.041589,8.10666,7.880004
C01725,A_L23,DIGITAL_CMOS,CMOS_A,1.816265,1.826038,0.025284,0.025682,88.64444,89.044442,9.296108,9.317007,8.36055,8.402426,7.772713,7.836631,1.874261,0.02625,89.664324,9.463711,8.60538,7.927267
C01801,B_L01,DIGITAL_CMOS,CMOS_B,0.709244,0.707396,0.071926,0.073854,48.706413,48.576819,5.405215,5.435237,3.598317,3.64277,3.163221,3.175763,0.704208,0.073575,49.536796,5.481629,3.718691,3.315523
C01802,B_L01,DIGITAL_CMOS,CMOS_B,0.611218,0.618013,0.078207,0.078849,44.46303,44.484123,5.502551,5.546517,3.359461,3.390459,3.250168,3.291062,0.625229,0.079598,44.666124,5.724417,3.493353,3.391562
C01803,B_L01,DIGITAL_CMOS,CMOS_B,0.568559,0.561752,0.072444,0.071876,49.387589,48.812248,4.939854,4.973418,3.100378,3.135226,2.931626,2.96407,0.554131,0.072857,49.482152,5.041519,3.245508,3.044724
C01804,B_L01,DIGITAL_CMOS,CMOS_B,0.661787,0.661092,0.073129,0.073113,48.292943,48.505695,4.88936,4.928527,3.221091,3.208754,2.985824,2.962857,0.693477,0.076937,49.117411,4.902825,3.232043,2.994888
C01805,B_L01,DIGITAL_CMOS,CMOS_B,0.600189,0.593192,0.065039,0.065291,45.946192,45.988833,5.496029,5.505671,3.332982,3.35312,3.064738,3.085239,0.590425,0.066053,46.234198,5.66508,3.498477,3.296947
C01806,B_L01,DIGITAL_CMOS,CMOS_B,0.709295,0.715664,0.073307,0.072818,49.647043,49.648652,5.257957,5.287006,3.237595,3.243578,3.010259,3.051584,0.722145,0.073846,49.65978,5.39931,3.358307,3.293177
C01807,B_L01,DIGITAL_CMOS,CMOS_B,0.603598,0.609602,0.104681,0.105185,49.135406,49.329321,4.942205,4.925855,3.06947,3.125829,2.765478,2.840556,0.605352,0.105588,49.759496,5.027234,3.215249,2.9393
C01808,B_L01,DIGITAL_CMOS,CMOS_B,0.527246,0.526659,0.067544,0.068214,49.921845,49.875596,5.08167,5.083004,3.241364,3.281302,2.994631,3.057296,0.558184,0.072797,51.009878,5.185426,3.361328,3.138636
C01809,B_L01,DIGITAL_CMOS,CMOS_B,0.754069,0.751652,0.069802,0.071764,49.422576,49.066502,5.261167,5.278782,3.218885,3.222178,3.141032,3.14809,0.748914,0.070849,49.171887,5.424504,3.363926,3.237599
C01810,B_L01,DIGITAL_CMOS,CMOS_B,0.655439,0.657047,0.098517,0.098066,48.134414,48.294451,5.274741,5.315943,3.263222,3.306069,3.067921,3.127025,0.665012,0.099408,48.818804,5.416454,3.446413,3.315924
C01811,B_L01,DIGITAL_CMOS,CMOS_B,0.705207,0.70005,0.073487,0.074065,47.027541,47.560258,5.194042,5.226281,3.053896,3.106183,2.775115,2.821217,0.706381,0.073286,47.546774,5.310211,3.184117,2.886485
C01812,B_L01,DIGITAL_CMOS,CMOS_B,0.4307,0.423559,0.06899,0.070543,48.862654,48.972217,5.271495,5.362297,3.379389,3.39123,3.082468,3.057923,0.443994,0.073835,50.696746,5.38598,3.451231,3.091544
C01813,B_L01,DIGITAL_CMOS,CMOS_B,0.563538,0.574303,0.10718,0.109222,50.255187,50.248604,5.315168,5.318979,3.150633,3.133668,3.143674,3.173718,0.615113,0.114117,51.075936,5.318413,3.138276,3.199268
C01814,B_L01,DIGITAL_CMOS,CMOS_B,0.494766,0.505693,0.067227,0.068801,45.002742,45.084971,5.472278,5.442626,3.540737,3.590928,3.275094,3.233843,0.518868,0.069827,45.329404,5.468485,3.582558,3.263616
C01815,B_L01,DIGITAL_CMOS,CMOS_B,0.457736,0.466537,0.069699,0.070573,48.996225,49.509646,4.85477,4.896281,3.10252,3.162258,2.992563,3.011083,0.496258,0.073878,50.332694,5.023991,3.325289,3.149516
C01816,B_L01,DIGITAL_CMOS,CMOS_B,0.454472,0.458662,0.065396,0.067175,50.04147,50.129003,5.112952,5.12595,3.113317,3.108532,2.993799,2.981865,0.455792,0.06803,50.25812,5.154246,3.131828,3.050054
C01817,B_L01,DIGITAL_CMOS,CMOS_B,0.721836,0.721221,0.04481,0.045817,49.620028,49.687217,5.198839,5.192935,3.296565,3.345942,3.035359,3.09696,0.761407,0.049536,50.756031,5.352495,3.443679,3.205707
C01818,B_L01,DIGITAL_CMOS,CMOS_B,0.564472,0.563192,0.071913,0.073199,41.474241,41.592258,4.982907,5.009883,3.236955,3.294255,2.86468,2.910253,0.58731,0.075952,42.747161,5.109709,3.325359,2.949162
C01819,B_L01,DIGITAL_CMOS,CMOS_B,0.507857,0.501323,0.108778,0.108846,46.02165,46.098534,4.827066,4.832654,3.072773,3.081493,2.744625,2.810757,0.532774,0.111858,46.812199,4.899216,3.193813,2.862898
C01820,B_L01,DIGITAL_CMOS,CMOS_B,0.551642,0.557339,0.078056,0.078562,48.210637,48.42993,5.553381,5.591424,3.427547,3.430633,3.099133,3.104246,0.55781,0.07841,49.157924,5.668613,3.532218,3.225702
C01821,B_L01,DIGITAL_CMOS,CMOS_B,0.752281,0.76155,0.07474,0.073825,52.690744,53.476552,5.207623,5.239162,3.248158,3.255942,3.065608,3.037367,0.796718,0.076845,54.410986,5.247972,3.250614,3.122655
C01822,B_L01,DIGITAL_CMOS,CMOS_B,0.6425,0.619969,0.066078,0.066437,46.519674,46.632672,5.229943,5.214264,3.175053,3.177924,2.943511,2.961107,0.63475,0.067913,46.337848,5.279797,3.186268,3.011882
C01823,B_L01,DIGITAL_CMOS,CMOS_B,0.711449,0.717628,0.05354,0.05536,46.72029,46.797877,5.111468,5.08961,3.119036,3.141624,2.96657,3.007578,0.739856,0.055148,47.201371,5.077452,3.129527,2.97808
C01824,B_L01,DIGITAL_CMOS,CMOS_B,0.535281,0.532145,0.058676,0.058949,49.020746,49.746463,5.257401,5.271694,3.550102,3.53516,3.188151,3.170249,0.554989,0.059546,49.835898,5.312583,3.569166,3.204051
C01825,B_L01,DIGITAL_CMOS,CMOS_B,0.583654,0.591772,0.076946,0.078664,49.706906,49.349936,5.165734,5.160182,3.240285,3.247543,2.832946,2.816191,0.601181,0.082945,50.524649,5.146485,3.27695,2.848939
C01826,B_L01,DIGITAL_CMOS,CMOS_B,0.722576,0.706967,0.072203,0.07195,48.483898,48.044712,5.076748,5.122196,3.516844,3.502096,3.176174,3.195716,0.732421,0.072236,48.657175,5.178176,3.559196,3.196881
C01827,B_L01,DIGITAL_CMOS,CMOS_B,0.445683,0.438749,0.099054,0.098561,47.414319,47.100838,5.208407,5.228158,3.570195,3.544645,3.24183,3.253856,0.450687,0.099557,47.98502,5.283129,3.565715,3.27074
C01828,B_L01,DIGITAL_CMOS,CMOS_B,0.547579,0.535368,0.06882,0.070129,45.92892,45.982038,5.236948,5.224631,3.173167,3.153145,2.91557,2.90721,0.553196,0.071639,46.687723,5.307193,3.191741,2.952276
C01829,B_L01,DIGITAL_CMOS,CMOS_B,0.529527,0.525723,0.113544,0.114659,48.591764,48.496019,5.230464,5.26705,3.043804,3.066059,2.920084,2.941583,0.678601,1.039009,48.389683,5.385747,3.125519,3.02908
C01830,B_L01,DIGITAL_CMOS,CMOS_B,0.547088,0.546,0.057265,0.057613,49.397476,49.498425,5.097442,5.108903,3.234532,3.255443,3.105894,3.122628,0.563617,0.057732,49.534443,5.116096,3.254276,3.153992
C01831,B_L01,DIGITAL_CMOS,CMOS_B,0.686705,0.688097,0.092448,0.092578,48.608539,49.216044,5.105485,5.092839,3.166644,3.198783,3.250556,3.25741,0.698697,0.095297,49.300117,5.201209,3.217619,3.358421
C01832,B_L01,DIGITAL_CMOS,CMOS_B,0.519017,0.518415,0.058052,0.058812,49.217632,49.230588,5.45315,5.463137,3.147132,3.182199,3.075146,3.120471,0.527233,0.05851,49.51071,5.547222,3.239684,3.215875
C01833,B_L01,DIGITAL_CMOS,CMOS_B,0.694037,0.701717,0.113972,0.115466,47.432564,47.670462,5.062988,5.098642,3.218204,3.281326,2.959851,3.038102,0.684288,0.112955,48.032924,5.175635,3.390666,3.074536
C01834,B_L01,DIGITAL_CMOS,CMOS_B,0.544117,0.535579,0.069132,0.070636,47.501755,48.127148,5.133583,5.205164,3.070833,3.091182,3.021773,3.007708,0.553862,0.073788,48.657514,5.242422,3.136384,3.072609
C01835,B_L01,DIGITAL_CMOS,CMOS_B,0.539926,0.542205,0.056113,0.057698,47.556917,47.445499,5.208342,5.269062,3.420491,3.402353,3.183632,3.194232,0.551271,0.059725,48.132799,5.412984,3.576861,3.364072
C01836,B_L01,DIGITAL_CMOS,CMOS_B,0.402075,0.404726,0.078138,0.079817,52.084958,52.422328,5.063511,5.063083,3.08706,3.123787,2.836664,2.849723,0.399963,0.08081,51.758808,5.138406,3.147881,2.889438
C01837,B_L01,DIGITAL_CMOS,CMOS_B,0.573723,0.559107,0.098671,0.100389,45.862993,45.925654,5.320568,5.320611,3.384766,3.429773,3.153036,3.146419,0.572006,0.099451,45.830211,5.545003,3.588447,3.312924
C01838,B_L01,DIGITAL_CMOS,CMOS_B,0.654763,0.659243,0.084589,0.083958,45.909586,46.118103,5.296312,5.33405,3.417153,3.452161,3.150621,3.173451,1.344092,0.117222,46.008414,5.289545,3.44074,3.149348
C01839,B_L01,DIGITAL_CMOS,CMOS_B,0.53819,0.537204,0.112056,0.112061,49.29459,49.054977,5.270871,5.239123,3.296674,3.298016,3.011984,3.062235,0.549013,0.112373,50.151773,5.448427,3.4165,3.286537
C01840,B_L01,DIGITAL_CMOS,CMOS_B,0.587995,0.60048,0.08356,0.085538,44.457467,45.218526,5.189815,5.212287,3.325669,3.354628,3.136688,3.169573,0.605161,0.087964,45.366013,5.40108,3.496521,3.341336
C01841,B_L01,DIGITAL_CMOS,CMOS_B,0.531012,0.534772,0.103552,0.105727,50.096186,50.203505,5.441197,5.423177,3.391675,3.388498,3.104242,3.101507,0.533446,0.107227,50.626351,5.447434,3.394623,3.148422
C01842,B_L01,DIGITAL_CMOS,CMOS_B,0.684556,0.697944,0.110848,0.111441,47.773111,47.876357,5.273133,5.309424,3.311681,3.313018,3.207817,3.201809,0.703307,0.115171,48.712668,5.33357,3.33189,3.208955
C01843,B_L01,DIGITAL_CMOS,CMOS_B,0.631848,0.640585,0.062123,0.064302,48.887004,49.319646,4.707862,4.760997,3.158637,3.197922,3.021802,3.10119,0.650089,0.066373,50.77042,4.799675,3.261874,3.19752
C01844,B_L01,DIGITAL_CMOS,CMOS_B,0.581584,0.587539,0.084629,0.085559,46.80096,46.715574,5.32363,5.341339,3.254432,3.241054,3.041842,3.03612,0.586856,0.086385,46.683328,5.39273,3.282779,3.074167
C01845,B_L01,DIGITAL_CMOS,CMOS_B,0.624001,0.617919,0.050188,0.050777,45.771856,45.851936,5.252588,5.311791,3.30527,3.315627,3.162082,3.157922,0.630001,0.051418,45.708664,5.294506,3.335395,3.193488
C01846,B_L01,DIGITAL_CMOS,CMOS_B,0.657807,0.650446,0.130863,0.132781,46.533336,46.984801,5.349464,5.354943,3.534389,3.589008,3.425857,3.437393,0.663783,0.13388,47.632014,5.568274,3.763582,3.59023
C01847,B_L01,DIGITAL_CMOS,CMOS_B,0.608461,0.6141,0.066148,0.066131,47.15225,47.997016,5.310623,5.294846,3.591443,3.599511,3.327869,3.399332,0.630696,0.068999,47.934108,5.394039,3.73496,3.61469
C01848,B_L01,DIGITAL_CMOS,CMOS_B,0.66075,0.659757,0.065467,0.065473,47.367246,47.513494,5.252402,5.269223,3.247787,3.23237,2.934201,2.996226,0.673291,0.065554,47.673714,5.505069,3.339333,3.119479
C01849,B_L01,DIGITAL_CMOS,CMOS_B,0.618286,0.622389,0.065174,0.066739,45.818964,45.312895,5.028952,5.082918,3.187457,3.196622,3.247045,3.313889,0.615809,0.068655,46.31852,5.16925,3.323058,3.448065
C01850,B_L01,DIGITAL_CMOS,CMOS_B,0.691049,0.706791,0.070068,0.070506,51.293573,51.897878,4.929625,4.908595,3.33334,3.381524,3.252214,3.238993,0.735402,0.07293,52.610605,4.950396,3.379001,3.253467
C01851,B_L01,DIGITAL_CMOS,CMOS_B,0.525422,0.52075,0.092931,0.093194,50.629439,50.984654,5.10468,5.088447,3.225624,3.220602,2.955529,2.933855,0.538382,0.096341,52.776765,5.178584,3.203748,2.967586
C01852,B_L01,DIGITAL_CMOS,CMOS_B,0.640474,0.641604,0.086167,0.08669,48.579958,48.746278,5.113855,5.085565,3.395175,3.43328,3.000096,3.027197,0.652872,0.086236,48.479912,5.122498,3.464217,3.071253
C01853,B_L01,DIGITAL_CMOS,CMOS_B,0.616345,0.632752,0.067417,0.069276,47.856443,48.265577,5.20421,5.264252,3.280567,3.284458,3.169024,3.252949,0.645736,0.071545,48.301067,5.372898,3.350553,3.341525
C01854,B_L01,DIGITAL_CMOS,CMOS_B,0.534827,0.535657,0.07445,0.074859,47.800159,48.005248,5.082311,5.091916,3.228666,3.257594,3.128639,3.169133,0.531286,0.076055,48.534182,5.229012,3.367918,3.310023
C01855,B_L01,DIGITAL_CMOS,CMOS_B,0.647491,0.652163,0.122493,0.125687,48.939498,49.242369,4.672926,4.728747,2.952709,2.978666,2.859349,2.831071,0.652115,0.12951,49.728682,4.866024,3.075551,2.964202
C01856,B_L01,DIGITAL_CMOS,CMOS_B,0.740458,0.751966,0.071177,0.071687,44.922707,45.075483,5.108929,5.128199,3.345411,3.338155,3.052006,3.046896,0.765862,0.073569,45.921793,5.092921,3.387758,3.07998
C01857,B_L01,DIGITAL_CMOS,CMOS_B,0.606198,0.61954,0.075382,0.07619,50.55164,50.821139,5.409297,5.347636,3.537209,3.55523,3.355475,3.349507,0.623574,0.076704,51.39457,5.407043,3.565647,3.374378
C01858,B_L01,DIGITAL_CMOS,CMOS_B,0.697988,0.698042,0.118258,0.117915,44.418764,44.299154,5.317241,5.348706,3.387684,3.432584,3.147841,3.143311,0.706721,0.120885,44.661533,5.373119,3.418028,3.17035
C01859,B_L01,DIGITAL_CMOS,CMOS_B,0.582301,0.59368,0.087159,0.088494,47.904703,48.616678,5.208784,5.231686,3.141852,3.123767,2.913528,2.902364,0.630856,0.091405,49.570056,5.193054,3.13276,2.925178
C01860,B_L01,DIGITAL_CMOS,CMOS_B,0.629682,0.62523,0.067506,0.068729,47.559812,47.537881,5.220457,5.211586,3.474651,3.451128,3.172192,3.162087,0.633306,0.068044,47.708113,5.25867,3.507509,3.167513
C01861,B_L01,DIGITAL_CMOS,CMOS_B,0.575194,0.572117,0.069859,0.070565,46.933998,47.03486,5.353997,5.411961,3.191017,3.212968,3.117159,3.182108,0.581402,0.070551,46.874394,5.504919,3.263083,3.283325
C01862,B_L01,DIGITAL_CMOS,CMOS_B,0.695841,0.700087,0.068831,0.069082,48.167112,48.574533,4.951252,4.939935,3.225794,3.229801,2.707714,2.710469,0.721135,0.07132,48.948337,5.066162,3.380734,2.857016
C01863,B_L01,DIGITAL_CMOS,CMOS_B,0.71681,0.714077,0.126971,0.126439,47.251043,47.279859,5.208752,5.216663,3.156807,3.172932,2.932532,2.971376,0.712348,0.126338,47.72632,5.259005,3.226821,3.074324
C01864,B_L01,DIGITAL_CMOS,CMOS_B,0.66389,0.682201,0.057654,0.057932,51.318487,51.362454,5.02471,5.093035,3.24979,3.305029,2.966373,2.998187,0.704115,0.059379,51.943405,5.188812,3.345099,3.021846
C01865,B_L01,DIGITAL_CMOS,CMOS_B,0.710565,0.723829,0.056067,0.056529,52.500222,53.444369,5.33444,5.338689,3.147253,3.153183,2.95772,2.947835,0.736347,0.057752,53.948506,5.375405,3.160356,2.99177
C01866,B_L01,DIGITAL_CMOS,CMOS_B,0.658586,0.660381,0.120786,0.12126,50.11744,50.506458,5.118274,5.118713,3.053741,3.078178,2.914374,2.916277,0.667728,0.123983,50.737235,5.201358,3.070318,2.978227
C01867,B_L01,DIGITAL_CMOS,CMOS_B,0.783715,0.791583,0.065388,0.067011,44.617808,44.754577,4.988537,4.996896,3.207088,3.195648,3.115453,3.107993,0.817417,0.0689,45.523323,5.022732,3.18157,3.165352
C01868,B_L01,DIGITAL_CMOS,CMOS_B,0.764737,0.775719,0.140232,0.137,51.85528,51.574995,5.31619,5.3422,3.215072,3.239757,3.185703,3.240873,0.783184,0.139674,51.912483,5.481675,3.384695,3.397102
C01869,B_L01,DIGITAL_CMOS,CMOS_B,0.572465,0.565545,0.069653,0.06928,46.018566,45.986672,5.277187,5.279783,3.236352,3.238011,3.103954,3.11858,0.582954,0.07117,46.096658,5.317945,3.217736,3.12249
C01870,B_L01,DIGITAL_CMOS,CMOS_B,0.531608,0.53757,0.050235,0.050207,49.857016,50.023997,5.242242,5.24058,3.281935,3.30123,2.910121,2.939935,0.544437,0.051126,50.092965,5.290654,3.304837,2.987937
C01871,B_L02,DIGITAL_CMOS,CMOS_B,0.545309,0.558732,0.120071,0.122804,52.004354,52.095951,5.266275,5.33625,3.45566,3.476777,3.061148,3.07848,0.594402,0.127224,53.425751,5.663831,3.643223,3.21005
C01872,B_L02,DIGITAL_CMOS,CMOS_B,0.792866,0.809402,0.099343,0.102949,44.772848,45.059775,4.983938,4.969953,3.264911,3.236373,3.011569,3.014362,0.835674,0.104786,45.752065,5.008362,3.283041,3.055451
C01873,B_L02,DIGITAL_CMOS,CMOS_B,0.659701,0.670967,0.074884,0.075779,44.543036,44.780146,5.430217,5.422642,3.332723,3.379074,3.212066,3.228845,0.674825,0.076282,45.026937,5.437893,3.362463,3.258933
C01874,B_L02,DIGITAL_CMOS,CMOS_B,0.50349,0.514489,0.112527,0.112468,50.962489,51.781022,5.152263,5.1815,3.220105,3.242343,3.047808,3.064002,0.548879,0.121862,53.272272,5.236811,3.255388,3.100961
C01875,B_L02,DIGITAL_CMOS,CMOS_B,0.665483,0.697676,0.103538,0.110472,48.969311,49.063945,5.187216,5.227833,3.434968,3.471687,3.271017,3.301983,0.729772,0.114416,50.439399,5.387298,3.448261,3.332308
C01876,B_L02,DIGITAL_CMOS,CMOS_B,0.683792,0.708506,0.108007,0.11311,43.551078,44.430735,5.037565,4.999054,3.005877,3.011389,3.129707,3.119222,0.755411,0.118209,45.461611,5.068879,3.075064,3.114132
C01877,B_L02,DIGITAL_CMOS,CMOS_B,0.673519,0.689484,0.100481,0.103273,48.846921,50.145899,5.29534,5.273616,3.146164,3.13729,3.080298,3.112124,0.719745,0.106155,50.826341,5.369289,3.157653,3.106317
C01878,B_L02,DIGITAL_CMOS,CMOS_B,0.746237,0.757917,0.113881,0.115345,43.296062,43.359784,5.401989,5.429991,3.092155,3.113654,3.133177,3.132774,0.807931,0.121583,44.472864,5.464757,3.141511,3.16492
C01879,B_L02,DIGITAL_CMOS,CMOS_B,0.635448,0.648963,0.077877,0.079277,45.326508,45.604943,5.00953,5.061622,3.128014,3.129511,3.163444,3.165059,0.693755,0.082539,46.725712,5.117171,3.131115,3.17824
C01880,B_L02,DIGITAL_CMOS,CMOS_B,0.433936,0.434155,0.059481,0.059578,49.052651,49.500792,5.753079,5.820889,3.523448,3.548879,3.277641,3.286223,0.435183,0.060282,49.966457,6.065946,3.644194,3.373509
C01881,B_L02,DIGITAL_CMOS,CMOS_B,0.605537,0.607511,0.075779,0.075633,44.22508,45.234845,5.040705,5.072946,3.221963,3.238377,3.097541,3.132264,0.607059,0.077375,46.090337,5.112532,3.261933,3.203002
C01882,B_L02,DIGITAL_CMOS,CMOS_B,0.554451,0.553672,0.091346,0.092654,44.842659,45.477601,5.374462,5.505394,3.295679,3.345924,3.084156,3.089141,0.593772,0.09788,46.727394,5.7234,3.410222,3.146407
C01883,B_L02,DIGITAL_CMOS,CMOS_B,0.661596,0.683077,0.066931,0.068128,47.995179,47.955892,5.168702,5.259164,3.251385,3.258671,2.879133,2.928466,0.719598,0.070244,48.940343,5.546183,3.3269,2.960107
C01884,B_L02,DIGITAL_CMOS,CMOS_B,0.696035,0.698371,0.098749,0.098081,49.190774,49.223219,5.347542,5.464974,3.371271,3.382934,3.212063,3.263311,0.757953,0.104079,50.867904,5.663526,3.401066,3.304559
C01885,B_L02,DIGITAL_CMOS,CMOS_B,0.666154,0.686491,0.101216,0.103606,47.6068,48.165944,5.455978,5.548696,3.267088,3.235697,3.045168,3.054642,0.710457,0.105918,49.662589,5.704928,3.317485,3.121235
C01886,B_L02,DIGITAL_CMOS,CMOS_B,0.42162,0.429308,0.065143,0.066614,47.613894,48.160973,5.05098,5.070694,3.112198,3.132891,2.94697,2.989717,0.456366,0.068188,48.421314,5.140976,3.10333,3.0185
C01887,B_L02,DIGITAL_CMOS,CMOS_B,0.50564,0.510212,0.069608,0.070175,47.521154,47.780367,5.313296,5.373367,3.307908,3.350079,3.10236,3.124144,0.509696,0.071091,47.757713,5.668243,3.46499,3.187961
C01888,B_L02,DIGITAL_CMOS,CMOS_B,0.533252,0.532992,0.097977,0.097202,45.642654,45.450338,5.440558,5.508667,3.503179,3.54221,3.306507,3.345096,0.524333,0.100713,45.415603,5.814942,3.620586,3.380588
C01889,B_L02,DIGITAL_CMOS,CMOS_B,0.539853,0.54552,0.109759,0.109183,46.63019,47.113101,5.409437,5.434063,3.484028,3.503375,3.246247,3.247456,0.581509,0.113165,48.259893,5.428547,3.563873,3.257376
C01890,B_L02,DIGITAL_CMOS,CMOS_B,0.487054,0.495245,0.078978,0.080472,47.977515,47.928287,5.533997,5.553386,3.417108,3.414022,3.463979,3.431747,0.51035,0.08196,48.43111,5.716959,3.455211,3.483971
C01891,B_L02,DIGITAL_CMOS,CMOS_B,0.59856,0.617449,0.078128,0.079507,40.81684,41.191531,5.34255,5.482843,3.265665,3.283355,3.106408,3.113951,0.686453,0.086366,43.048018,5.656334,3.374737,3.173639
C01892,B_L02,DIGITAL_CMOS,CMOS_B,0.657605,0.670203,0.127871,0.13137,48.490573,48.806209,5.161704,5.267522,3.356771,3.3952,2.976004,2.979315,0.695294,0.13645,50.148403,5.529805,3.466079,3.056796
C01893,B_L02,DIGITAL_CMOS,CMOS_B,0.536445,0.543598,0.090815,0.088983,46.245546,46.403494,5.412076,5.490222,3.501825,3.57759,3.312309,3.341309,0.542951,0.091174,46.795765,5.701752,3.695951,3.531014
C01894,B_L02,DIGITAL_CMOS,CMOS_B,0.522474,0.525611,0.135002,0.135938,46.921309,47.189114,5.212184,5.272091,3.298374,3.324335,2.927027,2.977439,0.57434,0.145372,48.919708,5.508353,3.46773,3.083947
C01895,B_L02,DIGITAL_CMOS,CMOS_B,0.554318,0.565648,0.11976,0.119052,50.407237,50.544332,5.329512,5.264579,3.426253,3.450995,3.126035,3.140098,0.579178,0.12611,51.514914,5.330099,3.453327,3.161852
C01896,B_L02,DIGITAL_CMOS,CMOS_B,0.846066,0.848796,0.089212,0.089133,42.423456,42.314158,5.158225,5.143713,3.116868,3.143866,2.966513,2.947922,0.936133,0.094978,45.23921,5.157267,3.137428,2.978809
C01897,B_L02,DIGITAL_CMOS,CMOS_B,0.656176,0.677374,0.086141,0.090342,49.993623,50.997654,4.820756,4.907115,2.919435,2.975115,3.065724,3.051273,0.719864,0.094632,51.504203,5.225559,3.078612,3.18004
C01898,B_L02,DIGITAL_CMOS,CMOS_B,0.692384,0.70374,0.071957,0.073733,45.756388,46.371842,5.051693,5.039164,3.25064,3.223397,3.085803,3.070728,0.708235,0.074991,46.523375,5.200519,3.271643,3.079794
C01899,B_L02,DIGITAL_CMOS,CMOS_B,0.623605,0.632706,0.07082,0.073286,48.0281,47.947038,5.443646,5.501693,3.388146,3.424918,3.266593,3.285704,0.65136,0.073436,48.906115,5.898297,3.585827,3.399686
C01900,B_L02,DIGITAL_CMOS,CMOS_B,0.841757,0.846227,0.110354,0.112293,45.822078,46.44456,5.269738,5.293598,3.138814,3.161399,2.950454,2.98013,0.868568,0.117644,47.862684,5.6676,3.267425,3.115028
C01901,B_L02,DIGITAL_CMOS,CMOS_B,0.616627,0.617104,0.069483,0.070632,55.243382,55.039079,5.197266,5.236376,3.098035,3.132462,3.117044,3.132649,0.68229,0.075411,58.213708,5.345232,3.100216,3.16666
C01902,B_L02,DIGITAL_CMOS,CMOS_B,0.632588,0.645692,0.070959,0.071375,41.62428,41.327202,5.545552,5.576013,3.115567,3.140845,3.376559,3.41385,0.692438,0.076052,43.122679,5.586752,3.16318,3.403983
C01903,B_L02,DIGITAL_CMOS,CMOS_B,0.546938,0.5491,0.064749,0.064666,46.725872,46.430389,5.136291,5.161991,3.528444,3.528478,3.23169,3.218199,0.555723,0.065635,46.690543,5.241274,3.536372,3.256052
C01904,B_L02,DIGITAL_CMOS,CMOS_B,0.387855,0.391578,0.107426,0.108406,48.869451,49.129269,5.231644,5.255956,3.300587,3.303339,2.991431,3.004545,0.435231,0.114859,50.265479,5.275606,3.312403,3.037615
C01905,B_L02,DIGITAL_CMOS,CMOS_B,0.489564,0.494831,0.058493,0.059285,46.565903,46.746761,4.747625,4.845139,3.145414,3.184887,2.950865,3.006767,0.499421,0.060257,47.293658,5.063518,3.257415,3.047949
C01906,B_L02,DIGITAL_CMOS,CMOS_B,0.497635,0.511564,0.090368,0.092293,44.46658,44.847358,5.296286,5.318996,3.06222,3.063018,3.125623,3.137023,0.559412,0.097248,47.426282,5.344119,3.083783,3.15382
C01907,B_L02,DIGITAL_CMOS,CMOS_B,0.653403,0.678908,0.128883,0.13071,45.651465,45.439421,5.1376,5.151965,3.323782,3.334966,2.960439,2.971001,0.744129,0.134308,46.469393,5.206834,3.328698,2.981729
C01908,B_L02,DIGITAL_CMOS,CMOS_B,0.436554,0.430424,0.067889,0.068055,45.852084,45.463646,5.376226,5.434055,3.31202,3.335353,3.284747,3.322465,0.430885,0.068973,46.083041,5.706249,3.427279,3.384226
C01909,B_L02,DIGITAL_CMOS,CMOS_B,0.526611,0.52446,0.06135,0.061473,48.605255,49.075633,5.196376,5.210076,3.307062,3.340874,3.088763,3.091284,0.56675,0.065722,50.204784,5.617431,3.45254,3.233933
C01910,B_L02,DIGITAL_CMOS,CMOS_B,0.483999,0.480168,0.072237,0.072251,45.716139,45.484211,5.244444,5.330725,3.492116,3.442302,3.063237,3.049105,0.476647,0.074083,45.806567,5.418675,3.529462,3.076355
C01911,B_L02,DIGITAL_CMOS,CMOS_B,0.504377,0.513623,0.076305,0.07778,47.965114,48.136814,5.267988,5.271872,3.351188,3.3487,3.007203,3.014147,0.566102,0.085432,49.953542,5.311251,3.348244,3.01883
C01912,B_L02,DIGITAL_CMOS,CMOS_B,0.511327,0.514157,0.078117,0.079771,45.236327,45.363854,5.527396,5.599238,3.440673,3.460078,3.319939,3.337329,0.50846,0.0794,45.576404,5.68488,3.444416,3.347301
C01913,B_L02,DIGITAL_CMOS,CMOS_B,0.496358,0.496942,0.09102,0.091494,51.728365,51.780501,5.47434,5.503255,3.343764,3.366047,3.185705,3.195628,0.513309,0.092169,52.289425,5.637288,4.473876,3.557327
C01914,B_L02,DIGITAL_CMOS,CMOS_B,0.612069,0.61632,0.0968,0.096725,48.037605,47.662702,5.4432,5.420528,3.463412,3.504706,3.56212,3.552764,0.650248,0.098207,47.942127,5.874141,3.653478,3.703482
C01915,B_L02,DIGITAL_CMOS,CMOS_B,0.697098,0.703506,0.108421,0.110915,45.8297,46.501884,4.89685,4.924784,3.172808,3.234269,2.991694,3.041636,0.78874,0.119902,47.857511,5.041515,3.252285,3.128623
C01916,B_L02,DIGITAL_CMOS,CMOS_B,0.491893,0.505835,0.066983,0.067553,50.198536,51.023274,4.970022,5.08239,3.088567,3.108806,3.178421,3.198013,0.532441,0.075749,52.923767,5.49739,3.217409,3.412569
C01917,B_L02,DIGITAL_CMOS,CMOS_B,0.421192,0.41982,0.08593,0.08722,46.082843,45.380165,5.171305,5.251502,3.144456,3.208122,3.068724,3.07206,0.422364,0.089149,46.063922,5.456295,3.236795,3.14188
C01918,B_L02,DIGITAL_CMOS,CMOS_B,0.652233,0.655974,0.10844,0.110679,46.733316,47.242967,5.366814,5.397788,3.389072,3.384667,3.220968,3.236211,0.680052,0.111852,46.609198,5.519275,3.41714,3.276614
C01919,B_L02,DIGITAL_CMOS,CMOS_B,0.631215,0.636507,0.063341,0.065186,47.852148,48.373392,5.220541,5.295406,3.398816,3.412192,3.112254,3.145305,0.692398,0.069823,50.127224,5.621294,3.463357,3.250837
C01920,B_L02,DIGITAL_CMOS,CMOS_B,0.483427,0.492316,0.064629,0.063725,43.824526,43.836245,5.154356,5.254497,3.0577,3.102416,2.898566,2.918391,0.493715,0.06563,44.312084,5.338118,3.168711,2.963372
C01921,B_L02,DIGITAL_CMOS,CMOS_B,0.406532,0.413838,0.066049,0.065282,46.947095,47.33504,5.160869,5.303796,3.261311,3.294164,3.101094,3.12935,0.449602,0.069127,48.382864,5.55617,3.389477,3.212477
C01922,B_L02,DIGITAL_CMOS,CMOS_B,0.619264,0.620342,0.121255,0.122206,47.267988,48.198105,5.478076,5.484199,3.317755,3.336788,3.12594,3.135211,0.650398,0.123533,47.612701,5.555198,3.376364,3.130526
C01923,B_L02,DIGITAL_CMOS,CMOS_B,0.566819,0.572722,0.064028,0.065427,45.003166,45.447864,5.416235,5.403768,3.512657,3.518285,3.284657,3.300878,0.564975,0.065682,45.610619,5.499652,3.544633,3.332337
C01924,B_L02,DIGITAL_CMOS,CMOS_B,0.579008,0.590642,0.115584,0.115349,46.641082,46.225873,5.392597,5.483396,3.35452,3.399909,2.962133,2.964409,0.589188,0.118188,46.799328,5.91741,3.576281,3.063097
C01925,B_L02,DIGITAL_CMOS,CMOS_B,0.634702,0.639255,0.098809,0.10124,49.337659,48.989944,5.396132,5.383347,3.352764,3.379528,3.051067,3.055144,0.659534,0.101899,50.173096,5.764502,3.508728,3.194192
C01926,B_L02,DIGITAL_CMOS,CMOS_B,0.507035,0.507353,0.078322,0.079991,46.873149,47.095043,5.131707,5.131157,3.067543,3.082396,3.068782,3.061586,0.501582,0.080569,47.662636,5.169439,3.127626,3.073051
C01927,B_L02,DIGITAL_CMOS,CMOS_B,0.49672,0.504986,0.099339,0.099618,47.137752,47.352328,5.337708,5.309762,3.427563,3.396458,3.271577,3.29275,0.514305,0.10173,47.386244,5.320726,3.464308,3.328165
C01928,B_L02,DIGITAL_CMOS,CMOS_B,0.568134,0.567929,0.090269,0.092215,47.246265,47.802838,5.457116,5.476913,3.369586,3.342177,2.969751,2.989526,0.603939,0.097056,49.572325,5.857938,3.495248,3.121894
C01929,B_L02,DIGITAL_CMOS,CMOS_B,0.491617,0.493304,0.081191,0.081417,49.693896,50.312586,5.075047,5.06128,3.038436,3.072748,3.202652,3.214637,0.510038,0.081389,49.53449,5.600606,3.17228,3.292103
C01930,B_L02,DIGITAL_CMOS,CMOS_B,0.5793,0.587654,0.072638,0.073249,46.769879,47.2115,5.104152,5.227153,3.233973,3.27129,3.0244,3.089978,0.632267,0.075712,48.607959,5.379666,3.34833,3.160222
C01931,B_L02,DIGITAL_CMOS,CMOS_B,0.579105,0.583192,0.080786,0.082911,47.541238,47.596393,5.502541,5.607874,3.276467,3.353633,3.239876,3.281565,0.601616,0.087776,48.841448,5.874915,3.420489,3.320746
C01932,B_L02,DIGITAL_CMOS,CMOS_B,0.53255,0.531911,0.10171,0.102745,47.926488,47.731826,5.368383,5.444117,3.241907,3.258194,3.039445,3.034004,0.606658,0.107108,50.154628,5.555773,3.270665,3.076977
C01933,B_L02,DIGITAL_CMOS,CMOS_B,0.65102,0.677568,0.088799,0.08998,46.334158,46.189332,5.187831,5.22563,3.093957,3.115108,2.959773,2.979099,0.749834,0.094146,47.711943,5.361332,3.133446,2.990701
C01934,B_L02,DIGITAL_CMOS,CMOS_B,0.512073,0.52334,0.087992,0.090451,46.329361,47.039762,5.591358,5.634902,3.541312,3.553762,3.379244,3.359282,0.548508,0.095373,48.038609,5.673821,3.593078,3.370233
C01935,B_L02,DIGITAL_CMOS,CMOS_B,0.463175,0.453726,0.091427,0.091779,47.828323,48.007547,5.210437,5.223245,3.364695,3.355762,3.310091,3.291181,0.46003,0.093171,48.453414,5.247994,3.374443,3.314114
C01936,B_L02,DIGITAL_CMOS,CMOS_B,0.601194,0.601412,0.121575,0.123809,50.394701,50.449556,5.590202,5.672882,3.206853,3.235829,2.967434,2.949107,0.599227,0.125472,50.589647,6.233398,3.365293,3.125909
C01937,B_L02,DIGITAL_CMOS,CMOS_B,0.553212,0.57617,0.091981,0.094641,47.041952,47.465622,5.528456,6.050278,3.360144,3.332075,3.074743,3.094844,0.594989,0.095891,48.402946,7.882165,3.415015,3.138513
C01938,B_L02,DIGITAL_CMOS,CMOS_B,0.460818,0.45522,0.066933,0.069126,47.846954,48.551745,5.612801,5.66195,3.329093,3.373193,3.383014,3.382867,0.488348,0.071657,49.774314,6.064123,3.490007,3.572798
C01939,B_L02,DIGITAL_CMOS,CMOS_B,0.599885,0.595863,0.099981,0.101505,45.303872,45.869739,5.358723,5.458747,3.141564,3.176354,3.1571,3.202349,0.610879,0.103993,45.886586,5.956041,3.348739,3.320174
C01940,B_L02,DIGITAL_CMOS,CMOS_B,0.585079,0.620168,0.097031,0.099773,46.47633,46.954661,5.242538,5.209004,3.311834,3.286326,3.080684,3.099404,0.659447,0.104749,47.941192,5.285055,3.34586,3.122151
C01941,B_L02,DIGITAL_CMOS,CMOS_B,0.485054,0.490299,0.094342,0.096328,45.513953,45.751339,4.890679,4.978433,3.198231,3.195275,2.968363,2.95419,0.56033,0.103498,47.672137,5.177268,3.321074,3.061499
C01942,B_L02,DIGITAL_CMOS,CMOS_B,0.65988,0.671417,0.074503,0.076407,46.797313,47.074284,5.505222,5.551727,3.310884,3.347142,3.260291,3.324038,0.733822,0.080958,48.874038,5.804612,3.483676,3.465512
C01943,B_L02,DIGITAL_CMOS,CMOS_B,0.588734,0.607854,0.053647,0.054246,41.756903,41.382012,5.607876,5.632231,3.423149,3.440368,3.218789,3.254214,0.605759,0.054979,42.010215,5.633388,3.473726,3.287784
C01944,B_L02,DIGITAL_CMOS,CMOS_B,0.578686,0.589226,0.074909,0.077978,44.9162,45.937467,5.528917,5.526463,3.286543,3.298352,2.924358,2.929711,0.610405,0.080474,46.36332,5.582015,3.311083,2.939159
C01945,B_L02,DIGITAL_CMOS,CMOS_B,0.689515,0.677691,0.108118,0.111174,44.653526,44.691634,5.430887,5.537092,3.545691,3.606772,3.191496,3.238253,0.676137,0.126263,47.613568,5.64827,3.716559,3.329013
C01946,B_L02,DIGITAL_CMOS,CMOS_B,0.568969,0.57059,0.073621,0.075196,50.279013,50.455258,5.085462,5.126572,3.430041,3.461601,3.006093,2.997351,0.581515,0.074163,50.439075,5.141556,3.479581,3.032936
C01947,B_L02,DIGITAL_CMOS,CMOS_B,0.548605,0.578855,0.112275,0.115265,45.1717,45.441355,5.437402,5.504907,3.123204,3.159507,3.121632,3.144393,0.607252,0.120428,46.155548,5.789216,3.200374,3.302271
C01948,B_L02,DIGITAL_CMOS,CMOS_B,0.617722,0.615019,0.066319,0.066785,43.622929,44.14411,5.49306,5.559592,3.309184,3.371804,3.07932,3.126049,0.633923,0.068402,45.858811,5.928121,3.387104,3.205069
C02103,B_L05,DIGITAL_CMOS,CMOS_B,0.722529,0.721442,0.132109,0.13658,43.795337,44.5737,5.333777,5.399762,3.324167,3.365684,3.36433,3.382012,0.815806,0.154319,48.05015,5.605253,3.532765,3.511362
C02104,B_L05,DIGITAL_CMOS,CMOS_B,0.470361,0.477174,0.117662,0.11877,47.5752,47.279477,5.15694,5.229441,3.326865,3.372421,3.165923,3.197128,0.492777,0.124192,47.587462,5.348032,3.535324,3.322494
C02105,B_L05,DIGITAL_CMOS,CMOS_B,0.538183,0.536921,0.080104,0.081074,45.07877,45.232704,5.488194,5.478938,3.093789,3.117213,3.045415,3.042875,0.541139,0.082679,45.724847,5.467771,3.111583,3.091382
C02106,B_L05,DIGITAL_CMOS,CMOS_B,0.548435,0.550047,0.069147,0.071166,43.681754,44.077926,5.31577,5.277149,3.165901,3.178269,3.149741,3.154269,0.620092,0.079905,47.294981,5.285601,3.195343,3.189625
C02107,B_L05,DIGITAL_CMOS,CMOS_B,0.461286,0.466354,0.075753,0.077638,43.230694,43.255769,5.437138,5.43493,3.184562,3.157653,3.173835,3.18848,0.469372,0.08062,43.703557,5.498943,3.163829,3.186907
C02108,B_L05,DIGITAL_CMOS,CMOS_B,0.556036,0.568341,0.083637,0.084776,41.352006,41.535368,5.193101,5.173694,3.074184,3.115237,3.003304,3.011755,0.593481,0.086823,42.605921,5.370511,3.225946,3.222389
C02109,B_L05,DIGITAL_CMOS,CMOS_B,0.533248,0.547866,0.113329,0.115411,47.798866,47.521227,5.387501,5.372959,3.28679,3.28545,2.998646,3.003392,0.55777,0.114755,48.304421,5.406097,3.296239,3.002418
C02110,B_L05,DIGITAL_CMOS,CMOS_B,0.677514,0.709216,0.087213,0.08903,41.383194,41.949154,5.08882,5.123014,3.169558,3.174119,3.047602,3.040935,0.746355,0.0952,43.674933,5.147474,3.169804,3.063752
C02111,B_L05,DIGITAL_CMOS,CMOS_B,0.491634,0.496784,0.080492,0.082203,42.505607,42.094022,5.141211,5.156213,2.884482,2.904615,2.924023,2.919649,0.511987,0.085897,43.46146,5.251987,2.984665,3.011608
C02112,B_L05,DIGITAL_CMOS,CMOS_B,0.384023,0.396916,0.076132,0.081594,45.73627,45.897275,5.510616,5.554097,3.33892,3.332939,3.195638,3.212499,0.416723,0.091009,47.619633,5.593703,3.382757,3.19133
C02113,B_L05,DIGITAL_CMOS,CMOS_B,0.668768,0.677175,0.083114,0.082759,44.502482,44.5958,5.276798,5.278728,2.826286,2.867834,2.975036,3.032296,0.674398,0.086001,44.817928,5.383483,2.950271,3.10526
C02114,B_L05,DIGITAL_CMOS,CMOS_B,0.642998,0.647095,0.078644,0.081004,39.537536,39.933343,5.041237,5.076792,3.121339,3.202179,2.997265,2.994811,0.702386,0.094253,43.16287,5.195408,3.300283,3.112159
C02115,B_L05,DIGITAL_CMOS,CMOS_B,0.477156,0.48301,0.090069,0.093689,41.495855,42.314843,5.436665,5.431222,3.286908,3.264605,3.072232,3.081132,0.537296,0.111632,45.042904,5.517962,3.299377,3.108734
C02116,B_L05,DIGITAL_CMOS,CMOS_B,0.617765,0.611942,0.055945,0.057376,43.74894,43.496621,5.056507,5.057184,3.098618,3.141263,3.252042,3.260688,0.61831,0.058022,44.259473,5.064897,3.18121,3.284919
C02117,B_L05,DIGITAL_CMOS,CMOS_B,0.607327,0.639172,0.098872,0.102776,45.167235,45.97256,5.420278,5.443424,3.169,3.191319,3.043232,3.020945,0.672749,0.108973,47.857842,5.615188,3.3191,3.269979
C02118,B_L05,DIGITAL_CMOS,CMOS_B,0.574008,0.591058,0.067469,0.069646,45.780142,46.155119,5.098508,5.103333,3.142619,3.192978,2.919633,2.917835,0.670857,0.079946,49.785621,5.165148,3.205154,2.902272
C02119,B_L05,DIGITAL_CMOS,CMOS_B,0.561023,0.581023,0.087738,0.092202,45.162164,45.990078,5.131581,5.150437,3.084503,3.064876,2.865437,2.833981,0.623525,0.105386,47.882409,5.105831,3.065316,2.860988
C02120,B_L05,DIGITAL_CMOS,CMOS_B,0.751664,0.748834,0.098101,0.103452,42.767465,43.074795,5.395934,5.448984,3.3055,3.351598,3.147383,3.154566,0.794776,0.111649,44.756249,5.493419,3.398068,3.165592
C02121,B_L05,DIGITAL_CMOS,CMOS_B,0.522876,0.528405,0.100325,0.101835,46.503053,46.478783,5.312409,5.308906,3.26444,3.261481,3.129761,3.122864,0.555716,0.102385,46.903599,5.344717,3.278478,3.131725
C02122,B_L05,DIGITAL_CMOS,CMOS_B,0.440924,0.446632,0.076823,0.081912,41.589175,42.45674,5.017975,5.031209,3.041477,3.066636,2.974366,2.959524,0.467922,0.087434,44.17104,5.114538,3.119064,3.013542
C02123,B_L05,DIGITAL_CMOS,CMOS_B,0.492335,0.508086,0.077687,0.079302,41.703253,41.638083,5.258998,5.320074,3.179774,3.207304,3.078799,3.11836,0.501462,0.080926,41.979266,5.570931,3.399902,3.250261
C02124,B_L05,DIGITAL_CMOS,CMOS_B,0.541342,0.54965,0.059919,0.060016,44.625163,44.829206,5.53959,5.539192,3.143046,3.181535,2.954173,2.947387,0.55132,0.061251,45.089614,5.770198,3.354998,3.099707
C02125,B_L05,DIGITAL_CMOS,CMOS_B,0.738454,0.73392,0.093695,0.094456,44.740222,44.758256,5.325708,5.363929,3.094656,3.086801,3.163727,3.185739,0.740155,0.098365,44.408705,5.399907,3.117213,3.180645
C02126,B_L05,DIGITAL_CMOS,CMOS_B,0.786383,0.818139,0.062514,0.068,45.173385,45.637304,5.054097,5.065852,3.260563,3.275177,3.14711,3.177993,0.875869,0.078788,48.043933,5.116566,3.27829,3.186173
C02127,B_L05,DIGITAL_CMOS,CMOS_B,0.64002,0.661114,0.086353,0.090055,41.707823,42.560368,5.531903,5.551904,3.202877,3.171046,3.313905,3.294958,0.756142,0.095719,44.011642,5.547145,3.225564,3.336591
C02128,B_L05,DIGITAL_CMOS,CMOS_B,0.71012,0.712603,0.088544,0.087936,43.41043,43.554305,5.084147,5.066069,3.114093,3.115305,2.920372,2.882918,0.714018,0.089796,44.360714,5.11769,3.169418,2.956415
C02129,B_L05,DIGITAL_CMOS,CMOS_B,0.571375,0.573509,0.084515,0.083531,43.752151,43.751433,5.184229,5.260159,2.931013,2.939211,3.001005,3.03621,0.573652,0.085318,44.948782,5.34525,3.064096,3.078341
C02130,B_L05,DIGITAL_CMOS,CMOS_B,0.405433,0.403645,0.072403,0.074989,41.477691,41.049643,5.372899,5.392291,3.251538,3.203779,2.861617,2.865058,0.42264,0.076794,42.229068,5.40929,3.195958,2.877324
C02131,B_L05,DIGITAL_CMOS,CMOS_B,0.51867,0.525113,0.068828,0.070705,42.512602,42.130586,5.38248,5.410766,3.169628,3.179399,2.936833,2.971548,0.583857,0.083054,45.724074,5.61766,3.462129,3.076604
C02132,B_L05,DIGITAL_CMOS,CMOS_B,0.667989,0.680637,0.085905,0.091334,41.56611,42.261514,5.374899,5.372483,3.347847,3.356876,3.20252,3.226573,0.76291,0.097923,43.937161,5.434834,3.420449,3.249152
C02133,B_L05,DIGITAL_CMOS,CMOS_B,0.553165,0.549603,0.091252,0.092438,43.055145,43.203576,5.390058,5.416284,3.248441,3.300132,3.023625,3.112366,0.569111,0.093162,44.151215,5.461534,3.38791,3.184293
C02134,B_L05,DIGITAL_CMOS,CMOS_B,0.613605,0.632108,0.097218,0.102798,46.230527,46.953127,5.343761,5.376094,3.171314,3.17435,3.293654,3.282765,0.703948,0.118384,48.600136,5.433287,3.213006,3.280443
C02135,B_L05,DIGITAL_CMOS,CMOS_B,0.508218,0.519038,0.08562,0.086019,44.226992,44.250535,5.09665,5.118106,3.141061,3.150618,3.037342,3.075996,0.523825,0.086775,44.416793,5.318949,3.33186,3.222181
C02136,B_L05,DIGITAL_CMOS,CMOS_B,0.525872,0.549285,0.077194,0.077534,43.133968,43.345848,5.615059,5.664524,3.311639,3.367355,3.378615,3.384929,0.600345,0.087957,46.646762,5.702327,3.428515,3.444875
C02137,B_L05,DIGITAL_CMOS,CMOS_B,0.447588,0.452706,0.074575,0.074179,42.527863,42.962797,5.225417,5.304344,3.010691,3.036133,3.031787,2.999772,0.455981,0.076521,43.45681,5.310665,3.027464,3.090374
C02138,B_L05,DIGITAL_CMOS,CMOS_B,0.646568,0.683267,0.094427,0.100339,48.327978,48.125022,5.030836,5.075969,3.097206,3.100157,2.974615,3.003057,0.748789,0.121523,51.066593,5.083911,3.159146,3.020978
C02139,B_L05,DIGITAL_CMOS,CMOS_B,0.919783,0.940764,0.081245,0.083219,43.88725,45.126076,4.983578,5.011502,3.26809,3.312394,2.834787,2.872829,1.023912,0.100498,49.455818,5.015196,3.300592,2.889804
C02140,B_L05,DIGITAL_CMOS,CMOS_B,0.638409,0.666341,0.103169,0.108181,44.632961,45.086507,5.313536,5.310597,3.208664,3.236936,3.082415,3.099975,0.703828,0.117147,47.792349,5.533439,3.378931,3.202971
C02141,B_L05,DIGITAL_CMOS,CMOS_B,0.601949,0.616318,0.084609,0.08733,45.707405,45.527521,4.569669,4.591685,2.701887,2.710859,2.904896,2.901716,0.607027,0.090458,45.822109,4.56926,2.725425,2.919193
C02142,B_L05,DIGITAL_CMOS,CMOS_B,0.548423,0.553004,0.104366,0.10529,46.538209,46.503702,5.357028,5.356938,3.304244,3.321742,3.291602,3.283489,0.566567,0.106125,47.722153,5.374092,3.303256,3.312463
C02143,B_L05,DIGITAL_CMOS,CMOS_B,0.62575,0.641165,0.107978,0.113146,43.982483,44.893951,5.075014,5.061378,3.021159,3.050197,3.043528,3.041656,0.664334,0.127002,47.295217,5.30391,3.232983,3.141568
C02144,B_L05,DIGITAL_CMOS,CMOS_B,0.578883,0.598456,0.101125,0.106449,45.643451,46.441462,5.066031,5.11507,2.983134,2.995307,2.840886,2.875082,0.623091,0.117221,47.895195,5.118242,3.029004,2.890151
C02145,B_L05,DIGITAL_CMOS,CMOS_B,0.535843,0.532013,0.091552,0.096889,44.615307,44.836777,5.291962,5.328575,3.106332,3.146212,3.079598,3.093944,0.542863,0.100753,46.041825,5.311773,3.151246,3.141639
C02146,B_L05,DIGITAL_CMOS,CMOS_B,0.521746,0.5296,0.094611,0.098402,43.026903,43.592462,5.355068,5.331719,3.457505,3.419835,3.166368,3.15517,0.594402,0.114454,47.353789,5.384176,3.444611,3.181282
C02147,B_L05,DIGITAL_CMOS,CMOS_B,0.472823,0.478112,0.086222,0.090502,46.225686,46.012331,5.101953,5.111129,2.978884,3.008864,2.998715,3.003172,0.536264,0.103001,49.079091,5.331778,3.194088,3.172504
C02148,B_L05,DIGITAL_CMOS,CMOS_B,0.594698,0.61885,0.078114,0.08266,44.867895,45.762788,4.949911,4.951581,2.978186,2.962522,3.007361,3.023103,0.650716,0.091163,47.631312,4.961295,2.993745,3.024254
C02149,B_L05,DIGITAL_CMOS,CMOS_B,0.69412,0.834855,0.09278,0.105497,44.910303,47.042849,5.412612,5.488117,3.25044,3.325573,3.124607,3.195997,1.315432,0.138973,51.461016,5.618346,3.462805,3.268091
C02150,B_L05,DIGITAL_CMOS,CMOS_B,0.60814,0.615759,0.084539,0.087688,45.529571,45.845995,5.285398,5.296268,3.045177,3.032073,2.889098,2.91203,0.680858,0.107781,48.501052,5.319914,3.069766,2.915614
C02151,B_L05,DIGITAL_CMOS,CMOS_B,0.604951,0.618721,0.095581,0.099194,43.419558,43.375599,5.301921,5.385288,3.053002,3.129526,3.055397,3.050335,0.677274,0.12089,46.20421,5.442048,3.256459,3.206512
C02152,B_L05,DIGITAL_CMOS,CMOS_B,0.747478,0.755135,0.115129,0.115893,43.127683,43.658264,5.312758,5.321023,3.260236,3.252361,2.873727,2.896754,0.779407,0.12222,43.749186,5.313121,3.267482,2.924725
C02153,B_L05,DIGITAL_CMOS,CMOS_B,0.644758,0.650994,0.096509,0.09627,45.101844,45.107339,5.450819,5.469451,3.165615,3.181777,3.181118,3.180357,0.672116,0.097225,45.470864,5.777121,3.306298,3.357058
C02154,B_L05,DIGITAL_CMOS,CMOS_B,0.690009,0.702067,0.127748,0.130416,45.998927,46.341047,5.063138,5.108614,2.898075,2.946874,2.89061,2.903343,0.753086,0.137132,47.464034,5.233484,3.066023,2.969306
C02155,B_L05,DIGITAL_CMOS,CMOS_B,0.665225,0.662992,0.088344,0.090036,41.695274,41.989093,5.251876,5.262286,3.166033,3.170131,3.181802,3.232035,0.657278,0.092191,41.723127,5.359317,3.335777,3.377107
C02156,B_L05,DIGITAL_CMOS,CMOS_B,0.534113,0.557672,0.072613,0.075473,44.353559,45.132654,4.935031,4.971045,2.945256,2.963131,2.811688,2.8481,0.608224,0.08172,47.690719,5.110209,3.150535,3.006956
C02157,B_L05,DIGITAL_CMOS,CMOS_B,0.426407,0.44006,0.053213,0.055594,36.650384,37.06662,5.384523,5.419277,3.158027,3.147992,2.9944,2.984755,0.464409,0.061966,38.655193,5.418852,3.16764,3.018092
C02158,B_L05,DIGITAL_CMOS,CMOS_B,0.820176,0.821344,0.111394,0.111718,44.276519,44.183054,5.446037,5.525191,3.28095,3.347862,3.302906,3.315514,0.802622,0.1182,44.706074,5.611329,3.485029,3.414957
C02159,B_L05,DIGITAL_CMOS,CMOS_B,0.507208,0.51114,0.091095,0.096096,44.082909,44.701026,5.046336,5.071185,3.03326,3.049971,2.934521,2.959972,0.574267,0.108319,47.033376,5.072874,3.044499,2.93983
C02160,B_L05,DIGITAL_CMOS,CMOS_B,0.530282,0.549764,0.105791,0.110764,47.388169,48.428647,5.220238,5.182947,3.343076,3.371106,3.142931,3.140427,0.562896,0.120624,50.64423,5.226179,3.3907,3.179518
C02161,B_L05,DIGITAL_CMOS,CMOS_B,0.918071,0.934221,0.100837,0.105589,44.085507,44.140041,5.148093,5.177379,2.987562,2.977366,3.20653,3.242395,0.935799,0.109435,44.572618,5.189899,3.030649,3.300628
C02162,B_L05,DIGITAL_CMOS,CMOS_B,0.779924,0.80362,0.109649,0.111741,41.821555,41.752637,5.08014,5.084778,2.985858,2.997846,2.85568,2.857126,0.825732,0.115158,42.264477,5.32704,3.276043,2.986786
C02163,B_L05,DIGITAL_CMOS,CMOS_B,0.594251,0.598299,0.08964,0.092828,42.129507,42.616004,5.255353,5.295439,3.187545,3.191037,3.137901,3.161922,0.61464,0.094796,43.096997,5.410758,3.227584,3.2369
C02164,B_L05,DIGITAL_CMOS,CMOS_B,0.59516,0.582127,0.075848,0.076475,41.52891,41.638295,4.993348,5.016956,2.99125,3.04712,2.934652,2.950745,0.592073,1.090646,46.076354,5.296741,3.247782,3.045073
C02165,B_L05,DIGITAL_CMOS,CMOS_B,0.624996,0.620917,0.093199,0.094076,41.8531,41.690874,5.01536,5.036612,2.996118,3.020426,2.948535,2.979492,0.626547,0.09877,41.914995,5.129716,3.136726,3.175644
C02166,B_L05,DIGITAL_CMOS,CMOS_B,0.623069,0.617865,0.065661,0.065019,44.102961,44.26909,5.477907,5.54021,3.195297,3.255345,3.136155,3.19496,0.636826,0.068114,44.782614,5.677627,3.341703,3.255082
C02167,B_L05,DIGITAL_CMOS,CMOS_B,0.384661,0.393222,0.103939,0.106313,45.179777,45.227654,5.299717,5.350243,2.911019,2.918674,2.996714,3.005656,0.397447,0.107314,45.745612,5.618191,3.052083,3.147197
C02168,B_L05,DIGITAL_CMOS,CMOS_B,0.458502,0.465605,0.086391,0.08952,48.098527,49.106721,5.419678,5.414305,3.383491,3.407059,3.040164,3.099097,0.491044,0.100096,50.697663,5.49434,3.541856,3.213363
C02169,B_L05,DIGITAL_CMOS,CMOS_B,0.480447,0.479111,0.10554,0.108494,43.25375,44.016311,5.579244,5.591382,3.512639,3.506218,3.039202,3.039131,0.50328,0.113239,44.411431,5.644598,3.529741,3.103334
C02170,B_L05,DIGITAL_CMOS,CMOS_B,0.486944,0.488734,0.080742,0.082645,44.365052,44.855473,5.37481,5.40003,3.239453,3.26062,2.930645,2.96664,0.509582,0.085056,45.430632,5.632666,3.509296,3.116491
C02171,B_L05,DIGITAL_CMOS,CMOS_B,0.643765,0.660314,0.128812,0.129813,44.961442,45.599864,5.271842,5.260671,3.251207,3.330193,3.646078,3.607522,0.657246,0.130555,45.95631,5.44331,3.505849,3.836883
C02172,B_L05,DIGITAL_CMOS,CMOS_B,0.572669,0.577726,0.056474,0.058913,42.210854,42.779524,5.354859,5.402261,3.131447,3.147419,3.115321,3.094424,0.649016,0.066815,44.118933,5.518536,3.306055,3.182758
C02173,B_L05,DIGITAL_CMOS,CMOS_B,0.549465,0.553117,0.071475,0.075584,43.043146,44.032644,5.213174,5.217945,3.163892,3.234141,2.88115,2.915236,0.587942,0.085624,46.062275,5.329696,3.342874,2.98241
C02174,B_L05,DIGITAL_CMOS,CMOS_B,0.709545,0.721604,0.078215,0.077408,45.738749,45.552268,5.317888,5.336928,2.856122,2.85262,2.885118,2.924707,0.720391,0.079999,45.783834,5.315122,2.902262,2.925665
C02175,B_L06,DIGITAL_CMOS,CMOS_B,0.656058,0.659348,0.0674,0.068894,48.467573,47.930944,5.505749,5.754296,3.274537,3.336045,3.059941,3.112556,0.694148,0.076132,51.414305,7.976882,3.334212,3.183287
C02176,B_L06,DIGITAL_CMOS,CMOS_B,0.744319,0.760173,0.094967,0.093566,45.838151,45.370582,4.826696,4.885354,2.764256,2.79031,2.83021,2.821302,1.106072,1.0356,46.365825,4.93997,2.863235,2.87591
C02177,B_L06,DIGITAL_CMOS,CMOS_B,0.697445,0.697853,0.071325,0.073322,51.572992,51.860005,4.997067,5.004007,3.057658,3.135389,2.737802,2.743565,0.75328,0.079832,54.115156,5.121201,3.284475,2.856505
C02178,B_L06,DIGITAL_CMOS,CMOS_B,0.679808,0.702367,0.127462,0.130052,55.559413,55.433139,4.995072,4.979938,3.115808,3.118315,2.965733,2.968882,0.726199,0.143045,57.985722,4.996587,3.182689,3.003761
C02179,B_L06,DIGITAL_CMOS,CMOS_B,0.773654,0.770415,0.089739,0.089812,49.293511,50.038165,5.274972,5.315564,3.405886,3.485884,2.917336,2.936929,0.778974,0.092471,49.45208,5.424059,3.641186,3.007318
C02180,B_L06,DIGITAL_CMOS,CMOS_B,0.651485,0.634213,0.099239,0.099608,46.898681,47.077056,5.63464,5.85689,3.640492,3.686331,3.218865,3.307401,0.651257,0.101809,47.734125,6.004783,3.877213,3.420976
C02181,B_L06,DIGITAL_CMOS,CMOS_B,0.758206,0.760816,0.065719,0.066851,49.565598,50.197177,5.096059,5.100374,3.082806,3.109124,3.016881,3.005403,0.769479,0.068191,50.396955,5.101396,3.128844,3.036359
C02182,B_L06,DIGITAL_CMOS,CMOS_B,0.526091,0.542471,0.0792,0.081937,49.129328,50.12278,5.432461,5.389726,3.413608,3.441673,3.121294,3.15555,0.558072,0.087187,52.182967,5.437784,3.477866,3.171032
C02183,B_L06,DIGITAL_CMOS,CMOS_B,0.604851,0.607778,0.076934,0.078006,45.749458,45.479132,5.294923,5.288693,3.296256,3.308002,2.920058,2.924186,0.619774,0.079489,46.0152,5.329218,3.446705,2.993544
C02184,B_L06,DIGITAL_CMOS,CMOS_B,0.620456,0.597734,0.059617,0.061354,48.749206,49.441103,5.026615,5.041104,3.243367,3.309514,3.033817,3.071753,0.619386,0.062599,48.821693,5.125795,3.440809,3.157974
C02185,B_L06,DIGITAL_CMOS,CMOS_B,0.716051,0.704616,0.097213,0.098221,48.292452,48.144714,5.192381,5.225099,3.201718,3.18805,3.05076,3.057663,0.719646,0.09971,48.842273,5.168413,3.248984,3.04002
C02186,B_L06,DIGITAL_CMOS,CMOS_B,0.634694,0.648374,0.118534,0.122676,52.675375,52.55606,5.391451,5.407508,3.147419,3.209744,2.93414,2.968617,2.13585,0.134975,56.366953,5.515422,3.338436,2.995641
C02187,B_L06,DIGITAL_CMOS,CMOS_B,0.633013,0.64037,0.057266,0.059242,46.015288,46.61625,5.005754,4.98584,3.050592,3.047805,3.009064,2.96548,0.68508,0.064149,50.084745,5.019142,3.043291,2.97663
C02188,B_L06,DIGITAL_CMOS,CMOS_B,0.708116,0.724344,0.11815,0.119108,50.814064,50.865186,5.07066,5.084611,2.985043,2.985558,3.001213,2.969277,0.722477,0.121001,50.982016,5.062832,3.028353,2.993786
C02189,B_L06,DIGITAL_CMOS,CMOS_B,0.732481,0.732192,0.079837,0.081897,45.141016,46.162494,5.225115,5.223171,3.360647,3.404961,2.983818,2.997094,0.765901,0.085562,46.633418,5.233816,3.435634,3.016673
C02190,B_L06,DIGITAL_CMOS,CMOS_B,0.476261,0.476395,0.050143,0.049973,49.392858,49.480398,5.102092,5.060818,2.802699,2.800233,2.775876,2.767767,0.485472,0.05188,50.252888,5.121117,2.854491,2.812827
C02191,B_L06,DIGITAL_CMOS,CMOS_B,0.607284,0.604232,0.07326,0.07654,44.474857,44.594968,4.916338,4.912189,3.204715,3.172087,2.764096,2.784021,0.633698,0.080776,46.435745,4.9961,3.32637,2.873956
C02192,B_L06,DIGITAL_CMOS,CMOS_B,0.701264,0.698352,0.061551,0.063174,49.503674,50.160713,5.217162,5.215104,3.249382,3.263185,2.943532,2.911272,0.729522,0.066085,51.721691,5.277752,3.278937,2.948127
C02193,B_L06,DIGITAL_CMOS,CMOS_B,0.668494,0.676449,0.100167,0.101699,45.183772,45.366648,5.44324,5.395983,3.212481,3.23581,2.97657,2.946604,0.674187,0.102419,45.156653,5.422262,3.269134,2.991164
C02194,B_L06,DIGITAL_CMOS,CMOS_B,0.679309,0.666147,0.061205,0.063844,48.146379,47.87803,5.2488,5.284931,2.976476,3.020687,2.901099,2.908196,0.704064,0.070384,51.335744,5.387972,3.190191,3.020802
C02195,B_L06,DIGITAL_CMOS,CMOS_B,0.829349,0.813447,0.099628,0.101917,46.044466,46.724205,5.149985,5.213256,3.017982,3.042299,2.834672,2.865823,0.864562,0.108936,49.33746,5.260468,3.109727,2.929579
C02196,B_L06,DIGITAL_CMOS,CMOS_B,0.822197,0.808405,0.101951,0.106432,47.904255,48.950399,5.426334,5.42755,3.054273,3.092113,2.982225,2.981852,0.845687,0.112898,50.747915,5.527788,3.147875,3.000072
C02197,B_L06,DIGITAL_CMOS,CMOS_B,0.716035,0.722869,0.070018,0.070044,43.032343,43.577654,5.149155,5.169116,3.087315,3.136494,3.037928,3.047338,0.749143,0.077078,46.334212,5.281886,3.341919,3.228573
C02198,B_L06,DIGITAL_CMOS,CMOS_B,0.969153,0.991738,0.06591,0.067448,49.517026,49.614248,5.090035,5.100937,3.038563,3.0498,2.821257,2.848327,1.002366,0.066432,50.104789,5.153713,3.103569,2.843437
C02199,B_L06,DIGITAL_CMOS,CMOS_B,0.516125,0.520493,0.076555,0.076157,46.117612,45.970286,5.26748,5.295549,3.132423,3.199523,2.739713,2.761025,0.528664,0.076242,46.311642,5.423514,3.314481,2.834931
C02200,B_L06,DIGITAL_CMOS,CMOS_B,0.649494,0.655623,0.063647,0.063732,47.671175,47.617781,5.649316,5.626409,3.342265,3.362821,3.043392,3.043975,0.673449,0.064502,47.384812,5.638152,3.371237,3.086263
C02201,B_L06,DIGITAL_CMOS,CMOS_B,0.868828,0.862214,0.094559,0.09663,51.050327,51.704189,5.099805,5.130865,3.15627,3.172757,2.846278,2.894048,0.908976,0.10345,54.064141,5.119196,3.218146,2.921035
C02202,B_L06,DIGITAL_CMOS,CMOS_B,0.673312,0.694645,0.096622,0.098032,49.600382,50.652486,5.17259,5.182286,3.053895,3.069052,3.070096,3.084517,0.713559,0.10315,52.6326,5.287854,3.25775,3.199671
C02203,B_L06,DIGITAL_CMOS,CMOS_B,0.70088,0.712334,0.052879,0.053521,49.023153,49.524915,5.341609,5.323469,3.134162,3.135807,3.034318,3.042251,0.706201,0.054075,49.779227,5.326358,3.152378,3.037108
C02204,B_L06,DIGITAL_CMOS,CMOS_B,0.715313,0.728743,0.135821,0.144159,47.245714,48.286551,4.997997,4.991701,2.943293,2.967173,3.032913,3.075146,0.757074,0.151823,50.201442,5.038303,3.028686,3.154451
C02205,B_L06,DIGITAL_CMOS,CMOS_B,0.673949,0.672437,0.076268,0.077281,44.027588,43.840641,5.259539,5.256044,3.160506,3.177236,2.842997,2.84011,0.688125,0.080166,44.164748,5.235827,3.191373,2.848675
C02206,B_L06,DIGITAL_CMOS,CMOS_B,0.673238,0.675004,0.104267,0.104427,46.21454,46.678797,5.212755,5.249506,3.002572,3.039567,2.936693,2.96906,0.695225,0.113793,49.432449,5.322334,3.135036,3.002449
C02207,B_L06,DIGITAL_CMOS,CMOS_B,0.855374,0.851806,0.084905,0.087117,47.997517,48.555948,5.02338,4.990578,3.109355,3.153799,3.025132,3.012544,0.875254,0.090069,49.41516,5.092931,3.341003,3.114692
C02208,B_L06,DIGITAL_CMOS,CMOS_B,0.5438,0.545519,0.082742,0.087778,45.309808,45.888833,5.264185,5.259152,3.21006,3.182299,3.010839,3.021662,0.571475,0.094966,46.422925,5.250211,3.200651,3.028076
C02209,B_L06,DIGITAL_CMOS,CMOS_B,0.571899,0.580733,0.061712,0.062325,46.212806,46.041898,5.216559,5.247576,3.038248,3.03959,2.909784,2.940359,0.593014,0.063261,46.805978,5.309518,3.178236,3.031916
C02210,B_L06,DIGITAL_CMOS,CMOS_B,0.784613,0.796234,0.083156,0.08567,49.902412,51.059853,4.930604,4.927729,2.998696,2.986528,2.916023,2.93803,0.823687,0.089962,52.532222,4.989003,3.07632,2.990617
C02211,B_L06,DIGITAL_CMOS,CMOS_B,0.678622,0.687271,0.099981,0.102386,48.491159,49.564867,5.119912,5.166719,3.103742,3.133021,3.000801,2.996938,0.700155,0.107926,51.153244,5.296389,3.331138,3.082874
C02212,B_L06,DIGITAL_CMOS,CMOS_B,0.645077,0.64989,0.095617,0.099916,45.537599,45.935605,5.253689,5.293229,3.337643,3.307366,3.110571,3.078986,0.666076,0.109081,47.433384,8.082155,3.352434,3.326376
C02213,B_L06,DIGITAL_CMOS,CMOS_B,0.700187,0.706619,0.133403,0.140476,47.116792,48.781359,5.319473,5.363701,3.014494,3.033504,3.160754,3.16435,0.750528,0.149307,50.298471,5.370579,3.085115,3.168542
C02214,B_L06,DIGITAL_CMOS,CMOS_B,0.729659,0.721748,0.080396,0.082967,48.850555,49.243075,5.374455,5.406329,3.171469,3.20863,3.111817,3.091186,0.755843,0.090697,51.443639,5.442663,3.234095,3.127154
C02215,B_L06,DIGITAL_CMOS,CMOS_B,0.789043,0.795904,0.085391,0.086452,43.668663,44.138991,5.227991,5.198357,3.209082,3.227878,3.014957,3.010153,0.843635,0.093655,46.704646,5.339134,3.383473,3.117211
C02216,B_L06,DIGITAL_CMOS,CMOS_B,0.612791,0.614514,0.049736,0.050372,45.483408,45.911115,5.317858,5.324889,3.286234,3.354353,3.164717,3.227945,0.621786,0.052012,46.340723,5.385332,3.437183,3.265265
C02217,B_L06,DIGITAL_CMOS,CMOS_B,0.590405,0.60751,0.071975,0.074339,49.632708,50.169464,5.439904,5.454914,2.913715,2.925928,3.085407,3.113112,0.608474,0.078257,52.130653,5.464818,2.921475,3.13244
C02218,B_L06,DIGITAL_CMOS,CMOS_B,0.709706,0.727961,0.105265,0.109039,51.191164,52.141984,4.93794,4.963178,3.124739,3.136285,2.963303,2.968145,0.756354,0.116394,53.227576,5.015544,3.222316,3.028324
C02219,B_L06,DIGITAL_CMOS,CMOS_B,0.659422,0.680338,0.066511,0.069968,46.812628,47.102657,5.059047,5.088322,3.240383,3.247389,3.03238,3.046579,0.708056,0.073212,48.221064,5.091893,3.262483,3.071522
C02220,B_L06,DIGITAL_CMOS,CMOS_B,0.569746,0.554192,0.093757,0.095968,46.374196,46.376742,5.100015,5.119049,3.021352,3.036655,2.901848,2.958725,0.581611,0.102127,48.016546,5.175846,3.132847,2.994758
C02221,B_L06,DIGITAL_CMOS,CMOS_B,0.597255,0.597174,0.114871,0.115638,49.449039,49.249156,5.182615,5.168144,3.073851,3.129194,2.905428,2.902901,0.595792,0.117561,49.52702,5.181129,3.108615,2.900078
C02222,B_L06,DIGITAL_CMOS,CMOS_B,0.564768,0.582649,0.069813,0.072551,48.483277,49.194072,5.047681,5.058185,3.163213,3.188531,3.076368,3.115215,0.626692,0.078821,52.210677,5.130301,3.294121,3.164471
C02223,B_L06,DIGITAL_CMOS,CMOS_B,0.668988,0.6747,0.125204,0.13274,46.340778,46.805406,5.414276,5.396951,3.134074,3.13046,3.023736,3.03976,0.713061,0.141552,48.501742,5.469404,3.144859,3.039298
C02224,B_L06,DIGITAL_CMOS,CMOS_B,0.537022,0.53455,0.10841,0.107586,46.935919,46.952998,5.286441,5.301068,3.149961,3.198547,2.912789,2.920425,0.544395,0.110551,46.94002,5.370337,3.334386,2.986593
C02225,B_L06,DIGITAL_CMOS,CMOS_B,0.645286,0.658262,0.100385,0.101609,46.654665,47.121827,5.17554,5.230191,3.15293,3.170778,2.863173,2.837643,0.678251,0.102618,47.46776,5.203762,3.217599,2.901215
C02226,B_L06,DIGITAL_CMOS,CMOS_B,0.500232,0.5216,0.069126,0.072283,47.067928,47.956113,5.640445,5.679319,3.33009,3.326805,2.978271,3.022832,0.516474,0.074921,48.54764,5.851132,3.55501,3.104278
C02227,B_L06,DIGITAL_CMOS,CMOS_B,0.614571,0.629765,0.08169,0.084551,47.35485,47.831164,5.213297,5.198507,3.081278,3.090231,2.874261,2.905364,0.648045,0.09229,49.415478,5.209893,3.094813,2.899047
C02228,B_L06,DIGITAL_CMOS,CMOS_B,0.794078,0.781244,0.074641,0.075187,49.467032,49.757353,5.335719,5.364164,3.197329,3.276131,3.076405,3.066829,0.796545,0.077392,50.888128,5.415828,3.366377,3.140887
C02229,B_L06,DIGITAL_CMOS,CMOS_B,0.681646,0.673316,0.105953,0.107203,44.754843,45.114485,5.179663,5.178562,2.904982,2.992105,2.858698,2.87753,0.684476,0.108849,45.437064,5.249945,3.101828,2.882198
C02230,B_L06,DIGITAL_CMOS,CMOS_B,0.60018,0.607942,0.073924,0.076831,45.82997,47.475597,4.866077,4.873919,3.255437,3.227014,3.014719,3.017367,0.635634,0.079474,49.108072,4.898134,3.257762,3.031789
C02231,B_L06,DIGITAL_CMOS,CMOS_B,0.566605,0.560213,0.097224,0.097936,46.756854,47.037899,5.014051,4.99461,3.065668,3.064824,2.935008,2.942097,0.610748,0.102712,48.289711,5.009928,3.061587,2.925706
C02232,B_L06,DIGITAL_CMOS,CMOS_B,0.585791,0.589237,0.123249,0.122684,43.410019,43.136579,5.194065,5.210567,3.073328,3.062814,2.796678,2.805644,0.595567,0.122502,43.691536,5.219652,3.102177,2.821646
C02233,B_L06,DIGITAL_CMOS,CMOS_B,0.740817,0.718076,0.124118,0.126096,47.136193,47.012955,5.268734,5.350231,3.38301,3.412313,3.217527,3.224168,0.749549,0.127841,48.097456,5.425153,3.494321,3.303268
C02234,B_L06,DIGITAL_CMOS,CMOS_B,0.590946,0.592344,0.087171,0.08765,48.527823,49.533231,5.137633,5.163774,3.107942,3.182421,2.981885,3.016721,0.627452,0.097969,52.461624,5.2109,3.22714,3.074486
C02235,B_L06,DIGITAL_CMOS,CMOS_B,0.519553,0.519079,0.094605,0.094721,49.194328,49.792713,5.111515,5.091873,3.114917,3.136654,3.012521,3.035442,0.520459,0.095855,50.376043,5.205301,3.360471,3.15307
C02236,B_L06,DIGITAL_CMOS,CMOS_B,0.838261,0.854255,0.084072,0.085506,46.041484,46.468523,5.106066,5.110981,2.987766,3.002152,2.853084,2.839147,0.896142,0.090255,47.984694,5.155685,3.033815,2.852234
C02237,B_L06,DIGITAL_CMOS,CMOS_B,0.606602,0.62478,0.080098,0.081758,46.354522,46.548626,5.007415,4.994398,2.815394,2.839173,2.931026,2.946707,0.642532,0.085071,47.260543,4.9715,2.883992,2.929639
C02238,B_L06,DIGITAL_CMOS,CMOS_B,0.570677,0.571757,0.088888,0.088163,49.700767,49.455504,5.465599,5.514352,3.405957,3.410351,2.982064,3.002629,0.57455,0.087996,49.500147,5.536135,3.469466,3.032899
C02239,B_L06,DIGITAL_CMOS,CMOS_B,0.670849,0.668108,0.066846,0.071881,51.421773,52.325161,5.027419,5.033155,3.147158,3.162514,2.933576,2.987752,0.701353,0.076205,53.721971,5.149593,3.32439,3.089765
C02240,B_L06,DIGITAL_CMOS,CMOS_B,0.853182,0.86505,0.104263,0.106145,52.541164,52.961343,7.280889,7.5265,2.968066,3.017556,2.905708,2.943346,0.918746,0.117926,56.304756,7.857294,3.160322,3.004267
C02241,B_L06,DIGITAL_CMOS,CMOS_B,0.524893,0.524047,0.085111,0.086242,47.394438,48.590948,5.529798,5.575112,3.339445,3.369226,3.02154,3.035922,0.536017,0.089317,50.391071,5.631516,3.478331,3.102241
C02242,B_L06,DIGITAL_CMOS,CMOS_B,0.906209,0.912366,0.12522,0.127115,46.843336,47.018407,4.989889,4.989446,3.043657,3.047419,2.91608,2.930318,0.902151,0.127991,47.631541,5.123508,3.181449,3.035885
C02243,B_L06,DIGITAL_CMOS,CMOS_B,0.72421,0.718822,0.091144,0.097745,48.966474,49.201763,5.108612,5.118734,3.199124,3.220308,3.004597,2.990849,0.742073,0.102199,50.862961,5.141724,3.25146,3.036945
C02244,B_L06,DIGITAL_CMOS,CMOS_B,0.588196,0.59863,0.07431,0.079861,46.317717,47.092141,5.470453,5.454686,3.483609,3.476929,3.156586,3.177901,0.614953,0.082319,48.494099,5.486987,3.505599,3.159183
C02245,B_L06,DIGITAL_CMOS,CMOS_B,0.510104,0.495299,0.086784,0.086823,47.437738,47.67521,5.230555,5.281665,3.077606,3.111427,3.154379,3.191033,0.513691,0.087822,47.255656,5.393669,3.280514,3.242161
C02246,B_L06,DIGITAL_CMOS,CMOS_B,0.919282,0.950012,0.112609,0.115286,48.213115,48.724596,5.18873,5.160346,2.911576,2.929307,2.900326,2.900256,0.976621,0.121826,51.503584,5.234317,2.96824,2.906142
C02247,B_L06,DIGITAL_CMOS,CMOS_B,0.809818,0.837501,0.081785,0.082576,51.015332,51.577863,5.105712,5.091277,3.398992,3.369939,2.951503,2.914123,0.887276,0.094203,53.870651,5.135145,3.400479,2.934877
C02248,B_L06,DIGITAL_CMOS,CMOS_B,0.559217,0.569052,0.094483,0.099562,45.59373,46.190412,5.351574,5.353589,3.340018,3.353827,3.097108,3.093709,0.586399,0.101705,48.348027,5.358157,3.389398,3.102034
C02249,B_L06,DIGITAL_CMOS,CMOS_B,0.634752,0.648209,0.077553,0.080023,46.99155,46.936926,5.253328,5.314927,3.132548,3.144813,2.822379,2.829395,0.653906,0.080272,47.547095,5.33218,3.141356,2.833957
C02250,B_L06,DIGITAL_CMOS,CMOS_B,0.677915,0.669644,0.0823,0.082371,49.843086,50.308579,5.409687,5.470149,3.427204,3.433177,3.135968,3.135391,0.719622,0.087693,51.166442,5.4981,3.481783,3.125847
C02251,B_L07,DIGITAL_CMOS,CMOS_B,0.577085,0.571057,0.083899,0.085053,46.520594,47.472169,5.018111,5.059229,3.096023,3.109406,2.939479,2.995486,0.611208,0.09254,49.619501,5.452229,3.246591,3.15199
C02252,B_L07,DIGITAL_CMOS,CMOS_B,0.538388,0.549198,0.081232,0.085009,47.787035,48.546061,5.357916,5.39971,3.359195,3.361162,3.199413,3.213945,0.569664,0.09506,50.275029,5.430831,3.362797,3.264741
C02253,B_L07,DIGITAL_CMOS,CMOS_B,0.59996,0.60288,0.133954,0.134283,48.49356,48.324848,5.395082,5.400782,3.281288,3.274715,3.074312,3.070328,0.602238,0.140539,49.138795,5.564862,3.351952,3.095931
C02254,B_L07,DIGITAL_CMOS,CMOS_B,0.624195,0.650246,0.064362,0.064299,49.860957,49.912901,5.250379,5.248223,3.135698,3.12862,3.028267,3.005176,0.638881,0.065455,50.876346,5.345133,3.141432,3.016284
C02255,B_L07,DIGITAL_CMOS,CMOS_B,0.647439,0.655859,0.075752,0.078276,45.331564,45.705736,5.555428,5.667281,3.470077,3.485386,3.157216,3.193203,0.66019,0.090256,48.840987,5.871866,3.562875,3.324293
C02256,B_L07,DIGITAL_CMOS,CMOS_B,0.58687,0.599485,0.112047,0.118586,45.751842,46.58548,5.56145,5.616134,3.341952,3.359172,3.159326,3.179024,0.627099,0.126816,48.323427,6.069402,3.446403,3.305895
C02257,B_L07,DIGITAL_CMOS,CMOS_B,0.565459,0.583241,0.077272,0.081429,48.160713,48.873012,5.065508,5.100036,3.261054,3.251023,3.087665,3.079705,0.588132,0.084396,50.217479,5.16068,3.291377,3.098465
C02258,B_L07,DIGITAL_CMOS,CMOS_B,0.500982,0.50255,0.071781,0.071766,49.312851,50.2052,5.034388,5.064645,3.016443,3.046481,2.843663,2.879996,0.501526,0.072218,50.727375,5.33028,3.110628,2.935783
C02259,B_L07,DIGITAL_CMOS,CMOS_B,0.603676,0.614163,0.067726,0.068205,44.010156,44.671977,5.013738,5.041663,3.070394,3.08548,2.950724,2.979656,0.620685,0.068096,44.793111,5.338517,3.165814,3.052869
C02260,B_L07,DIGITAL_CMOS,CMOS_B,0.731035,0.741941,0.123254,0.12823,48.424194,49.053367,5.439203,5.416764,3.270906,3.251626,3.087449,3.054591,0.763135,0.140876,51.168521,5.51347,3.315934,3.126513
C02261,B_L07,DIGITAL_CMOS,CMOS_B,0.666952,0.680793,0.07407,0.07473,48.091907,47.925617,5.350772,5.322326,3.083683,3.119998,3.134435,3.12121,0.677482,0.075955,47.988467,5.514544,3.10716,3.152485
C02262,B_L07,DIGITAL_CMOS,CMOS_B,0.519333,0.526627,0.094879,0.097362,50.996142,51.116748,5.300436,5.347282,3.343159,3.375997,3.237289,3.249883,0.526166,0.099796,51.963697,5.60406,3.44246,3.370034
C02263,B_L07,DIGITAL_CMOS,CMOS_B,0.582293,0.577777,0.103948,0.10634,46.730055,46.43884,5.448415,5.439481,3.461744,3.446683,3.324263,3.353196,0.57138,0.108055,47.332885,5.466867,3.479101,3.328365
C02264,B_L07,DIGITAL_CMOS,CMOS_B,0.743325,0.73458,0.100914,0.104093,48.760576,49.550068,5.274423,5.361907,3.228942,3.234653,3.132385,3.147061,0.744937,0.108705,52.234214,5.622608,3.335255,3.316318
C02265,B_L07,DIGITAL_CMOS,CMOS_B,0.573967,0.573137,0.060709,0.063409,47.899973,48.528486,5.412415,5.404323,3.120823,3.141341,2.919901,2.911287,0.602105,0.067239,50.173689,5.464965,3.168253,2.939949
C02266,B_L07,DIGITAL_CMOS,CMOS_B,0.633408,0.630596,0.088106,0.093329,48.820831,49.395724,5.517772,5.57284,3.22219,3.213238,3.096741,3.131487,0.646607,0.100487,51.024735,6.095163,3.334759,3.204804
C02267,B_L07,DIGITAL_CMOS,CMOS_B,0.411067,0.408646,0.066302,0.067373,47.781936,48.564,5.389004,5.413246,3.347293,3.344703,3.141342,3.172885,0.435141,0.073886,50.19494,5.462236,3.343637,3.160715
C02268,B_L07,DIGITAL_CMOS,CMOS_B,0.532986,0.537835,0.099385,0.100792,42.222683,42.49863,5.195993,5.228053,3.006912,2.997993,2.988984,2.965687,0.545374,0.101871,42.413134,5.381144,3.017849,2.952168
C02269,B_L07,DIGITAL_CMOS,CMOS_B,0.713691,0.720126,0.146569,0.146991,46.334719,46.826569,5.268044,5.359877,2.957829,2.944937,2.721077,2.769545,0.747376,0.165357,49.303034,5.425931,2.960255,2.817329
C02270,B_L07,DIGITAL_CMOS,CMOS_B,0.581762,0.584448,0.144706,0.148972,53.248613,53.395956,5.444233,5.441533,3.345545,3.372825,3.178303,3.201059,0.580576,0.15769,54.387152,5.479022,3.381874,3.213959
C02271,B_L07,DIGITAL_CMOS,CMOS_B,0.664288,0.667035,0.075998,0.078921,51.380703,51.288369,5.085871,5.159871,3.177524,3.217285,3.16717,3.158239,0.683283,0.082918,52.771064,5.825953,3.520729,3.343043
C02272,B_L07,DIGITAL_CMOS,CMOS_B,0.539772,0.536612,0.071641,0.072125,47.863185,48.453344,5.215511,5.243917,3.094391,3.094463,2.789968,2.795001,0.550517,0.073271,48.785705,5.359166,3.131116,2.829046
C02273,B_L07,DIGITAL_CMOS,CMOS_B,0.488749,0.496574,0.077606,0.07918,51.112115,51.032678,5.191906,5.220858,3.094572,3.131574,3.064212,3.074458,0.502481,0.081235,51.305676,5.416715,3.21262,3.203948
C02274,B_L07,DIGITAL_CMOS,CMOS_B,0.604043,0.613369,0.071011,0.073888,46.081861,45.66081,5.203135,5.246583,3.136578,3.108749,3.015537,3.027089,0.645338,0.083313,48.183075,5.228912,3.145304,3.048163
C02275,B_L07,DIGITAL_CMOS,CMOS_B,0.581898,0.583997,0.069708,0.074048,50.127931,51.179992,5.159657,5.175761,3.06551,3.050911,2.856302,2.898335,0.601452,0.078837,53.417452,5.232215,3.068955,2.925591
C02276,B_L07,DIGITAL_CMOS,CMOS_B,0.54784,0.552171,0.140763,0.140985,50.837345,51.270232,5.497954,5.516511,3.292548,3.262416,3.150355,3.198,0.613397,0.160888,52.834796,5.56953,3.274161,3.215325
C02277,B_L07,DIGITAL_CMOS,CMOS_B,0.630415,0.628238,0.08573,0.087355,45.661412,46.126488,5.493038,5.675256,3.156327,3.189354,3.230535,3.280333,0.6171,0.090118,46.31722,5.9418,3.255597,3.443578
C02278,B_L07,DIGITAL_CMOS,CMOS_B,0.58233,0.593905,0.076794,0.078609,45.004247,45.764251,5.453792,5.413137,3.315175,3.313097,3.079783,3.077635,0.635765,0.096274,47.874028,5.473927,3.362761,3.131745
C02279,B_L07,DIGITAL_CMOS,CMOS_B,0.52019,0.521184,0.0855,0.089628,48.352939,49.559783,4.89379,4.916118,3.215513,3.230725,3.002861,3.011211,0.5537,0.094203,51.281566,4.984882,3.20352,3.064515
C02280,B_L07,DIGITAL_CMOS,CMOS_B,0.541752,0.547427,0.088905,0.093797,50.542972,50.53457,5.080025,5.244958,3.141251,3.187319,3.103996,3.133897,0.54642,0.095355,51.219419,5.647091,3.201143,3.250265
C02281,B_L07,DIGITAL_CMOS,CMOS_B,0.581039,0.585943,0.06897,0.068691,47.602501,47.254292,5.275595,5.307008,3.07269,3.08543,2.874862,2.844139,0.596143,0.069495,48.097422,5.404327,3.092316,2.908165
C02282,B_L07,DIGITAL_CMOS,CMOS_B,0.585823,0.586361,0.075105,0.076155,47.055108,47.086897,5.594994,5.690322,3.371282,3.368132,3.316033,3.356315,0.58861,0.079679,47.087747,5.823954,3.369336,3.461379
C02283,B_L07,DIGITAL_CMOS,CMOS_B,0.69267,0.725796,0.101324,0.10379,46.773948,46.742248,5.381895,5.463691,3.233175,3.236513,3.145622,3.148173,0.737419,0.108137,48.287484,6.329787,3.238123,3.182638
C02284,B_L07,DIGITAL_CMOS,CMOS_B,0.63465,0.636467,0.126515,0.12987,48.376672,48.481966,5.446434,5.630762,3.226478,3.224145,3.29319,3.347645,0.690926,0.144013,51.939137,5.844143,3.263406,3.379396
C02285,B_L07,DIGITAL_CMOS,CMOS_B,0.559565,0.563412,0.100072,0.101907,49.361707,50.133072,5.773741,5.799125,3.267682,3.286438,3.20313,3.209703,0.572156,0.103069,51.018466,6.245199,3.334604,3.380058
C02286,B_L07,DIGITAL_CMOS,CMOS_B,0.604787,0.615545,0.069844,0.070624,45.404469,45.507091,5.214758,5.216079,3.273065,3.27907,3.083855,3.060545,0.621857,0.070658,45.644302,5.226721,3.299068,3.112918
C02287,B_L07,DIGITAL_CMOS,CMOS_B,0.634201,0.641437,0.117371,0.118547,52.138236,51.816802,5.417329,5.506529,3.461203,3.459594,3.068302,3.110512,0.630795,0.120103,51.847722,5.795802,3.508186,3.204989
C02288,B_L07,DIGITAL_CMOS,CMOS_B,0.712634,0.716811,0.103385,0.105466,45.807728,46.468273,5.480514,5.503191,3.370433,3.378747,3.377927,3.398685,0.745553,0.114202,48.570162,5.54878,3.393814,3.412393
C02289,B_L07,DIGITAL_CMOS,CMOS_B,0.669188,0.676995,0.089479,0.089282,44.991245,44.817209,5.209916,5.206695,3.099224,3.08258,2.954311,2.96663,0.680262,0.091704,45.430693,5.200483,3.086186,3.000952
C02290,B_L07,DIGITAL_CMOS,CMOS_B,0.582505,0.568707,0.08213,0.083161,46.060085,45.55145,5.172649,5.194531,2.860739,2.887439,3.021785,3.054285,0.581429,0.083796,46.051927,5.367005,2.914192,3.139951
C02291,B_L07,DIGITAL_CMOS,CMOS_B,0.424441,0.424026,0.053831,0.055078,52.60606,52.120949,5.655644,5.665807,3.241965,3.254869,3.288383,3.230341,0.427051,0.055505,52.211531,5.714033,3.253899,3.266478
C02292,B_L07,DIGITAL_CMOS,CMOS_B,0.641351,0.638671,0.110956,0.116358,50.938203,50.361281,5.332277,5.372708,3.240966,3.213933,3.079571,3.077527,0.639935,0.119077,51.927605,5.443902,3.27333,3.102187
C02293,B_L07,DIGITAL_CMOS,CMOS_B,0.52416,0.515755,0.086487,0.086417,47.036194,46.239814,5.133962,5.12302,3.193972,3.204634,3.010269,3.006338,0.516302,0.087778,47.089692,5.163875,3.197893,3.035967
C02294,B_L07,DIGITAL_CMOS,CMOS_B,0.590152,0.594625,0.143586,0.151906,48.581755,48.957879,5.137618,5.177927,3.300557,3.310479,2.976328,3.049168,0.629915,0.167591,50.78549,5.582663,3.471801,3.191904
C02295,B_L07,DIGITAL_CMOS,CMOS_B,0.526578,0.522412,0.066411,0.067743,46.761378,47.477996,5.186613,5.264376,3.207963,3.227511,3.150411,3.198033,0.553471,0.075153,50.273366,5.485182,3.321718,3.315047
C02296,B_L07,DIGITAL_CMOS,CMOS_B,0.626341,0.627795,0.090119,0.09622,45.750836,46.876304,5.191308,5.269374,3.279372,3.315674,3.050134,3.077888,0.643596,0.103923,48.264098,5.729558,3.408876,3.243314
C02297,B_L07,DIGITAL_CMOS,CMOS_B,0.529861,0.530769,0.08792,0.089604,52.323807,52.149756,5.475387,5.549774,3.52327,3.522513,3.301683,3.292741,0.532688,0.092998,52.594623,5.681681,3.562149,3.341941
C02298,B_L07,DIGITAL_CMOS,CMOS_B,0.681711,0.673142,0.096073,0.09729,51.306574,51.114161,5.62914,5.690245,3.27498,3.280028,3.163802,3.167893,0.674182,0.098993,51.719581,5.723758,3.324345,3.194193
C02299,B_L07,DIGITAL_CMOS,CMOS_B,0.704096,0.706877,0.130145,0.1314,49.483717,50.046269,5.154326,5.213526,3.066664,3.109686,2.93744,2.976696,0.725528,0.132213,50.042679,5.516773,3.240988,3.095787
C02300,B_L07,DIGITAL_CMOS,CMOS_B,0.55382,0.558637,0.087641,0.094566,49.239551,49.946237,5.082626,5.054083,3.127081,3.118963,2.816499,2.823692,0.56789,0.100866,52.874498,5.151315,3.128997,2.832212
C02301,B_L07,DIGITAL_CMOS,CMOS_B,0.485893,0.488126,0.11613,0.123262,47.32876,48.676196,5.071509,5.195453,3.211017,3.259687,2.977565,2.979708,0.517624,0.132042,50.469166,5.56626,3.328928,3.062117
C02302,B_L07,DIGITAL_CMOS,CMOS_B,0.487264,0.485984,0.069208,0.07214,46.897584,47.69584,5.58502,5.63866,3.258044,3.328251,3.138714,3.161006,0.494474,0.075874,48.686509,6.209652,3.456087,3.299785
C02303,B_L07,DIGITAL_CMOS,CMOS_B,0.543742,0.552286,0.082735,0.088215,47.892773,48.318545,5.077776,5.221629,3.075378,3.100472,3.179611,3.205537,0.582333,0.095582,50.868655,5.526394,3.192052,3.295429
C02304,B_L07,DIGITAL_CMOS,CMOS_B,0.545097,0.545995,0.076749,0.078261,49.027105,48.881832,5.317886,5.348858,3.132331,3.114551,3.101091,3.11873,0.541686,0.079551,49.904043,5.451481,3.156705,3.125017
C02305,B_L07,DIGITAL_CMOS,CMOS_B,0.627645,0.641414,0.093944,0.099873,48.590857,49.265215,5.354038,5.498385,3.158113,3.184349,3.24931,3.274217,0.657932,0.107405,50.943421,5.834777,3.288202,3.405387
C02306,B_L07,DIGITAL_CMOS,CMOS_B,0.503873,0.544454,0.122473,0.137502,49.511144,51.49886,5.516224,5.496077,3.344692,3.347683,3.187593,3.231811,0.760335,0.193308,61.577045,5.603326,3.391389,3.234374
C02307,B_L07,DIGITAL_CMOS,CMOS_B,0.572533,0.575049,0.094259,0.097879,50.029898,49.959934,5.245419,5.264685,3.412222,3.414809,3.19579,3.237462,0.585477,0.106122,52.74021,5.351903,3.428624,3.280422
C02308,B_L07,DIGITAL_CMOS,CMOS_B,0.510713,0.509696,0.121032,0.123144,48.3933,48.644417,5.539669,5.574744,3.596604,3.574425,3.220077,3.24673,0.525298,0.125921,49.502403,5.473088,3.566306,3.234812
C02309,B_L07,DIGITAL_CMOS,CMOS_B,0.523308,0.529708,0.109615,0.109803,47.086219,47.621763,5.362211,5.45223,3.108522,3.190908,3.007428,3.053941,0.529724,0.111061,48.839486,5.648599,3.213854,3.1716
C02310,B_L07,DIGITAL_CMOS,CMOS_B,0.572568,0.588981,0.091604,0.095476,47.727434,48.40193,5.141053,5.197541,3.165768,3.197743,2.94854,2.964689,0.614061,0.106561,49.638603,5.414446,3.303886,3.066064
C02311,B_L07,DIGITAL_CMOS,CMOS_B,0.519469,0.519086,0.077677,0.077441,48.148594,48.92442,5.44269,5.521784,3.384441,3.402299,3.274573,3.329993,0.516299,0.078345,49.432066,5.811507,3.431857,3.409828
C02312,B_L07,DIGITAL_CMOS,CMOS_B,0.58663,0.589849,0.078647,0.081226,48.238716,48.047798,5.278663,5.282109,3.444559,3.47458,3.232465,3.221661,0.615073,0.083429,48.67142,5.313237,3.48617,3.285008
C02313,B_L07,DIGITAL_CMOS,CMOS_B,0.624343,0.624658,0.11554,0.117415,47.856778,48.288014,5.13507,5.152055,3.267178,3.299583,3.222051,3.269801,0.635915,0.125581,48.821519,5.481887,3.352536,3.378868
C02314,B_L07,DIGITAL_CMOS,CMOS_B,0.508902,0.517534,0.089357,0.091699,49.174279,49.719193,5.587305,5.695794,3.346858,3.371905,3.381838,3.445897,0.532692,0.108272,52.320923,6.132074,3.432056,3.529739
C02315,B_L07,DIGITAL_CMOS,CMOS_B,0.545719,0.561331,0.074179,0.075773,44.005246,44.699207,5.024925,5.08305,3.218651,3.26093,3.001051,3.022812,0.555816,0.081441,46.038898,5.484097,3.388546,3.213843
C02316,B_L07,DIGITAL_CMOS,CMOS_B,0.557816,0.56119,0.087978,0.091042,46.973925,47.819255,5.108073,5.142122,3.407609,3.394308,2.977695,2.991047,0.577513,0.093473,49.060559,5.145243,3.392737,3.017985
C02317,B_L07,DIGITAL_CMOS,CMOS_B,0.585871,0.584316,0.095761,0.097073,49.654154,50.634236,5.132613,5.222195,3.273286,3.303433,2.750316,2.840324,0.584158,0.099644,50.533079,5.416789,3.350807,2.928634
C02318,B_L07,DIGITAL_CMOS,CMOS_B,0.664427,0.684495,0.12897,0.135926,52.58226,53.212439,5.265147,5.33396,3.149362,3.125879,2.952034,2.974472,0.721314,0.145904,55.579535,5.683936,3.247532,3.085747
C02319,B_L07,DIGITAL_CMOS,CMOS_B,0.510413,0.516667,0.079271,0.08086,47.444671,47.684719,4.900094,4.939353,3.074887,3.114579,2.78639,2.813557,0.513449,0.083687,48.606767,5.100342,3.116522,2.904935
C02320,B_L07,DIGITAL_CMOS,CMOS_B,0.433543,0.451327,0.084536,0.088675,47.652591,48.207572,5.409395,5.558788,3.2557,3.260167,3.011116,3.058413,0.460723,0.096964,50.33273,5.843889,3.343935,3.1224
C02321,B_L07,DIGITAL_CMOS,CMOS_B,0.491794,0.500388,0.088678,0.087225,51.669961,51.807922,5.203033,5.317355,3.208052,3.262788,3.326176,3.361538,0.517763,0.088362,51.918898,5.588902,3.277354,3.457874
C02322,B_L07,DIGITAL_CMOS,CMOS_B,0.510895,0.510242,0.081029,0.082567,46.928749,46.734183,5.47626,5.563576,3.10546,3.134299,3.207348,3.225181,0.515373,0.083841,47.25704,6.078959,3.207731,3.32687
C02323,B_L07,DIGITAL_CMOS,CMOS_B,0.700122,0.715418,0.09975,0.104266,47.242368,46.882014,5.29323,5.484364,3.278492,3.319733,3.103984,3.139769,0.763908,0.117461,50.355536,5.685211,3.381035,3.240882
C02324,B_L08,DIGITAL_CMOS,CMOS_B,0.511199,0.509827,0.062905,0.063297,47.158351,47.866062,5.015207,5.046328,3.205295,3.226672,3.043811,3.049122,0.531221,0.066173,49.022086,5.278936,3.358987,3.117847
C02325,B_L08,DIGITAL_CMOS,CMOS_B,0.688587,0.702037,0.094056,0.099088,52.297393,53.69415,4.883553,4.881015,3.040066,3.052135,2.846133,2.900217,0.736056,0.103509,56.112577,5.082255,3.201499,2.928349
C02326,B_L08,DIGITAL_CMOS,CMOS_B,0.659046,0.665194,0.093443,0.094011,50.59394,50.815902,4.946993,4.989589,3.219171,3.209602,2.857217,2.837981,0.67264,0.095678,51.168243,5.012731,3.211362,2.900056
C02327,B_L08,DIGITAL_CMOS,CMOS_B,0.606078,0.611529,0.081505,0.082615,50.007189,50.664651,4.909983,4.942977,3.294565,3.27898,2.952089,2.960342,0.673378,0.089751,52.615876,4.981655,3.28257,3.005623
C02328,B_L08,DIGITAL_CMOS,CMOS_B,0.560553,0.549059,0.128889,0.131951,48.749786,49.697074,5.045055,5.085456,3.587193,3.550686,2.914956,2.910509,0.5711,0.147567,53.340459,6.065734,3.584374,2.932317
C02329,B_L08,DIGITAL_CMOS,CMOS_B,0.776232,0.787502,0.087532,0.091476,50.241773,49.653804,5.176523,5.141444,3.217989,3.236121,2.895184,2.903936,0.811871,0.10008,53.424114,5.192553,3.21979,2.912924
C02330,B_L08,DIGITAL_CMOS,CMOS_B,0.507742,0.511603,0.072823,0.075152,51.488603,52.201914,4.895707,4.907717,3.186563,3.202337,2.800213,2.810639,0.535026,0.079662,55.403576,4.961362,3.197791,2.841129
C02331,B_L08,DIGITAL_CMOS,CMOS_B,0.471193,0.484557,0.09084,0.096055,48.23486,49.102551,5.269741,5.328897,3.327078,3.343333,2.966558,2.978858,0.509652,0.102116,51.598079,5.437254,3.419291,3.051366
C02332,B_L08,DIGITAL_CMOS,CMOS_B,0.553892,0.565358,0.099909,0.104223,47.260518,48.398341,4.852046,4.825067,2.995551,3.004769,2.872209,2.844548,0.57613,0.108386,49.761537,4.921604,3.04679,2.857638
C02333,B_L08,DIGITAL_CMOS,CMOS_B,0.560917,0.557232,0.080718,0.082102,51.469002,52.115166,4.984572,5.015994,3.14822,3.197173,2.92974,2.962849,0.566737,0.082444,52.668884,5.352829,3.295261,3.063311
C02334,B_L08,DIGITAL_CMOS,CMOS_B,0.510451,0.509367,0.068114,0.071454,46.501642,47.472597,5.021106,5.025481,3.268604,3.292844,3.006636,2.977112,0.52665,0.07359,49.395297,5.072221,3.279833,3.004085
C02335,B_L08,DIGITAL_CMOS,CMOS_B,0.587103,0.603355,0.071519,0.072049,49.626433,49.346972,4.85145,4.84356,2.892723,2.875428,2.784153,2.786571,0.597461,0.072032,49.831112,4.88666,2.868921,2.787177
C02336,B_L08,DIGITAL_CMOS,CMOS_B,0.452942,0.464199,0.040605,0.041653,48.048288,48.167828,5.076198,5.102428,3.039898,3.042058,2.832555,2.845545,0.477762,0.042456,49.156796,5.13049,3.058364,2.872315
C02337,B_L08,DIGITAL_CMOS,CMOS_B,0.572668,0.572204,0.064174,0.065047,50.47699,50.494901,5.450863,5.454185,3.411824,3.371949,3.005221,3.025401,0.583575,0.065674,50.635613,5.476156,3.427956,3.026586
C02338,B_L08,DIGITAL_CMOS,CMOS_B,0.684431,0.690267,0.096255,0.095554,44.258433,44.318294,5.043018,5.070337,3.463316,3.461844,2.980459,2.98399,0.717976,0.097784,45.535765,5.405924,3.55244,3.100007
C02339,B_L08,DIGITAL_CMOS,CMOS_B,0.683197,0.695174,0.062802,0.063699,46.916834,46.948919,5.118632,5.150206,3.46276,3.474551,3.193825,3.231181,0.705356,0.065066,47.678801,5.369247,3.557358,3.360743
C02340,B_L08,DIGITAL_CMOS,CMOS_B,0.614952,0.604558,0.080492,0.081575,47.548737,47.944691,4.834903,4.839642,3.070889,3.069406,2.878082,2.891635,0.646422,0.087468,51.439451,4.849033,3.11218,2.920859
C02341,B_L08,DIGITAL_CMOS,CMOS_B,0.624199,0.631404,0.108815,0.111086,50.904065,51.251352,5.215371,5.264845,3.111457,3.148623,2.703238,2.704302,0.67829,0.11973,54.79808,5.44973,3.155042,2.789536
C02342,B_L08,DIGITAL_CMOS,CMOS_B,0.660238,0.687466,0.085258,0.086585,49.274156,50.485748,4.892401,4.921099,3.071243,3.106357,2.999281,2.993444,0.748089,0.09252,53.015012,4.984536,3.102929,3.039174
C02343,B_L08,DIGITAL_CMOS,CMOS_B,0.468809,0.461726,0.069926,0.068839,47.877281,48.15773,5.114174,5.158931,3.229134,3.286313,2.799679,2.827274,0.468908,0.070985,48.980872,5.13468,3.26656,2.84894
C02344,B_L08,DIGITAL_CMOS,CMOS_B,0.662333,0.652237,0.097593,0.099543,45.837368,46.655013,5.044571,5.065239,3.277604,3.310814,2.925223,2.914046,0.700374,0.111084,48.205375,5.034452,3.302668,2.947219
C02345,B_L08,DIGITAL_CMOS,CMOS_B,0.650517,0.668101,0.093179,0.094839,49.827741,50.834263,4.82854,4.881513,3.282051,3.333708,2.82988,2.8396,0.69312,0.10029,53.207023,5.116884,3.456298,2.901712
C02346,B_L08,DIGITAL_CMOS,CMOS_B,0.665811,0.661688,0.06757,0.067232,48.330107,47.993329,5.071106,5.148335,3.441661,3.4517,2.933705,2.953456,0.683097,0.070217,49.415834,5.286967,3.587486,3.047371
C02347,B_L08,DIGITAL_CMOS,CMOS_B,0.606266,0.613728,0.119662,0.128384,46.389704,49.186098,5.400098,5.448492,3.271966,3.30823,2.958738,2.993021,0.625652,0.1649,56.799076,5.513898,3.475356,3.012015
C02348,B_L08,DIGITAL_CMOS,CMOS_B,0.591136,0.599657,0.060097,0.060029,48.381663,49.060982,5.231663,5.245332,3.257217,3.260431,2.794348,2.791155,0.640389,0.063325,52.695096,5.27523,3.244826,2.807765
C02349,B_L08,DIGITAL_CMOS,CMOS_B,0.585316,0.5923,0.078934,0.081489,49.19035,49.429031,5.075259,5.121794,3.065545,3.065294,3.209649,3.215502,0.629118,0.090075,52.69251,5.34096,3.150136,3.306798
C02350,B_L08,DIGITAL_CMOS,CMOS_B,0.564001,0.561991,0.053022,0.054767,45.393525,46.05349,5.407487,5.43224,3.216625,3.245478,3.000419,3.022908,0.587121,0.057998,48.089823,5.480336,3.278186,3.053648
C02351,B_L08,DIGITAL_CMOS,CMOS_B,0.647529,0.652004,0.132412,0.136771,48.568602,49.099715,5.22576,5.233746,3.337347,3.33133,2.936579,2.95072,0.661866,0.146992,50.220939,5.263017,3.339944,2.979497
C02352,B_L08,DIGITAL_CMOS,CMOS_B,0.711887,0.723257,0.070555,0.073838,44.253622,44.979726,5.207795,5.221194,3.470968,3.477645,3.239082,3.222564,0.771665,0.079314,46.81764,5.317396,3.512258,3.256903
C02353,B_L08,DIGITAL_CMOS,CMOS_B,0.415949,0.417348,0.061425,0.062423,49.125141,48.672473,5.308056,5.348326,3.437291,3.456681,3.083872,3.12588,0.44085,0.066838,52.34351,5.584626,3.642767,3.242336
C02354,B_L08,DIGITAL_CMOS,CMOS_B,0.84838,0.851457,0.073199,0.073292,49.453069,49.372242,5.362472,5.340739,3.334959,3.370327,2.900533,2.894226,0.862407,0.073671,50.362976,5.372513,3.38177,2.902513
C02355,B_L08,DIGITAL_CMOS,CMOS_B,0.471949,0.479844,0.073896,0.075876,43.981827,44.069317,5.592162,5.562872,3.444572,3.446638,3.388541,3.372392,0.481084,0.07509,44.481155,5.602253,3.497083,3.438221
C02356,B_L08,DIGITAL_CMOS,CMOS_B,0.58974,0.597902,0.096927,0.097806,49.536376,49.620124,5.008372,5.094564,3.213576,3.199571,2.883451,2.910445,0.612295,0.097572,50.099967,5.283813,3.280721,2.975393
C02357,B_L08,DIGITAL_CMOS,CMOS_B,0.686168,0.688599,0.081754,0.084322,46.297195,46.643603,4.890416,4.913217,3.185515,3.211055,2.810092,2.84722,0.724983,0.089808,49.680041,4.934163,3.23918,2.856951
C02358,B_L08,DIGITAL_CMOS,CMOS_B,0.645925,0.652906,0.101106,0.105941,48.846116,49.296,4.954499,4.920708,3.308688,3.294368,2.989143,2.992791,0.663255,0.112578,51.286921,4.955083,3.29894,3.018561
C02359,B_L08,DIGITAL_CMOS,CMOS_B,0.615313,0.626271,0.070451,0.070544,47.442363,47.205799,5.267271,5.277731,3.49411,3.496007,3.15873,3.209378,0.62494,0.07137,47.05834,5.457906,3.57899,3.292449
C02360,B_L08,DIGITAL_CMOS,CMOS_B,0.711019,0.711603,0.047289,0.048067,46.363994,46.918353,5.055629,5.09265,3.34981,3.339156,2.90781,2.915371,0.773842,0.053524,50.786459,5.259433,3.451746,3.023497
C02361,B_L08,DIGITAL_CMOS,CMOS_B,0.650697,0.669782,0.122904,0.125884,51.674085,51.43773,4.959502,5.047946,3.176891,3.212958,2.836427,2.888691,0.695078,0.132436,53.342598,5.223727,3.250526,2.936837
C02362,B_L08,DIGITAL_CMOS,CMOS_B,0.555646,0.571242,0.056174,0.057041,48.82145,50.345187,5.371171,5.425625,3.40316,3.416786,3.152774,3.160393,0.793092,0.060439,61.609632,5.669487,3.487461,3.252691
C02363,B_L08,DIGITAL_CMOS,CMOS_B,0.809049,0.818765,0.082866,0.083644,46.027398,47.239246,4.769296,4.85383,3.064792,3.084362,2.770754,2.796472,0.844874,0.088119,48.734084,4.952163,3.121668,2.820851
C02364,B_L08,DIGITAL_CMOS,CMOS_B,0.601998,0.588275,0.063273,0.064472,44.89606,45.798706,5.107747,5.137589,3.379721,3.38137,3.096599,3.088273,0.587069,0.064447,45.988639,5.173835,3.422805,3.136618
C02365,B_L08,DIGITAL_CMOS,CMOS_B,0.618432,0.624683,0.099133,0.100046,46.359593,47.008365,5.204321,5.174868,3.15029,3.14019,2.850693,2.864203,0.647765,0.110986,48.943085,5.243107,3.157188,2.926081
C02366,B_L08,DIGITAL_CMOS,CMOS_B,0.647779,0.65636,0.06395,0.065466,47.069154,48.007383,5.247578,5.250536,3.283041,3.309676,2.918465,2.931717,0.698076,0.067095,49.129761,5.29317,3.323102,2.928854
C02367,B_L08,DIGITAL_CMOS,CMOS_B,0.558986,0.575033,0.070908,0.0722,43.89416,44.399102,5.306491,5.34178,3.361626,3.399517,3.132732,3.17365,0.611292,0.077843,48.806789,5.627589,3.501684,3.277378
C02368,B_L08,DIGITAL_CMOS,CMOS_B,0.683581,0.702814,0.057882,0.058733,45.872775,46.295379,5.019302,5.012851,3.12059,3.122328,2.943578,2.946418,0.739516,0.065165,48.247957,5.044251,3.16317,2.974146
C02369,B_L08,DIGITAL_CMOS,CMOS_B,0.583176,0.593679,0.09052,0.092494,44.794286,45.384799,4.720506,4.709814,3.175138,3.21333,2.939793,2.938897,0.59001,0.093363,46.242101,4.880664,3.323175,3.013294
C02370,B_L08,DIGITAL_CMOS,CMOS_B,0.541053,0.544459,0.068596,0.068893,49.911713,49.766297,5.291139,5.31018,3.216755,3.249135,2.964102,2.957043,0.555533,0.070371,50.568035,5.392644,3.291566,3.025863
C02371,B_L08,DIGITAL_CMOS,CMOS_B,0.536441,0.543701,0.063164,0.064175,43.305563,44.387074,5.180358,5.207584,3.099677,3.115098,2.821243,2.840281,0.58608,0.067687,46.109853,5.205034,3.131019,2.848612
C02372,B_L08,DIGITAL_CMOS,CMOS_B,0.845702,0.869724,0.105183,0.105378,48.906269,49.565411,5.288706,5.327043,3.55645,3.53358,2.989754,3.023669,0.899715,0.11129,52.513286,5.38926,3.556786,3.017333
C02373,B_L08,DIGITAL_CMOS,CMOS_B,0.899617,0.907603,0.091351,0.091688,50.244002,50.150672,5.178341,5.156813,3.058733,3.060359,2.681559,2.707511,0.892562,0.09235,50.108752,5.348253,3.157179,2.78171
C02374,B_L08,DIGITAL_CMOS,CMOS_B,0.866628,0.860387,0.087537,0.088943,51.925333,51.493074,5.086502,5.12744,3.583884,3.593645,2.879157,2.906822,0.887003,0.088764,51.465606,5.359002,3.661241,3.003818
C02375,B_L08,DIGITAL_CMOS,CMOS_B,0.952744,0.976961,0.082141,0.083058,48.271316,48.85701,4.991832,5.032787,2.985696,2.966971,2.965298,2.969968,1.052223,0.08862,50.639222,5.063043,2.996719,2.979557
C02376,B_L08,DIGITAL_CMOS,CMOS_B,0.556309,0.57181,0.093486,0.095473,49.546617,49.92824,5.502485,5.483053,3.337808,3.354352,3.124525,3.137179,0.583879,0.103255,52.337347,5.52642,3.342276,3.11153
C02377,B_L08,DIGITAL_CMOS,CMOS_B,0.654383,0.658741,0.077425,0.078836,48.064737,48.513731,5.052461,5.014389,3.229092,3.229668,2.793069,2.802214,0.702222,0.087291,52.859439,5.070716,3.22761,2.823946
C02378,B_L08,DIGITAL_CMOS,CMOS_B,0.66966,0.68888,0.112955,0.114166,48.522148,49.969854,5.098615,5.13689,3.328334,3.375965,2.828192,2.829175,0.707529,0.126015,51.802448,5.286784,3.433667,2.941882
C02379,B_L08,DIGITAL_CMOS,CMOS_B,0.819298,0.808634,0.107595,0.106393,50.760805,50.943873,5.013753,5.084545,3.140007,3.168832,2.6433,2.637246,0.815095,0.109991,51.972837,5.349582,3.295635,2.739801
C02380,B_L08,DIGITAL_CMOS,CMOS_B,0.635614,0.63291,0.085555,0.0881,47.329828,48.278528,5.459033,5.451708,3.40888,3.401656,2.965133,2.998983,0.679648,0.097105,52.098069,5.479229,3.444874,2.995653
C02381,B_L08,DIGITAL_CMOS,CMOS_B,0.586126,0.603956,0.106414,0.108674,51.438255,51.637703,5.412843,5.511633,3.585778,3.594688,3.001558,3.016519,0.608716,0.111758,53.652673,5.713973,3.744564,3.024215
C02382,B_L08,DIGITAL_CMOS,CMOS_B,0.670241,0.668708,0.061927,0.062917,46.307232,46.477937,4.779713,4.823873,3.104721,3.132293,2.789341,2.796481,0.666973,0.062521,46.815413,4.838026,3.140443,2.808395
C02383,B_L08,DIGITAL_CMOS,CMOS_B,0.837025,0.845076,0.118197,0.120329,49.477476,50.635391,5.091739,5.163392,3.139217,3.182362,2.943687,2.964041,0.922282,0.127008,54.975978,5.270588,3.242279,3.009589
C02384,B_L08,DIGITAL_CMOS,CMOS_B,0.631828,0.622768,0.107811,0.107054,46.821993,46.409241,5.229717,5.289958,3.163429,3.206212,2.901527,2.900883,0.625746,0.107799,46.963917,5.264717,3.19385,2.883437
C02385,B_L08,DIGITAL_CMOS,CMOS_B,0.650315,0.637062,0.090382,0.092137,49.14942,49.392417,5.153241,5.237729,3.397769,3.424469,2.938611,2.946007,0.653494,0.094735,49.443575,5.36222,3.493784,2.990602
C02386,B_L08,DIGITAL_CMOS,CMOS_B,0.500453,0.509087,0.079924,0.081062,46.724005,47.87126,5.05323,5.146167,3.194955,3.216309,2.932245,2.946543,0.5551,0.092074,50.641455,5.206971,3.307625,3.021002
C02387,B_L08,DIGITAL_CMOS,CMOS_B,0.660524,0.681474,0.067294,0.069367,44.602826,46.01725,5.018074,5.036183,3.090524,3.105242,2.663658,2.696288,0.698604,0.074582,46.511082,5.027554,3.082828,2.704344
C02388,B_L08,DIGITAL_CMOS,CMOS_B,0.632791,0.643723,0.077513,0.079119,48.564435,49.434557,5.467893,5.473834,3.483424,3.556996,3.072446,3.09035,0.679784,0.086856,52.23179,5.669358,3.605471,3.189368
C02389,B_L08,DIGITAL_CMOS,CMOS_B,0.548865,0.558406,0.088714,0.091571,45.160239,45.931469,4.955833,4.968083,3.329261,3.333796,2.9316,2.915889,0.590119,0.093894,47.254927,5.009708,3.391291,2.924774
C02390,B_L08,DIGITAL_CMOS,CMOS_B,0.825331,0.819241,0.06483,0.066058,50.760242,50.577478,5.27309,5.256117,3.684809,3.699258,3.106481,3.127866,0.823728,0.068199,51.08108,5.330835,3.681345,3.171228
C02391,B_L08,DIGITAL_CMOS,CMOS_B,0.723518,0.739172,0.088692,0.087927,50.202426,50.038069,4.969311,5.018031,3.124192,3.142668,2.866661,2.848118,0.735678,0.091201,49.778816,5.042023,3.144217,2.867853
C02392,B_L08,DIGITAL_CMOS,CMOS_B,0.730548,0.756719,0.045661,0.046278,47.091469,48.3269,5.001084,5.047306,3.190583,3.210933,2.881069,2.915294,0.780347,0.051002,50.072132,5.061131,3.226893,2.919116
C02393,B_L08,DIGITAL_CMOS,CMOS_B,0.577025,0.577023,0.095151,0.095472,47.778174,47.869043,5.207827,5.264763,3.105924,3.10616,2.901835,2.92413,0.58136,0.097584,48.836107,5.270189,3.119164,2.945753
C02394,B_L08,DIGITAL_CMOS,CMOS_B,0.59324,0.602302,0.094475,0.097379,51.086604,51.709064,5.015843,5.004375,3.174316,3.210585,2.736288,2.75094,0.6245,0.104153,52.970978,5.070423,3.237196,2.75384
C02395,B_L08,DIGITAL_CMOS,CMOS_B,0.625499,0.625385,0.073161,0.075808,48.383887,48.993714,5.472453,5.459484,3.455804,3.459868,3.208949,3.239361,0.666916,0.083152,50.824972,5.536707,3.455762,3.264089
C02396,B_L08,DIGITAL_CMOS,CMOS_B,0.359014,0.36032,0.058692,0.058859,46.847776,46.962012,4.86222,4.877095,3.320805,3.32594,2.960679,2.928941,0.361887,0.06034,47.269302,4.906323,3.338078,2.97221
C02397,B_L08,DIGITAL_CMOS,CMOS_B,0.621667,0.613987,0.088926,0.087779,50.123047,50.146515,4.88093,4.952439,3.239487,3.246722,3.009566,3.067743,0.629498,0.090858,50.489891,5.323568,3.355342,3.163221
C02398,B_L08,DIGITAL_CMOS,CMOS_B,0.478476,0.467687,0.081413,0.080003,45.276977,45.981714,5.044617,5.094474,3.17477,3.140988,2.927705,2.908813,0.480411,0.08271,45.392942,5.126056,3.165115,2.933132
C02399,B_L08,DIGITAL_CMOS,CMOS_B,0.609348,0.619927,0.076711,0.074457,48.414776,48.470947,4.819726,4.83601,3.032589,3.04545,2.752303,2.760958,0.61428,0.076518,48.815461,5.108847,3.154,2.837168
C02400,B_L08,DIGITAL_CMOS,CMOS_B,0.516867,0.532183,0.077498,0.080336,47.089634,48.372391,5.275363,5.255832,3.408269,3.376174,2.836839,2.869047,0.571401,0.082649,49.685448,5.465859,3.446704,2.943315
C02401,B_L08,DIGITAL_CMOS,CMOS_B,0.494384,0.492337,0.059974,0.059883,48.381522,48.973202,5.023659,5.043712,3.370326,3.363122,2.919618,2.913918,0.505543,0.061764,49.861809,5.046784,3.423717,2.921283
C02473,B_L10,DIGITAL_CMOS,CMOS_B,0.511016,0.516187,0.057191,0.059238,52.847991,53.140501,5.306032,5.29622,3.260635,3.26342,3.1344,3.165355,0.556246,0.064836,54.389075,5.409055,3.310898,3.140736
C02474,B_L10,DIGITAL_CMOS,CMOS_B,0.510287,0.526563,0.053768,0.055483,49.556438,49.480917,5.514686,5.531897,3.399086,3.378099,3.195257,3.1387,0.535191,0.059465,50.659074,5.594726,3.397601,3.188446
C02475,B_L10,DIGITAL_CMOS,CMOS_B,0.487286,0.499394,0.068176,0.07073,48.739235,48.793544,5.061044,5.146634,3.243448,3.298013,2.743788,2.794745,0.562482,0.07635,49.285063,5.330833,3.40628,2.893506
C02476,B_L10,DIGITAL_CMOS,CMOS_B,0.523816,0.545329,0.055603,0.058176,47.628802,47.720592,5.321946,5.336896,3.014596,3.032011,2.802735,2.835115,0.563065,0.0608,48.940927,5.368357,3.005179,2.854866
C02477,B_L10,DIGITAL_CMOS,CMOS_B,0.629558,0.649887,0.076664,0.078026,49.441029,49.628909,4.957926,5.004128,3.186111,3.174522,2.642512,2.669224,0.709442,0.084935,50.705782,5.022349,3.20392,2.674378
C02478,B_L10,DIGITAL_CMOS,CMOS_B,0.579686,0.600247,0.109604,0.11138,51.135284,51.253114,5.083178,5.094827,3.227252,3.215771,2.876001,2.90644,0.602114,0.111768,51.982711,5.470442,3.359304,3.047469
C02479,B_L10,DIGITAL_CMOS,CMOS_B,0.496095,0.513982,0.064089,0.065601,46.787862,46.795049,4.992216,4.99371,3.198196,3.206186,2.905361,2.950842,0.548822,0.067978,47.893945,5.412202,3.324323,3.061112
C02480,B_L10,DIGITAL_CMOS,CMOS_B,0.473423,0.487295,0.098965,0.102327,45.936542,45.989601,5.13583,5.185022,3.028334,3.025439,2.601064,2.613936,0.528184,0.10477,46.77854,5.619912,3.149421,2.777997
C02481,B_L10,DIGITAL_CMOS,CMOS_B,0.532261,0.54113,0.068178,0.070362,46.937329,47.116958,5.022626,5.021834,3.196563,3.225223,3.056278,3.032589,0.589622,0.073456,47.481937,5.022987,3.226625,3.053159
C02482,B_L10,DIGITAL_CMOS,CMOS_B,0.529788,0.547677,0.090711,0.092024,44.865701,45.179887,5.196373,5.196184,3.190666,3.215552,2.992369,2.992717,0.591963,0.099849,45.523163,5.233875,3.248007,2.99621
C02483,B_L10,DIGITAL_CMOS,CMOS_B,0.635775,0.635512,0.067594,0.067222,50.453387,51.217055,5.453676,5.540622,3.271945,3.318522,3.0882,3.098507,0.661231,0.06989,50.723226,5.675548,3.361276,3.14992
C02484,B_L10,DIGITAL_CMOS,CMOS_B,0.817044,0.809465,0.102558,0.104091,46.230845,46.613255,5.094664,5.163522,3.132656,3.174894,2.818068,2.872182,0.858594,0.106595,46.911935,5.305315,3.250107,2.915995
C02485,B_L10,DIGITAL_CMOS,CMOS_B,0.48733,0.486659,0.047665,0.048463,48.278988,48.307631,5.024077,5.096301,3.105891,3.133774,2.882551,2.884946,0.486283,0.049208,48.761928,5.505711,3.256106,3.042397
C02486,B_L10,DIGITAL_CMOS,CMOS_B,0.506937,0.519064,0.06588,0.068888,50.973848,50.993584,5.162855,5.196392,3.320951,3.352368,2.957101,3.013448,0.535772,0.07111,52.63133,5.558255,3.497069,3.138775
C02487,B_L10,DIGITAL_CMOS,CMOS_B,0.728174,0.72365,0.083331,0.0851,46.818788,46.930944,5.182516,5.219374,3.061858,3.083228,3.031737,3.071157,0.786073,0.088174,48.27296,5.547859,3.173875,3.241383
C02488,B_L10,DIGITAL_CMOS,CMOS_B,0.451172,0.460299,0.04934,0.049247,48.30345,48.596793,4.753502,4.846139,3.135124,3.167211,2.871357,2.86416,0.461897,0.049979,48.881295,4.968648,3.269258,2.932446
C02489,B_L10,DIGITAL_CMOS,CMOS_B,0.590493,0.602848,0.110205,0.112353,53.151808,53.188079,4.920543,4.938574,3.063928,3.026977,2.762073,2.740788,0.675998,0.123157,54.472112,5.278716,3.205513,2.872937
C02490,B_L10,DIGITAL_CMOS,CMOS_B,0.560497,0.56446,0.09126,0.09215,50.395838,50.775586,5.273212,5.326548,3.017141,3.027878,3.12623,3.115231,0.58279,0.093784,50.961614,5.345848,3.040495,3.131914
C02491,B_L10,DIGITAL_CMOS,CMOS_B,0.551378,0.563134,0.11087,0.111513,49.352937,49.613511,5.10415,5.117182,3.118382,3.102876,3.023775,3.024603,0.634939,0.12048,51.200827,5.193915,3.124574,3.069254
C02492,B_L10,DIGITAL_CMOS,CMOS_B,0.559737,0.576803,0.091905,0.095806,47.457609,47.759858,4.903815,4.873644,3.117588,3.121286,2.860405,2.865009,0.621253,0.097833,48.588963,4.947788,3.159641,2.918958
C02493,B_L10,DIGITAL_CMOS,CMOS_B,0.445076,0.449599,0.073891,0.075438,45.504662,45.707303,5.315716,5.303724,3.344913,3.310908,2.941949,2.92601,0.449073,0.078506,46.252572,5.325958,3.340627,2.937662
C02494,B_L10,DIGITAL_CMOS,CMOS_B,0.585727,0.614197,0.098843,0.103662,48.126969,48.147024,4.994807,5.120951,3.146031,3.170566,2.853099,2.839031,0.634568,0.109964,48.798119,5.294235,3.271946,2.938035
C02495,B_L10,DIGITAL_CMOS,CMOS_B,0.704284,0.722316,0.073798,0.076986,46.996541,47.522091,4.810231,4.800016,3.017927,3.008263,2.849144,2.824233,0.758377,0.081624,48.675522,4.984395,3.039512,2.887329
C02496,B_L10,DIGITAL_CMOS,CMOS_B,0.562733,0.578674,0.091822,0.092195,46.166625,46.048631,4.850701,4.890942,3.265831,3.331379,2.880635,2.913405,0.575632,0.092518,46.235772,5.071628,3.391826,2.957975
C02497,B_L10,DIGITAL_CMOS,CMOS_B,0.502323,0.50234,0.059834,0.060603,45.506163,45.418739,4.62886,4.629148,2.90446,2.865944,2.760124,2.768047,0.520266,0.062595,45.457581,4.736299,2.906238,2.780661
C02498,B_L10,DIGITAL_CMOS,CMOS_B,0.441339,0.445234,0.074816,0.075166,53.711792,53.65153,5.353339,5.370504,3.450464,3.512721,2.961015,2.983804,0.44268,0.075168,53.883633,5.699905,3.604199,3.080359
C02499,B_L10,DIGITAL_CMOS,CMOS_B,0.473805,0.472301,0.0908,0.092333,46.961053,47.247262,4.920131,4.924474,2.901849,2.915303,3.026729,3.044922,0.476742,0.094415,46.837935,4.969919,2.937334,3.048609
C02500,B_L10,DIGITAL_CMOS,CMOS_B,0.591827,0.603361,0.070194,0.071689,49.187176,49.827936,5.071766,5.127998,2.975573,2.990594,2.808056,2.856534,0.646901,0.07712,50.021266,5.410726,3.088729,3.011477
C02501,B_L10,DIGITAL_CMOS,CMOS_B,0.585116,0.604963,0.052846,0.053707,44.477871,44.789022,5.160548,5.17779,3.109039,3.118459,2.985469,3.012064,0.641988,0.056029,45.49861,5.461565,3.217424,3.11925
C02502,B_L10,DIGITAL_CMOS,CMOS_B,0.621581,0.630406,0.142315,0.14478,45.799953,46.207572,5.299237,5.380797,3.245271,3.310988,3.076098,3.114987,0.664937,0.162702,47.515974,5.596868,3.378351,3.162992
C02503,B_L10,DIGITAL_CMOS,CMOS_B,0.484406,0.487526,0.084771,0.086193,42.787137,42.983207,5.395512,5.562812,3.250369,3.241902,3.040942,3.088886,0.489973,0.086935,42.569978,5.792632,3.312917,3.174762
C02504,B_L10,DIGITAL_CMOS,CMOS_B,0.512975,0.512364,0.075474,0.074935,50.695649,50.808548,5.397168,5.436411,2.962786,2.978672,2.94777,2.978356,0.531359,0.077713,50.633925,5.714288,3.124934,3.093333
C02505,B_L10,DIGITAL_CMOS,CMOS_B,0.642915,0.646938,0.094928,0.096377,47.868872,47.75475,5.00398,4.955165,3.100411,3.094176,2.790934,2.819869,0.647173,0.096947,48.712938,5.031643,3.125978,2.798494
C02506,B_L10,DIGITAL_CMOS,CMOS_B,0.589291,0.596168,0.072363,0.072795,46.058115,46.177756,5.117304,5.190804,3.154381,3.186563,2.98864,3.036089,0.61078,0.073275,46.22305,5.377557,3.261378,3.166024
C02507,B_L10,DIGITAL_CMOS,CMOS_B,0.636109,0.686258,0.094204,0.096263,47.855302,47.893318,4.917673,4.996373,3.224701,3.265884,2.732884,2.769098,0.718486,0.105223,48.742266,5.222955,3.30483,2.817007
C02508,B_L10,DIGITAL_CMOS,CMOS_B,0.633495,0.629555,0.101136,0.102316,46.949642,47.550803,4.672085,4.670567,3.189176,3.190519,2.802085,2.805578,0.70854,0.110572,48.35327,4.7389,3.160601,2.795987
C02509,B_L10,DIGITAL_CMOS,CMOS_B,0.39563,0.400523,0.075914,0.075105,47.190025,47.442481,5.336285,5.396773,3.289585,3.301731,3.05734,3.098274,0.410598,0.07626,47.32948,5.720628,3.465816,3.198908
C02510,B_L10,DIGITAL_CMOS,CMOS_B,0.51796,0.524444,0.063509,0.064106,45.043193,44.837961,5.155005,5.229016,3.363003,3.410762,2.92188,2.968143,0.530284,0.066905,44.811574,5.473874,3.51123,3.086028
C02511,B_L10,DIGITAL_CMOS,CMOS_B,0.595808,0.609615,0.071431,0.075165,45.866537,45.754865,5.041205,5.048747,3.176092,3.259332,3.092503,3.104732,0.702442,0.084661,47.863513,5.36587,3.38521,3.211416
C02512,B_L10,DIGITAL_CMOS,CMOS_B,0.483542,0.509923,0.075126,0.078291,47.824219,47.406713,5.6044,5.581361,3.562501,3.580012,3.048489,3.048125,0.550896,0.082265,48.395428,5.631128,3.575446,3.04368
C02513,B_L10,DIGITAL_CMOS,CMOS_B,0.418199,0.434815,0.062686,0.063733,51.691942,51.402537,5.138299,5.187008,3.226586,3.31993,3.079114,3.115133,0.464088,0.068559,52.781718,5.277312,3.372249,3.193986
C02514,B_L10,DIGITAL_CMOS,CMOS_B,0.585425,0.594527,0.107068,0.109886,46.74757,46.88052,4.785479,4.789722,3.077605,3.11913,2.854799,2.855293,0.63009,0.117196,47.691845,4.894978,3.105336,2.882892
C02515,B_L10,DIGITAL_CMOS,CMOS_B,0.547697,0.547017,0.090455,0.089908,50.381909,51.270877,5.085785,5.095701,3.264671,3.282239,2.845459,2.870784,0.547663,0.089893,50.840066,5.187886,3.274899,2.870081
C02516,B_L10,DIGITAL_CMOS,CMOS_B,0.520663,0.532874,0.109751,0.113238,47.692458,47.606892,5.224207,5.329428,3.227806,3.264156,2.833847,2.874609,0.577705,0.116633,48.237729,5.408681,3.331046,2.950758
C02517,B_L10,DIGITAL_CMOS,CMOS_B,0.544995,0.549198,0.114241,0.116497,45.846463,45.726656,4.719091,4.803139,3.009984,3.038104,2.929223,2.973823,0.597836,0.125671,47.450687,4.972458,3.132745,3.021536
C02518,B_L10,DIGITAL_CMOS,CMOS_B,0.442513,0.446022,0.075349,0.077772,42.869474,42.866942,5.531861,5.59112,3.02894,3.078971,3.156328,3.187727,0.489684,0.081262,43.777586,5.718906,3.173706,3.254873
C02519,B_L10,DIGITAL_CMOS,CMOS_B,0.57328,0.589021,0.098672,0.099029,47.571984,47.422644,5.383852,5.476296,3.048074,3.098868,2.878351,2.931437,0.594068,0.099168,47.799874,5.628384,3.173663,3.014113
C02520,B_L10,DIGITAL_CMOS,CMOS_B,0.670617,0.668765,0.110475,0.109859,46.084286,46.07852,5.485733,5.599585,3.26322,3.294911,2.999862,3.04662,0.675822,0.112169,46.83659,5.817759,3.337509,3.098048
C02521,B_L10,DIGITAL_CMOS,CMOS_B,0.580798,0.589103,0.059404,0.063152,49.863688,50.707956,5.357013,5.376485,3.172317,3.138322,3.010097,2.992259,0.621433,0.068029,51.26645,5.427774,3.196324,3.027646
C02522,B_L10,DIGITAL_CMOS,CMOS_B,0.599332,0.612127,0.082985,0.08481,49.221158,49.29515,5.12493,5.111146,3.080609,3.082371,2.863568,2.873989,0.634588,0.085035,49.6506,5.152691,3.074931,2.874261
C02523,B_L10,DIGITAL_CMOS,CMOS_B,0.470415,0.482834,0.081649,0.084321,46.280402,47.153807,4.97338,5.084094,2.929202,2.952242,2.915426,2.911491,0.537356,0.089873,46.903875,5.404434,3.028941,3.034873
C02524,B_L10,DIGITAL_CMOS,CMOS_B,0.425002,0.423942,0.092344,0.092353,47.704703,47.149017,5.201779,5.272687,3.521739,3.537523,3.068649,3.069542,0.436263,0.094396,47.759331,5.433313,3.588797,3.162564
C02525,B_L10,DIGITAL_CMOS,CMOS_B,0.606317,0.643564,0.072462,0.074671,44.16055,44.18133,5.225235,5.283944,3.126808,3.165133,2.918331,2.928857,0.687992,0.076598,45.303003,5.518574,3.209797,3.016336
C02526,B_L10,DIGITAL_CMOS,CMOS_B,0.596301,0.609919,0.080418,0.081531,48.560231,48.684297,4.990758,4.998999,3.339067,3.358774,2.90492,2.941617,0.689635,0.088899,50.284611,5.272981,3.420915,3.060039
C02527,B_L10,DIGITAL_CMOS,CMOS_B,0.694517,0.689617,0.091485,0.092049,49.660998,49.386633,5.355401,5.377515,3.525933,3.538503,2.84728,2.872736,0.768615,0.100248,50.805475,5.895736,3.649197,2.979168
C02528,B_L10,DIGITAL_CMOS,CMOS_B,0.445536,0.470058,0.080824,0.08628,47.631024,47.68171,5.019436,5.079004,2.99529,3.050814,2.979217,2.988331,0.497963,0.091376,48.481582,5.233465,3.184167,3.096695
C02529,B_L10,DIGITAL_CMOS,CMOS_B,0.539338,0.54475,0.069393,0.07097,49.550267,50.071182,5.021493,5.029345,3.112221,3.112979,2.832882,2.844509,0.602658,0.077867,51.452252,5.046367,3.114413,2.865424
C02530,B_L10,DIGITAL_CMOS,CMOS_B,0.440475,0.44783,0.059716,0.060801,47.780461,48.127291,5.245435,5.283201,3.0478,3.028614,2.811414,2.807732,0.447015,0.061073,47.96905,5.304257,3.084536,2.853601
C02531,B_L10,DIGITAL_CMOS,CMOS_B,0.66774,0.690296,0.109636,0.116062,49.130939,50.014149,5.621472,5.682252,3.323755,3.314005,3.061648,3.066616,0.704882,0.121487,50.247894,6.019166,3.480914,3.155751
C02532,B_L10,DIGITAL_CMOS,CMOS_B,0.563833,0.578704,0.09263,0.0928,47.209502,47.655572,4.952895,4.947918,3.250457,3.262312,2.953852,3.020832,0.593785,0.096753,47.571853,5.022338,3.318032,3.027308
C02533,B_L10,DIGITAL_CMOS,CMOS_B,0.500197,0.514257,0.056724,0.058341,48.806627,49.401014,5.538254,5.518648,3.208252,3.186038,2.966522,3.005291,0.544456,0.059284,49.728139,5.631199,3.22402,3.01794
C02534,B_L10,DIGITAL_CMOS,CMOS_B,0.551685,0.552142,0.064255,0.066042,47.019508,47.1818,5.185818,5.171341,3.312171,3.302444,2.937419,2.956033,0.588555,0.069945,47.996368,5.220289,3.364087,2.962724
C02535,B_L10,DIGITAL_CMOS,CMOS_B,0.603285,0.612734,0.079201,0.08151,47.329141,47.404234,5.062423,5.054413,3.003567,2.985677,2.857117,2.828111,0.612435,0.082686,47.211036,5.156054,2.991308,2.850806
C02536,B_L10,DIGITAL_CMOS,CMOS_B,0.575805,0.590834,0.065474,0.066698,47.408873,47.164601,5.203325,5.238893,3.284842,3.317991,3.064877,3.058882,0.596433,0.067199,47.879881,5.323394,3.300196,3.080635
C02537,B_L10,DIGITAL_CMOS,CMOS_B,0.550114,0.548954,0.07633,0.078112,45.977789,45.880988,4.953874,4.941006,3.079529,3.074447,2.766586,2.786769,0.566955,0.077821,46.135297,4.953667,3.08479,2.783838
C02538,B_L10,DIGITAL_CMOS,CMOS_B,0.511232,0.518864,0.056328,0.057747,48.417205,47.810817,5.141529,5.172941,3.153888,3.142933,2.831141,2.803123,0.523512,0.059309,49.025706,5.180804,3.178692,2.827701
C02539,B_L10,DIGITAL_CMOS,CMOS_B,0.570585,0.582061,0.1014,0.106875,45.094924,44.958542,5.370889,5.406517,3.036672,3.063672,2.796107,2.842407,0.638974,0.116737,46.287978,5.881354,3.166751,2.942617
C02540,B_L10,DIGITAL_CMOS,CMOS_B,0.494047,0.49956,0.076773,0.078116,46.93704,46.86944,5.206083,5.322695,3.138209,3.176955,3.053582,3.098647,0.516595,0.079675,47.138206,5.76814,3.302639,3.219169
C02541,B_L10,DIGITAL_CMOS,CMOS_B,0.655552,0.668065,0.080887,0.082226,49.700715,50.095802,4.871454,4.893594,3.119923,3.118026,3.088592,3.090175,0.751523,0.091315,50.485076,4.923849,3.153132,3.134547
C02542,B_L10,DIGITAL_CMOS,CMOS_B,0.618282,0.617286,0.08459,0.085127,47.950716,48.147252,4.991736,5.072051,3.17923,3.196302,3.032083,3.069298,0.625391,0.086682,48.625126,5.371866,3.313039,3.178814
C02543,B_L10,DIGITAL_CMOS,CMOS_B,0.480774,0.494466,0.069242,0.070012,49.741038,49.454779,5.206831,5.245092,3.24696,3.216567,3.077018,3.078211,0.518555,0.072266,51.066724,5.331069,3.22869,3.078476
C02544,B_L10,DIGITAL_CMOS,CMOS_B,0.716176,0.755508,0.076168,0.078187,46.549524,46.945348,4.904281,5.013916,2.791342,2.814984,2.586475,2.604684,0.819968,0.080708,47.957085,5.267814,2.883071,2.671085
C02545,B_L10,DIGITAL_CMOS,CMOS_B,0.725771,0.743387,0.081826,0.084533,49.722917,50.156026,5.175053,5.209916,3.24829,3.22889,2.882121,2.901852,0.795536,0.089343,50.826104,5.301225,3.30333,2.898811
C02546,B_L10,DIGITAL_CMOS,CMOS_B,0.646481,0.633698,0.078785,0.080009,47.379239,47.180619,5.119175,5.09391,3.04337,3.072253,2.834893,2.842091,0.667229,0.080634,47.408885,5.128719,3.064306,2.844833
C02547,B_L10,DIGITAL_CMOS,CMOS_B,0.655593,0.669576,0.112214,0.114692,52.837248,52.901823,5.085924,5.035578,3.3852,3.392655,3.044956,3.033486,0.769567,0.126588,53.7539,5.073389,3.430854,3.085061
C02548,B_L10,DIGITAL_CMOS,CMOS_B,0.6206,0.634108,0.092012,0.095618,48.398238,48.598317,5.061682,5.160874,3.293418,3.29613,3.139479,3.177215,0.686808,0.101237,49.927192,5.496816,3.434576,3.273178
C02549,B_L10,DIGITAL_CMOS,CMOS_B,0.54742,0.550863,0.061043,0.062711,51.21906,51.463106,5.11047,5.103606,3.039424,3.063819,2.780261,2.790888,0.636899,0.068234,52.588834,5.134736,3.071898,2.767574
C02550,B_L10,DIGITAL_CMOS,CMOS_B,0.745296,0.727807,0.109981,0.114397,47.113539,47.799459,4.996863,5.045321,3.236138,3.233527,3.026236,3.07121,0.81382,0.125102,49.02551,5.054405,3.246617,3.06325
C02551,B_L10,DIGITAL_CMOS,CMOS_B,0.58801,0.604216,0.073613,0.076007,47.323693,47.957069,5.14745,5.142518,3.02445,3.030461,2.849118,2.855017,0.638099,0.078568,48.544655,5.188222,3.069208,2.883697
C02552,B_L10,DIGITAL_CMOS,CMOS_B,0.560294,0.572438,0.098041,0.098962,50.233725,50.154292,5.060551,5.054634,3.189094,3.190353,2.881211,2.87879,0.568485,0.101017,50.288932,5.13592,3.176129,2.914062
C02775,B_L14,DIGITAL_CMOS,CMOS_B,0.807436,0.804949,0.105062,0.105353,48.958424,49.003244,4.954101,5.056744,3.075666,3.113331,2.913574,2.929699,0.808479,0.106852,49.304536,5.343555,3.285003,3.019673
C02776,B_L14,DIGITAL_CMOS,CMOS_B,0.6329,0.63691,0.06213,0.063428,51.725765,52.603887,4.837427,4.86779,2.867987,2.887866,2.742854,2.763726,0.648083,0.067007,53.489016,5.018169,3.040691,2.795424
C02777,B_L14,DIGITAL_CMOS,CMOS_B,0.612856,0.63306,0.085295,0.08746,47.569733,47.625589,5.270135,5.321611,3.037312,3.049813,2.811733,2.834593,0.657538,0.094675,48.032257,5.450454,3.117454,2.900895
C02778,B_L14,DIGITAL_CMOS,CMOS_B,0.690671,0.688086,0.09147,0.09194,48.144553,48.381801,4.956015,4.948258,2.949642,2.968551,2.989222,2.959434,0.703428,0.094468,48.392107,4.956029,2.960012,2.981371
C02779,B_L14,DIGITAL_CMOS,CMOS_B,0.522377,0.519641,0.074974,0.077167,49.182129,49.229631,5.160543,5.242167,2.984544,3.005818,2.915128,2.933544,0.544704,0.082688,50.863909,5.551404,3.114986,3.085771
C02780,B_L14,DIGITAL_CMOS,CMOS_B,0.840273,0.841644,0.065005,0.065037,48.685669,48.254727,5.081434,5.063054,3.268194,3.26103,2.929346,2.917742,0.839939,0.065495,48.330541,5.14184,3.272471,2.920175
C02781,B_L14,DIGITAL_CMOS,CMOS_B,0.674952,0.668931,0.062857,0.062904,47.368525,47.334179,4.952996,4.975369,3.057703,3.04362,2.858817,2.867789,0.660206,0.064229,47.99732,4.967555,3.099635,2.849443
C02782,B_L14,DIGITAL_CMOS,CMOS_B,0.637798,0.645925,0.051078,0.0512,48.110895,47.88808,5.00536,4.976133,2.887463,2.902433,2.760522,2.769135,0.634519,0.051874,48.195668,5.030889,2.895071,2.815042
C02783,B_L14,DIGITAL_CMOS,CMOS_B,0.679887,0.695265,0.069252,0.071335,48.16816,47.567932,5.273855,5.234507,3.204088,3.214283,2.988696,2.996304,0.723279,0.076181,48.528122,5.465212,3.394612,3.115891
C02784,B_L14,DIGITAL_CMOS,CMOS_B,0.592649,0.589555,0.056719,0.056765,45.50238,45.6356,4.86921,4.939008,3.073157,3.121798,2.695242,2.732055,0.612379,0.058339,45.830754,5.106476,3.213239,2.844872
C02785,B_L14,DIGITAL_CMOS,CMOS_B,0.601954,0.613115,0.064149,0.065486,47.824171,48.121915,5.092343,5.093645,3.077547,3.078965,2.990374,2.99522,0.637844,0.069414,48.890102,5.172249,3.088395,3.033209
C02786,B_L14,DIGITAL_CMOS,CMOS_B,0.553979,0.55076,0.081655,0.084221,46.136371,46.079831,5.269574,5.294173,3.143295,3.158137,2.978562,2.964398,0.55583,0.085558,45.818386,5.345099,3.181191,2.999366
C02787,B_L14,DIGITAL_CMOS,CMOS_B,0.558384,0.561307,0.079584,0.080868,48.176156,48.264279,5.111802,5.123971,3.056262,3.068557,2.94868,2.969599,0.605134,0.088115,48.609826,5.518925,3.230526,3.143765
C02788,B_L14,DIGITAL_CMOS,CMOS_B,0.530889,0.540067,0.074126,0.07289,47.518071,47.108113,5.193943,5.198125,3.378551,3.387041,3.17241,3.166178,0.539627,0.075116,47.03847,5.263485,3.414619,3.165106
C02789,B_L14,DIGITAL_CMOS,CMOS_B,0.706243,0.721573,0.061366,0.062144,43.166877,43.800717,5.088789,5.130891,3.114751,3.168932,2.936688,2.93908,0.743508,0.064892,44.093011,5.198602,3.220168,2.965329
C02790,B_L14,DIGITAL_CMOS,CMOS_B,0.662974,0.65041,0.065111,0.066412,48.616105,48.531158,5.017846,5.000489,3.227952,3.251469,2.880459,2.877839,0.710199,0.072309,50.536806,5.031479,3.251383,2.918726
C02791,B_L14,DIGITAL_CMOS,CMOS_B,0.731254,0.73918,0.051594,0.054229,47.927719,48.085651,5.211104,5.23617,3.095049,3.076331,2.842519,2.856337,0.776481,0.057726,49.126962,5.537854,3.262169,2.967504
C02792,B_L14,DIGITAL_CMOS,CMOS_B,0.712252,0.707126,0.060516,0.061987,49.400651,49.494038,5.127455,5.176353,3.108667,3.146082,2.916372,2.901296,0.770544,0.065082,50.304494,5.239403,3.162842,2.939475
C02793,B_L14,DIGITAL_CMOS,CMOS_B,0.487767,0.501742,0.077734,0.078557,47.851705,48.070066,5.335748,5.365491,3.172219,3.181296,2.92335,2.927447,0.505534,0.079187,48.27627,5.685074,3.388139,3.053813
C02794,B_L14,DIGITAL_CMOS,CMOS_B,0.576277,0.577939,0.067034,0.066325,50.335407,50.150792,4.912935,4.964888,2.933274,2.91468,2.881929,2.882928,0.591539,0.068442,50.678391,5.024627,2.907488,2.887772
C02795,B_L14,DIGITAL_CMOS,CMOS_B,0.720313,0.735876,0.072546,0.073217,47.806885,48.120916,5.008414,5.006631,2.776828,2.767717,2.797458,2.805497,0.742725,0.073632,47.976581,5.016323,2.82663,2.788637
C02796,B_L14,DIGITAL_CMOS,CMOS_B,0.72301,0.747902,0.085853,0.088907,45.381661,45.713415,4.970745,5.008898,3.01513,3.029939,2.791461,2.813292,0.770763,0.09166,46.051351,5.194807,3.247197,2.916179
C02797,B_L14,DIGITAL_CMOS,CMOS_B,0.628353,0.613453,0.093255,0.09467,50.147604,50.023496,4.653634,4.681257,2.829503,2.846715,2.580318,2.596041,0.630484,0.09538,50.093308,4.707751,2.852953,2.615311
C02798,B_L14,DIGITAL_CMOS,CMOS_B,0.635557,0.626022,0.074486,0.075902,49.615344,49.236,4.70984,4.715486,3.049704,3.075912,3.004257,3.037929,0.630771,0.076702,49.85339,4.977479,3.282012,3.149118
C02799,B_L14,DIGITAL_CMOS,CMOS_B,0.569695,0.574938,0.059391,0.061488,46.239547,46.421517,4.743306,4.786225,3.005531,3.013901,2.940139,2.970366,0.600626,0.06415,46.816392,5.075886,3.158984,3.032911
C02800,B_L14,DIGITAL_CMOS,CMOS_B,0.574933,0.579121,0.049966,0.050591,42.986357,43.130831,4.93296,4.986748,2.973139,3.000754,2.94447,3.00148,0.609531,0.055343,43.666183,5.158939,3.075749,3.003865
C02801,B_L14,DIGITAL_CMOS,CMOS_B,0.598978,0.595276,0.106064,0.10545,52.52307,52.424876,4.948595,4.941734,3.108519,3.128863,2.825034,2.812609,0.609014,0.106288,52.324352,5.006879,3.150805,2.835342
C02802,B_L14,DIGITAL_CMOS,CMOS_B,0.730614,0.726986,0.083873,0.085304,46.850752,46.875718,5.325634,5.397422,3.168625,3.168097,3.02805,3.015008,0.736465,0.086678,46.767317,5.384184,3.213122,3.039999
C02803,B_L14,DIGITAL_CMOS,CMOS_B,0.550582,0.550469,0.076357,0.076346,46.265391,45.88167,5.042136,5.051011,2.999402,2.988849,3.001226,3.032443,0.566434,0.077723,46.48815,5.178509,2.993962,3.05665
C02804,B_L14,DIGITAL_CMOS,CMOS_B,0.467318,0.469647,0.054985,0.054235,47.214286,47.291723,5.154445,5.200586,3.213375,3.201921,3.074631,3.050935,0.505517,0.059178,48.348731,5.269996,3.252325,3.094013
C02805,B_L14,DIGITAL_CMOS,CMOS_B,0.617667,0.637368,0.095889,0.101303,49.748892,50.565484,4.840785,4.851245,3.030644,3.030832,2.797583,2.795801,0.655666,0.105947,51.171443,4.859072,3.026745,2.828795
C02806,B_L14,DIGITAL_CMOS,CMOS_B,0.480292,0.486245,0.055492,0.05628,44.609554,44.598123,5.02962,5.005526,3.088171,3.122361,2.805941,2.79753,0.478814,0.058155,44.424389,5.015823,3.104599,2.835109
C02807,B_L14,DIGITAL_CMOS,CMOS_B,0.665176,0.672538,0.105285,0.109612,47.959595,48.094882,5.044484,5.111733,3.217711,3.24376,3.02208,3.072644,0.710328,0.115839,48.509787,5.231246,3.38275,3.140018
C02808,B_L14,DIGITAL_CMOS,CMOS_B,0.728696,0.743149,0.115844,0.119117,51.097924,51.159194,5.017872,5.041241,3.206007,3.220463,3.000313,3.00281,0.802165,0.128395,52.700356,5.08393,3.274616,3.027118
C02809,B_L14,DIGITAL_CMOS,CMOS_B,0.900118,0.918227,0.072257,0.074132,47.657342,47.568328,5.105016,5.11682,3.193763,3.199518,3.133085,3.173993,0.934965,0.077723,48.025427,5.153781,3.266591,3.21397
C02810,B_L14,DIGITAL_CMOS,CMOS_B,0.609201,0.627479,0.048209,0.049446,47.479416,47.924431,5.252353,5.35624,3.318566,3.356678,2.999313,3.035362,0.648225,0.051228,48.881748,5.458402,3.421821,3.097677
C02811,B_L14,DIGITAL_CMOS,CMOS_B,0.542078,0.534182,0.078326,0.07996,50.05043,49.800461,5.036736,5.074622,3.162286,3.169151,2.71993,2.739494,0.542865,0.08216,50.16094,5.045976,3.165103,2.751581
C02812,B_L14,DIGITAL_CMOS,CMOS_B,0.678494,0.695667,0.086668,0.092994,47.963328,47.918266,4.959953,5.029273,2.988326,2.986954,2.859594,2.875294,0.744804,0.100564,48.226746,5.115941,3.108106,2.901082
C02813,B_L14,DIGITAL_CMOS,CMOS_B,0.49392,0.499709,0.043015,0.043697,45.274809,45.173586,4.981631,5.028456,3.008728,3.012818,2.632047,2.642119,0.509308,0.044446,45.703694,5.233834,3.136475,2.708517
C02814,B_L14,DIGITAL_CMOS,CMOS_B,0.454811,0.453396,0.044351,0.04501,46.018702,46.016441,5.066614,5.1073,3.109366,3.100698,3.036195,3.056705,0.458796,0.046258,46.430286,5.545513,3.140478,3.95379
C02815,B_L14,DIGITAL_CMOS,CMOS_B,0.689804,0.686825,0.087266,0.088203,44.229756,44.060949,5.162016,5.214908,2.984483,3.019287,2.843736,2.892053,0.695248,0.09089,44.300038,5.318862,3.126385,2.946591
C02816,B_L14,DIGITAL_CMOS,CMOS_B,0.559786,0.622837,0.078691,0.087771,44.534095,44.538305,4.916576,4.938003,2.988968,3.09121,2.731085,2.764137,0.637463,0.091044,44.630825,5.085562,3.187702,2.824832
C02817,B_L14,DIGITAL_CMOS,CMOS_B,0.687692,0.699228,0.085316,0.088294,46.356673,46.597598,5.181182,5.196303,3.042584,3.053374,2.84793,2.850185,0.711536,0.091991,46.890036,5.22107,3.058138,2.895333
C02818,B_L14,DIGITAL_CMOS,CMOS_B,0.711745,0.716066,0.0841,0.084298,43.125754,43.119964,5.208711,5.190405,3.212332,3.244149,2.934,2.946682,0.714499,0.084805,43.25377,5.220855,3.249905,2.956176
C02819,B_L14,DIGITAL_CMOS,CMOS_B,0.756719,0.771031,0.061928,0.064725,52.432978,53.513522,5.092992,5.106701,3.063023,3.097827,2.951522,2.975775,0.815753,0.067816,53.977871,5.364742,3.201345,3.088321
C02820,B_L14,DIGITAL_CMOS,CMOS_B,0.50257,0.510967,0.079433,0.080628,46.323638,46.739331,4.766407,4.845111,2.790842,2.840393,2.856555,2.850412,0.520238,0.087551,47.699587,5.038066,2.924377,2.887578
C02821,B_L14,DIGITAL_CMOS,CMOS_B,0.591384,0.604845,0.071731,0.072259,45.037216,44.69677,5.190015,5.228257,3.26687,3.28502,2.911551,2.893402,0.610322,0.073081,44.900912,5.343979,3.354905,2.912387
C02822,B_L14,DIGITAL_CMOS,CMOS_B,0.481336,0.495952,0.078296,0.083099,45.492479,46.158724,4.887743,4.913771,3.111474,3.149232,3.033411,3.0357,0.502808,0.088279,46.667876,5.074125,3.29227,3.095876
C02823,B_L14,DIGITAL_CMOS,CMOS_B,0.738982,0.748398,0.085769,0.090577,49.934322,49.874067,5.225303,5.223446,3.064454,3.134164,2.820529,2.82306,0.766917,0.095153,51.054851,5.385397,3.231645,2.874627
C02824,B_L14,DIGITAL_CMOS,CMOS_B,0.516994,0.522484,0.065775,0.067876,49.176097,48.93212,5.184765,5.238972,3.133075,3.127905,2.896896,2.879029,0.527821,0.069092,49.318275,5.192626,3.1844,2.905304
C02825,B_L14,DIGITAL_CMOS,CMOS_B,0.50325,0.506641,0.07118,0.072437,42.811309,42.587537,4.972171,5.017639,3.098115,3.167087,2.852721,2.855642,0.503425,0.073934,42.989863,5.287545,3.304274,2.972918
C02826,B_L14,DIGITAL_CMOS,CMOS_B,0.636977,0.626958,0.096192,0.096312,46.975799,46.913156,4.76326,4.840879,3.039051,3.059354,2.793254,2.80483,0.624221,0.097509,47.474439,4.992309,3.206274,2.862022
C02827,B_L14,DIGITAL_CMOS,CMOS_B,0.683325,0.694498,0.073236,0.075215,45.145173,45.664008,5.053931,5.171242,3.157038,3.19947,2.702707,2.717333,0.863464,0.078412,46.064318,5.34555,3.25353,2.750746
C02828,B_L14,DIGITAL_CMOS,CMOS_B,0.621141,0.615453,0.045436,0.045589,47.671678,47.900961,5.001485,5.014495,3.294928,3.291576,2.969694,2.992967,0.657702,0.052212,48.675752,5.033623,3.31072,3.006216
C02829,B_L14,DIGITAL_CMOS,CMOS_B,0.478074,0.510573,0.057742,0.059935,48.064032,47.555252,5.140651,5.240002,3.208029,3.219845,3.132923,3.164897,0.515513,0.063404,48.554365,5.364424,3.295074,3.182483
C02830,B_L14,DIGITAL_CMOS,CMOS_B,0.517808,0.521825,0.079488,0.083811,43.842248,43.935654,5.329297,5.329597,3.022284,3.058154,2.924738,2.957729,0.563194,0.087426,44.976148,5.423675,3.187647,3.008918
C02831,B_L14,DIGITAL_CMOS,CMOS_B,0.674613,0.688522,0.082126,0.082499,46.324302,46.84024,5.062896,5.054987,3.024788,3.054257,2.848151,2.866854,0.717603,0.090228,47.235174,5.099182,3.121404,2.898249
C02832,B_L14,DIGITAL_CMOS,CMOS_B,0.631773,0.640336,0.067558,0.072299,46.594927,46.227911,5.145438,5.236584,3.038476,3.056528,2.720633,2.739752,0.659154,0.074956,46.75143,5.304517,3.112861,2.805834
C02833,B_L14,DIGITAL_CMOS,CMOS_B,0.545637,0.54247,0.042521,0.042657,45.564704,45.399578,4.793458,4.843543,2.896554,2.916393,2.856605,2.894292,0.559795,0.043348,45.72037,4.9964,3.020167,2.992546
C02834,B_L14,DIGITAL_CMOS,CMOS_B,0.581505,0.585781,0.125382,0.124232,47.495601,47.268932,5.324926,5.338018,3.207273,3.226701,2.905242,2.874837,0.637657,0.138793,48.040254,5.664699,3.493203,2.949358
C02835,B_L14,DIGITAL_CMOS,CMOS_B,0.475639,0.481697,0.063845,0.065437,49.643862,49.805081,5.112098,5.169884,3.127078,3.129974,2.810337,2.846151,0.510682,0.069352,50.489841,5.404219,3.271863,2.926369
C02836,B_L14,DIGITAL_CMOS,CMOS_B,0.66135,0.668833,0.072129,0.073327,44.699308,44.950913,5.131705,5.151918,2.974347,3.012359,2.789234,2.766384,0.689399,0.074836,44.893531,5.217124,2.983288,2.782973
C02837,B_L14,DIGITAL_CMOS,CMOS_B,0.705392,0.706564,0.083747,0.083465,48.732918,48.755314,5.183454,5.216345,3.165753,3.220773,3.044557,3.063069,0.70659,0.085079,48.576175,5.580944,3.399392,3.15516
C02838,B_L14,DIGITAL_CMOS,CMOS_B,0.719363,0.726151,0.076937,0.079655,49.927984,49.579233,5.141513,5.157415,3.004542,3.030805,2.86237,2.896583,0.768924,0.083856,50.013405,5.357013,3.090571,2.93816
C02839,B_L14,DIGITAL_CMOS,CMOS_B,0.540145,0.541614,0.066474,0.067756,49.025602,48.848185,5.142529,5.18573,3.169986,3.175869,2.857157,2.859472,0.545963,0.06922,49.003494,5.237423,3.211206,2.878807
C02840,B_L14,DIGITAL_CMOS,CMOS_B,0.728394,0.724069,0.074319,0.075367,50.431351,50.007665,4.884715,4.96244,3.003499,3.046748,2.756105,2.755348,0.728237,0.075149,50.026419,5.061244,3.147505,2.793825
C02841,B_L14,DIGITAL_CMOS,CMOS_B,0.73762,0.742879,0.124592,0.12715,48.745043,48.904717,5.068572,5.124713,2.936638,2.987183,2.964085,2.997855,0.757529,0.130923,48.799681,5.342087,3.067985,3.057314
C02842,B_L14,DIGITAL_CMOS,CMOS_B,0.605402,0.607652,0.053113,0.05535,49.533803,49.349479,4.561559,4.601639,2.719251,2.767204,2.836416,2.842037,0.620232,0.055221,49.711489,4.88435,2.913105,2.952336
C02843,B_L15,DIGITAL_CMOS,CMOS_B,0.462032,0.480648,0.107661,0.111411,48.207652,48.413103,5.550034,5.642188,3.317567,3.338353,3.032614,3.10146,0.497292,0.118021,48.594537,6.026458,3.513379,3.420563
C02844,B_L15,DIGITAL_CMOS,CMOS_B,0.625182,0.637768,0.087097,0.089608,49.81781,49.964709,5.380936,5.450817,3.280813,3.339368,2.966552,3.040922,0.705553,0.097507,51.58307,5.966404,3.429299,3.283928
C02845,B_L15,DIGITAL_CMOS,CMOS_B,0.789291,0.797921,0.089325,0.090435,48.307244,48.431152,5.30458,5.285029,3.06842,3.05202,3.110346,3.099543,0.848032,0.102993,49.929198,5.383796,3.105766,3.125957
C02846,B_L15,DIGITAL_CMOS,CMOS_B,0.757447,0.77163,0.12932,0.133048,51.522775,52.342313,5.677561,5.731303,3.464259,3.488009,3.003611,3.064467,0.834969,0.145569,54.429435,5.924419,3.567122,3.229221
C02847,B_L15,DIGITAL_CMOS,CMOS_B,0.618898,0.632059,0.109345,0.114595,45.645603,45.818434,5.536136,5.570911,3.184309,3.179671,3.17649,3.202075,0.693939,0.126577,47.532456,5.71166,3.199054,3.22856
C02848,B_L15,DIGITAL_CMOS,CMOS_B,0.539298,0.536599,0.049582,0.050583,48.707973,47.884282,5.267491,5.283906,3.291913,3.289131,3.150996,3.169328,0.567782,0.052932,49.846892,5.389292,3.347452,3.231
C02849,B_L15,DIGITAL_CMOS,CMOS_B,0.685553,0.688522,0.076192,0.076561,43.286943,43.986894,5.169302,5.193855,3.034459,3.037451,2.979143,2.987116,0.716541,0.077517,43.978662,5.225807,3.035045,3.021481
C02850,B_L15,DIGITAL_CMOS,CMOS_B,0.63355,0.632737,0.059679,0.060178,45.648178,46.351884,5.52528,5.516803,3.500928,3.439982,3.273318,3.234893,0.644121,0.060043,45.955079,5.605897,3.498176,3.267926
C02851,B_L15,DIGITAL_CMOS,CMOS_B,0.601456,0.611618,0.09195,0.092709,46.937411,47.324529,5.117177,5.170967,3.335445,3.315319,3.053981,3.109248,0.673704,0.10572,48.720834,5.599666,3.536514,3.369893
C02852,B_L15,DIGITAL_CMOS,CMOS_B,0.601776,0.58746,0.03618,0.036371,44.473697,44.286591,5.246907,5.360916,3.052543,3.100784,3.051926,3.060628,0.606511,0.036849,44.286611,5.846618,3.211496,3.432581
C02853,B_L15,DIGITAL_CMOS,CMOS_B,0.518153,0.535327,0.082757,0.085169,47.740646,47.797392,5.254342,5.407898,3.219365,3.248682,2.899938,2.984261,0.566005,0.09185,48.734964,5.69412,3.338882,3.123995
C02854,B_L15,DIGITAL_CMOS,CMOS_B,0.690142,0.697751,0.095349,0.098327,47.296402,46.998791,5.606553,5.723711,3.291478,3.353808,2.914222,2.983945,0.707955,0.102842,47.762993,6.120664,3.380996,3.074404
C02855,B_L15,DIGITAL_CMOS,CMOS_B,0.505717,0.502655,0.061671,0.062356,44.103281,43.534504,5.242524,5.291988,3.243204,3.22918,3.044175,3.100536,0.506979,0.06213,44.409524,5.544491,3.340049,3.207398
C02856,B_L15,DIGITAL_CMOS,CMOS_B,0.692909,0.716162,0.088003,0.088638,49.045017,49.56476,5.222212,5.239772,3.10739,3.144985,2.924504,2.94112,0.768182,0.096464,50.598028,5.312412,3.149799,2.990293
C02857,B_L15,DIGITAL_CMOS,CMOS_B,0.747881,0.76508,0.066194,0.066001,45.697103,45.584992,5.80135,5.777184,3.485177,3.468077,3.251777,3.27095,0.757055,0.068811,46.152366,5.82006,3.519244,3.257619
C02858,B_L15,DIGITAL_CMOS,CMOS_B,0.441281,0.447798,0.052596,0.053451,46.850605,47.093731,5.131133,5.169196,3.304625,3.365175,3.028502,3.090858,0.453989,0.053629,47.256501,5.370005,3.470805,3.251353
C02859,B_L15,DIGITAL_CMOS,CMOS_B,0.650682,0.657569,0.093416,0.100414,46.978245,47.447376,5.365237,5.362412,3.500001,3.527572,3.190057,3.163653,0.727548,0.108198,48.004767,5.430442,3.542004,3.282351
C02860,B_L15,DIGITAL_CMOS,CMOS_B,0.553432,0.555416,0.060479,0.061997,48.894481,48.701632,5.235491,5.248748,3.36665,3.430596,2.997684,3.021858,0.556359,0.064371,49.227219,5.623592,3.606032,3.327264
C02861,B_L15,DIGITAL_CMOS,CMOS_B,0.63397,0.649075,0.077081,0.079201,42.200858,42.718201,5.596365,5.664882,3.350993,3.342323,3.35983,3.369515,0.681124,0.087516,43.757405,5.670378,3.423605,3.434303
C02862,B_L15,DIGITAL_CMOS,CMOS_B,0.637247,0.633802,0.082078,0.085186,47.480832,47.581652,5.126649,5.235504,3.146008,3.194507,2.932898,3.016883,0.654394,0.088419,48.73976,5.718288,3.394136,3.319022
C02863,B_L15,DIGITAL_CMOS,CMOS_B,0.548213,0.593771,0.073635,0.078754,44.686099,45.477884,5.498528,5.550186,3.18839,3.251314,3.078474,3.160047,0.630127,0.088289,46.739886,5.726442,3.282148,3.379555
C02864,B_L15,DIGITAL_CMOS,CMOS_B,0.631478,0.645864,0.081108,0.082559,45.457002,45.54697,5.501151,5.613237,3.282896,3.305863,3.212884,3.240847,0.722973,0.090831,47.344816,5.718215,3.366351,3.2208
C02865,B_L15,DIGITAL_CMOS,CMOS_B,0.657449,0.656353,0.073739,0.07384,43.933539,43.958769,5.436059,5.450542,3.428371,3.449635,3.137065,3.127428,0.676871,0.076561,44.147245,5.566737,3.49012,3.131218
C02866,B_L15,DIGITAL_CMOS,CMOS_B,0.575833,0.575656,0.089684,0.089311,48.28587,48.637265,5.48313,5.514286,3.299541,3.324934,3.045985,3.041819,0.598392,0.092287,48.391326,5.634935,3.353668,3.05892
C02867,B_L15,DIGITAL_CMOS,CMOS_B,0.490374,0.507769,0.083189,0.086441,51.477756,51.274346,5.566639,5.606884,3.539726,3.600767,3.084388,3.116877,0.534654,0.090763,51.911643,6.011503,3.734649,3.294528
C02868,B_L15,DIGITAL_CMOS,CMOS_B,0.641239,0.627306,0.09681,0.096967,44.149989,43.726704,5.425131,5.470948,3.225023,3.26392,2.993631,3.025784,0.654361,0.097915,44.026322,5.691898,3.37888,3.267126
C02869,B_L15,DIGITAL_CMOS,CMOS_B,0.687451,0.695353,0.074059,0.074027,47.465845,46.869779,5.35371,5.452909,3.315427,3.342957,3.100339,3.178815,0.687362,0.075783,46.830612,5.792468,3.418071,3.383879
C02870,B_L15,DIGITAL_CMOS,CMOS_B,0.875628,0.890477,0.079477,0.083102,48.655057,49.039137,5.29879,5.335899,3.22096,3.221986,2.857756,2.88284,0.946993,0.087282,50.250907,5.351518,3.258045,2.89458
C02871,B_L15,DIGITAL_CMOS,CMOS_B,0.579193,0.57747,0.097545,0.099661,46.362982,46.337928,5.232942,5.262978,3.148476,3.142799,2.895943,2.900126,0.637866,0.108564,47.515895,5.265608,3.170942,2.916139
C02872,B_L15,DIGITAL_CMOS,CMOS_B,0.491804,0.505419,0.076609,0.080529,46.091194,46.189977,5.352276,5.49459,3.436856,3.525553,3.059877,3.10748,0.534166,0.088443,47.012411,5.717461,3.645224,3.273808
C02873,B_L15,DIGITAL_CMOS,CMOS_B,0.582831,0.568345,0.076703,0.076251,45.867812,45.97358,5.261971,5.322142,3.122412,3.149086,3.01991,3.079802,0.576406,0.078537,46.687642,5.588057,3.281493,3.15803
C02874,B_L15,DIGITAL_CMOS,CMOS_B,0.496031,0.509167,0.06948,0.073021,46.319022,46.976198,5.204564,5.312343,3.17751,3.228248,3.268869,3.352247,0.551619,0.082459,48.530029,5.436956,3.309959,3.460008
C02875,B_L15,DIGITAL_CMOS,CMOS_B,0.710151,0.731211,0.090539,0.094264,45.562074,45.68413,4.922706,4.908798,3.10829,3.110559,2.794396,2.806991,0.774603,0.103335,47.670023,5.058965,3.149164,2.793707
C02876,B_L15,DIGITAL_CMOS,CMOS_B,0.644028,0.642867,0.045683,0.045747,45.377646,45.677724,5.105177,5.146916,3.119422,3.149316,2.826457,2.819149,0.665464,0.047088,45.556079,5.709351,3.30913,3.16177
C02877,B_L15,DIGITAL_CMOS,CMOS_B,0.558704,0.553409,0.07054,0.072148,44.568447,44.872757,5.167981,5.19228,3.392536,3.370733,3.086609,3.081393,0.555989,0.073558,46.09677,5.268741,3.41964,3.111176
C02878,B_L15,DIGITAL_CMOS,CMOS_B,0.553164,0.559282,0.098479,0.099799,45.064391,45.298644,5.208779,5.246856,3.184229,3.236244,3.159931,3.163634,0.555941,0.103378,45.213372,5.343409,3.25308,3.173399
C02879,B_L15,DIGITAL_CMOS,CMOS_B,0.580101,0.598303,0.088507,0.092602,44.940879,45.271539,5.538809,5.54403,3.315417,3.308139,3.141922,3.139175,0.632796,0.100458,46.480633,5.578636,3.348454,3.163765
C02880,B_L15,DIGITAL_CMOS,CMOS_B,0.800513,0.803278,0.080109,0.081843,49.756449,49.326391,5.409426,5.51848,3.359721,3.381529,3.063055,3.100409,0.845865,0.083222,50.590142,5.880155,3.5349,3.343436
C02881,B_L15,DIGITAL_CMOS,CMOS_B,0.638279,0.649352,0.08877,0.090084,49.349135,49.398205,5.29834,5.406174,2.949715,2.999083,2.866694,2.909524,0.654438,0.091048,49.597748,5.674705,3.131408,3.162451
C02882,B_L15,DIGITAL_CMOS,CMOS_B,0.562564,0.571987,0.048769,0.049278,47.55594,47.383042,5.656217,5.678899,3.208235,3.223522,2.95755,2.987084,0.57922,0.050617,48.255393,5.675543,3.234375,3.047659
C02883,B_L15,DIGITAL_CMOS,CMOS_B,0.578563,0.571803,0.061752,0.062671,41.990903,42.177632,5.612642,5.651603,3.29366,3.32044,3.070809,3.105281,0.597839,0.063757,41.99668,5.794445,3.347378,3.106045
C02884,B_L15,DIGITAL_CMOS,CMOS_B,0.671577,0.672568,0.074854,0.077444,45.104503,45.104516,5.443478,5.452225,3.155735,3.190302,2.911652,2.938599,0.728118,0.083472,47.160118,5.613249,3.235903,2.968084
C02885,B_L15,DIGITAL_CMOS,CMOS_B,0.524724,0.545213,0.057953,0.059895,49.340034,49.671203,5.320338,5.38783,3.404288,3.415869,2.958997,2.994587,0.561679,0.062988,51.573947,5.665993,3.589422,3.169637
C02886,B_L15,DIGITAL_CMOS,CMOS_B,0.574097,0.58916,0.064753,0.06642,47.679536,47.973669,5.469338,5.52885,3.275001,3.260319,3.132777,3.181985,0.640519,0.070424,49.369078,6.046525,3.428598,3.45755
C02887,B_L15,DIGITAL_CMOS,CMOS_B,0.645083,0.654184,0.09803,0.100806,49.320052,50.198233,5.297056,5.307751,3.559984,3.572003,3.02212,3.009833,0.710556,0.10732,50.745735,5.378824,3.604967,3.039952
C02888,B_L15,DIGITAL_CMOS,CMOS_B,0.599694,0.607383,0.072204,0.074876,47.906207,48.043736,5.493198,5.634784,3.305863,3.348016,3.204503,3.255229,0.632993,0.081149,48.90871,5.983166,3.457579,3.41992
C02889,B_L15,DIGITAL_CMOS,CMOS_B,0.405944,0.410945,0.075969,0.076027,49.465064,49.382697,5.319603,5.304796,3.082913,3.079993,2.85896,2.871426,0.428884,0.076491,50.049513,5.371625,3.101219,2.857526
C02890,B_L15,DIGITAL_CMOS,CMOS_B,0.456887,0.469264,0.070454,0.071732,42.701797,42.76836,5.573631,5.628019,3.323084,3.308446,3.030883,3.050645,0.488988,0.07843,44.063292,6.055024,3.412436,3.237956
C02891,B_L15,DIGITAL_CMOS,CMOS_B,0.654392,0.638512,0.063656,0.064197,42.840517,42.964086,5.343922,5.40274,3.396185,3.442093,3.08273,3.11528,0.638407,0.065482,43.212369,5.448507,3.483214,3.172697
C02892,B_L15,DIGITAL_CMOS,CMOS_B,0.484155,0.499424,0.08534,0.088671,47.451986,47.434625,5.314572,5.475009,3.280131,3.344101,3.119481,3.197658,0.514243,0.093838,48.755653,5.748436,3.45189,3.283517
C02893,B_L15,DIGITAL_CMOS,CMOS_B,0.700516,0.702496,0.073151,0.075205,47.211369,48.038857,5.398107,5.516884,3.475584,3.570712,3.077471,3.166726,0.782006,0.083323,48.633232,5.851964,3.675151,3.31122
C02894,B_L15,DIGITAL_CMOS,CMOS_B,0.597789,0.629266,0.083414,0.085616,51.080836,51.233289,5.164194,5.155674,3.402654,3.419382,2.754879,2.758135,0.648323,0.090526,52.034665,5.194212,3.434298,2.765725
C02895,B_L15,DIGITAL_CMOS,CMOS_B,0.636845,0.65357,0.103833,0.107138,50.310834,50.312372,5.517991,5.531397,3.260794,3.299748,2.863961,2.866337,0.663456,0.114787,52.041286,5.568253,3.307042,2.888275
C02896,B_L15,DIGITAL_CMOS,CMOS_B,0.56667,0.581773,0.075485,0.078768,48.252663,48.297608,5.607634,5.642978,3.041195,3.02272,3.052474,3.084266,0.622194,0.091768,50.037617,5.777914,3.05165,3.115587
C02897,B_L15,DIGITAL_CMOS,CMOS_B,0.543852,0.549029,0.079571,0.080804,45.577016,45.803908,5.342291,5.460507,3.235367,3.215847,3.175228,3.172589,0.588023,0.086191,47.308246,5.652499,3.276829,3.274758
C02898,B_L15,DIGITAL_CMOS,CMOS_B,0.562525,0.557487,0.066784,0.066232,46.385737,46.272209,5.61053,5.620189,3.277829,3.333668,3.002887,3.143234,0.561504,0.068074,46.59698,5.73961,3.747878,3.819764
C02899,B_L15,DIGITAL_CMOS,CMOS_B,0.567201,0.580813,0.091276,0.093697,46.495631,46.287406,5.220716,5.267242,3.117446,3.123996,3.013658,3.091073,0.607746,0.10164,47.542301,5.462247,3.288047,3.378535
C02900,B_L15,DIGITAL_CMOS,CMOS_B,0.59685,0.597811,0.114923,0.117029,46.606946,46.681061,5.270539,5.273502,3.116816,3.124182,2.876928,2.862357,0.605763,0.118059,46.804312,5.296158,3.130532,2.91922
C02901,B_L15,DIGITAL_CMOS,CMOS_B,0.716607,0.738513,0.080282,0.081611,53.637991,53.894087,5.43194,5.382397,3.422323,3.425529,3.029941,3.041605,0.825743,0.092312,56.46485,5.447763,3.466334,3.111884
C02902,B_L15,DIGITAL_CMOS,CMOS_B,0.547423,0.554423,0.055461,0.05627,47.484806,47.484218,5.534915,5.547154,3.299451,3.316157,3.058,3.090219,0.591824,0.061674,48.215657,5.591862,3.348723,3.157782
C02903,B_L15,DIGITAL_CMOS,CMOS_B,0.566266,0.579273,0.085179,0.089636,46.868232,47.53254,5.544873,5.576509,3.36574,3.321884,2.975996,3.014365,0.614784,0.093791,48.690816,5.671414,3.335144,3.081742
C02904,B_L15,DIGITAL_CMOS,CMOS_B,0.708925,0.712035,0.077281,0.078336,46.192334,46.347486,5.692586,5.676985,3.374564,3.361456,2.898095,2.921281,0.745928,0.08806,47.303668,5.794468,3.392221,2.928443
C02905,B_L15,DIGITAL_CMOS,CMOS_B,0.636606,0.638825,0.07701,0.079318,50.884414,51.369878,5.517149,5.519606,3.465835,3.447843,3.092133,3.129802,0.700191,0.084861,51.510944,5.584025,3.473442,3.222738
C02906,B_L15,DIGITAL_CMOS,CMOS_B,0.671967,0.676441,0.074529,0.075821,46.533255,46.950243,5.647721,5.713554,3.393192,3.407739,3.260053,3.284517,0.697956,0.07633,47.236056,5.843597,3.484541,3.360924
C02907,B_L15,DIGITAL_CMOS,CMOS_B,0.601474,0.593835,0.073345,0.073038,48.882489,48.584976,5.678031,5.667701,3.354558,3.328817,3.341194,3.330184,0.596639,0.074721,48.947766,5.833584,3.424995,3.378011
C02908,B_L15,DIGITAL_CMOS,CMOS_B,0.498735,0.497875,0.086405,0.086471,46.942378,46.711603,5.291949,5.344298,3.067275,3.089629,3.113682,3.141397,0.495833,0.085997,47.169806,5.299692,3.125551,3.162901
C02909,B_L15,DIGITAL_CMOS,CMOS_B,0.472507,0.47717,0.061921,0.06605,47.726181,48.403355,4.967215,5.015737,3.249491,3.263765,2.816821,2.854101,0.509223,0.06925,49.855828,5.035568,3.30935,2.90098
C02910,B_L15,DIGITAL_CMOS,CMOS_B,0.626854,0.626868,0.07144,0.07254,44.16915,44.234206,5.437701,5.458917,3.130857,3.196321,2.915809,2.944891,0.654454,0.073811,44.21775,5.618609,3.176068,3.019361
C02911,B_L15,DIGITAL_CMOS,CMOS_B,0.646611,0.652367,0.085206,0.0875,49.24662,49.401405,5.506343,5.544103,3.09125,3.123945,3.052667,3.035372,0.710523,0.094986,50.592029,6.04579,3.246684,3.238435
C02912,B_L15,DIGITAL_CMOS,CMOS_B,0.672188,0.672714,0.105279,0.106752,44.219589,43.998884,5.303874,5.361269,3.133451,3.175868,2.977941,3.105633,0.674937,0.107419,44.455395,5.606448,3.273675,3.291464
C02913,B_L15,DIGITAL_CMOS,CMOS_B,0.594273,0.604166,0.094365,0.098023,48.100509,48.276184,5.231689,5.204622,3.116841,3.10215,3.113465,3.148616,0.649679,0.105577,49.401234,5.256789,3.154048,3.146806
C02914,B_L15,DIGITAL_CMOS,CMOS_B,0.479508,0.491218,0.082965,0.084314,47.787441,47.912673,5.463211,5.637583,3.351018,3.414137,3.163638,3.182099,0.499688,0.088712,47.932604,5.979206,3.512415,3.332441
C02915,B_L16,DIGITAL_CMOS,CMOS_B,0.658136,0.669239,0.098089,0.098841,46.673087,46.830595,5.228343,5.231555,3.247985,3.259279,2.932369,2.91606,0.68526,0.100612,46.994223,5.326293,3.288379,2.940665
C02916,B_L16,DIGITAL_CMOS,CMOS_B,0.480512,0.480212,0.098399,0.103106,42.784259,43.039477,5.061544,5.042124,3.305453,3.293295,2.953201,2.9486,0.496025,0.108685,43.667649,5.123688,3.373066,2.979917
C02917,B_L16,DIGITAL_CMOS,CMOS_B,0.441853,0.441942,0.058165,0.060236,38.806441,39.250741,5.223151,5.221886,3.309406,3.324618,3.069481,3.111769,0.454737,0.065888,39.665973,5.23846,3.384889,3.156598
C02918,B_L16,DIGITAL_CMOS,CMOS_B,0.804041,0.798322,0.105416,0.105971,48.867336,48.393936,5.113687,5.121962,3.178772,3.17761,2.909317,2.947053,0.8115,0.107531,48.358812,5.293194,3.339362,3.168394
C02919,B_L16,DIGITAL_CMOS,CMOS_B,0.839738,0.815944,0.111677,0.113807,42.572136,42.792743,5.041424,5.098301,3.29571,3.36414,3.000935,3.027024,0.830884,0.113626,42.351855,5.128568,3.309691,3.11153
C02920,B_L16,DIGITAL_CMOS,CMOS_B,0.656636,0.668262,0.090705,0.091395,43.993414,44.076425,5.348195,5.392718,3.181786,3.155871,3.155668,3.166205,0.660285,0.094465,44.4732,5.459411,3.160948,3.217759
C02921,B_L16,DIGITAL_CMOS,CMOS_B,0.617597,0.608094,0.075192,0.078709,45.486512,45.671084,4.587955,4.575552,2.992531,3.027968,2.70468,2.706013,0.640358,0.090079,46.737434,4.634816,3.049791,2.759249
C02922,B_L16,DIGITAL_CMOS,CMOS_B,0.562409,0.555788,0.099148,0.10236,44.478703,44.754269,5.0688,5.119071,3.17944,3.202883,3.081541,3.11876,0.57505,0.108081,45.102752,5.394485,3.355145,3.390168
C02923,B_L16,DIGITAL_CMOS,CMOS_B,0.51937,0.505159,0.098843,0.101901,47.682904,47.567266,5.005656,5.096116,3.105973,3.132096,2.713097,2.766748,0.522995,0.102746,48.002327,5.31303,3.375255,3.028777
C02924,B_L16,DIGITAL_CMOS,CMOS_B,0.702412,0.729181,0.112652,0.118497,44.802919,45.213277,5.215652,5.254938,3.272774,3.27441,3.062163,3.132233,0.736735,0.129236,45.981743,5.562034,3.301252,3.600395
C02925,B_L16,DIGITAL_CMOS,CMOS_B,0.661511,0.668119,0.074445,0.076271,45.237355,44.865568,5.054412,5.130485,3.00425,3.05444,2.717293,2.761204,0.670723,0.078445,45.720666,5.56574,3.307981,3.053345
C02926,B_L16,DIGITAL_CMOS,CMOS_B,0.622469,0.62677,0.084658,0.084618,45.719245,46.18672,5.174629,5.200642,3.414531,3.404784,3.257326,3.277891,0.639389,0.096135,47.43969,5.239127,3.464211,3.285727
C02927,B_L16,DIGITAL_CMOS,CMOS_B,0.631076,0.630971,0.074786,0.079547,47.74261,48.009997,5.151725,5.171748,3.033267,3.080012,2.851688,2.915475,0.646883,0.086673,47.932453,5.280302,3.144119,3.037907
C02928,B_L16,DIGITAL_CMOS,CMOS_B,0.552286,0.567039,0.0617,0.062719,47.221549,47.642527,4.767021,4.768541,3.284213,3.264602,2.868381,2.902369,0.586902,0.06698,48.115449,4.839821,3.341189,2.959596
C02929,B_L16,DIGITAL_CMOS,CMOS_B,0.574214,0.577377,0.073717,0.073306,42.895514,42.776766,5.165556,5.221945,3.177552,3.212994,2.822606,2.822108,0.570426,0.075085,43.174403,5.639195,3.463978,3.115586
C02930,B_L16,DIGITAL_CMOS,CMOS_B,0.586928,0.593811,0.1098,0.110979,46.709846,46.821576,5.054397,5.025068,3.129985,3.171625,2.985843,3.039384,0.612343,0.11453,48.270916,5.082983,3.177708,3.043878
C02931,B_L16,DIGITAL_CMOS,CMOS_B,0.479936,0.487767,0.054428,0.056282,45.812594,45.961307,4.871645,4.863744,3.02665,3.022324,2.908491,2.886736,0.48233,0.059633,46.375746,4.914197,3.058396,2.904991
C02932,B_L16,DIGITAL_CMOS,CMOS_B,0.584507,0.597482,0.07175,0.07389,50.609787,50.488807,5.089808,5.216056,3.264295,3.308327,2.962916,2.992123,0.635157,0.080471,52.107423,5.350561,3.395317,3.126747
C02933,B_L16,DIGITAL_CMOS,CMOS_B,0.860446,0.851198,0.139635,0.137309,45.668847,45.698387,5.260686,5.361269,3.272911,3.331222,3.095886,3.156768,0.876904,0.142554,46.043736,5.575824,3.561482,3.337239
C02934,B_L16,DIGITAL_CMOS,CMOS_B,0.493367,0.494889,0.069046,0.070335,45.913907,46.342283,5.334345,5.380335,3.344359,3.363382,3.329488,3.366364,0.51852,0.076818,46.927832,5.72636,3.580934,3.618307
C02935,B_L16,DIGITAL_CMOS,CMOS_B,0.630892,0.63431,0.11091,0.112423,46.927035,47.258107,5.166112,5.182986,3.232179,3.291238,3.102893,3.156481,0.662551,0.120873,47.072281,5.346827,3.356127,3.333698
C02936,B_L16,DIGITAL_CMOS,CMOS_B,0.797398,0.794378,0.089951,0.09323,42.954706,43.651216,5.265986,5.269413,3.507032,3.517152,3.302099,3.321954,0.836046,0.103714,43.95762,5.29905,3.587196,3.358199
C02937,B_L16,DIGITAL_CMOS,CMOS_B,0.600588,0.607266,0.122901,0.122236,47.895393,47.746976,5.27254,5.330024,3.466131,3.479922,3.071592,3.095308,0.605669,0.128016,48.031289,5.358308,3.481296,3.116262
C02938,B_L16,DIGITAL_CMOS,CMOS_B,0.573212,0.566966,0.081715,0.085808,43.097992,43.380852,4.913356,4.972147,3.396946,3.397458,3.136393,3.122621,0.585059,0.096987,44.706061,4.957158,3.413946,3.131791
C02939,B_L16,DIGITAL_CMOS,CMOS_B,0.833148,0.841827,0.078705,0.083695,46.443497,46.385098,5.172162,5.216575,3.341489,3.357277,3.07556,3.089364,0.884682,0.088593,47.110681,5.436737,3.67636,3.390337
C02940,B_L16,DIGITAL_CMOS,CMOS_B,0.435945,0.436379,0.055405,0.055913,41.888877,41.980875,5.320627,5.304849,3.415849,3.417775,3.012361,3.032669,0.424433,0.056275,42.072815,5.342493,3.439863,3.087334
C02941,B_L16,DIGITAL_CMOS,CMOS_B,0.640159,0.668235,0.143715,0.147708,50.671645,51.533842,5.082766,5.121897,3.260319,3.340896,3.087467,3.286666,0.784407,0.159257,51.711636,5.498987,3.401429,3.912246
C02942,B_L16,DIGITAL_CMOS,CMOS_B,0.532852,0.533054,0.107025,0.111235,51.520462,51.750507,5.344603,5.310738,3.357107,3.376738,3.151214,3.144592,0.550487,0.121042,51.90163,5.359288,3.339542,3.140964
C02943,B_L16,DIGITAL_CMOS,CMOS_B,0.517323,0.518575,0.065893,0.067693,47.692101,47.895699,5.251332,5.344511,3.209451,3.250957,2.94388,3.040448,0.527379,0.071883,48.839677,5.513774,3.382644,3.154368
C02944,B_L16,DIGITAL_CMOS,CMOS_B,0.628187,0.628061,0.058892,0.060057,41.720035,41.810887,4.928292,4.982846,3.120283,3.18148,2.990227,3.135488,0.65139,0.09123,49.177848,5.171228,3.323472,3.501846
C02945,B_L16,DIGITAL_CMOS,CMOS_B,0.708867,0.716048,0.073902,0.075794,51.279905,51.293929,5.105468,5.125289,3.623264,3.655073,3.160896,3.239483,0.746263,0.078449,52.522186,5.326262,3.783753,3.407166
C02946,B_L16,DIGITAL_CMOS,CMOS_B,0.594979,0.60047,0.073507,0.073955,46.083764,46.116669,5.146995,5.216248,3.341646,3.358939,3.086374,3.111284,0.613818,0.075638,46.574436,5.367826,3.478271,3.346496
C02947,B_L16,DIGITAL_CMOS,CMOS_B,0.807991,0.849612,0.095864,0.098644,46.122669,46.504568,4.876214,4.887086,3.236127,3.21251,2.950746,2.953079,0.852475,0.108146,47.074108,4.951452,3.22772,2.999104
C02948,B_L16,DIGITAL_CMOS,CMOS_B,0.652594,0.656759,0.096605,0.098591,41.319665,41.66126,4.915354,4.928571,3.198209,3.25932,3.002092,3.034349,0.66474,0.098134,41.396468,5.150664,3.466797,3.306444
C02949,B_L16,DIGITAL_CMOS,CMOS_B,0.454806,0.440555,0.088585,0.088764,47.656446,47.398874,4.911293,4.9235,3.186174,3.184588,2.9318,2.944652,0.458152,0.093059,47.794696,5.065708,3.374785,3.182945
C02950,B_L16,DIGITAL_CMOS,CMOS_B,0.687058,0.68328,0.07303,0.074492,42.291275,42.190628,4.543591,4.530642,2.977196,2.962065,2.684341,2.702323,0.71383,0.082399,43.054539,4.551063,2.975453,2.739757
C02951,B_L16,DIGITAL_CMOS,CMOS_B,0.797657,0.810839,0.070624,0.070655,49.126924,49.035029,5.160269,5.238422,3.327101,3.343725,3.048439,3.045067,0.824538,0.0722,48.994236,5.561221,3.571266,3.328741
C02952,B_L16,DIGITAL_CMOS,CMOS_B,0.599314,0.591762,0.118922,0.119727,43.947099,43.897232,5.320765,5.358102,3.314531,3.385647,3.19322,3.258124,0.598082,0.122373,43.862111,5.467982,3.502957,3.400924
C02953,B_L16,DIGITAL_CMOS,CMOS_B,0.552949,0.562301,0.097295,0.098353,44.944478,44.797749,4.821795,4.865811,3.227445,3.232721,2.859882,2.864485,0.589029,0.10908,45.973048,4.891013,3.248572,2.919691
C02954,B_L16,DIGITAL_CMOS,CMOS_B,0.447118,0.45509,0.118736,0.125636,46.614696,47.204371,5.486692,5.549692,3.436265,3.479775,3.280232,3.395742,0.467897,0.133924,48.144863,5.703078,3.557232,3.598918
C02955,B_L16,DIGITAL_CMOS,CMOS_B,0.636826,0.657249,0.098278,0.101922,47.336447,47.376129,4.97931,5.007164,3.002013,3.034038,2.761676,2.784906,0.666841,0.106264,47.557948,5.091426,3.114853,2.924048
C02956,B_L16,DIGITAL_CMOS,CMOS_B,0.670794,0.671741,0.090381,0.094454,46.4658,46.571033,5.280245,5.365703,3.702272,3.76688,3.103342,3.19187,0.732159,0.110755,46.925202,5.568832,4.005437,3.343239
C02957,B_L16,DIGITAL_CMOS,CMOS_B,0.454392,0.469676,0.056677,0.057186,38.582459,38.612586,5.226581,5.272854,3.541927,3.578468,3.133751,3.20948,0.471322,0.057979,39.148623,5.441384,3.653795,3.325334
C02958,B_L16,DIGITAL_CMOS,CMOS_B,0.678613,0.668705,0.094291,0.094671,43.403015,43.253607,5.29287,5.286341,3.372067,3.429459,2.921189,2.995026,0.672335,0.097649,43.97154,5.522334,3.676327,3.291035
C02959,B_L16,DIGITAL_CMOS,CMOS_B,0.623532,0.611523,0.077736,0.077811,46.600511,46.738929,4.943634,4.949282,3.224598,3.245629,2.986316,2.981454,0.616295,0.081274,47.083552,4.995636,3.287125,3.040216
C02960,B_L16,DIGITAL_CMOS,CMOS_B,0.66728,0.676578,0.10388,0.105383,45.884288,45.403203,5.217846,5.240061,3.44755,3.530401,3.114737,3.208702,0.671165,0.105389,46.232319,5.322702,3.655842,3.367912
C02961,B_L16,DIGITAL_CMOS,CMOS_B,0.717144,0.726822,0.097625,0.10072,45.102742,45.289017,5.438012,5.445996,3.342552,3.337904,2.935666,2.969905,0.739656,0.106439,46.037864,5.432324,3.34092,3.005378
C02962,B_L16,DIGITAL_CMOS,CMOS_B,0.644812,0.645484,0.053743,0.054903,50.195879,50.419643,4.885738,4.890994,2.940583,3.010414,2.99075,3.041538,0.680445,0.060032,51.857363,5.076675,3.102498,3.322364
C02963,B_L16,DIGITAL_CMOS,CMOS_B,0.501091,0.496667,0.099258,0.098795,47.566441,47.00443,5.073465,5.044629,3.15502,3.146704,2.908722,2.945353,0.515664,0.10196,47.811368,5.072043,3.185062,2.977864
C02964,B_L16,DIGITAL_CMOS,CMOS_B,0.656707,0.669958,0.06216,0.06155,45.334369,45.698042,5.166974,5.162884,3.19286,3.214634,3.041064,3.041498,0.682285,0.062899,44.778569,5.217678,3.242135,3.034923
C02965,B_L16,DIGITAL_CMOS,CMOS_B,0.604058,0.605308,0.061785,0.064248,45.71038,45.685297,5.031489,5.113776,3.123624,3.185104,2.771261,2.781681,0.637715,0.068862,47.209926,5.255302,3.291587,2.948166
C02966,B_L16,DIGITAL_CMOS,CMOS_B,0.675256,0.695321,0.074889,0.075884,45.420572,45.860347,4.869308,4.880819,2.989974,2.992111,2.96853,2.937162,0.706337,0.086063,46.641608,4.920688,3.020955,3.036097
C02967,B_L16,DIGITAL_CMOS,CMOS_B,0.691023,0.703318,0.079124,0.080791,42.626029,42.729853,4.86061,4.88604,3.139539,3.154991,3.121088,3.172726,0.723332,0.088144,44.209029,5.078165,3.364644,3.452116
C02968,B_L16,DIGITAL_CMOS,CMOS_B,0.584532,0.595626,0.115856,0.119701,46.93584,46.836413,5.476298,5.511719,3.314822,3.350927,3.296328,3.304298,0.618967,0.129673,47.535417,5.504391,3.364494,3.346892
C02969,B_L16,DIGITAL_CMOS,CMOS_B,0.595987,0.610482,0.048214,0.051522,40.654705,40.531688,5.224558,5.324128,3.262437,3.332901,3.107226,3.181499,0.620192,0.053698,41.162324,5.463592,3.455097,3.356461
C02970,B_L16,DIGITAL_CMOS,CMOS_B,0.594575,0.593078,0.085456,0.087802,42.382623,42.429055,5.203541,5.203404,3.230689,3.256335,2.829139,2.870746,0.614692,0.096276,43.348558,5.360769,3.387834,3.011044
C02971,B_L16,DIGITAL_CMOS,CMOS_B,0.520942,0.519833,0.071405,0.071674,43.771179,44.126504,5.043134,5.148178,3.23775,3.257311,2.928203,2.961016,0.520029,0.071758,44.309057,5.260398,3.313774,3.158697
C02972,B_L16,DIGITAL_CMOS,CMOS_B,0.467626,0.458159,0.071412,0.072199,44.537849,44.534885,5.358421,5.3967,3.422248,3.427416,3.094523,3.106682,0.49288,0.082419,45.687555,5.602852,3.566758,3.172027
C02973,B_L16,DIGITAL_CMOS,CMOS_B,0.706909,0.726313,0.088278,0.089586,45.65979,45.821986,5.298674,5.345417,3.143452,3.142729,3.042779,3.17383,0.743719,0.098324,46.865762,5.541318,3.29179,3.435381
C02974,B_L16,DIGITAL_CMOS,CMOS_B,0.565273,0.578138,0.071658,0.073544,47.341207,46.990006,5.058867,5.047766,3.057505,3.046836,2.767712,2.786037,0.569759,0.074216,47.278382,5.152089,3.120055,2.803208
C02975,B_L16,DIGITAL_CMOS,CMOS_B,0.62982,0.628549,0.107842,0.110512,43.159503,43.339287,5.070162,5.017506,3.398531,3.406293,3.095029,3.10615,0.66616,0.115499,43.514234,5.059715,3.414713,3.20178
C02976,B_L16,DIGITAL_CMOS,CMOS_B,0.759063,0.742257,0.118154,0.119131,49.838235,50.305567,5.095815,5.113007,3.334643,3.35135,3.15943,3.202273,0.73724,0.121071,50.14987,5.156453,3.354625,3.232507
C02977,B_L16,DIGITAL_CMOS,CMOS_B,0.525666,0.541323,0.074294,0.076009,45.936324,45.806473,5.081084,5.097252,3.397658,3.390232,3.169644,3.199826,0.543097,0.077683,46.655032,5.171436,3.449465,3.296912
C02978,B_L16,DIGITAL_CMOS,CMOS_B,0.518256,0.514967,0.058381,0.060481,41.419149,41.752259,5.227197,5.196817,3.352525,3.362349,3.177602,3.201408,0.561941,0.070165,42.614582,5.243818,3.392245,3.253834
C02979,B_L16,DIGITAL_CMOS,CMOS_B,0.767973,0.777858,0.133075,0.139731,45.26466,45.058604,5.14929,5.145249,3.384251,3.41169,2.980991,2.971646,0.821804,0.149309,46.050691,5.397779,3.57819,3.243382
C02980,B_L16,DIGITAL_CMOS,CMOS_B,0.867818,0.851918,0.104539,0.11013,44.321474,44.769321,5.448679,5.528664,3.457714,3.505981,3.09496,3.181963,0.878192,0.11936,45.149046,5.809719,3.741285,3.488216
C02981,B_L16,DIGITAL_CMOS,CMOS_B,0.595043,0.586743,0.089287,0.090937,45.408214,45.338265,5.302099,5.28977,3.230741,3.219547,2.993356,2.9916,0.593605,0.093269,45.619504,5.341278,3.258162,3.03726
C02982,B_L16,DIGITAL_CMOS,CMOS_B,0.576951,0.5621,0.085605,0.086381,40.075983,40.547684,5.082822,5.117404,3.153137,3.168034,2.832216,2.83669,0.594323,0.094239,41.602187,5.168469,3.187477,2.88727
C02983,B_L16,DIGITAL_CMOS,CMOS_B,0.813078,0.802832,0.069174,0.0702,45.207501,45.308443,4.900853,4.929213,3.349877,3.385254,3.13536,3.176465,0.819512,0.070683,45.910104,4.932865,3.419417,3.184885
C02984,B_L16,DIGITAL_CMOS,CMOS_B,0.625543,0.637375,0.110589,0.112168,43.341298,43.929444,5.129257,5.130581,3.30514,3.35572,2.92055,2.927853,0.656823,0.124277,45.232315,5.178039,3.37156,2.964575
C02985,B_L16,DIGITAL_CMOS,CMOS_B,0.61489,0.63252,0.100492,0.101651,53.938861,53.880133,5.057245,5.009735,3.195942,3.207448,3.041049,3.061157,0.633218,0.10258,54.666274,5.060632,3.227068,3.070735
C02986,B_L16,DIGITAL_CMOS,CMOS_B,0.400149,0.394092,0.064039,0.063537,43.347325,43.43161,5.416445,5.468971,3.44483,3.492481,3.307941,3.399122,0.397964,0.066475,43.241938,5.642029,3.596356,3.549121
C02987,B_L16,DIGITAL_CMOS,CMOS_B,0.464024,0.478754,0.1087,0.111,46.935549,46.659126,7.342246,7.522827,3.436203,3.524402,2.810402,2.880463,0.46834,0.112264,46.408888,7.780333,3.656821,3.033645
C02988,B_L16,DIGITAL_CMOS,CMOS_B,0.811409,0.805299,0.10158,0.10622,46.120798,46.686686,5.161411,5.21216,3.187033,3.219744,2.815839,2.834191,0.833172,0.116618,47.518733,5.478333,3.490582,3.120552
C02989,B_L17,DIGITAL_CMOS,CMOS_B,0.604181,0.608552,0.076989,0.077737,43.774012,43.798213,5.237183,5.312163,3.097565,3.117206,3.06115,3.106322,0.606444,0.078698,43.836938,5.539639,3.269018,3.240208
C02990,B_L17,DIGITAL_CMOS,CMOS_B,0.624426,0.630484,0.097616,0.099279,46.6332,47.671427,4.819235,4.861606,3.034139,3.110437,2.809525,2.842271,0.656273,0.103686,48.350367,5.074536,3.211624,2.924209
C02991,B_L17,DIGITAL_CMOS,CMOS_B,0.699931,0.717052,0.070743,0.072538,45.637311,46.030609,5.379508,5.363403,3.567401,3.566641,3.015143,3.025571,0.720983,0.074575,47.008654,5.357209,3.607581,3.058144
C02992,B_L17,DIGITAL_CMOS,CMOS_B,0.63192,0.654194,0.066753,0.067739,45.617865,45.740463,5.235749,5.306075,3.353672,3.461226,3.248977,3.27224,0.657944,0.071038,46.177874,5.457768,3.581373,3.358594
C02993,B_L17,DIGITAL_CMOS,CMOS_B,0.60858,0.620627,0.066091,0.066452,41.984734,42.266142,5.162872,5.139407,3.129639,3.161967,2.867526,2.871825,0.627591,0.066719,42.650493,5.155705,3.201961,2.876997
C02994,B_L17,DIGITAL_CMOS,CMOS_B,0.564897,0.566497,0.131595,0.132093,44.870875,45.068657,5.20036,5.244288,3.229108,3.252824,3.05744,3.114142,0.585181,0.138201,45.809429,5.364576,3.341148,3.242741
C02995,B_L17,DIGITAL_CMOS,CMOS_B,0.571574,0.585642,0.082337,0.085407,47.381637,47.896499,5.309889,5.342726,3.494895,3.494618,3.079372,3.091669,0.660628,0.098326,50.66796,5.37974,3.577583,3.111818
C02996,B_L17,DIGITAL_CMOS,CMOS_B,0.635871,0.644975,0.072289,0.077086,42.914617,43.935979,5.125531,5.120102,3.255121,3.230198,2.917253,2.919375,0.678675,0.084246,45.569703,5.105522,3.26349,2.968494
C02997,B_L17,DIGITAL_CMOS,CMOS_B,0.584723,0.585892,0.074133,0.076844,44.165354,44.797563,5.432746,5.456758,3.431263,3.422444,3.247701,3.264799,0.678613,0.089562,47.560516,5.552198,3.473541,3.285867
C02998,B_L17,DIGITAL_CMOS,CMOS_B,0.622126,0.635863,0.084007,0.083045,46.960102,46.959339,5.267561,5.310696,3.566161,3.598233,3.016967,3.025074,0.637177,0.086747,47.993392,5.520692,3.729237,3.118224
C02999,B_L17,DIGITAL_CMOS,CMOS_B,0.589868,0.600185,0.097295,0.099556,45.763234,46.242025,4.775116,4.770627,3.171369,3.186207,2.892858,2.908207,0.69378,0.115436,48.393106,4.785315,3.230524,2.958602
C03000,B_L17,DIGITAL_CMOS,CMOS_B,0.787656,0.779002,0.067645,0.069214,44.353551,44.41296,5.394499,5.346305,3.169868,3.203272,2.872851,2.86689,0.806638,0.071868,45.165655,5.482663,3.224652,2.901533
C03001,B_L17,DIGITAL_CMOS,CMOS_B,0.579168,0.583121,0.076905,0.079084,44.786026,44.991567,5.096788,5.089641,3.354656,3.342753,3.079621,3.083571,0.613518,0.083343,45.177709,5.104795,3.390146,3.098363
C03002,B_L17,DIGITAL_CMOS,CMOS_B,0.51707,0.522892,0.134529,0.140711,45.589116,45.839362,5.049791,5.057779,3.441764,3.452727,3.170503,3.163475,0.590134,0.159034,49.890902,5.150976,3.535505,3.189638
C03003,B_L17,DIGITAL_CMOS,CMOS_B,0.572817,0.572527,0.068581,0.072346,43.948244,45.281143,5.146934,5.138048,3.075938,3.076305,3.084303,3.079132,0.631717,0.079513,47.353824,5.196572,3.09769,3.090689
C03004,B_L17,DIGITAL_CMOS,CMOS_B,0.603637,0.616579,0.052423,0.054237,44.105118,44.96952,5.12481,5.129183,3.062306,3.077797,2.814017,2.846575,0.705261,0.064817,49.493742,5.21319,3.090973,2.860962
C03005,B_L17,DIGITAL_CMOS,CMOS_B,0.552305,0.573243,0.058357,0.062134,44.231154,44.991528,5.246314,5.277002,3.391534,3.434382,2.946136,2.959055,0.622225,0.066938,47.110203,5.511561,3.660068,3.056283
C03006,B_L17,DIGITAL_CMOS,CMOS_B,0.47356,0.48174,0.076562,0.078053,44.90621,44.612072,5.197867,5.267081,3.438667,3.470491,3.238011,3.272745,0.481636,0.080053,45.718266,5.396271,3.597822,3.369829
C03007,B_L17,DIGITAL_CMOS,CMOS_B,0.677148,0.69931,0.056877,0.061054,44.803329,45.918779,5.437163,5.492753,3.514672,3.558899,3.301083,3.345874,0.756254,0.066164,47.463343,7.748906,3.759711,3.703322
C03008,B_L17,DIGITAL_CMOS,CMOS_B,0.715448,0.716912,0.071465,0.072977,45.405257,45.923233,5.120779,5.128669,3.317659,3.299962,2.956849,2.931504,0.747845,0.076604,46.630169,5.296427,3.474629,3.074872
C03009,B_L17,DIGITAL_CMOS,CMOS_B,0.538405,0.560453,0.058972,0.061553,42.345298,43.041909,5.19895,5.203908,3.288883,3.325317,2.997762,3.008915,0.621482,0.070723,46.627284,5.846517,3.363272,3.003104
C03010,B_L17,DIGITAL_CMOS,CMOS_B,0.676493,0.681198,0.057323,0.058036,42.674485,42.788106,4.95649,4.979174,3.15871,3.138453,2.833965,2.825959,0.696724,0.058582,43.800051,5.033346,3.185084,2.848989
C03011,B_L17,DIGITAL_CMOS,CMOS_B,0.671885,0.668161,0.096433,0.100776,43.936289,44.721815,5.047853,5.019598,3.483484,3.470857,3.010253,3.011453,0.709245,0.103237,44.816896,5.069188,3.512535,2.988973
C03012,B_L17,DIGITAL_CMOS,CMOS_B,0.675552,0.677385,0.065413,0.067588,44.645926,44.713428,5.432759,5.500635,3.319115,3.350828,3.129905,3.157838,0.692467,0.070983,44.705634,5.643274,3.420513,3.267084
C03013,B_L17,DIGITAL_CMOS,CMOS_B,0.721422,0.747356,0.081513,0.082359,43.590057,44.080098,4.942407,4.960456,3.319809,3.309345,3.028835,3.009604,0.885809,0.09948,47.112673,4.954723,3.408804,3.038702
C03014,B_L17,DIGITAL_CMOS,CMOS_B,0.886817,0.902453,0.088327,0.091407,44.884117,45.242198,4.906567,4.98516,3.249283,3.249913,3.19857,3.227853,1.054928,0.112265,48.047592,5.044642,3.259245,3.23797
C03015,B_L17,DIGITAL_CMOS,CMOS_B,0.571042,0.577531,0.067107,0.067333,46.769826,46.515957,5.111993,5.107547,3.251064,3.211449,3.078799,3.092143,0.57395,0.07021,46.763765,5.138198,3.300005,3.10682
C03016,B_L17,DIGITAL_CMOS,CMOS_B,0.726772,0.74093,0.076595,0.079768,44.941362,45.685241,5.348301,5.35539,3.355328,3.346552,2.932982,2.940879,0.791822,0.084807,47.957313,5.434481,3.367733,2.983531
C03017,B_L17,DIGITAL_CMOS,CMOS_B,0.572833,0.593169,0.048729,0.052716,40.931595,42.014822,5.271872,5.327647,3.296748,3.329938,2.952818,3.004298,0.646444,0.056547,43.784069,5.425179,3.407078,3.04042
C03018,B_L17,DIGITAL_CMOS,CMOS_B,0.546178,0.550346,0.098639,0.101108,43.194246,43.239238,5.065745,5.084325,3.197822,3.232407,3.045862,3.079001,0.564229,0.100073,44.277809,5.247831,3.331165,3.127698
C03019,B_L17,DIGITAL_CMOS,CMOS_B,0.620758,0.63009,0.069134,0.070382,44.143034,44.777316,5.314576,5.300876,3.277848,3.284279,2.982117,2.987651,0.706776,0.07934,47.748538,5.300528,3.292728,3.00334
C03020,B_L17,DIGITAL_CMOS,CMOS_B,0.412631,0.426792,0.075394,0.076688,45.217207,45.823148,5.028966,5.10772,3.167162,3.257453,3.065344,3.12206,0.448916,0.078618,46.429325,5.186297,3.359495,3.205865
C03021,B_L17,DIGITAL_CMOS,CMOS_B,0.698437,0.717686,0.076214,0.077741,45.48868,45.624581,5.511631,5.513243,3.576187,3.580611,3.196062,3.192401,0.731203,0.080189,46.407884,5.574904,3.624911,3.207745
C03022,B_L17,DIGITAL_CMOS,CMOS_B,0.542418,0.542439,0.057542,0.056866,44.348839,44.456626,5.052757,5.109482,3.279718,3.329251,3.104828,3.137456,0.550002,0.058446,45.3747,5.356264,3.600643,3.244185
C03023,B_L17,DIGITAL_CMOS,CMOS_B,0.567796,0.567124,0.068646,0.06968,44.509911,44.716466,5.208249,5.245197,3.483393,3.491782,3.069756,3.089166,0.591585,0.073119,45.37218,5.410077,3.693409,3.49944
C03024,B_L17,DIGITAL_CMOS,CMOS_B,0.571526,0.5709,0.087005,0.088255,45.010382,45.06946,5.137137,5.178433,3.231752,3.268145,2.866299,2.888487,0.580266,0.092728,46.104274,5.459534,3.396273,3.04252
C03025,B_L17,DIGITAL_CMOS,CMOS_B,0.675446,0.677521,0.11264,0.114672,45.868644,46.088431,4.991779,5.033781,3.179314,3.182274,2.812169,2.830626,0.724615,0.134919,49.271021,5.076877,3.221319,2.847973
C03026,B_L17,DIGITAL_CMOS,CMOS_B,0.617135,0.629734,0.072851,0.075052,43.421377,43.512084,5.018446,5.0297,3.083395,3.121153,2.974269,2.980725,0.71849,0.084206,48.555718,5.039322,3.149956,2.963753
C03027,B_L17,DIGITAL_CMOS,CMOS_B,0.701394,0.695033,0.081821,0.08513,45.231539,46.3242,4.895445,4.975589,3.206582,3.245745,2.831914,2.880226,0.754334,0.092208,48.386473,5.088236,3.343148,2.95761
C03028,B_L17,DIGITAL_CMOS,CMOS_B,0.64793,0.659671,0.094886,0.098562,45.509943,45.977637,5.025829,5.085283,3.284566,3.273504,3.060483,3.079994,0.778431,0.116037,50.237001,5.10055,3.300295,3.071427
C03029,B_L17,DIGITAL_CMOS,CMOS_B,0.460218,0.469914,0.050901,0.053531,41.025683,41.570692,5.12158,5.162774,3.408663,3.407285,3.140254,3.188587,0.530476,0.064277,45.059364,5.341649,3.622624,3.384745
C03030,B_L17,DIGITAL_CMOS,CMOS_B,0.643796,0.670053,0.095453,0.100418,47.029094,47.57473,5.498379,5.480221,3.419353,3.390735,3.311637,3.296129,0.721159,0.110854,49.899131,5.480409,3.42558,3.327765
C03031,B_L17,DIGITAL_CMOS,CMOS_B,0.585704,0.589928,0.092807,0.092416,44.685754,45.467646,5.175072,5.201117,3.266187,3.307336,3.114652,3.122333,0.593733,0.094685,46.222079,5.521043,3.499196,3.268638
C03032,B_L17,DIGITAL_CMOS,CMOS_B,0.391993,0.399969,0.033906,0.035382,43.803032,43.952609,5.142276,5.174164,3.171766,3.202427,3.107348,3.130589,0.44049,0.040619,48.368523,5.344162,3.425449,3.249186
C03033,B_L17,DIGITAL_CMOS,CMOS_B,0.585239,0.606411,0.091412,0.096386,44.09662,44.971938,5.426741,5.48411,3.360408,3.376739,3.005303,3.0384,0.637505,0.108046,46.234749,5.789563,3.543684,3.166773
C03034,B_L17,DIGITAL_CMOS,CMOS_B,0.597752,0.605715,0.078252,0.081845,43.820552,44.201712,5.092893,5.138337,3.489306,3.525323,3.041195,3.062609,0.720623,0.096736,47.149944,5.256997,3.65035,3.144121
C03035,B_L17,DIGITAL_CMOS,CMOS_B,0.539546,0.540824,0.062853,0.064688,42.069265,42.230839,5.400011,5.420807,3.384055,3.433695,3.135036,3.136317,0.544029,0.066826,42.772271,5.474852,3.428871,3.169772
C03036,B_L17,DIGITAL_CMOS,CMOS_B,0.548613,0.545747,0.058164,0.05911,46.145027,46.767474,5.227224,5.253779,3.145207,3.1358,2.961245,2.996814,0.553829,0.061558,46.647403,5.291332,3.160394,3.033317
C03037,B_L17,DIGITAL_CMOS,CMOS_B,0.432286,0.430527,0.054113,0.056395,42.796143,43.099345,5.342532,5.361762,3.422481,3.415467,3.09421,3.091902,0.500908,0.06364,46.705794,5.400343,3.468176,3.154756
C03038,B_L17,DIGITAL_CMOS,CMOS_B,0.505558,0.523133,0.079034,0.082507,45.809728,46.659842,5.236665,5.314311,3.378104,3.44074,3.26948,3.313299,0.566886,0.087929,49.004849,5.596717,3.762904,3.401591
C03039,B_L17,DIGITAL_CMOS,CMOS_B,0.523415,0.520918,0.098091,0.099534,45.391329,45.637234,5.095763,5.081284,3.204937,3.203122,2.925621,2.938835,0.535426,0.101496,46.301476,5.101096,3.224993,2.967752
C03040,B_L17,DIGITAL_CMOS,CMOS_B,0.614593,0.63123,0.074406,0.079522,44.994971,46.068552,7.509154,7.510574,3.200408,3.200764,2.90899,2.935602,0.683632,0.084003,48.159907,7.780497,3.253257,2.982957
C03041,B_L17,DIGITAL_CMOS,CMOS_B,0.49352,0.492063,0.061367,0.062846,47.212007,47.020647,5.256678,5.288471,3.770766,3.80137,3.022498,3.045256,0.507191,0.061952,47.061867,5.356136,3.796304,3.045155
C03042,B_L17,DIGITAL_CMOS,CMOS_B,0.5885,0.606287,0.058334,0.061708,44.227993,45.052125,5.303467,5.278604,3.536425,3.557917,3.089216,3.08102,0.685596,0.070656,48.850015,5.306386,3.572034,3.103758
C03043,B_L17,DIGITAL_CMOS,CMOS_B,0.538996,0.548615,0.065742,0.068191,43.273775,43.290633,5.295191,5.306745,3.506443,3.478001,3.071631,3.045823,0.550556,0.07268,44.153941,5.332856,3.554353,3.090575
C03044,B_L17,DIGITAL_CMOS,CMOS_B,0.630189,0.62761,0.0655,0.068499,41.322541,42.306096,5.09585,5.103815,3.443417,3.429772,3.356662,3.327241,0.684803,0.076206,45.609306,5.153696,3.482583,3.342108
C03045,B_L17,DIGITAL_CMOS,CMOS_B,0.452945,0.453657,0.100272,0.101826,42.287307,42.887931,5.214761,5.205209,3.1013,3.108302,2.741843,2.801245,0.44946,0.104892,43.085026,5.314983,3.212046,2.901404
C03046,B_L17,DIGITAL_CMOS,CMOS_B,0.485757,0.482489,0.04879,0.049499,44.390059,44.572622,5.32885,5.329148,3.411889,3.421356,3.067257,3.122521,0.514318,0.05201,47.547418,5.609434,3.64709,3.243337
C03047,B_L17,DIGITAL_CMOS,CMOS_B,0.569167,0.574167,0.054077,0.057557,43.326209,43.741241,5.253829,5.306178,3.494746,3.512502,3.323522,3.375797,0.667251,0.066763,47.433828,5.448287,3.602113,3.482104
C03048,B_L17,DIGITAL_CMOS,CMOS_B,0.580144,0.579194,0.092405,0.092925,45.46915,45.593816,5.201921,5.164951,3.293068,3.27791,3.097796,3.09716,0.570763,0.09493,45.049426,5.234753,3.340085,3.150514
C03049,B_L17,DIGITAL_CMOS,CMOS_B,0.621555,0.646467,0.05794,0.06037,46.037913,47.261717,4.8299,4.84199,3.164182,3.144188,2.880208,2.877916,0.699061,0.065083,49.910028,4.83882,3.161361,2.889793
C03050,B_L17,DIGITAL_CMOS,CMOS_B,0.625378,0.639648,0.087886,0.093446,49.17733,50.104324,5.280609,5.356181,3.179439,3.208643,2.991419,3.021465,0.691146,0.099298,51.075784,5.426297,3.245276,3.115389
C03051,B_L17,DIGITAL_CMOS,CMOS_B,0.716427,0.721157,0.062617,0.063175,47.025396,47.019145,4.996222,5.000821,2.942723,2.949119,2.829257,2.842084,0.727175,0.068216,47.390103,5.057444,2.989718,2.853948
C03052,B_L17,DIGITAL_CMOS,CMOS_B,0.719332,0.711288,0.107195,0.107977,45.281534,45.409404,5.188692,5.189679,3.516422,3.52545,3.273207,3.276022,0.731026,0.113114,46.012237,5.252773,3.575285,3.278889
C03053,B_L17,DIGITAL_CMOS,CMOS_B,0.663458,0.669115,0.115158,0.11933,45.548438,46.414008,5.068759,5.087864,3.22729,3.265633,2.860213,2.8858,0.736882,0.139723,50.350353,5.091619,3.23077,2.897759
C03054,B_L17,DIGITAL_CMOS,CMOS_B,0.501246,0.496478,0.063581,0.065187,43.725518,44.168252,5.242018,5.329423,3.446906,3.482064,3.071455,3.104761,0.507966,0.066597,44.362789,5.47042,3.593393,3.161591
C03055,B_L17,DIGITAL_CMOS,CMOS_B,0.585802,0.604384,0.067356,0.068625,44.874348,45.128326,5.104676,5.196879,3.396448,3.433955,2.944314,2.945105,0.636682,0.071599,46.174839,5.512515,3.584406,3.044141
C03056,B_L17,DIGITAL_CMOS,CMOS_B,0.536983,0.556615,0.076389,0.079795,41.442486,42.326686,4.929579,4.94329,2.947026,2.958345,2.7759,2.822408,0.634772,0.089367,44.742638,5.17562,3.099357,2.962875
C03057,B_L17,DIGITAL_CMOS,CMOS_B,0.577652,0.581792,0.070946,0.071099,48.572008,48.16292,5.367828,5.340305,3.245426,3.262368,3.116862,3.122422,0.581946,0.072453,48.184189,5.342608,3.249226,3.163289
C03058,B_L17,DIGITAL_CMOS,CMOS_B,0.589707,0.575578,0.072211,0.07347,44.040169,44.018784,5.136632,5.198176,3.117459,3.131299,2.929163,2.965902,0.746618,0.090499,50.929711,5.291975,3.292975,2.984487
C03059,B_L17,DIGITAL_CMOS,CMOS_B,0.487411,0.490513,0.082322,0.086263,42.478748,43.111282,4.925372,4.941833,3.324389,3.330202,3.176818,3.223142,0.576846,0.098935,48.127445,5.01846,3.357824,3.211419
C03060,B_L17,DIGITAL_CMOS,CMOS_B,0.598462,0.631281,0.075222,0.078695,45.874441,46.708622,5.218539,5.234557,3.333491,3.351373,2.933399,2.949518,0.80471,0.098686,50.689217,5.288206,3.387833,2.970316
C03061,B_L17,DIGITAL_CMOS,CMOS_B,0.545785,0.544082,0.0537,0.054997,41.704694,41.403272,5.379052,5.358435,3.6215,3.660528,3.02533,3.030631,0.568945,0.058225,41.500765,5.383744,3.675127,3.045329
C03062,B_L17,DIGITAL_CMOS,CMOS_B,0.504434,0.528621,0.054466,0.056178,41.842843,42.651413,5.124144,5.201617,3.473,3.489785,3.068535,3.081169,0.588212,0.062598,46.389404,5.320239,3.619816,3.149294
C03063,B_L17,DIGITAL_CMOS,CMOS_B,0.539858,0.582921,0.126244,0.311618,45.002536,45.653797,5.059645,5.124026,3.457337,3.468983,2.993006,3.020562,0.805524,1.025226,46.771875,5.141085,3.538621,3.043399
C03064,B_L17,DIGITAL_CMOS,CMOS_B,0.5436,0.548468,0.072421,0.078117,44.686882,45.823577,5.109117,5.144054,3.188248,3.216946,3.040087,3.049603,0.620074,0.085043,48.509278,5.350765,3.477822,3.21216
C03065,B_L17,DIGITAL_CMOS,CMOS_B,0.681969,0.691131,0.100824,0.104601,47.30916,47.798693,5.37351,5.372716,3.388201,3.40672,3.089323,3.098795,0.782094,0.12655,51.723657,5.441231,3.422051,3.126603
C03066,B_L17,DIGITAL_CMOS,CMOS_B,0.568497,0.577785,0.065985,0.069395,46.380296,47.086493,5.199893,5.276519,3.346534,3.354466,3.179575,3.243644,0.644956,0.081628,50.595279,5.44218,3.454774,3.329142
C03067,B_L17,DIGITAL_CMOS,CMOS_B,0.657852,0.674458,0.069371,0.07264,46.145084,46.913348,5.439865,5.501665,3.497435,3.556324,3.113795,3.10924,0.740369,0.076084,48.644867,5.563754,3.703331,3.205572
C03068,B_L17,DIGITAL_CMOS,CMOS_B,0.569178,0.567783,0.06865,0.070946,46.384963,46.478642,5.383534,5.459592,3.36445,3.432388,3.084496,3.059514,0.600865,0.071849,47.236423,5.536802,3.599358,3.153513
C03069,B_L17,DIGITAL_CMOS,CMOS_B,0.585408,0.584105,0.061564,0.06286,43.772344,43.576185,5.087019,5.113343,3.283106,3.272874,3.138337,3.165647,0.598241,0.063589,43.799265,5.126304,3.324139,3.172072
C03070,B_L17,DIGITAL_CMOS,CMOS_B,0.6481,0.646874,0.096997,0.098397,48.766788,48.759244,5.055531,5.044676,3.289838,3.289244,3.029121,3.03601,0.64019,0.100011,49.268978,5.097868,3.303437,3.053508
C03152,B_L19,DIGITAL_CMOS,CMOS_B,0.73713,0.748699,0.072995,0.075874,45.559487,46.127654,4.958607,5.099688,2.94761,2.996442,2.921532,2.950585,0.825121,0.079563,48.484781,5.297418,3.218142,3.122933
C03153,B_L19,DIGITAL_CMOS,CMOS_B,0.577975,0.581878,0.077932,0.078309,44.764705,44.708919,5.383759,5.435523,3.371432,3.372297,3.12041,3.131679,0.593939,0.080096,45.114986,5.844203,3.53874,3.296985
C03154,B_L19,DIGITAL_CMOS,CMOS_B,0.602394,0.609997,0.072633,0.073589,43.669252,43.963397,5.326067,5.340106,2.995959,3.010413,2.880263,2.895088,0.60104,0.074366,43.938088,5.748708,3.169004,3.025342
C03155,B_L19,DIGITAL_CMOS,CMOS_B,0.737417,0.741759,0.089683,0.089153,47.403016,47.326055,5.143511,5.121132,3.159372,3.195712,2.951083,2.922266,0.771458,0.090961,47.861031,5.196892,3.239811,2.971276
C03156,B_L19,DIGITAL_CMOS,CMOS_B,0.646731,0.671718,0.101905,0.107541,47.180936,47.732605,4.888268,4.915356,2.79001,2.808836,2.763917,2.756741,0.758229,0.115215,49.780996,4.966249,2.824393,2.767521
C03157,B_L19,DIGITAL_CMOS,CMOS_B,0.683828,0.669098,0.091422,0.094422,47.766536,48.251127,5.025083,5.130167,3.064895,3.137263,2.801215,2.847959,0.686145,0.093788,48.251804,5.527771,3.467259,3.064993
C03158,B_L19,DIGITAL_CMOS,CMOS_B,0.586981,0.603919,0.100919,0.106901,48.919299,49.77361,5.084849,5.165504,3.139799,3.134726,2.993084,2.990659,0.629497,0.114385,51.970632,5.236853,3.180241,3.002786
C03159,B_L19,DIGITAL_CMOS,CMOS_B,0.546116,0.556241,0.084665,0.084353,47.039563,47.001519,4.881904,4.887995,3.079067,3.037939,2.956054,2.903211,0.561218,0.084976,46.534265,4.900837,3.068789,2.986438
C03160,B_L19,DIGITAL_CMOS,CMOS_B,0.49766,0.521725,0.091154,0.092449,42.764151,42.943491,5.25165,5.252213,3.129395,3.100906,2.841756,2.865352,0.554769,0.098809,44.584527,5.286425,3.138452,2.920566
C03161,B_L19,DIGITAL_CMOS,CMOS_B,0.532725,0.540886,0.068638,0.070495,43.998443,44.297292,5.019619,5.053141,3.272224,3.273036,2.959969,2.981143,0.598004,0.078182,45.839526,5.111398,3.371961,2.973681
C03162,B_L19,DIGITAL_CMOS,CMOS_B,0.647893,0.653162,0.110747,0.110588,48.611191,48.300612,5.031006,5.063779,3.095968,3.086779,2.652736,2.676137,0.660748,0.112812,48.251341,5.140815,3.121416,2.690335
C03163,B_L19,DIGITAL_CMOS,CMOS_B,0.385066,0.393062,0.05343,0.054092,45.014868,45.468592,5.052127,5.039923,3.207064,3.220877,2.87577,2.877796,0.393704,0.054764,45.465165,5.059264,3.192387,2.879946
C03164,B_L19,DIGITAL_CMOS,CMOS_B,0.554855,0.565558,0.0828,0.085287,45.835847,45.963807,4.877194,4.89904,2.844189,2.852749,2.747401,2.742032,0.599692,0.090165,47.948747,5.016537,2.836283,2.783964
C03165,B_L19,DIGITAL_CMOS,CMOS_B,0.737699,0.744315,0.111038,0.114432,47.531409,48.030238,4.97915,4.947645,2.856102,2.859372,2.399106,2.409589,0.82624,0.126118,49.888232,5.038037,2.901669,2.447429
C03166,B_L19,DIGITAL_CMOS,CMOS_B,0.715099,0.720663,0.09382,0.098937,45.853507,46.06207,5.161741,5.17785,3.076521,3.137826,2.904264,2.92803,0.738989,0.106169,47.632552,5.300372,3.229903,2.986306
C03167,B_L19,DIGITAL_CMOS,CMOS_B,0.584105,0.590175,0.088945,0.089571,50.055968,49.114281,6.471385,6.632581,3.304184,3.305115,3.018246,3.049396,0.592033,0.09033,50.141852,7.643231,3.421216,3.205242
C03168,B_L19,DIGITAL_CMOS,CMOS_B,0.649739,0.648454,0.126901,0.132016,43.700306,44.22822,5.212605,5.195569,3.252323,3.253243,3.123353,3.07386,0.741199,0.140484,46.383924,5.293422,3.314126,3.138891
C03169,B_L19,DIGITAL_CMOS,CMOS_B,0.49415,0.493155,0.06559,0.065894,47.951291,48.010369,5.390345,5.362756,3.051951,3.057224,2.887016,2.906585,0.502947,0.065646,47.746088,5.408731,3.077538,2.932976
C03170,B_L19,DIGITAL_CMOS,CMOS_B,0.724102,0.729702,0.087776,0.088864,47.763159,48.154867,5.101538,5.232144,3.084492,3.134628,2.914103,2.984704,0.816941,0.097557,51.154736,5.365265,3.216921,3.029605
C03171,B_L19,DIGITAL_CMOS,CMOS_B,0.662985,0.681972,0.076133,0.079104,47.762016,48.721103,5.469182,5.503508,3.606682,3.620859,3.193202,3.185129,0.71214,0.085337,50.007448,5.630623,3.637523,3.163942
C03172,B_L19,DIGITAL_CMOS,CMOS_B,0.899611,0.916872,0.087247,0.088618,43.503883,43.593841,5.300473,5.344357,3.033275,3.054636,2.940066,2.974897,0.917868,0.089975,44.624518,5.474026,3.259427,3.08665
C03173,B_L19,DIGITAL_CMOS,CMOS_B,0.530901,0.53345,0.084138,0.085758,49.161119,48.427721,5.25399,5.28587,2.99118,2.960189,2.941674,2.925911,0.527103,0.085897,49.740165,5.402215,2.987377,2.969063
C03174,B_L19,DIGITAL_CMOS,CMOS_B,0.508062,0.509852,0.101363,0.107067,43.463035,43.5393,4.865516,4.902707,2.970494,2.992787,2.931179,2.921801,0.5455,0.113277,45.224233,4.982852,2.989631,2.959964
C03175,B_L19,DIGITAL_CMOS,CMOS_B,0.595161,0.593728,0.068102,0.070223,43.683433,43.978052,5.162749,5.153787,3.079204,3.044103,2.968048,2.986566,0.611696,0.070515,44.325527,5.199738,3.048487,3.012249
C03176,B_L19,DIGITAL_CMOS,CMOS_B,0.57722,0.563545,0.089127,0.088363,46.222489,47.118215,5.139315,5.228454,2.909552,2.91127,2.998085,2.972976,0.580997,0.090847,46.414582,5.534308,3.145276,3.190081
C03177,B_L19,DIGITAL_CMOS,CMOS_B,0.633597,0.653286,0.10389,0.10642,44.981357,45.231204,5.165085,5.241898,3.048999,3.093491,2.914792,2.952205,0.702559,0.111135,46.919006,5.451554,3.239856,3.025362
C03178,B_L19,DIGITAL_CMOS,CMOS_B,0.504119,0.529794,0.091403,0.094662,42.943961,43.646095,5.253674,5.282884,3.0653,3.059672,3.032817,3.055177,0.547204,0.097247,44.663778,5.305675,3.064904,3.068772
C03179,B_L19,DIGITAL_CMOS,CMOS_B,0.581507,0.593015,0.075213,0.077512,46.519012,46.686022,5.049907,5.135094,2.903714,2.947663,2.918013,2.958794,0.675563,0.086479,48.711761,5.652223,3.271366,3.153231
C03180,B_L19,DIGITAL_CMOS,CMOS_B,0.524592,0.523643,0.068334,0.069636,48.540788,48.146229,5.495288,5.483533,3.32909,3.351369,3.119641,3.150407,0.526951,0.072133,48.028852,5.59636,3.394513,3.18488
C03181,B_L19,DIGITAL_CMOS,CMOS_B,0.538707,0.539768,0.071211,0.071871,43.259878,42.905692,4.795884,4.831977,2.831746,2.831042,2.79586,2.80657,0.543189,0.073483,43.323326,4.93673,2.86349,2.78229
C03182,B_L19,DIGITAL_CMOS,CMOS_B,0.441122,0.446841,0.096201,0.098085,46.922106,46.469027,5.456462,5.479151,3.15614,3.165112,3.190996,3.19915,0.460394,0.100994,47.293737,5.54857,3.189306,3.215574
C03183,B_L19,DIGITAL_CMOS,CMOS_B,0.444074,0.462132,0.069266,0.072582,46.594117,47.063401,5.39533,5.451329,3.169371,3.181459,3.21794,3.23865,0.492979,0.081393,50.449036,5.508031,3.175011,3.27628
C03184,B_L19,DIGITAL_CMOS,CMOS_B,0.603553,0.614841,0.08583,0.089311,47.871408,47.786145,5.124224,5.218535,3.084475,3.093651,2.946585,2.964453,0.641651,0.094224,49.637474,5.665788,3.233674,3.058363
C03185,B_L19,DIGITAL_CMOS,CMOS_B,0.695436,0.699327,0.085012,0.08551,46.394601,46.22224,5.252177,5.355673,2.947249,3.003195,3.102897,3.107271,0.700415,0.085732,47.523637,5.897242,3.163756,3.290832
C03186,B_L19,DIGITAL_CMOS,CMOS_B,0.500541,0.515486,0.075996,0.077144,49.46496,49.987799,5.351376,5.360252,3.225941,3.194341,2.997808,3.014143,0.568707,0.08196,52.327003,5.41377,3.263188,3.069077
C03187,B_L19,DIGITAL_CMOS,CMOS_B,0.858369,0.892921,0.087776,0.089365,46.519027,47.169127,5.110677,5.09008,3.144307,3.173531,3.093457,3.112433,0.931178,0.095557,49.714272,5.143734,3.182308,3.153471
C03188,B_L19,DIGITAL_CMOS,CMOS_B,0.616553,0.624392,0.099856,0.104401,44.143047,44.187091,4.91991,4.93808,2.881505,2.839856,2.976105,2.986532,0.642205,0.107934,45.997651,4.900063,2.899006,2.966967
C03189,B_L19,DIGITAL_CMOS,CMOS_B,0.446861,0.454681,0.08614,0.088765,45.615313,46.538194,5.114807,5.150912,3.153333,3.170916,3.100188,3.111629,0.485488,0.096426,48.901889,5.41002,3.477099,3.123826
C03190,B_L19,DIGITAL_CMOS,CMOS_B,0.539964,0.562288,0.076376,0.079569,46.220705,46.605688,5.328977,5.391546,3.132265,3.189623,3.053654,3.052499,0.581194,0.084766,48.234117,5.636437,3.366994,3.137548
C03191,B_L19,DIGITAL_CMOS,CMOS_B,0.741927,0.762255,0.077443,0.079033,45.287455,45.991751,5.022243,5.086218,3.115689,3.080362,2.846719,2.838518,0.785098,0.083375,47.41205,5.155972,3.129853,2.84029
C03192,B_L19,DIGITAL_CMOS,CMOS_B,0.782133,0.798369,0.083915,0.083675,48.36046,48.664533,5.211946,5.20468,3.125303,3.127863,2.77019,2.773013,0.788544,0.083803,48.841333,5.27565,3.217112,2.795642
C03193,B_L19,DIGITAL_CMOS,CMOS_B,0.546507,0.536587,0.115358,0.116209,45.50428,45.373278,5.044734,5.052688,2.817652,2.820104,2.878425,2.902509,0.56086,0.120007,45.545094,5.091778,2.844275,2.90537
C03194,B_L19,DIGITAL_CMOS,CMOS_B,0.769264,0.775154,0.097876,0.101592,48.446558,49.843697,5.322664,5.331841,3.118791,3.137767,3.056315,3.132789,0.791767,0.104851,50.879497,5.422919,3.166588,3.118616
C03195,B_L19,DIGITAL_CMOS,CMOS_B,0.651706,0.649913,0.08396,0.085145,47.497095,47.156123,5.47675,5.577265,3.211221,3.265247,3.067422,3.079854,0.656065,0.086177,47.328764,5.735154,3.384117,3.223079
C03196,B_L19,DIGITAL_CMOS,CMOS_B,0.6775,0.683744,0.110775,0.110326,46.74228,46.610876,4.969085,5.020914,2.984345,3.001451,3.066019,3.045972,0.68227,0.111042,47.634567,5.013915,3.061558,3.082514
C03197,B_L19,DIGITAL_CMOS,CMOS_B,0.562851,0.571737,0.067419,0.06999,47.304181,47.684444,5.193756,5.242057,3.277648,3.295157,3.093337,3.11429,0.615706,0.075727,49.128636,5.487882,3.523758,3.249488
C03198,B_L19,DIGITAL_CMOS,CMOS_B,0.418616,0.416399,0.077378,0.077091,46.210386,45.800581,5.335349,5.421628,3.050106,3.073946,3.152109,3.160789,0.425974,0.079333,45.99484,5.859022,3.257779,3.40089
C03199,B_L19,DIGITAL_CMOS,CMOS_B,0.533218,0.541022,0.067694,0.069108,43.194716,43.134149,4.942996,4.946735,3.095505,3.122323,3.027864,3.080162,0.584708,0.07133,44.170012,4.937546,3.130807,3.082666
C03200,B_L19,DIGITAL_CMOS,CMOS_B,0.589828,0.60097,0.088059,0.087992,47.539041,47.683039,5.371543,5.395335,3.047132,3.07011,3.048544,3.081574,0.615826,0.089659,47.976111,5.458714,3.077743,3.059091
C03201,B_L19,DIGITAL_CMOS,CMOS_B,0.53571,0.532358,0.09689,0.102311,42.820574,43.050618,5.297161,5.352712,3.439628,3.473711,3.088298,3.080448,0.555611,0.108129,44.703927,5.388789,3.489988,3.121243
C03202,B_L19,DIGITAL_CMOS,CMOS_B,0.769816,0.752455,0.077423,0.080608,48.150686,48.248449,5.102378,5.091475,3.201192,3.226343,2.983426,2.979354,0.814139,0.085278,49.683182,5.133629,3.234722,2.987769
C03203,B_L19,DIGITAL_CMOS,CMOS_B,0.706244,0.705129,0.124366,0.12584,46.68329,46.815824,5.177488,5.235191,3.000307,3.079678,2.862183,2.891965,0.738614,0.126729,47.413851,5.305373,3.222367,2.959521
C03204,B_L19,DIGITAL_CMOS,CMOS_B,0.617892,0.611963,0.090759,0.091829,46.990679,47.224363,4.695612,4.726957,3.035372,3.098612,2.857062,2.874847,0.61523,0.092231,47.212843,4.996149,3.218629,2.974832
C03205,B_L19,DIGITAL_CMOS,CMOS_B,0.527454,0.548258,0.092051,0.096402,49.156553,49.739151,5.479536,5.523552,3.052667,3.08318,3.002199,3.051697,0.585712,0.100301,51.286478,5.695944,3.18207,3.061813
C03206,B_L19,DIGITAL_CMOS,CMOS_B,0.609401,0.617025,0.102895,0.104926,44.689648,44.849065,5.024363,5.034354,3.069656,3.093723,2.922787,2.94646,0.62107,0.106413,45.924961,5.056933,3.148472,3.024322
C03207,B_L19,DIGITAL_CMOS,CMOS_B,0.549945,0.578576,0.055879,0.056259,41.703127,42.064362,5.144179,5.194902,3.091415,3.149383,3.00408,3.012158,0.595038,0.059976,43.550689,5.185878,3.150396,3.010402
C03208,B_L19,DIGITAL_CMOS,CMOS_B,0.61698,0.621963,0.101967,0.103066,47.229416,47.364581,5.566693,5.556099,4.108703,4.054735,3.537218,3.522521,0.675255,0.108909,50.454016,5.737085,4.223237,3.598373
C03209,B_L19,DIGITAL_CMOS,CMOS_B,0.736718,0.751923,0.12786,0.130906,50.01746,50.486841,5.128149,5.144935,2.958753,2.940375,2.854282,2.849875,0.844409,0.145877,53.977209,5.190261,3.000958,2.866537
C03210,B_L19,DIGITAL_CMOS,CMOS_B,0.607016,0.610017,0.079994,0.081202,44.971033,45.670161,5.315629,5.370713,3.374406,3.398152,3.184338,3.184458,0.630331,0.08187,45.314218,5.65037,3.641713,3.363833
C03211,B_L19,DIGITAL_CMOS,CMOS_B,0.73899,0.721555,0.091579,0.092708,47.279516,47.088781,5.336131,5.334648,3.034919,3.051185,2.858703,2.841171,0.735132,0.095139,47.805485,5.39952,3.085753,2.906806
C03212,B_L19,DIGITAL_CMOS,CMOS_B,0.649043,0.667857,0.08855,0.090059,47.710824,47.699102,5.292298,5.280096,3.174014,3.179837,2.879042,2.86255,0.705922,0.091168,48.033343,5.358678,3.237088,2.884746
C03213,B_L19,DIGITAL_CMOS,CMOS_B,0.50139,0.501476,0.067953,0.069175,46.362911,46.308555,5.283217,5.28626,2.84924,2.831914,2.989034,2.957082,0.516042,0.070005,47.317751,5.383852,2.897639,3.003939
C03214,B_L19,DIGITAL_CMOS,CMOS_B,0.451728,0.454145,0.079199,0.079946,44.383401,44.416351,5.314126,5.35675,3.223429,3.228,3.010708,3.029082,0.473178,0.081398,45.090179,5.456628,3.256812,3.037788
C03215,B_L19,DIGITAL_CMOS,CMOS_B,0.523384,0.524901,0.075925,0.077433,46.995874,47.589507,5.248784,5.277353,3.08905,3.124965,2.725038,2.778915,0.542121,0.078701,47.775166,5.467926,3.258766,2.891816
C03216,B_L19,DIGITAL_CMOS,CMOS_B,0.571726,0.565314,0.081891,0.083126,45.954881,46.041663,5.061729,5.132267,2.944931,2.951164,3.016407,3.009012,0.559559,0.083807,46.687337,5.19118,2.967155,3.016169
C03217,B_L19,DIGITAL_CMOS,CMOS_B,0.405744,0.421628,0.078099,0.080239,49.085888,50.68191,5.1508,5.276064,3.173111,3.218697,3.036116,3.103842,0.442543,0.08177,51.660357,5.455488,3.331671,3.212885
C03218,B_L19,DIGITAL_CMOS,CMOS_B,0.677429,0.676064,0.062968,0.062454,47.560503,48.06018,5.130603,5.19981,3.134305,3.160087,2.945709,2.909593,0.689675,0.063716,48.340414,5.13695,3.184336,2.971191
C03219,B_L19,DIGITAL_CMOS,CMOS_B,0.870477,0.900119,0.109025,0.113806,48.508321,49.2109,5.435527,5.459117,3.135712,3.140253,2.986117,2.974145,0.956692,0.119301,51.364922,5.479383,3.178583,3.005966
C03220,B_L19,DIGITAL_CMOS,CMOS_B,0.508541,0.5288,0.112242,0.11577,49.068285,49.312835,5.323643,5.410639,3.288415,3.363093,3.184266,3.223325,0.59153,0.123264,50.414275,5.793152,3.546067,3.368669
C03221,B_L19,DIGITAL_CMOS,CMOS_B,0.380338,0.38487,0.072007,0.072806,44.594999,44.752388,5.104329,5.151753,2.94131,2.977827,3.062687,3.068197,0.418621,0.077746,47.744631,5.22845,2.977332,3.100839
C03301,B_L21,DIGITAL_CMOS,CMOS_B,0.647629,0.655748,0.077665,0.082226,47.067892,47.882069,5.316303,5.307284,3.235361,3.218894,2.987016,3.036753,0.69893,0.085412,48.507501,5.602963,3.43425,3.128136
C03302,B_L21,DIGITAL_CMOS,CMOS_B,0.620438,0.62218,0.093663,0.094998,46.465899,46.718338,5.252482,5.294893,3.046562,3.04874,2.975279,2.99514,0.622443,0.096812,46.414524,5.510893,3.207936,3.124661
C03303,B_L21,DIGITAL_CMOS,CMOS_B,0.68596,0.680467,0.087759,0.089965,46.852665,47.138502,5.37641,5.422058,3.170034,3.19447,3.071326,3.108168,0.728019,0.097499,48.245873,5.493062,3.28787,3.165053
C03304,B_L21,DIGITAL_CMOS,CMOS_B,0.737556,0.7384,0.127693,0.13056,44.3382,44.483189,5.281233,5.367961,3.197739,3.255694,3.036776,3.036328,0.74547,0.134576,44.803898,5.551483,3.356516,3.115217
C03305,B_L21,DIGITAL_CMOS,CMOS_B,0.611002,0.617006,0.092356,0.097,44.673381,45.232234,5.285775,5.274721,3.069911,3.072656,3.056666,3.046684,0.652308,0.105747,45.438163,5.324594,3.119403,3.080603
C03306,B_L21,DIGITAL_CMOS,CMOS_B,0.771099,0.792559,0.128142,0.135011,49.571046,49.980502,5.040506,5.109408,2.948856,2.94727,2.596841,2.625223,0.812479,0.142974,50.854462,5.296783,3.115959,2.744033
C03307,B_L21,DIGITAL_CMOS,CMOS_B,0.595661,0.605558,0.066351,0.06829,49.711602,49.894878,5.33176,5.357431,3.371848,3.449321,3.121856,3.121472,0.648285,0.074641,51.60326,5.613974,3.612472,3.250204
C03308,B_L21,DIGITAL_CMOS,CMOS_B,0.60326,0.597274,0.063298,0.064703,45.598764,45.625321,5.126735,5.151071,2.943135,2.947528,2.991353,3.001371,0.638982,0.071231,46.728404,5.395796,3.086805,3.083391
C03309,B_L21,DIGITAL_CMOS,CMOS_B,0.786937,0.781879,0.077925,0.076946,47.913371,47.769968,5.431372,5.469398,3.47307,3.480532,2.969947,2.980955,0.80171,0.080121,48.071387,5.483269,3.547352,2.999999
C03310,B_L21,DIGITAL_CMOS,CMOS_B,0.666134,0.665149,0.109182,0.114152,48.806575,48.596292,4.800975,4.795724,3.240294,3.279368,2.957544,2.98718,0.718655,0.129019,50.730131,4.875498,3.312181,3.00416
C03311,B_L21,DIGITAL_CMOS,CMOS_B,0.500273,0.505906,0.064509,0.068953,45.783162,46.479551,5.296872,5.322723,3.173933,3.180472,2.789503,2.811373,0.536258,0.075868,46.933567,5.317665,3.207641,2.795542
C03312,B_L21,DIGITAL_CMOS,CMOS_B,0.720759,0.701635,0.07861,0.078946,43.251916,43.55942,5.078855,5.099192,3.220626,3.245422,3.012738,2.988583,0.72255,0.079679,43.670864,5.190279,3.237934,2.999091
C03313,B_L21,DIGITAL_CMOS,CMOS_B,0.579699,0.593597,0.073438,0.076371,48.688228,48.899237,5.294445,5.377247,3.022148,3.0804,3.064435,3.092552,0.601851,0.082758,49.980463,5.628077,3.253826,3.165279
C03314,B_L21,DIGITAL_CMOS,CMOS_B,0.718518,0.725618,0.084579,0.083848,49.586197,49.950107,5.224362,5.233632,3.171868,3.181797,2.960454,2.945635,0.729141,0.084,49.666728,5.427669,3.38332,3.041055
C03315,B_L21,DIGITAL_CMOS,CMOS_B,0.696143,0.704611,0.13213,0.13512,48.800392,49.215272,5.353268,5.383774,3.213554,3.216334,2.889313,2.947895,0.735958,0.142213,49.526465,5.481748,3.335892,3.027064
C03316,B_L21,DIGITAL_CMOS,CMOS_B,0.79568,0.786126,0.095657,0.09735,48.28424,48.122637,5.318794,5.368152,3.218442,3.229388,3.106457,3.094502,0.816588,0.099727,48.728174,5.536551,3.411887,3.255806
C03317,B_L21,DIGITAL_CMOS,CMOS_B,0.678076,0.687565,0.083919,0.085396,48.637912,49.314372,5.435716,5.378187,3.257313,3.24617,3.101549,3.094834,0.743369,0.091103,50.419024,5.43802,3.291599,3.104972
C03318,B_L21,DIGITAL_CMOS,CMOS_B,0.588976,0.596418,0.070144,0.074377,46.547884,46.143192,5.388346,5.395537,3.291905,3.29114,3.33945,3.337892,0.658748,0.083254,47.77207,5.445715,3.298924,3.316154
C03319,B_L21,DIGITAL_CMOS,CMOS_B,0.499101,0.504049,0.091263,0.093534,45.062745,45.313234,5.375347,5.432734,3.242804,3.276426,2.965303,2.987635,0.523394,0.098977,46.620436,5.658277,3.454634,3.103293
C03320,B_L21,DIGITAL_CMOS,CMOS_B,0.602952,0.599845,0.0663,0.06902,49.043209,49.348548,5.334703,5.378029,3.174379,3.159705,2.848873,2.840105,0.657539,0.080427,50.92312,5.420182,3.17701,2.890659
C03321,B_L21,DIGITAL_CMOS,CMOS_B,0.46718,0.470422,0.064854,0.065377,43.220298,43.516206,5.318587,5.371362,3.209169,3.198765,3.230885,3.242633,0.482161,0.066946,43.794742,5.667675,3.386099,3.31225
C03322,B_L21,DIGITAL_CMOS,CMOS_B,0.667285,0.672562,0.182884,0.18638,44.82641,44.794126,5.122405,5.169697,3.095651,3.072155,2.817863,2.831736,0.671559,0.191117,45.231485,5.281541,3.134665,2.853063
C03323,B_L21,DIGITAL_CMOS,CMOS_B,0.557956,0.567895,0.100849,0.102468,47.594722,47.448251,5.359119,5.33602,3.236546,3.254674,3.18922,3.2085,0.601855,0.109664,48.265758,5.377455,3.259184,3.233946
C03324,B_L21,DIGITAL_CMOS,CMOS_B,0.559184,0.561165,0.083071,0.083005,45.693301,45.660037,4.893456,4.872627,3.147838,3.190462,3.041195,3.025821,0.557856,0.08565,46.023579,4.951798,3.218602,3.041309
C03325,B_L21,DIGITAL_CMOS,CMOS_B,0.548195,0.556492,0.092571,0.092594,49.588169,49.48255,5.418334,5.392052,3.299953,3.312999,3.170133,3.174358,0.567873,0.095874,49.272559,5.419412,3.303503,3.184938
C03326,B_L21,DIGITAL_CMOS,CMOS_B,0.649437,0.64701,0.080835,0.082676,47.707811,47.493461,5.573205,5.61955,3.432378,3.457139,3.207443,3.224301,0.644618,0.085137,47.681383,5.718706,3.490807,3.26497
C03327,B_L21,DIGITAL_CMOS,CMOS_B,0.645372,0.653145,0.099237,0.099993,46.592483,47.021077,5.035543,5.136321,3.149397,3.14437,2.973792,2.997325,0.676319,0.106986,48.355525,5.26456,3.262972,3.03395
C03328,B_L21,DIGITAL_CMOS,CMOS_B,0.638115,0.62837,0.12802,0.131656,51.591887,51.879701,5.268174,5.324864,3.325624,3.357229,3.1027,3.124576,0.634466,0.135144,51.870186,5.47319,3.53308,3.225233
C03329,B_L21,DIGITAL_CMOS,CMOS_B,0.42983,0.431816,0.081608,0.084722,47.145691,47.209938,5.076359,5.133404,3.148957,3.172276,3.205243,3.189639,0.465805,0.098049,48.386923,5.3712,3.381529,3.386619
C03330,B_L21,DIGITAL_CMOS,CMOS_B,0.764722,0.767072,0.081367,0.080691,47.673847,47.77396,5.143735,5.186932,3.346197,3.408327,2.984488,3.009587,0.766225,0.0804,47.622095,5.327132,3.50387,3.116826
C03331,B_L21,DIGITAL_CMOS,CMOS_B,0.724472,0.741981,0.081628,0.084868,48.734,49.058929,5.20636,5.176254,3.200168,3.217758,2.936865,2.931215,0.761947,0.090535,49.393349,5.223425,3.202936,2.927289
C03332,B_L21,DIGITAL_CMOS,CMOS_B,0.671028,0.688198,0.069136,0.07358,50.219544,49.63446,4.90059,4.955042,2.907951,2.944031,2.964637,2.961057,0.719602,0.077019,50.48394,5.136755,3.051214,3.023687
C03333,B_L21,DIGITAL_CMOS,CMOS_B,0.602747,0.593847,0.070442,0.072832,51.726202,51.731747,5.019751,5.010326,3.054689,3.049667,2.846824,2.854208,0.611752,0.073028,51.681908,5.05055,3.097779,2.844554
C03334,B_L21,DIGITAL_CMOS,CMOS_B,0.506157,0.513542,0.064701,0.066921,45.10459,45.435504,5.497471,5.560584,3.390409,3.368954,3.099552,3.129073,0.532371,0.071179,46.178833,5.599516,3.405778,3.141535
C03335,B_L21,DIGITAL_CMOS,CMOS_B,0.636237,0.640509,0.063602,0.063987,46.376797,46.047387,4.930815,4.958885,3.394386,3.386526,3.1199,3.117708,0.663228,0.0648,46.523609,4.933472,3.419082,3.135044
C03336,B_L21,DIGITAL_CMOS,CMOS_B,0.699484,0.709598,0.072505,0.074061,49.74635,50.332393,5.164638,5.199205,3.208583,3.233591,3.01089,3.029704,0.74233,0.082721,50.875256,5.221235,3.227829,3.048841
C03337,B_L21,DIGITAL_CMOS,CMOS_B,0.604876,0.604178,0.106922,0.107737,43.144227,43.242185,5.203414,5.250218,3.093125,3.097197,3.153558,3.153256,0.598078,0.11141,43.375294,5.52066,3.24747,3.288546
C03338,B_L21,DIGITAL_CMOS,CMOS_B,0.775279,0.76882,0.080129,0.081573,50.364358,50.480377,5.099232,5.080858,2.919834,2.925562,2.866295,2.878325,0.774383,0.085745,50.835281,5.095266,2.95404,2.884824
C03339,B_L21,DIGITAL_CMOS,CMOS_B,0.66122,0.657592,0.120952,0.122432,44.562854,44.722357,5.424934,5.487919,3.115788,3.126565,3.00681,3.026707,0.657883,0.123492,44.752487,5.543716,3.138587,3.041428
C03340,B_L21,DIGITAL_CMOS,CMOS_B,0.837875,0.822278,0.119454,0.117677,50.384778,50.625308,5.372837,5.515785,3.132003,3.183311,3.051203,3.062805,0.842996,0.123379,50.947815,5.699761,3.231573,3.15698
C03341,B_L21,DIGITAL_CMOS,CMOS_B,0.70566,0.73039,0.094305,0.10315,47.877503,47.514978,5.211491,5.200396,3.138446,3.219049,3.120164,3.14093,0.771627,0.11026,48.294721,5.382209,3.288884,3.198029
C03342,B_L21,DIGITAL_CMOS,CMOS_B,0.670537,0.663636,0.089408,0.091747,45.867042,45.896184,5.573976,5.551101,3.294071,3.321543,2.960105,2.956313,0.664936,0.092577,46.468683,5.629964,3.36416,3.010833
C03343,B_L21,DIGITAL_CMOS,CMOS_B,0.632532,0.634268,0.081074,0.083329,46.847876,47.307533,5.16848,5.214491,3.320277,3.311047,3.088367,3.115656,0.660374,0.088611,47.027061,5.277347,3.303785,3.100008
C03344,B_L21,DIGITAL_CMOS,CMOS_B,0.759762,0.75993,0.094391,0.09741,43.987451,44.079787,5.38241,5.438464,3.460364,3.482566,3.225366,3.262474,0.80221,0.099345,44.945638,5.6631,3.580052,3.335706
C03345,B_L21,DIGITAL_CMOS,CMOS_B,0.509878,0.514174,0.068445,0.07064,46.801323,46.625928,5.220803,5.318548,3.206042,3.264349,3.053707,3.058324,0.538182,0.073401,47.679925,5.535431,3.344787,3.105234
C03346,B_L21,DIGITAL_CMOS,CMOS_B,0.56826,0.576157,0.085315,0.085814,45.202158,44.945083,4.847863,4.895749,3.193681,3.250951,2.828609,2.835117,0.575847,0.089171,45.377965,5.095803,3.370444,2.913014
C03347,B_L21,DIGITAL_CMOS,CMOS_B,0.600702,0.605208,0.121662,0.125651,47.393908,47.9756,5.097689,5.112386,3.022173,3.022448,2.844299,2.845635,0.614403,0.124824,48.256972,5.160956,3.018025,2.864946
C03348,B_L21,DIGITAL_CMOS,CMOS_B,0.642897,0.652862,0.074604,0.074706,48.083192,48.698486,5.205788,5.251434,3.031267,3.0525,2.909526,2.911924,0.655622,0.077961,48.579135,5.594185,3.24173,3.009532
C03349,B_L21,DIGITAL_CMOS,CMOS_B,0.943708,0.952265,0.088372,0.090435,48.773744,49.121233,4.729313,4.743505,2.922394,2.907957,2.89998,2.906082,0.999023,0.097647,49.973052,4.773053,2.951723,2.944815
C03350,B_L21,DIGITAL_CMOS,CMOS_B,0.441293,0.450331,0.079082,0.083066,46.006064,45.603049,5.287922,5.28984,3.124794,3.150732,2.810813,2.805602,0.465198,0.088033,46.333442,5.340194,3.157206,2.850055
C03351,B_L21,DIGITAL_CMOS,CMOS_B,0.644532,0.633127,0.097466,0.099002,52.409083,52.272656,5.120927,5.199638,3.35313,3.361179,3.116536,3.16664,0.65226,0.101067,52.931173,5.440464,3.517559,3.248163
C03352,B_L21,DIGITAL_CMOS,CMOS_B,0.676401,0.682873,0.076224,0.079685,45.63102,46.595685,5.309184,5.282732,3.410896,3.417904,3.111716,3.085461,0.746031,0.0858,46.863389,5.300202,3.472868,3.091955
C03353,B_L21,DIGITAL_CMOS,CMOS_B,0.548204,0.547792,0.076986,0.077289,44.065121,44.004533,5.112121,5.134033,3.316093,3.313288,2.881266,2.884627,0.560376,0.079669,44.211844,5.130888,3.343982,2.938067
C03354,B_L21,DIGITAL_CMOS,CMOS_B,0.531533,0.529819,0.067809,0.069013,45.773505,45.642405,5.563155,5.578022,3.178507,3.182157,3.056726,3.079387,0.532047,0.071012,45.771195,5.605218,3.172662,3.082912
C03355,B_L21,DIGITAL_CMOS,CMOS_B,0.573352,0.574225,0.068641,0.069907,44.458684,44.153244,5.199697,5.240542,3.162412,3.162805,3.054356,3.036828,0.577639,0.071291,44.872194,5.260819,3.202113,3.080562
C03356,B_L21,DIGITAL_CMOS,CMOS_B,0.615306,0.635388,0.081436,0.087002,49.958004,50.526237,5.369925,5.35277,3.315642,3.281059,3.408525,3.402274,0.664942,0.098042,51.583084,5.368627,3.316471,3.420046
C03357,B_L21,DIGITAL_CMOS,CMOS_B,0.712853,0.737262,0.093964,0.098863,47.453232,47.908619,5.124868,5.139643,3.521585,3.50592,3.145263,3.140793,0.753815,0.106565,48.943459,5.203846,3.50185,3.209118
C03358,B_L21,DIGITAL_CMOS,CMOS_B,0.645437,0.637015,0.125919,0.133258,50.768111,51.294599,4.874411,4.891564,3.086865,3.102847,2.972424,2.981816,0.658273,0.141515,52.019772,5.03796,3.180713,3.039263
C03359,B_L21,DIGITAL_CMOS,CMOS_B,0.456436,0.455549,0.067309,0.069222,44.138164,44.350473,5.065998,5.096645,2.948678,2.976886,2.914244,2.876816,0.502513,0.077267,45.831718,5.090131,3.002134,2.918389
C03360,B_L21,DIGITAL_CMOS,CMOS_B,0.843377,0.846958,0.074949,0.076263,45.258808,45.21218,5.336865,5.452207,3.243373,3.294003,3.03371,3.061896,0.871798,0.08259,46.867994,5.568218,3.438668,3.150816
C03361,B_L21,DIGITAL_CMOS,CMOS_B,0.521983,0.526635,0.106897,0.110575,47.896554,48.485837,5.508089,5.562712,3.323639,3.402655,3.394732,3.413157,0.570225,0.123151,49.422035,5.68027,3.446666,3.457364
C03362,B_L21,DIGITAL_CMOS,CMOS_B,0.603125,0.61377,0.122903,0.128071,45.429415,45.183602,5.166603,5.214784,3.098935,3.072935,3.128917,3.120574,0.657882,0.136265,45.865497,5.227394,3.080937,3.128284
C03363,B_L21,DIGITAL_CMOS,CMOS_B,0.626073,0.624436,0.071592,0.072682,49.309782,49.044442,5.282923,5.260968,3.36965,3.38709,3.159296,3.176139,0.64424,0.074104,49.043065,5.387739,3.399747,3.191838
C03364,B_L21,DIGITAL_CMOS,CMOS_B,0.447432,0.456956,0.058522,0.060004,47.225817,47.834296,4.883974,4.861598,3.149903,3.149969,2.991892,2.995946,0.472469,0.064698,47.612813,4.884742,3.158509,3.014218
C03365,B_L21,DIGITAL_CMOS,CMOS_B,0.612502,0.614896,0.078801,0.080617,46.709329,47.127858,5.12352,5.152352,3.132719,3.131877,2.918575,2.921714,0.661531,0.08909,48.193131,5.418469,3.290829,3.038115
C03366,B_L21,DIGITAL_CMOS,CMOS_B,0.424349,0.421924,0.07706,0.079978,45.496534,45.75878,5.297767,5.309454,3.38111,3.394854,3.086105,3.133572,0.461922,0.089902,46.715993,5.548165,3.566314,3.250631
C03367,B_L21,DIGITAL_CMOS,CMOS_B,0.786862,0.808366,0.142121,0.144772,48.466789,49.018869,5.102587,5.104633,3.176759,3.163027,2.958045,2.998026,0.870726,0.163583,50.217786,5.156716,3.248085,2.974881
C03368,B_L21,DIGITAL_CMOS,CMOS_B,0.560489,0.560649,0.068785,0.069476,46.03583,45.782493,5.012416,5.08088,3.296831,3.306066,3.158143,3.16076,0.585393,0.07079,45.921731,5.202233,3.433424,3.23353
C03369,B_L21,DIGITAL_CMOS,CMOS_B,0.509375,0.532851,0.074531,0.078244,42.377284,42.67942,5.059733,5.162429,3.059331,3.052744,2.824611,2.847027,0.567189,0.092732,43.443488,5.293305,3.281749,2.907153
C03370,B_L21,DIGITAL_CMOS,CMOS_B,0.776391,0.776298,0.091029,0.092563,43.59836,43.89913,5.208236,5.251855,3.152573,3.180595,3.099629,3.101907,0.843499,0.106276,45.163103,5.340871,3.328738,3.194085
C03523,B_L24,DIGITAL_CMOS,CMOS_B,0.601493,0.628301,0.079156,0.084465,45.978848,47.189141,5.170378,5.196288,3.390602,3.381083,2.997227,3.008928,0.677013,0.09506,49.511967,5.167895,3.426915,3.00363
C03524,B_L24,DIGITAL_CMOS,CMOS_B,0.505352,0.51228,0.083024,0.08929,47.858596,48.345883,5.428583,5.473154,3.529173,3.529249,3.260904,3.279681,0.596314,0.106337,51.028459,5.497595,3.626891,3.294318
C03525,B_L24,DIGITAL_CMOS,CMOS_B,0.636644,0.695366,0.077818,0.08047,49.995919,50.924676,5.200294,5.182295,3.167486,3.174232,2.894613,2.888043,0.7484,0.085656,52.855743,5.251023,3.236156,2.949158
C03526,B_L24,DIGITAL_CMOS,CMOS_B,0.528492,0.546951,0.081406,0.085464,46.575659,47.514434,5.126712,5.179838,3.339374,3.391815,2.917696,2.966973,0.585934,0.090483,49.921974,5.36866,3.509409,3.051998
C03527,B_L24,DIGITAL_CMOS,CMOS_B,0.695024,0.724284,0.098845,0.103849,47.022145,48.339733,4.80426,4.828122,3.173392,3.194449,2.775648,2.79088,0.782541,0.112614,49.627902,4.872856,3.185959,2.827303
C03528,B_L24,DIGITAL_CMOS,CMOS_B,0.656064,0.678558,0.090529,0.096289,47.162817,47.223701,5.267089,5.291473,3.414175,3.458597,3.112909,3.142809,0.755184,0.104414,48.860968,5.466439,3.731137,3.270979
C03529,B_L24,DIGITAL_CMOS,CMOS_B,0.644811,0.646005,0.08798,0.088999,47.589455,47.664914,4.754884,4.744591,3.355706,3.318273,2.815835,2.790637,0.654277,0.092009,48.627098,4.793969,3.355777,2.835345
C03530,B_L24,DIGITAL_CMOS,CMOS_B,0.626579,0.634754,0.102845,0.104387,48.697841,48.626996,5.132147,5.166173,3.37391,3.352489,3.025702,3.035647,0.647625,0.106435,48.657293,5.185947,3.40115,3.071221
C03531,B_L24,DIGITAL_CMOS,CMOS_B,0.62927,0.655608,0.066481,0.069242,46.130676,47.024647,4.875877,4.835375,3.396294,3.430128,2.857105,2.891942,0.702761,0.076676,47.682979,4.925058,3.433274,2.890404
C03532,B_L24,DIGITAL_CMOS,CMOS_B,0.605014,0.618677,0.076957,0.07839,48.041897,48.470748,5.266854,5.263242,3.287789,3.291257,3.165077,3.173641,0.632283,0.082591,48.799567,5.304225,3.370718,3.194539
C03533,B_L24,DIGITAL_CMOS,CMOS_B,0.497404,0.51477,0.050885,0.055177,46.49254,46.974382,5.413335,5.409172,3.369451,3.338663,3.094462,3.112291,0.560661,0.059253,48.671956,5.419961,3.35673,3.144211
C03534,B_L24,DIGITAL_CMOS,CMOS_B,0.651842,0.654711,0.099742,0.104593,48.278888,49.125821,5.099564,5.112944,3.364324,3.325888,2.956919,2.994806,0.714501,0.114819,50.944328,5.216339,3.475209,3.091359
C03535,B_L24,DIGITAL_CMOS,CMOS_B,0.596865,0.621232,0.076818,0.080943,50.251179,51.052054,5.46485,5.563772,3.71161,3.781514,3.199865,3.214752,0.6645,0.08775,52.184448,5.684883,3.943676,3.247243
C03536,B_L24,DIGITAL_CMOS,CMOS_B,0.696159,0.707254,0.071618,0.074634,46.729915,47.493817,5.106271,5.12423,3.44744,3.488805,3.123342,3.168108,0.758456,0.078845,48.732628,5.184713,3.617217,3.654112
C03537,B_L24,DIGITAL_CMOS,CMOS_B,0.667662,0.666261,0.092801,0.095145,49.018505,49.561486,5.293758,5.320845,3.480513,3.476726,3.125236,3.13427,0.717426,0.099965,49.78742,5.310382,3.542681,3.116304
C03538,B_L24,DIGITAL_CMOS,CMOS_B,0.700919,0.706929,0.062073,0.064487,47.180458,47.275803,4.608277,4.625163,2.884367,2.880511,2.748822,2.753847,0.698055,0.066855,46.99091,4.686559,2.909324,2.750041
C03539,B_L24,DIGITAL_CMOS,CMOS_B,0.710299,0.73454,0.109798,0.113559,50.487499,51.068022,5.134364,5.147143,3.289496,3.272852,3.020149,3.030638,0.830408,0.139143,54.049978,5.177719,3.353016,3.050894
C03540,B_L24,DIGITAL_CMOS,CMOS_B,0.636537,0.654162,0.073063,0.073635,46.878228,46.80014,5.014703,5.008542,3.447111,3.488602,3.056518,3.071748,0.651971,1.054399,51.846728,5.208596,3.675221,3.196304
C03541,B_L24,DIGITAL_CMOS,CMOS_B,0.507406,0.517468,0.062822,0.063703,51.696103,51.144329,5.156171,5.265144,3.435971,3.4607,3.012629,3.076306,0.529783,0.064362,51.572759,5.438856,3.568101,3.145913
C03542,B_L24,DIGITAL_CMOS,CMOS_B,0.600024,0.607814,0.099482,0.104979,47.758879,48.605582,5.241664,5.315861,3.22296,3.294223,3.183648,3.172655,0.690744,0.120343,51.094092,5.40006,3.466378,3.317087
C03543,B_L24,DIGITAL_CMOS,CMOS_B,0.706199,0.729743,0.080036,0.086428,46.627701,47.684385,5.288433,5.312676,3.500034,3.513511,3.165551,3.136347,0.776549,0.096599,49.636365,5.32769,3.519513,3.145713
C03544,B_L24,DIGITAL_CMOS,CMOS_B,0.921385,0.936458,0.123962,0.13059,48.972544,49.186904,5.452891,5.474269,3.380823,3.408106,3.171344,3.170333,0.952293,0.133267,50.753844,5.486745,3.413018,3.200659
C03545,B_L24,DIGITAL_CMOS,CMOS_B,0.668402,0.668835,0.134532,0.133656,48.638339,48.327801,4.937841,5.019822,3.291639,3.30634,2.841688,2.854375,0.669341,0.136594,49.137219,5.056987,3.363738,2.911127
C03546,B_L24,DIGITAL_CMOS,CMOS_B,0.683577,0.684634,0.093935,0.094646,50.860123,51.441454,5.059233,5.128597,3.065874,3.029467,3.009612,2.999656,0.688045,0.100138,51.928917,5.177214,3.072891,2.993616
C03547,B_L24,DIGITAL_CMOS,CMOS_B,0.601446,0.619086,0.08812,0.095249,45.559174,46.192974,5.008108,4.984949,3.173552,3.156622,3.078299,3.138796,0.692442,0.10098,47.655677,5.084778,3.259254,3.226974
C03548,B_L24,DIGITAL_CMOS,CMOS_B,0.434955,0.448218,0.067496,0.072975,46.655744,47.530776,5.133867,5.124984,3.278405,3.276866,2.966101,2.959311,0.47108,0.07985,49.230102,5.159074,3.325488,2.996204
C03549,B_L24,DIGITAL_CMOS,CMOS_B,0.602529,0.627684,0.072253,0.076191,47.629284,47.550428,4.903999,4.966489,3.189357,3.243567,3.083031,3.074915,0.709456,0.087023,50.248571,5.139738,3.521101,3.14478
C03550,B_L24,DIGITAL_CMOS,CMOS_B,0.552143,0.583428,0.08911,0.091741,50.481834,50.788382,4.950513,5.012225,3.123503,3.188074,2.899304,2.936723,0.64694,0.103094,55.663052,5.174603,3.348203,3.03184
C03551,B_L24,DIGITAL_CMOS,CMOS_B,0.677623,0.691365,0.091692,0.093831,47.444577,48.077247,4.783348,4.766216,3.320596,3.343781,3.00707,3.022228,0.749941,0.10143,50.078498,4.794054,3.406388,3.019249
C03552,B_L24,DIGITAL_CMOS,CMOS_B,0.592913,0.601594,0.064003,0.066875,47.002262,47.719913,5.169401,5.185838,3.36751,3.400937,3.096217,3.128435,0.687099,0.077961,50.285535,5.333145,3.555382,3.175675
C03553,B_L24,DIGITAL_CMOS,CMOS_B,0.548794,0.555664,0.063947,0.065127,47.156383,47.720884,5.307579,5.303176,3.435135,3.437933,3.137464,3.119993,0.58824,0.067193,48.127726,5.382149,3.455589,3.097967
C03554,B_L24,DIGITAL_CMOS,CMOS_B,0.525601,0.545564,0.088013,0.091598,50.422791,50.962512,5.386983,5.328231,3.318275,3.342466,3.013709,3.004824,0.584143,0.103385,53.963259,5.397045,3.387726,3.034383
C03555,B_L24,DIGITAL_CMOS,CMOS_B,0.623909,0.652989,0.078576,0.082153,50.243293,51.629009,5.348855,5.326421,3.3331,3.38164,2.953736,2.943932,0.711235,0.084364,52.641976,5.356092,3.365327,2.913287
C03556,B_L24,DIGITAL_CMOS,CMOS_B,0.547663,0.55636,0.092719,0.094714,47.222737,47.691881,5.21621,5.192204,3.440965,3.419804,3.141102,3.168736,0.568523,0.099623,47.453331,5.179222,3.424375,3.170757
C03557,B_L24,DIGITAL_CMOS,CMOS_B,0.841225,0.876889,0.114123,0.121211,48.668517,50.176579,4.68683,4.720982,3.236013,3.286049,2.793804,2.846469,0.95689,0.137798,51.453568,4.828699,3.345681,2.866945
C03558,B_L24,DIGITAL_CMOS,CMOS_B,0.981153,1.018665,0.108823,0.114708,50.235095,51.27977,5.057752,5.121054,3.438591,3.503062,2.882255,2.9126,1.075699,0.123111,52.220486,5.150421,3.600643,2.972025
C03559,B_L24,DIGITAL_CMOS,CMOS_B,0.781165,0.803738,0.116405,0.1234,49.43412,51.143171,5.229407,5.203997,3.258284,3.24553,2.88793,2.88009,0.873511,0.138737,53.450118,5.233168,3.292085,2.89528
C03560,B_L24,DIGITAL_CMOS,CMOS_B,0.564171,0.574573,0.100133,0.100917,49.534409,49.883438,5.091715,5.112927,3.428914,3.439707,3.174258,3.19859,0.578725,0.104458,50.047276,5.34323,3.656408,3.337316
C03561,B_L24,DIGITAL_CMOS,CMOS_B,0.513397,0.526002,0.06507,0.067627,45.801565,45.937022,5.308361,5.337191,3.375182,3.416299,3.337484,3.332674,0.527502,0.070565,46.683671,5.398368,3.544022,3.429181
C03562,B_L24,DIGITAL_CMOS,CMOS_B,0.647562,0.655021,0.110533,0.109691,46.359058,46.340747,5.281865,5.302977,3.337015,3.359619,3.051755,3.055596,0.673809,0.11102,48.031819,5.339787,3.338049,3.086967
C03563,B_L24,DIGITAL_CMOS,CMOS_B,0.598519,0.607256,0.068371,0.0754,46.713282,47.54909,5.527626,5.568833,3.62917,3.678464,3.201778,3.220348,0.659155,0.08815,49.582282,5.667459,3.768147,3.29965
C03564,B_L24,DIGITAL_CMOS,CMOS_B,0.605049,0.614374,0.076912,0.07877,45.49684,45.650878,5.10815,5.154735,3.219628,3.28241,3.08085,3.130556,0.615408,0.079272,46.068973,5.263183,3.367676,3.153842
C03565,B_L24,DIGITAL_CMOS,CMOS_B,0.782917,0.782471,0.087555,0.088983,44.42727,44.40614,5.499346,5.49632,3.348925,3.349414,2.997539,2.997758,0.786292,0.090792,44.323004,5.570352,3.371259,3.001116
C03566,B_L24,DIGITAL_CMOS,CMOS_B,0.538597,0.53603,0.089649,0.091764,46.117455,46.401729,5.494448,5.519522,3.365119,3.336324,3.058295,3.031934,0.565795,0.094879,47.027899,5.551588,3.433052,3.07789
C03567,B_L24,DIGITAL_CMOS,CMOS_B,0.563383,0.575507,0.077796,0.084229,47.363148,48.519609,4.948114,4.983723,3.236337,3.298892,2.753052,2.767349,0.625651,0.093332,49.618044,5.136796,3.52177,2.91668
C03568,B_L24,DIGITAL_CMOS,CMOS_B,0.522356,0.544183,0.088452,0.094209,48.14015,48.825108,5.231202,5.282775,3.398563,3.459732,3.054128,3.068706,0.616068,0.111947,52.062116,5.414577,3.558388,3.117413
C03569,B_L24,DIGITAL_CMOS,CMOS_B,0.734098,0.736821,0.07334,0.079322,46.727155,47.134456,5.00577,5.026808,3.095195,3.127189,2.83983,2.878421,0.836609,0.095196,50.16331,5.261078,3.271435,2.958978
C03570,B_L24,DIGITAL_CMOS,CMOS_B,0.578061,0.600469,0.068914,0.069828,49.948891,50.188471,5.267168,5.297084,3.282214,3.374868,3.045402,3.050174,0.661499,0.077586,52.792337,5.472287,3.526614,3.10332
C03571,B_L24,DIGITAL_CMOS,CMOS_B,0.675734,0.719339,0.104052,0.111039,52.582614,53.366447,5.051097,5.023199,3.553953,3.557842,3.121079,3.142514,0.758223,0.123353,56.005757,5.045626,3.629843,3.139621
C03572,B_L24,DIGITAL_CMOS,CMOS_B,0.791172,0.829692,0.131946,0.141737,47.030151,47.735369,5.171648,5.11968,3.526625,3.564092,3.159245,3.226774,0.947386,0.162947,50.362584,5.133094,3.661731,3.282345
C03573,B_L24,DIGITAL_CMOS,CMOS_B,0.63097,0.649182,0.067096,0.071738,47.747707,48.96596,4.922997,4.938728,3.335702,3.325155,3.007474,3.002942,0.700351,0.081504,49.830544,4.986744,3.372229,3.058556
C03574,B_L24,DIGITAL_CMOS,CMOS_B,0.563714,0.571068,0.080978,0.08644,48.027118,48.291881,5.246317,5.22812,3.303002,3.304443,2.886564,2.90282,0.626633,0.092458,49.10505,5.286045,3.340838,2.941391
C03575,B_L24,DIGITAL_CMOS,CMOS_B,0.69556,0.681184,0.073813,0.074459,44.618139,44.517692,5.048654,5.092014,3.20542,3.250071,2.924048,2.930207,0.689111,0.07702,44.689906,5.289877,3.396132,3.028216
C03576,B_L24,DIGITAL_CMOS,CMOS_B,0.635061,0.625931,0.09865,0.097696,49.13023,48.612541,4.989054,5.017485,3.242292,3.275051,3.001808,3.003919,0.625022,0.098623,48.895206,5.288573,3.471583,3.118478
C03577,B_L24,DIGITAL_CMOS,CMOS_B,0.638664,0.66094,0.089529,0.091719,47.459654,47.424822,5.399559,5.41862,3.562194,3.607385,3.139589,3.154772,0.720013,0.098167,48.181162,5.520885,3.89377,3.251257
C03578,B_L24,DIGITAL_CMOS,CMOS_B,0.563081,0.572856,0.062994,0.065898,42.889992,44.470277,5.111807,5.174319,3.318137,3.342924,3.225947,3.254007,0.633179,0.076347,46.913974,5.257364,3.480578,3.387339
C03579,B_L24,DIGITAL_CMOS,CMOS_B,0.621868,0.621124,0.058098,0.058858,44.363912,44.135993,5.020767,5.082292,3.388386,3.411918,2.994046,3.060339,0.62489,0.060337,45.216445,5.151473,3.521721,3.136542
C03580,B_L24,DIGITAL_CMOS,CMOS_B,0.607976,0.612319,0.084085,0.08642,48.347017,48.998212,4.952906,5.047159,3.192046,3.202141,3.160696,3.176867,0.610711,0.087149,49.883413,5.110115,3.269975,3.185981
C03581,B_L24,DIGITAL_CMOS,CMOS_B,0.590372,0.610347,0.067341,0.068942,46.822884,46.542527,5.303212,5.337924,3.438138,3.464218,3.266949,3.289966,0.63079,0.072598,47.355193,5.462013,3.617347,3.338518
C03582,B_L24,DIGITAL_CMOS,CMOS_B,0.744012,0.747342,0.111332,0.111363,50.884267,51.121527,4.512533,4.513167,3.261802,3.27129,2.824384,2.82895,0.752385,0.1136,51.790784,4.541368,3.308166,2.867672
C03583,B_L24,DIGITAL_CMOS,CMOS_B,0.388354,0.388011,0.068889,0.068762,44.20729,44.580765,7.064286,7.309016,3.700647,3.765427,3.093846,3.125484,0.40631,0.070466,45.301054,8.204337,4.124852,3.322938
C03584,B_L24,DIGITAL_CMOS,CMOS_B,0.607839,0.639199,0.087363,0.09235,41.535091,42.743756,5.423153,5.451201,3.434765,3.491407,3.223529,3.212392,0.694995,0.098631,44.824833,5.600638,3.715013,3.349426
C03585,B_L24,DIGITAL_CMOS,CMOS_B,0.583089,0.594756,0.065772,0.068201,44.469951,45.692343,4.970238,4.975834,3.360753,3.330098,2.769993,2.775695,0.686784,0.081117,49.207372,4.995474,3.364456,2.79518
C03586,B_L24,DIGITAL_CMOS,CMOS_B,0.472557,0.474969,0.076814,0.079124,45.427703,46.295493,4.892638,4.860548,3.133893,3.140093,2.849077,2.844325,0.534941,0.089378,48.741798,4.884489,3.174737,2.86784
C03587,B_L24,DIGITAL_CMOS,CMOS_B,0.782571,0.794732,0.075901,0.075968,46.728352,46.847249,4.971205,4.979822,3.187265,3.203827,3.049418,3.065617,0.814978,0.07925,46.770042,5.193369,3.385252,3.225863
C03588,B_L24,DIGITAL_CMOS,CMOS_B,0.701913,0.716006,0.094143,0.100506,45.526263,45.855518,5.146865,5.178402,3.197967,3.268105,2.910504,2.93438,0.810548,0.114337,48.809302,5.279627,3.365646,3.002591
C03589,B_L24,DIGITAL_CMOS,CMOS_B,0.572541,0.593799,0.102169,0.108202,52.178817,54.022978,4.961099,5.043065,3.131367,3.213006,2.85588,2.85216,0.635592,0.116334,56.204628,5.098038,3.315619,2.884253
C03590,B_L24,DIGITAL_CMOS,CMOS_B,0.592464,0.593054,0.075683,0.076268,49.813965,49.63698,5.435286,5.495716,3.489295,3.532856,2.804659,2.818931,0.604779,0.078511,50.497618,5.591396,3.6475,2.854772
C03591,B_L24,DIGITAL_CMOS,CMOS_B,0.504981,0.517923,0.097063,0.102599,45.39924,46.10145,5.248542,5.333965,3.386922,3.46269,3.003619,3.068596,0.580695,0.1119,47.696957,5.443871,3.549283,3.155734
C03592,B_L24,DIGITAL_CMOS,CMOS_B,0.599031,0.591629,0.075955,0.075601,44.647092,44.577813,4.968407,4.978998,3.281543,3.306211,3.019612,3.030149,0.601108,0.077616,45.602321,4.979904,3.335963,3.035568
C03593,B_L24,DIGITAL_CMOS,CMOS_B,0.765557,0.76896,0.098279,0.102374,45.865056,45.3252,5.078624,5.087268,3.456059,3.490719,3.140619,3.181519,0.804096,0.103931,46.762082,5.257892,3.746673,3.292549
C03594,B_L24,DIGITAL_CMOS,CMOS_B,0.635128,0.659253,0.078265,0.084423,48.815807,48.8261,4.892395,4.902583,3.135414,3.193266,2.736538,2.771902,0.741965,0.118411,49.709548,4.967574,3.341721,2.84993
C03595,B_L24,DIGITAL_CMOS,CMOS_B,0.763508,0.79068,0.114547,0.123254,51.171995,51.479452,4.884684,4.865184,2.958629,2.992726,2.884872,2.856876,0.856349,0.136865,53.905547,4.881622,3.037296,2.91066
C03596,B_L24,DIGITAL_CMOS,CMOS_B,0.763351,0.789431,0.094359,0.101366,47.42659,48.479954,4.668431,4.686809,3.284851,3.297661,3.000992,3.049256,0.849744,0.112973,50.120776,4.739972,3.31311,3.032737
C03597,B_L24,DIGITAL_CMOS,CMOS_B,0.523599,0.526379,0.092018,0.09355,46.197885,46.667856,5.098641,5.112447,3.412959,3.467182,3.15684,3.170834,0.587932,0.111313,50.266822,5.131443,3.467862,3.196032
C03598,B_L24,DIGITAL_CMOS,CMOS_B,0.646764,0.630777,0.090734,0.093604,46.993785,47.371451,5.457284,5.520393,3.602711,3.633157,3.198955,3.186359,0.640298,0.096155,47.954887,5.495809,3.635767,3.23764
C03599,B_L24,DIGITAL_CMOS,CMOS_B,0.622505,0.642613,0.067057,0.073056,48.800197,49.970189,5.177624,5.211685,3.141846,3.169776,2.967638,3.016293,0.680578,0.079442,52.52146,5.288528,3.26254,3.086038
C03600,B_L24,DIGITAL_CMOS,CMOS_B,0.589358,0.593174,0.080319,0.08208,48.616653,49.472472,4.867521,4.869758,3.334817,3.36305,2.808919,2.792319,0.729705,0.087008,53.89814,4.89115,3.364899,2.835999
C03674,C_L02,DIGITAL_CMOS,CMOS_C,0.325602,0.326429,0.192606,0.193925,59.59427,60.66508,3.452009,3.486324,1.754142,1.771956,1.664905,1.681026,0.348251,0.201991,64.803397,3.5054,1.866227,1.826784
C03675,C_L02,DIGITAL_CMOS,CMOS_C,0.302844,0.306228,0.140264,0.141957,63.816774,63.80006,3.625885,3.671721,1.849498,1.848957,1.874729,1.914369,0.311806,0.142472,64.542139,3.683995,1.884,1.975353
C03676,C_L02,DIGITAL_CMOS,CMOS_C,0.365539,0.369369,0.21684,0.227882,61.85556,62.636876,3.562957,3.576765,1.79791,1.808639,1.715601,1.727645,0.392024,0.233504,65.177057,3.688419,1.919835,1.931996
C03677,C_L02,DIGITAL_CMOS,CMOS_C,0.280069,0.282651,0.162868,0.163823,61.60674,63.117374,3.362006,3.376009,1.837817,1.848738,1.826451,1.855434,0.298833,0.17084,65.526163,3.438559,1.889611,2.007787
C03678,C_L02,DIGITAL_CMOS,CMOS_C,0.249629,0.257744,0.163954,0.165455,59.162179,59.790307,3.305039,3.316622,1.607019,1.637277,1.647937,1.673426,0.267151,0.168405,61.506879,3.335851,1.67934,1.757466
C03679,C_L02,DIGITAL_CMOS,CMOS_C,0.203282,0.208596,0.086055,0.08864,60.917658,61.813601,3.475832,3.475406,1.836986,1.83932,1.765169,1.813579,0.208923,0.092573,65.389728,3.532198,1.880175,1.89345
C03680,C_L02,DIGITAL_CMOS,CMOS_C,0.238573,0.235919,0.14612,0.150024,60.031505,59.813357,3.64274,3.666472,1.835814,1.855964,1.72714,1.787828,0.240408,0.149862,59.963407,3.686701,1.877146,1.872192
C03681,C_L02,DIGITAL_CMOS,CMOS_C,0.234771,0.23231,0.132771,0.133543,56.157062,56.82744,3.607016,3.623378,1.913298,1.92529,1.768246,1.781693,0.241201,0.135824,57.650227,3.662653,1.965557,1.865871
C03682,C_L02,DIGITAL_CMOS,CMOS_C,0.253935,0.25358,0.174488,0.176097,59.460207,59.668895,3.732179,3.747516,1.85738,1.904307,1.797013,1.826338,0.273255,0.185609,63.639296,3.758002,1.948224,1.898795
C03683,C_L02,DIGITAL_CMOS,CMOS_C,0.317816,0.320677,0.208074,0.209017,62.358573,62.108871,3.615215,3.620742,1.894399,1.921351,1.834011,1.816158,0.339414,0.220244,64.938026,3.636465,1.912338,1.845412
C03684,C_L02,DIGITAL_CMOS,CMOS_C,0.291169,0.297537,0.206071,0.211264,59.35041,60.011987,3.349678,3.374067,1.679572,1.682103,1.739567,1.772885,0.30429,0.219182,61.813137,3.462509,1.741808,1.913721
C03685,C_L02,DIGITAL_CMOS,CMOS_C,0.299003,0.293129,0.171669,0.172122,64.688968,64.690483,3.428605,3.417337,1.798144,1.790974,1.777124,1.798613,0.297673,0.17655,64.869952,3.43489,1.787426,1.835897
C03686,C_L02,DIGITAL_CMOS,CMOS_C,0.387961,0.384518,0.17902,0.180648,65.178204,65.063015,3.700174,3.698638,1.908452,1.915204,1.921492,1.946401,0.387862,0.180998,65.419514,3.706814,1.916373,1.984797
C03687,C_L02,DIGITAL_CMOS,CMOS_C,0.329973,0.32685,0.15413,0.155452,61.774456,61.768007,4.410671,4.270374,1.891142,1.888305,1.810027,1.810239,0.335637,0.154823,62.57063,4.467655,1.905123,1.839645
C03688,C_L02,DIGITAL_CMOS,CMOS_C,0.24715,0.250919,0.132992,0.13512,61.639373,61.689188,3.652991,3.631793,1.838806,1.842702,1.859717,1.880706,0.246991,0.138026,62.584636,3.732352,1.907007,2.092938
C03689,C_L02,DIGITAL_CMOS,CMOS_C,0.240056,0.245126,0.171996,0.176274,59.055214,59.930282,3.506471,3.49075,1.781168,1.787358,1.630505,1.649841,0.250598,0.180072,61.563756,3.506714,1.798253,1.651375
C03690,C_L02,DIGITAL_CMOS,CMOS_C,0.309034,0.323306,0.189425,0.195518,58.874193,59.842573,3.759525,3.783303,2.023215,2.035629,1.813482,1.851909,0.32735,0.19919,62.555094,3.830447,2.055745,1.921514
C03691,C_L02,DIGITAL_CMOS,CMOS_C,0.24121,0.244165,0.099031,0.098564,60.687901,60.464835,3.504586,3.514853,1.765424,1.7822,1.676481,1.667212,0.252854,0.101465,63.018751,3.532513,1.782796,1.697022
C03692,C_L02,DIGITAL_CMOS,CMOS_C,0.248333,0.249634,0.134687,0.135862,61.149733,62.127592,3.428057,3.410399,1.751582,1.764645,1.864447,1.877379,0.248433,0.136775,62.761916,3.451548,1.755173,1.887908
C03693,C_L02,DIGITAL_CMOS,CMOS_C,0.322218,0.330294,0.237189,0.242788,60.760601,62.07882,3.622364,3.617475,1.946613,1.943031,1.866651,1.928802,0.340754,0.251774,63.463922,3.696458,2.011275,2.164141
C03694,C_L02,DIGITAL_CMOS,CMOS_C,0.276323,0.270678,0.202415,0.203542,65.69624,65.317918,3.472372,3.507362,1.818668,1.805298,1.719303,1.741067,0.282319,0.199136,65.933865,3.581055,1.878128,1.866949
C03695,C_L02,DIGITAL_CMOS,CMOS_C,0.256094,0.263102,0.164603,0.166029,65.932204,66.356542,3.527648,3.530435,1.788401,1.776125,1.664596,1.682796,0.264657,0.171707,67.325855,3.963783,1.920868,1.942588
C03696,C_L02,DIGITAL_CMOS,CMOS_C,0.241835,0.244504,0.165907,0.166894,62.532019,62.813374,3.388884,3.401502,1.775809,1.792503,1.639409,1.640649,0.250973,0.1779,64.108497,3.402375,1.819029,1.668647
C03697,C_L02,DIGITAL_CMOS,CMOS_C,0.2801,0.278535,0.164837,0.16365,56.120988,56.206264,3.384584,3.39892,1.781532,1.798361,1.726892,1.766586,0.291818,0.167915,56.156299,3.490433,1.850431,1.856105
C03698,C_L02,DIGITAL_CMOS,CMOS_C,0.27621,0.283126,0.139439,0.140457,59.505606,59.924515,3.498276,3.49062,1.706441,1.704417,1.845791,1.855495,0.291939,0.148132,61.615415,3.51805,1.722676,1.895694
C03699,C_L02,DIGITAL_CMOS,CMOS_C,0.284546,0.29538,0.148756,0.151099,61.337511,62.65795,3.517329,3.539396,1.85666,1.87154,1.823138,1.814624,0.306905,0.157277,64.059345,3.568117,1.888807,1.827152
C03700,C_L02,DIGITAL_CMOS,CMOS_C,0.361682,0.374295,0.185247,0.186777,64.474495,65.251877,3.727012,3.722668,1.858906,1.865076,1.830818,1.832607,0.397249,0.198736,68.300392,3.741272,1.857351,1.809133
C03701,C_L02,DIGITAL_CMOS,CMOS_C,0.29032,0.293706,0.104205,0.103512,61.403981,61.609713,3.655432,3.66304,1.808355,1.823482,1.804147,1.818224,0.299764,0.10479,61.858231,3.689011,1.822613,1.818574
C03702,C_L02,DIGITAL_CMOS,CMOS_C,0.256253,0.257085,0.15549,0.158727,60.528529,61.062997,3.474212,3.49344,1.890098,1.902333,1.82976,1.832808,0.26011,0.158453,61.996002,3.502095,1.907607,1.914212
C03703,C_L02,DIGITAL_CMOS,CMOS_C,0.330382,0.340047,0.168954,0.172586,60.860948,62.796525,3.599985,3.611526,1.913217,1.927674,1.709879,1.739206,0.352291,0.17999,65.02886,3.715773,2.013066,1.914167
C03704,C_L02,DIGITAL_CMOS,CMOS_C,0.281417,0.287446,0.165314,0.169401,62.979343,64.163186,3.530962,3.565413,1.75817,1.776525,1.716608,1.767521,0.302044,0.174001,65.876545,3.570043,1.816118,1.834062
C03705,C_L02,DIGITAL_CMOS,CMOS_C,0.267205,0.266329,0.095704,0.095417,65.777549,65.643999,3.507998,3.517141,1.807557,1.814003,1.855859,1.867915,0.27315,0.097347,66.055689,3.527516,1.836999,1.888992
C03706,C_L02,DIGITAL_CMOS,CMOS_C,0.260417,0.259041,0.192725,0.191468,61.716575,61.565726,3.716138,3.724426,1.919963,1.920503,1.739263,1.738996,0.27416,0.197051,63.446738,3.723267,1.948057,1.754026
C03707,C_L02,DIGITAL_CMOS,CMOS_C,0.291956,0.292959,0.212354,0.214748,64.063684,64.493108,3.323351,3.352024,1.767669,1.774287,1.700898,1.714716,0.300907,0.22165,66.236591,4.34225,1.842868,1.997327
C03708,C_L02,DIGITAL_CMOS,CMOS_C,0.274954,0.281015,0.177213,0.17703,65.352215,66.37903,3.288016,3.29061,1.751891,1.778196,1.565777,1.601806,0.293729,0.184782,68.687976,3.323255,1.795774,1.69292
C03709,C_L02,DIGITAL_CMOS,CMOS_C,0.287536,0.285267,0.13752,0.136006,59.81177,60.067333,3.447451,3.486733,1.765187,1.804307,1.662829,1.692398,0.281685,0.141192,60.715379,3.513528,1.816048,1.824964
C03710,C_L02,DIGITAL_CMOS,CMOS_C,0.372524,0.379043,0.182896,0.185897,59.140251,59.776637,3.608774,3.605257,1.852719,1.867577,1.708592,1.750661,0.398079,0.198907,61.779071,3.683782,1.909135,1.804634
C03711,C_L02,DIGITAL_CMOS,CMOS_C,0.386844,0.387702,0.103962,0.105273,58.829643,60.299315,3.256773,3.268108,1.791245,1.792739,1.790797,1.806735,0.405585,0.107911,61.503148,3.349046,1.897714,2.017259
C03712,C_L02,DIGITAL_CMOS,CMOS_C,0.293389,0.285987,0.118361,0.117799,57.79543,57.474455,3.440111,3.440316,1.74186,1.75305,1.685441,1.707492,0.298379,0.119694,58.239194,3.512983,1.828575,1.842251
C03713,C_L02,DIGITAL_CMOS,CMOS_C,0.292475,0.293058,0.18575,0.186023,67.953264,68.19606,3.361259,3.343459,1.665314,1.661136,1.627841,1.660195,0.300113,0.187005,68.543416,3.386551,1.732625,1.804787
C03714,C_L02,DIGITAL_CMOS,CMOS_C,0.323885,0.32994,0.15399,0.155642,53.337371,54.106109,3.560094,3.568658,1.892289,1.910775,1.857642,1.885485,0.342895,0.163416,55.902098,3.676751,1.960753,2.016891
C03715,C_L02,DIGITAL_CMOS,CMOS_C,0.26553,0.27185,0.181378,0.183013,56.584265,56.995271,3.279298,3.314321,1.603557,1.613932,1.559209,1.580139,0.292901,0.194159,60.282518,3.324877,1.679731,1.673844
C03716,C_L02,DIGITAL_CMOS,CMOS_C,0.258315,0.263481,0.17475,0.176546,61.583614,61.190261,3.586602,3.592215,1.709977,1.743947,1.684144,1.697311,0.278901,0.184712,66.187466,3.604247,1.770162,1.749901
C03717,C_L02,DIGITAL_CMOS,CMOS_C,0.285773,0.296754,0.284245,0.285455,59.204783,59.596188,3.379772,3.377621,1.715927,1.732734,1.681181,1.688699,0.303814,0.299194,61.117133,3.372332,1.738728,1.690952
C03718,C_L02,DIGITAL_CMOS,CMOS_C,0.281026,0.283194,0.206372,0.205411,62.994787,63.103559,3.613568,3.592905,1.896488,1.935631,1.767004,1.793999,0.284718,0.209233,63.265335,3.677906,1.990971,1.972292
C03719,C_L02,DIGITAL_CMOS,CMOS_C,0.26624,0.267707,0.13215,0.13639,63.341454,64.277236,3.354015,3.336588,1.834397,1.8536,1.714553,1.765862,0.274889,0.141522,65.136883,3.39623,1.904785,1.893861
C03720,C_L02,DIGITAL_CMOS,CMOS_C,0.275306,0.284218,0.149471,0.149862,58.998206,59.371757,3.561554,3.54846,1.92531,1.927075,1.744368,1.757843,0.28954,0.154516,60.648356,3.600052,1.940268,1.793977
C03721,C_L02,DIGITAL_CMOS,CMOS_C,0.31747,0.314782,0.134436,0.135823,60.708169,61.309092,3.471718,3.452614,1.96405,1.986486,1.726257,1.742413,0.334853,0.141218,65.130679,3.473375,2.008828,1.776148
C03722,C_L02,DIGITAL_CMOS,CMOS_C,0.275518,0.276096,0.18299,0.181841,55.18358,55.811142,3.550356,3.565376,1.857436,1.871651,1.988715,2.03104,0.280066,0.185347,55.950544,3.630008,1.933424,2.172073
C03723,C_L02,DIGITAL_CMOS,CMOS_C,0.304225,0.306688,0.132421,0.133645,56.017946,56.794211,3.551635,3.580148,1.764444,1.780234,1.80571,1.838239,0.648721,0.136889,58.813669,3.662286,1.845613,2.029152
C03724,C_L02,DIGITAL_CMOS,CMOS_C,0.298771,0.296004,0.180101,0.181005,63.090874,63.630776,3.631999,3.63453,1.845621,1.853392,1.82881,1.833829,0.307617,0.184772,64.309468,3.632503,1.859158,1.878283
C03725,C_L02,DIGITAL_CMOS,CMOS_C,0.306893,0.313034,0.174843,0.175161,65.86908,65.938647,3.486722,3.486828,1.843306,1.857841,1.782937,1.832334,0.319196,0.179072,66.581529,3.528003,1.901511,1.931555
C03726,C_L02,DIGITAL_CMOS,CMOS_C,0.20007,0.206198,0.106764,0.143402,59.561482,60.670458,3.591809,3.596256,1.828047,1.829673,1.764294,1.762575,0.277048,1.058558,62.599339,3.631809,1.846293,1.775318
C03727,C_L02,DIGITAL_CMOS,CMOS_C,0.305987,0.314759,0.119061,0.120665,61.399704,62.559301,3.340542,3.348763,1.703175,1.700046,1.731166,1.754945,0.331671,0.124289,64.209616,3.37943,1.764777,1.870569
C03728,C_L02,DIGITAL_CMOS,CMOS_C,0.394309,0.394763,0.222076,0.223259,61.187946,61.827075,3.671938,3.652417,1.783225,1.789613,1.746662,1.748702,0.410021,0.230642,63.786017,3.658118,1.809878,1.783218
C03729,C_L02,DIGITAL_CMOS,CMOS_C,0.277168,0.277704,0.167916,0.168946,62.650304,63.345409,3.484383,3.495549,1.792966,1.784171,1.717272,1.733439,0.282554,0.172645,63.515646,3.48514,1.82121,1.752679
C03730,C_L02,DIGITAL_CMOS,CMOS_C,0.322644,0.326581,0.173303,0.178548,63.596651,64.520184,4.016641,4.162048,1.777848,1.804972,1.787263,1.809968,0.351585,0.18433,65.41262,4.44933,1.818514,1.865836
C03731,C_L02,DIGITAL_CMOS,CMOS_C,0.36684,0.358064,0.139456,0.143582,63.679471,64.333041,3.416995,3.400317,1.786954,1.801892,1.667972,1.684938,0.387502,0.151723,65.610265,3.419217,1.808622,1.739671
C03732,C_L02,DIGITAL_CMOS,CMOS_C,0.234104,0.233574,0.11675,0.116186,64.884863,64.306247,3.671981,3.665502,1.895575,1.916714,1.859187,1.872293,0.233897,0.118802,64.573682,3.723551,1.965563,2.060967
C03733,C_L02,DIGITAL_CMOS,CMOS_C,0.350472,0.356391,0.113193,0.114131,55.792185,56.341816,3.421802,3.42281,1.740253,1.745963,1.675721,1.674099,0.377042,0.11659,59.0044,3.44792,1.759383,1.704644
C03734,C_L02,DIGITAL_CMOS,CMOS_C,0.31535,0.316605,0.213919,0.219937,59.46075,60.158881,3.627453,3.621775,1.798366,1.802257,1.822915,1.808626,0.319225,0.221418,60.43143,3.603376,1.797834,1.834024
C03735,C_L02,DIGITAL_CMOS,CMOS_C,0.373898,0.378455,0.270108,0.278422,60.602067,61.167114,3.784281,3.809853,1.886045,1.892191,1.778552,1.773931,0.411213,0.288876,63.320589,3.812852,1.896685,1.813369
C03736,C_L02,DIGITAL_CMOS,CMOS_C,0.241666,0.238193,0.169092,0.170355,62.119769,62.793748,3.465342,3.449249,1.761153,1.768374,1.709278,1.733304,0.237729,0.170864,63.382964,3.527293,1.811173,1.888121
C03737,C_L02,DIGITAL_CMOS,CMOS_C,0.243958,0.247372,0.179494,0.182894,58.49837,57.854982,3.834955,3.836256,1.911907,1.952008,1.872187,1.87931,0.249881,0.184768,58.908259,3.880251,2.002233,1.90354
C03738,C_L02,DIGITAL_CMOS,CMOS_C,0.296015,0.301053,0.140988,0.143665,54.770243,54.367182,3.597139,3.618222,1.802062,1.811488,1.67088,1.678094,0.312211,0.145338,56.410638,3.62782,1.809848,1.721548
C03739,C_L02,DIGITAL_CMOS,CMOS_C,0.22467,0.222223,0.151018,0.15124,61.03652,61.626144,3.647046,3.653982,1.874757,1.870348,1.703464,1.707563,0.22769,0.152858,61.758877,3.665403,1.877348,1.736872
C03740,C_L02,DIGITAL_CMOS,CMOS_C,0.300939,0.305279,0.194176,0.197002,64.919376,65.364403,3.795852,3.790512,1.920873,1.922064,1.890531,1.89851,0.391508,0.246408,69.115267,3.80142,1.942689,1.922561
C03741,C_L02,DIGITAL_CMOS,CMOS_C,0.327241,0.335206,0.163205,0.169248,61.493342,61.637172,3.560335,3.554627,1.763377,1.777029,1.729367,1.743615,0.345068,0.292412,65.634974,3.642437,1.879856,1.924083
C03742,C_L02,DIGITAL_CMOS,CMOS_C,0.375611,0.38899,0.204947,0.207569,62.753902,63.586854,3.553719,3.586984,1.838557,1.851696,1.76238,1.811033,0.412287,0.214645,66.845804,3.630935,1.896984,1.875985
C03743,C_L02,DIGITAL_CMOS,CMOS_C,0.233166,0.233452,0.156179,0.154519,60.614614,61.137774,3.609978,3.612819,1.841359,1.870571,1.772464,1.786528,0.245816,0.163999,63.903848,3.666437,1.93475,1.86408
C03744,C_L02,DIGITAL_CMOS,CMOS_C,0.28503,0.289338,0.161289,0.163081,66.11294,66.66051,3.578241,3.594773,1.873684,1.867745,2.011784,2.001739,0.295615,0.168233,67.776253,3.601852,1.865336,2.054568
C03745,C_L02,DIGITAL_CMOS,CMOS_C,0.303749,0.30051,0.142365,0.140903,64.617146,64.085688,3.70041,3.734706,1.717554,1.744462,1.808087,1.845846,0.305002,0.142968,64.496526,3.777414,1.778182,1.92032
C03746,C_L02,DIGITAL_CMOS,CMOS_C,0.284273,0.288959,0.125621,0.126895,59.704011,59.641846,3.54272,3.531701,1.769729,1.792185,1.697946,1.714348,0.28853,0.125856,59.971267,3.56018,1.775941,1.753798
C03747,C_L02,DIGITAL_CMOS,CMOS_C,0.308807,0.310752,0.164582,0.165559,59.327256,60.254092,3.39453,3.383807,1.862864,1.873746,1.823811,1.832928,0.328072,0.176661,61.985238,3.380525,1.886234,1.869888
C03748,C_L02,DIGITAL_CMOS,CMOS_C,0.316928,0.317471,0.180063,0.182775,61.362906,61.524562,3.504815,3.513767,1.834576,1.831537,1.679641,1.668618,0.318683,0.184245,61.236851,3.537839,1.837938,1.664935
C03749,C_L02,DIGITAL_CMOS,CMOS_C,0.448167,0.445571,0.205276,0.207457,62.703402,62.532955,3.422657,3.446467,1.844859,1.82731,1.694055,1.698027,0.474155,0.20715,63.124972,3.459578,1.860475,1.685908
C03750,C_L03,DIGITAL_CMOS,CMOS_C,0.28926,0.298098,0.085698,0.088493,62.148795,62.332148,3.387356,3.433117,1.669472,1.706422,1.644209,1.676895,0.313644,0.093592,63.210463,3.50798,1.756029,1.768091
C03751,C_L03,DIGITAL_CMOS,CMOS_C,0.315115,0.317401,0.149394,0.156395,64.090175,64.746994,3.639072,3.663977,1.783261,1.830788,1.63983,1.688105,0.33879,0.162136,65.621826,3.710443,1.876306,1.705916
C03752,C_L03,DIGITAL_CMOS,CMOS_C,0.298248,0.304563,0.131896,0.13746,59.291841,59.948616,3.615532,3.592132,1.712725,1.714691,1.656621,1.652781,0.332434,0.140706,60.444368,3.632964,1.714896,1.673216
C03753,C_L03,DIGITAL_CMOS,CMOS_C,0.243494,0.242476,0.137019,0.138716,60.546362,61.015376,3.527916,3.620726,1.767433,1.792691,1.746194,1.766011,0.26425,0.15332,62.338876,3.710683,1.895011,1.843488
C03754,C_L03,DIGITAL_CMOS,CMOS_C,0.214459,0.215026,0.111425,0.112457,60.636938,61.197752,3.515641,3.504802,1.860721,1.849197,1.603771,1.59956,0.217965,0.113898,60.977596,3.565972,1.864816,1.619819
C03755,C_L03,DIGITAL_CMOS,CMOS_C,0.276109,0.275441,0.124225,0.126772,54.379537,54.757677,3.626895,3.660405,1.80269,1.829599,1.722952,1.724528,0.308333,0.1378,55.376819,3.815321,1.945654,1.865005
C03756,C_L03,DIGITAL_CMOS,CMOS_C,0.265634,0.282341,0.091197,0.095847,59.93672,60.204634,3.455935,3.426238,1.622829,1.623429,1.714036,1.71657,0.301803,0.101645,60.813522,3.450039,1.641319,1.741055
C03757,C_L03,DIGITAL_CMOS,CMOS_C,0.31589,0.319022,0.13509,0.137861,61.370917,61.324787,3.420798,3.408054,1.67371,1.68328,1.608392,1.618183,0.322064,0.138651,62.062525,3.443271,1.682807,1.627914
C03758,C_L03,DIGITAL_CMOS,CMOS_C,0.289531,0.294526,0.111896,0.112559,63.555888,63.310226,3.615821,3.600347,1.812373,1.804749,1.66125,1.666821,0.308885,0.119798,65.033362,3.647137,1.839285,1.680686
C03759,C_L03,DIGITAL_CMOS,CMOS_C,0.299934,0.310514,0.157018,0.161527,67.774828,68.061745,3.537718,3.563039,1.570359,1.57744,1.578227,1.584401,0.337594,0.16791,69.176543,3.591012,1.587604,1.584286
C03760,C_L03,DIGITAL_CMOS,CMOS_C,0.331326,0.338516,0.10934,0.110742,66.660095,67.562606,3.692362,3.675345,1.768662,1.765593,1.557688,1.581494,0.346896,0.109861,66.674836,3.72075,1.780111,1.593462
C03761,C_L03,DIGITAL_CMOS,CMOS_C,0.276207,0.294474,0.176397,0.179117,62.645684,63.000514,3.428122,3.493422,1.786546,1.814743,1.788595,1.820866,0.293303,0.181619,62.677395,3.60331,1.894174,1.908997
C03762,C_L03,DIGITAL_CMOS,CMOS_C,0.315277,0.319395,0.11453,0.117718,59.157647,59.534553,3.523579,3.539854,1.705128,1.741386,1.69778,1.704066,0.334935,0.122454,60.537415,3.677634,1.75248,1.745263
C03763,C_L03,DIGITAL_CMOS,CMOS_C,0.24458,0.262961,0.133833,0.134454,60.953143,61.239101,3.402856,3.413024,1.57576,1.577432,1.536498,1.537089,0.275324,0.140036,60.998423,3.443589,1.599103,1.538397
C03764,C_L03,DIGITAL_CMOS,CMOS_C,0.303619,0.302077,0.134845,0.138586,60.143406,61.339091,3.556692,3.566119,1.792239,1.788798,1.771191,1.780328,0.317576,0.146045,62.869323,3.750517,1.93861,1.935304
C03765,C_L03,DIGITAL_CMOS,CMOS_C,0.327562,0.320091,0.198323,0.199563,61.27571,60.966443,3.543184,3.545101,1.758564,1.746479,1.633911,1.636637,0.334338,0.198149,61.314602,3.553828,1.770114,1.637377
C03766,C_L03,DIGITAL_CMOS,CMOS_C,0.333799,0.343051,0.12972,0.132736,60.135241,60.289391,3.431252,3.473525,1.711439,1.7376,1.628321,1.649821,0.345561,0.135833,60.562796,3.50085,1.757357,1.73116
C03767,C_L03,DIGITAL_CMOS,CMOS_C,0.349832,0.359645,0.147814,0.14949,66.274283,65.708018,3.431048,3.417045,1.666005,1.686806,1.662033,1.662087,0.360972,0.152018,66.629346,3.532394,1.759642,1.7384
C03768,C_L03,DIGITAL_CMOS,CMOS_C,0.306929,0.310705,0.152052,0.157382,64.029816,64.52318,3.413599,3.41064,1.846906,1.837049,1.658156,1.656413,0.329937,0.163658,64.64387,3.431013,1.864871,1.672441
C03769,C_L03,DIGITAL_CMOS,CMOS_C,0.261122,0.262002,0.137288,0.139809,58.515101,58.387748,3.32251,3.36027,1.765998,1.775352,1.724944,1.734019,0.270029,0.142382,58.449691,3.389525,1.786931,1.764045
C03770,C_L03,DIGITAL_CMOS,CMOS_C,0.273683,0.281965,0.118455,0.119541,62.86656,63.737375,3.515699,3.529439,1.690593,1.702924,1.681739,1.684897,0.30185,0.125454,64.808317,3.538232,1.735131,1.685906
C03771,C_L03,DIGITAL_CMOS,CMOS_C,0.300006,0.301803,0.122744,0.122082,65.34808,65.240659,3.306898,3.313912,1.53308,1.540611,1.551399,1.540218,0.306318,0.123272,65.516331,3.317494,1.562407,1.564683
C03772,C_L03,DIGITAL_CMOS,CMOS_C,0.321059,0.322826,0.121436,0.121805,59.807457,59.820357,3.454708,3.43187,1.612811,1.618448,1.526075,1.539468,0.350189,0.129412,62.413284,3.515181,1.631624,1.529168
C03773,C_L03,DIGITAL_CMOS,CMOS_C,0.284726,0.287129,0.107053,0.109027,64.438847,64.736824,3.5365,3.546574,1.666666,1.685989,1.599874,1.641281,0.296404,0.114148,65.740596,3.600666,1.754337,1.671518
C03774,C_L03,DIGITAL_CMOS,CMOS_C,0.338902,0.350781,0.136125,0.139769,66.151339,66.338721,3.332572,3.367891,1.668873,1.665579,1.637742,1.647442,0.359486,0.146379,67.732414,3.330195,1.680995,1.685182
C03775,C_L03,DIGITAL_CMOS,CMOS_C,0.265034,0.26878,0.121843,0.121352,59.698352,59.091124,3.697061,3.726005,1.741619,1.782002,1.795325,1.856829,0.270185,0.123592,59.790927,3.770069,1.852865,1.91724
C03776,C_L03,DIGITAL_CMOS,CMOS_C,0.303835,0.310795,0.174512,0.178236,63.422079,62.942151,3.481999,3.467536,1.704922,1.695339,1.678245,1.671062,0.333601,0.186357,64.525393,3.481337,1.749856,1.697424
C03777,C_L03,DIGITAL_CMOS,CMOS_C,0.3097,0.308026,0.121275,0.128184,62.539623,63.126261,3.545027,3.593215,1.777622,1.79947,1.624669,1.647764,0.32312,0.13223,64.760345,3.685597,1.869466,1.690573
C03778,C_L03,DIGITAL_CMOS,CMOS_C,0.409577,0.420785,0.148917,0.155645,61.892499,61.955248,3.547729,3.58912,1.79208,1.796976,1.693275,1.66986,0.433286,0.157342,62.850621,3.579462,1.803494,1.701773
C03779,C_L03,DIGITAL_CMOS,CMOS_C,0.248379,0.251696,0.106645,0.109969,63.040565,62.767455,3.653557,3.641677,1.815232,1.833782,1.880393,1.854835,0.256727,0.118139,64.038607,3.663209,1.831479,1.884546
C03780,C_L03,DIGITAL_CMOS,CMOS_C,0.286051,0.298464,0.19291,0.203554,62.273256,62.007744,3.538603,3.544341,1.675032,1.698084,1.612892,1.629455,0.321293,0.216872,63.117036,3.579686,1.715222,1.648794
C03781,C_L03,DIGITAL_CMOS,CMOS_C,0.213042,0.218373,0.114655,0.118408,63.031934,62.801157,3.580872,3.628958,1.872807,1.918628,1.672158,1.674925,0.245374,0.129809,64.821189,3.734301,1.987739,1.748889
C03782,C_L03,DIGITAL_CMOS,CMOS_C,0.364987,0.378946,0.150535,0.153175,64.808648,66.086061,3.466283,3.51583,1.686207,1.718653,1.61955,1.642418,0.383645,0.165351,67.268302,3.608212,1.81094,1.703131
C03783,C_L03,DIGITAL_CMOS,CMOS_C,0.283814,0.290352,0.128321,0.129054,63.971581,63.728056,3.462454,3.459609,1.700966,1.729741,1.573129,1.589983,0.288043,0.134784,63.529479,3.534189,1.774976,1.670206
C03784,C_L03,DIGITAL_CMOS,CMOS_C,0.28418,0.289036,0.112936,0.118701,64.10867,64.552545,3.513904,3.517185,1.796597,1.795319,1.669913,1.659094,0.304634,0.121714,65.827917,3.534971,1.819656,1.705257
C03785,C_L03,DIGITAL_CMOS,CMOS_C,0.249551,0.251552,0.07751,0.078391,60.349686,60.288623,3.434788,3.468259,1.887389,1.876639,1.666503,1.667416,0.256865,0.078635,59.970779,3.484291,1.891546,1.670969
C03786,C_L03,DIGITAL_CMOS,CMOS_C,0.27919,0.284264,0.100632,0.100083,63.209484,63.840676,3.538861,3.566076,1.690571,1.693924,1.831424,1.834048,0.291537,0.102149,63.858146,3.594607,1.705295,1.831055
C03787,C_L03,DIGITAL_CMOS,CMOS_C,0.269122,0.265624,0.096588,0.09649,61.01285,60.794733,3.481594,3.479783,1.65835,1.662774,1.614311,1.618651,0.281808,0.099286,60.607946,3.492544,1.64214,1.661959
C03788,C_L03,DIGITAL_CMOS,CMOS_C,0.280194,0.275487,0.089759,0.091354,60.785623,60.979513,3.505712,3.556393,1.647427,1.668082,1.587322,1.624789,0.285533,0.091556,60.777883,3.64767,1.729133,1.684808
C03789,C_L03,DIGITAL_CMOS,CMOS_C,0.294878,0.310225,0.110714,0.114767,59.824979,60.416136,3.810843,3.798052,1.831495,1.843106,1.78402,1.784905,0.330653,0.119044,60.945963,3.92453,1.924584,1.857651
C03790,C_L03,DIGITAL_CMOS,CMOS_C,0.358069,0.356191,0.126381,0.124413,64.667473,64.860559,3.602373,3.627314,1.801929,1.773658,1.713387,1.710491,0.354369,0.128072,64.896565,3.670917,1.784788,1.721026
C03791,C_L03,DIGITAL_CMOS,CMOS_C,0.309044,0.311882,0.141221,0.140425,60.674557,61.143642,3.430874,3.412193,1.784152,1.780267,1.669367,1.659675,0.306757,0.141239,61.38441,3.468891,1.781093,1.673062
C03792,C_L03,DIGITAL_CMOS,CMOS_C,0.222366,0.23305,0.170347,0.176105,63.747614,64.816826,3.66688,3.676332,1.781322,1.80998,1.556117,1.59541,0.239833,0.181596,66.131953,3.801307,1.880747,1.62507
C03793,C_L03,DIGITAL_CMOS,CMOS_C,0.3547,0.369799,0.163497,0.163486,59.305709,59.420242,3.342735,3.337147,1.655388,1.675026,1.49839,1.512942,0.368494,0.167872,60.060641,3.350704,1.684835,1.535535
C03794,C_L03,DIGITAL_CMOS,CMOS_C,0.301201,0.296361,0.139781,0.14107,62.270911,62.62382,3.551344,3.623205,1.77578,1.783772,1.686744,1.73698,0.29989,0.142846,62.910304,3.724511,1.870952,1.781703
C03795,C_L03,DIGITAL_CMOS,CMOS_C,0.327728,0.330514,0.090259,0.090076,63.64321,64.255804,3.432169,3.427686,1.585886,1.598084,1.686702,1.693798,0.331792,0.091974,63.991422,3.44927,1.649847,1.715233
C03796,C_L03,DIGITAL_CMOS,CMOS_C,0.241481,0.246971,0.109818,0.11123,58.328333,58.218134,3.421182,3.441369,1.705697,1.694279,1.711837,1.721717,0.262799,0.119909,60.207855,3.449065,1.711189,1.759828
C03797,C_L03,DIGITAL_CMOS,CMOS_C,0.336758,0.334372,0.146101,0.151451,61.306065,62.241826,3.575826,3.571628,1.727864,1.74677,1.620549,1.686244,0.351118,0.158694,63.207115,3.692634,1.818896,1.75652
C03798,C_L03,DIGITAL_CMOS,CMOS_C,0.330936,0.327993,0.145585,0.148563,62.052773,61.683817,3.582227,3.559242,1.867059,1.876251,1.752974,1.764908,0.333366,0.150922,61.683541,3.578339,1.89797,1.770201
C03799,C_L03,DIGITAL_CMOS,CMOS_C,0.280966,0.285916,0.139121,0.141955,58.249372,58.472529,3.318096,3.351626,1.714255,1.719346,1.527992,1.535172,0.305162,0.151078,60.776238,3.358165,1.720371,1.572697
C03800,C_L03,DIGITAL_CMOS,CMOS_C,0.353054,0.364518,0.144257,0.147674,67.287181,67.346174,3.559066,3.555305,1.747813,1.779228,1.592925,1.610211,0.395489,0.158044,68.900393,3.673595,1.861414,1.695523
C03801,C_L03,DIGITAL_CMOS,CMOS_C,0.259958,0.257649,0.112831,0.11478,62.113121,61.910377,3.412295,3.420212,1.825516,1.830278,1.693533,1.690087,0.262782,0.117072,62.34732,3.638766,1.906348,1.780184
C03802,C_L03,DIGITAL_CMOS,CMOS_C,0.352517,0.361888,0.10545,0.108748,63.280419,64.169949,3.649159,3.691343,1.974049,1.977069,1.88938,1.899766,0.380893,0.114313,65.428339,3.79382,2.074628,2.061897
C03803,C_L03,DIGITAL_CMOS,CMOS_C,0.272148,0.272301,0.124293,0.127875,62.04226,62.678862,3.459433,3.445076,1.63811,1.653406,1.607445,1.625067,0.311598,0.135858,65.144135,3.530778,1.726821,1.725705
C03804,C_L03,DIGITAL_CMOS,CMOS_C,0.29018,0.29822,0.11058,0.114576,65.15456,65.987491,3.551054,3.560455,1.755679,1.773135,1.618021,1.625884,0.320201,0.119258,66.551102,3.570566,1.797601,1.618381
C03805,C_L03,DIGITAL_CMOS,CMOS_C,0.421828,0.442025,0.160893,0.163811,66.486429,66.622747,3.52632,3.568385,1.788302,1.813756,1.601994,1.625943,0.455163,0.174532,67.622853,3.656093,1.917385,1.708612
C03806,C_L03,DIGITAL_CMOS,CMOS_C,0.322511,0.335242,0.087052,0.091755,64.528242,64.893005,3.427873,3.453897,1.638744,1.669806,1.599419,1.607015,0.366991,0.100686,66.242476,3.472297,1.667562,1.64912
C03807,C_L03,DIGITAL_CMOS,CMOS_C,0.308184,0.303891,0.118107,0.119756,59.320004,59.287158,3.510604,3.533745,1.715372,1.726515,1.674559,1.694797,0.332877,0.130105,61.850136,3.55077,1.722328,1.701765
C03808,C_L03,DIGITAL_CMOS,CMOS_C,0.273353,0.27828,0.158163,0.158066,60.733198,60.834259,3.455165,3.464735,1.70215,1.706862,1.653484,1.667377,0.303231,0.175722,63.684229,3.483353,1.707569,1.682971
C03809,C_L03,DIGITAL_CMOS,CMOS_C,0.218595,0.226654,0.14191,0.145549,58.314335,59.402579,3.347221,3.34422,1.668711,1.674915,1.68323,1.703922,0.252426,0.167077,60.712359,3.387098,1.695786,1.738456
C03810,C_L03,DIGITAL_CMOS,CMOS_C,0.252617,0.252484,0.144336,0.143815,68.491093,68.162256,3.344663,3.381668,1.688502,1.686579,1.610528,1.610177,0.262027,0.147085,67.946718,3.373377,1.739266,1.618148
C03811,C_L03,DIGITAL_CMOS,CMOS_C,0.305338,0.305229,0.157706,0.157939,60.542257,61.019319,3.614144,3.62247,1.762716,1.77278,1.761042,1.764806,0.311233,0.161235,61.028967,3.639383,1.801639,1.786321
C03812,C_L03,DIGITAL_CMOS,CMOS_C,0.287376,0.296197,0.104089,0.104645,60.744306,60.30466,3.394038,3.409577,1.681549,1.69925,1.57488,1.581014,0.316298,0.116626,62.113591,3.526001,1.77632,1.699579
C03813,C_L03,DIGITAL_CMOS,CMOS_C,0.332549,0.336563,0.15877,0.163862,62.958075,63.322099,3.425578,3.430736,1.682144,1.67171,1.614481,1.638498,0.348393,0.174265,63.976804,3.543494,1.734015,1.739369
C03814,C_L03,DIGITAL_CMOS,CMOS_C,0.273683,0.284736,0.073405,0.075931,62.821043,62.649134,3.512632,3.538428,1.745838,1.773862,1.550182,1.591115,0.303105,0.07994,64.118578,3.602004,1.803616,1.654501
C03815,C_L03,DIGITAL_CMOS,CMOS_C,0.383772,0.391848,0.176024,0.183611,68.943691,68.472988,3.367508,3.382561,1.616052,1.632776,1.579294,1.596852,0.416313,0.209272,69.856642,3.407611,1.652874,1.603261
C03816,C_L03,DIGITAL_CMOS,CMOS_C,0.382282,0.379349,0.147863,0.149248,63.365154,63.084589,3.66341,3.662585,1.807398,1.838425,1.729017,1.745295,0.385992,0.149953,62.9146,3.800721,1.932695,1.852058
C03817,C_L03,DIGITAL_CMOS,CMOS_C,0.276539,0.27904,0.183333,0.18541,68.533267,68.437371,3.637051,3.642467,1.810651,1.827144,1.674824,1.684997,0.307383,0.203512,71.352111,3.809477,1.920702,1.787811
C03818,C_L03,DIGITAL_CMOS,CMOS_C,0.323314,0.326301,0.135284,0.137473,63.734557,63.49759,3.590156,3.610618,1.729683,1.729818,1.607719,1.594798,0.338343,0.145204,64.635258,3.610842,1.757617,1.647657
C03819,C_L03,DIGITAL_CMOS,CMOS_C,0.35893,0.375878,0.143995,0.147268,65.583722,66.106696,3.51132,3.535685,1.782981,1.805965,1.586102,1.604253,0.386341,0.151518,67.332005,3.583985,1.889192,1.66456
C03820,C_L03,DIGITAL_CMOS,CMOS_C,0.281403,0.283521,0.174438,0.179207,63.772298,64.136412,3.474577,3.510204,1.784394,1.78045,1.692676,1.701125,0.309984,0.198798,64.718431,3.508395,1.799663,1.720073
C03821,C_L04,DIGITAL_CMOS,CMOS_C,0.381186,0.380736,0.11829,0.117751,62.511912,62.827652,3.469852,3.487061,1.832453,1.860051,1.767104,1.826636,0.388048,0.117657,63.234602,3.574589,1.903362,1.963064
C03822,C_L04,DIGITAL_CMOS,CMOS_C,0.228621,0.227462,0.137523,0.13951,59.482713,59.837172,3.314794,3.354896,1.787218,1.818009,1.681203,1.691203,0.234943,0.140697,59.900215,3.412337,1.878222,1.76576
C03823,C_L04,DIGITAL_CMOS,CMOS_C,0.39717,0.396024,0.227446,0.2275,60.304601,60.776977,3.730389,3.751463,1.822902,1.825007,1.652493,1.669431,0.404293,0.228548,60.917517,3.800811,1.832513,1.698923
C03824,C_L04,DIGITAL_CMOS,CMOS_C,0.204886,0.205943,0.115671,0.117653,56.100135,56.530755,3.502214,3.543704,1.806004,1.811412,1.642018,1.655299,0.207225,0.116716,56.542289,3.7828,1.861097,1.75769
C03825,C_L04,DIGITAL_CMOS,CMOS_C,0.411834,0.403408,0.14073,0.14031,62.148726,61.751937,3.552511,3.565433,1.927664,1.961728,1.81554,1.831834,0.42255,0.142411,62.264645,3.710871,2.003593,1.949231
C03826,C_L04,DIGITAL_CMOS,CMOS_C,0.398391,0.400012,0.191965,0.189949,63.978617,64.140976,3.626287,3.650414,1.838384,1.843036,1.682381,1.697905,0.402372,0.193789,64.665188,3.790746,1.928858,1.867805
C03827,C_L04,DIGITAL_CMOS,CMOS_C,0.272888,0.274771,0.119891,0.121443,60.765043,61.21333,3.399433,3.406711,1.747791,1.762052,1.596877,1.625447,0.287991,0.125609,62.149775,3.413217,1.765308,1.652778
C03828,C_L04,DIGITAL_CMOS,CMOS_C,0.287238,0.289743,0.185823,0.191095,59.807733,60.208617,3.384576,3.393668,1.922685,1.928974,1.752124,1.770255,0.297193,0.21465,62.013481,3.529412,2.033769,1.913437
C03829,C_L04,DIGITAL_CMOS,CMOS_C,0.251579,0.251277,0.196159,0.201074,60.871204,61.499037,3.532036,3.581039,1.93179,1.941037,1.78614,1.802043,0.271254,0.217611,64.372167,3.624989,1.972609,1.892378
C03830,C_L04,DIGITAL_CMOS,CMOS_C,0.276745,0.279048,0.181729,0.188138,59.509597,60.381945,3.689649,3.703368,1.949741,1.943763,1.844442,1.843604,0.296737,0.198878,61.582964,3.723055,1.990988,1.867372
C03831,C_L04,DIGITAL_CMOS,CMOS_C,0.296521,0.291491,0.166594,0.168237,60.290119,60.803962,3.585488,3.568617,1.775137,1.77103,1.855949,1.855161,0.31634,0.178831,62.821626,3.638935,1.797517,1.884711
C03832,C_L04,DIGITAL_CMOS,CMOS_C,0.325661,0.320976,0.206141,0.2044,60.428595,60.017623,3.543192,3.539171,1.958252,1.973746,1.794461,1.792922,0.32817,0.211554,61.271839,3.551465,1.980583,1.809249
C03833,C_L04,DIGITAL_CMOS,CMOS_C,0.249013,0.244794,0.087008,0.085855,57.923041,56.98364,3.753719,3.751194,1.96843,2.008156,1.825167,1.865542,0.250625,0.087927,57.593053,3.897303,2.031235,1.964855
C03834,C_L04,DIGITAL_CMOS,CMOS_C,0.351897,0.363179,0.143487,0.145888,63.987307,64.125737,3.679687,3.739656,1.855268,1.885367,1.816489,1.826136,0.38191,0.156992,66.146098,3.858628,1.966149,1.980965
C03835,C_L04,DIGITAL_CMOS,CMOS_C,0.275276,0.286848,0.198743,0.206067,62.069614,62.549074,3.547603,3.529743,1.903478,1.886745,1.870208,1.891155,0.304287,0.218951,63.401056,3.731966,1.9677,2.023375
C03836,C_L04,DIGITAL_CMOS,CMOS_C,0.369565,0.377548,0.23459,0.242802,61.534313,62.874674,3.476147,3.482768,1.812898,1.824796,1.758892,1.76337,0.396555,0.256945,64.985029,3.503554,1.821385,1.789413
C03837,C_L04,DIGITAL_CMOS,CMOS_C,0.293044,0.29261,0.113283,0.117582,63.184007,63.119516,3.563097,3.603654,1.708548,1.732558,1.729118,1.73412,0.311676,0.126089,66.721375,3.723717,1.777054,1.771209
C03838,C_L04,DIGITAL_CMOS,CMOS_C,0.23194,0.236602,0.176741,0.178393,63.121302,62.849085,3.519714,3.541466,1.812947,1.821537,1.70502,1.720034,0.240769,0.181459,63.55161,3.775168,1.908611,1.884041
C03839,C_L04,DIGITAL_CMOS,CMOS_C,0.214214,0.210516,0.164452,0.166969,59.230038,59.986379,3.676915,3.715449,1.980123,1.980078,1.704398,1.73528,0.225759,0.180454,62.053395,3.927771,2.075263,1.856891
C03840,C_L04,DIGITAL_CMOS,CMOS_C,0.360658,0.35219,0.133407,0.136369,62.598927,63.182393,3.492059,3.530154,1.769358,1.776199,1.810919,1.836115,0.369408,0.148382,65.288986,3.596498,1.815556,1.963746
C03841,C_L04,DIGITAL_CMOS,CMOS_C,0.316679,0.307365,0.158189,0.158306,62.061423,62.276733,3.37394,3.416345,1.866046,1.867853,1.577016,1.602751,0.309396,0.158962,63.004989,3.616772,1.927749,1.769206
C03842,C_L04,DIGITAL_CMOS,CMOS_C,0.288462,0.292646,0.147082,0.149446,68.703056,69.574135,3.658899,3.658311,1.965095,2.035874,1.836766,1.869926,0.297251,0.151445,70.506628,3.74416,2.384012,1.981247
C03843,C_L04,DIGITAL_CMOS,CMOS_C,0.294573,0.29664,0.12744,0.130978,62.780074,63.24702,3.527981,3.495422,1.843831,1.860376,1.695363,1.699578,0.293098,0.13156,63.661514,3.498762,1.856893,1.721939
C03844,C_L04,DIGITAL_CMOS,CMOS_C,0.325346,0.328973,0.188622,0.195129,64.985436,65.770622,3.379701,3.408559,1.821352,1.806502,1.748302,1.746637,0.338623,0.208329,67.871632,3.549919,1.849663,1.827763
C03845,C_L04,DIGITAL_CMOS,CMOS_C,0.25479,0.255355,0.195633,0.203173,58.837297,60.376706,3.617719,3.672185,1.802113,1.815162,1.715742,1.749482,0.267084,0.224265,63.172628,3.738589,1.887591,1.83811
C03846,C_L04,DIGITAL_CMOS,CMOS_C,0.299609,0.305518,0.184666,0.189857,64.785587,65.162252,3.510035,3.554665,1.903295,1.897491,1.712649,1.744827,0.313142,0.199343,66.278233,3.629147,1.94876,1.807952
C03847,C_L04,DIGITAL_CMOS,CMOS_C,0.334897,0.335245,0.201701,0.205605,64.560956,64.913674,3.658068,3.684439,1.895852,1.904747,1.668358,1.719873,0.340019,0.218256,66.906661,3.882114,1.973368,1.881914
C03848,C_L04,DIGITAL_CMOS,CMOS_C,0.321241,0.323978,0.158953,0.164836,63.249256,63.626208,3.263453,3.244352,1.790842,1.794249,1.54795,1.551024,0.351563,0.183093,67.727232,3.284213,1.807405,1.579273
C03849,C_L04,DIGITAL_CMOS,CMOS_C,0.330602,0.339493,0.29478,0.299749,65.096326,65.383557,3.594757,3.60515,1.857241,1.869447,1.830936,1.844065,0.338592,0.302245,65.245572,3.621475,1.843501,1.857775
C03850,C_L04,DIGITAL_CMOS,CMOS_C,0.306145,0.308876,0.192807,0.20483,56.937386,57.395729,3.570819,3.586268,1.842996,1.84629,1.872567,1.87779,0.315014,0.211418,59.395225,3.747037,1.9164,2.008725
C03851,C_L04,DIGITAL_CMOS,CMOS_C,0.245485,0.241591,0.124023,0.124263,59.738564,59.237854,3.658396,3.658295,1.930753,1.934542,1.871847,1.869968,0.249109,0.121182,60.127114,3.706948,1.948761,1.898129
C03852,C_L04,DIGITAL_CMOS,CMOS_C,0.279257,0.275127,0.144682,0.151117,62.28644,62.06287,3.638821,3.628328,1.762738,1.769227,1.758851,1.775794,0.292208,0.159669,64.25957,3.649203,1.775092,1.774788
C03853,C_L04,DIGITAL_CMOS,CMOS_C,0.370753,0.376127,0.226317,0.239301,61.070193,62.156964,3.679695,3.673371,1.878906,1.897063,1.840816,1.851128,0.389105,0.255625,63.413342,3.682082,1.908486,1.88842
C03854,C_L04,DIGITAL_CMOS,CMOS_C,0.306559,0.314938,0.247033,0.254315,62.238541,62.527896,3.368575,3.386328,1.841567,1.842159,1.722001,1.758096,0.327173,0.276443,65.676499,3.512643,1.921523,1.874723
C03855,C_L04,DIGITAL_CMOS,CMOS_C,0.345917,0.353198,0.251942,0.257761,64.66627,64.407256,3.716079,3.740922,1.939897,1.969269,1.950464,2.02675,0.367611,0.262056,63.902997,3.820907,2.004117,2.137283
C03856,C_L04,DIGITAL_CMOS,CMOS_C,0.272186,0.268446,0.271937,0.282321,62.720562,62.933361,3.592225,3.619852,1.890499,1.881995,1.838362,1.84554,0.284666,0.309521,65.124125,3.626448,1.897866,1.805211
C03857,C_L04,DIGITAL_CMOS,CMOS_C,0.377798,0.39115,0.157976,0.162215,63.862539,63.885097,3.328662,3.331188,1.749118,1.750595,1.602014,1.602378,0.428209,0.179944,67.207983,3.338213,1.782201,1.631281
C03858,C_L04,DIGITAL_CMOS,CMOS_C,0.343228,0.34808,0.246727,0.248619,61.220161,62.452757,3.637972,3.655683,2.038099,2.050882,1.758526,1.782839,0.369218,0.261915,64.067822,3.673089,2.067089,1.781971
C03859,C_L04,DIGITAL_CMOS,CMOS_C,0.265675,0.267614,0.128968,0.128874,58.869744,58.2734,3.611464,3.623744,1.96904,1.988442,1.734935,1.750193,0.266149,0.13229,59.490169,3.615991,2.005189,1.767609
C03860,C_L04,DIGITAL_CMOS,CMOS_C,0.326948,0.326989,0.156034,0.163219,59.390381,59.18318,3.332172,3.360265,1.783858,1.789812,1.757593,1.77347,0.347716,0.18226,61.314494,3.359736,1.802048,1.781973
C03861,C_L04,DIGITAL_CMOS,CMOS_C,0.380198,0.381852,0.24558,0.243831,63.159918,62.7197,3.379944,3.372235,1.82373,1.828283,1.667761,1.695207,0.393743,0.247559,62.748801,3.481381,1.866659,1.762751
C03862,C_L04,DIGITAL_CMOS,CMOS_C,0.278659,0.281897,0.130852,0.13704,61.524347,62.435342,3.488542,3.496875,1.954073,1.951132,1.730236,1.746318,0.298619,0.143204,63.660175,3.510722,1.985448,1.761047
C03863,C_L04,DIGITAL_CMOS,CMOS_C,0.261759,0.268008,0.211032,0.221474,62.431858,62.644184,3.410282,3.42949,1.829697,1.835275,1.728226,1.758275,0.277864,0.231732,64.047343,3.536302,1.872145,1.847736
C03864,C_L04,DIGITAL_CMOS,CMOS_C,0.339649,0.344882,0.183411,0.189907,62.983364,63.335054,3.446217,3.485583,1.737178,1.768169,1.774801,1.80324,0.347482,0.189555,63.136077,3.749406,1.808625,1.933886
C03865,C_L04,DIGITAL_CMOS,CMOS_C,0.295112,0.296804,0.115624,0.115867,61.274371,61.56271,3.198237,3.214629,1.712639,1.715754,1.624193,1.634503,0.292236,0.118078,62.236345,3.246786,1.754354,1.669782
C03866,C_L04,DIGITAL_CMOS,CMOS_C,0.312948,0.318027,0.237546,0.240632,66.265977,66.268333,3.469091,3.514481,1.856234,1.869181,1.73585,1.804558,0.346243,0.25957,67.93928,3.661171,1.895402,1.888145
C03867,C_L04,DIGITAL_CMOS,CMOS_C,0.321459,0.317949,0.170297,0.172122,66.608468,66.444736,3.268573,3.286401,1.754624,1.765619,1.600447,1.615668,0.328578,0.175746,67.961167,3.272817,1.801541,1.615737
C03868,C_L04,DIGITAL_CMOS,CMOS_C,0.357878,0.366319,0.204894,0.203839,59.526126,59.495868,3.577657,3.63003,1.767455,1.802492,1.713776,1.762341,0.369255,0.208893,59.437964,3.766389,1.835828,1.809952
C03869,C_L04,DIGITAL_CMOS,CMOS_C,0.272155,0.276015,0.322348,0.322467,64.207582,64.299771,3.498216,3.48597,1.811964,1.804787,1.734565,1.764246,0.278447,0.325914,65.183838,3.541682,1.822249,1.784521
C03870,C_L04,DIGITAL_CMOS,CMOS_C,0.251404,0.253782,0.114202,0.122379,63.639044,64.281517,3.585406,3.62099,1.85296,1.849384,1.875225,1.939771,0.262226,0.131753,65.138927,3.796865,1.938229,2.132421
C03871,C_L04,DIGITAL_CMOS,CMOS_C,0.381341,0.381221,0.240641,0.237276,69.637058,69.782977,3.480741,3.48334,1.823519,1.852663,1.801559,1.826005,0.409618,0.259088,70.95166,3.542705,1.863835,1.892487
C03872,C_L04,DIGITAL_CMOS,CMOS_C,0.259123,0.259987,0.256972,0.259443,65.212404,66.68373,3.389282,3.451323,1.762323,1.762075,1.802024,1.817327,0.268751,0.275004,67.957566,3.485657,1.823862,1.877656
C03873,C_L04,DIGITAL_CMOS,CMOS_C,0.351896,0.361049,0.177437,0.180128,61.295356,61.608142,3.416722,3.450859,1.824781,1.841036,1.681961,1.723223,0.362061,0.195151,63.827399,3.571584,1.874018,1.831922
C03874,C_L04,DIGITAL_CMOS,CMOS_C,0.336514,0.345567,0.170959,0.172963,56.667642,57.432645,3.717973,3.781191,1.958309,1.956061,1.638788,1.668802,0.34666,0.172953,56.939428,3.905695,2.012367,1.776933
C03875,C_L04,DIGITAL_CMOS,CMOS_C,0.269178,0.274083,0.137396,0.13999,63.825153,64.698861,3.488453,3.509334,1.80185,1.823698,1.764028,1.804126,0.272628,0.142724,64.645957,3.57268,1.877039,1.884644
C03876,C_L04,DIGITAL_CMOS,CMOS_C,0.299112,0.30578,0.170463,0.181404,62.632677,63.158459,3.592704,3.606518,1.827597,1.85306,1.838485,1.869424,0.325294,0.191868,65.019681,3.763428,1.903958,2.055638
C03877,C_L04,DIGITAL_CMOS,CMOS_C,0.271245,0.278951,0.182145,0.185768,57.10665,57.411436,3.669895,3.686897,1.869372,1.875703,1.773521,1.774748,0.294559,0.197828,58.577769,3.698788,1.882178,1.807522
C03878,C_L04,DIGITAL_CMOS,CMOS_C,0.361536,0.358422,0.115486,0.116417,58.0004,57.749769,3.537009,3.537536,1.839726,1.858902,1.704271,1.722635,0.370049,0.117362,58.645599,3.574271,1.870478,1.736932
C03879,C_L04,DIGITAL_CMOS,CMOS_C,0.314092,0.317316,0.156115,0.159871,57.120033,57.366217,3.620526,3.600038,1.837617,1.846128,1.727344,1.784551,0.327052,0.16069,57.231825,3.719783,1.873734,1.883642
C03880,C_L04,DIGITAL_CMOS,CMOS_C,0.283255,0.284227,0.230034,0.239339,62.054523,62.691162,3.734096,3.716609,1.942409,1.966751,1.903578,1.954889,0.306495,0.258268,65.325167,3.835953,1.999024,2.064651
C03881,C_L04,DIGITAL_CMOS,CMOS_C,0.385064,0.392496,0.31649,0.331725,54.338867,54.79242,3.484409,3.492894,1.927887,1.936976,1.860613,1.875741,0.407943,0.367867,55.643959,3.502591,1.928591,1.909903
C03882,C_L04,DIGITAL_CMOS,CMOS_C,0.325384,0.331376,0.173577,0.180624,63.875986,64.231655,3.598557,3.6045,1.791562,1.797459,1.669615,1.708254,0.363398,0.205004,66.62312,3.755008,1.915612,1.814387
C03883,C_L04,DIGITAL_CMOS,CMOS_C,0.301088,0.303152,0.151342,0.153837,62.748304,62.927576,3.784432,3.763331,1.997194,1.98993,1.779765,1.794084,0.327465,0.169248,64.951121,3.796852,2.001607,1.81334
C03884,C_L04,DIGITAL_CMOS,CMOS_C,0.276036,0.277531,0.140015,0.143742,60.564671,61.071303,3.475351,3.491586,1.767317,1.756686,1.792267,1.829725,0.28814,0.159376,63.852534,3.637709,1.854473,1.975453
C03885,C_L04,DIGITAL_CMOS,CMOS_C,0.295554,0.306337,0.242696,0.253893,65.991242,65.75838,3.407803,3.405807,1.768692,1.783895,1.651278,1.653475,0.306998,0.272104,67.592127,3.417474,1.790283,1.693069
C03886,C_L04,DIGITAL_CMOS,CMOS_C,0.281389,0.280944,0.193967,0.200739,57.743868,58.212833,3.492787,3.529966,1.877798,1.874682,1.62805,1.67172,0.293338,0.208892,60.917196,3.654759,1.942532,1.732357
C03887,C_L04,DIGITAL_CMOS,CMOS_C,0.330454,0.342596,0.137402,0.14261,57.717833,58.233814,3.474477,3.511058,1.790406,1.796966,1.780789,1.806309,0.36122,0.143728,59.411995,3.633419,1.838751,1.969442
C03888,C_L04,DIGITAL_CMOS,CMOS_C,0.264506,0.270791,0.115305,0.12178,58.455865,58.687775,3.580047,3.577827,1.878976,1.907885,1.801812,1.809513,0.273412,0.128014,60.135997,3.708678,1.982943,1.934151
C03889,C_L04,DIGITAL_CMOS,CMOS_C,0.239206,0.237725,0.166065,0.167355,56.748705,56.178533,3.529437,3.509809,1.80213,1.809757,1.788735,1.793192,0.238684,0.170972,56.293133,3.53516,1.819721,1.788168
C03890,C_L04,DIGITAL_CMOS,CMOS_C,0.230091,0.231491,0.121206,0.121642,59.430144,59.995741,3.428981,3.475089,1.804553,1.809732,1.602801,1.632068,0.233371,0.123079,61.038329,3.651758,1.910628,1.813748
C03891,C_L04,DIGITAL_CMOS,CMOS_C,0.248689,0.251419,0.217218,0.22485,66.391569,65.950995,3.588883,3.613009,1.94832,1.954165,1.826175,1.859767,0.25898,0.237587,67.25427,3.72443,1.990948,1.915795
C03892,C_L04,DIGITAL_CMOS,CMOS_C,0.318361,0.307474,0.13256,0.133375,62.2634,62.577102,3.346485,3.362053,1.799294,1.811923,1.586512,1.598935,0.318645,0.134088,63.100463,3.381629,1.820498,1.637027
C03893,C_L04,DIGITAL_CMOS,CMOS_C,0.350793,0.357899,0.242378,0.244283,66.407407,67.400291,3.671097,3.684867,1.77145,1.758872,1.718021,1.75812,0.380562,0.260226,69.78881,3.784567,1.813517,1.832477
C03894,C_L04,DIGITAL_CMOS,CMOS_C,0.354899,0.36838,0.182951,0.187233,63.195349,63.313773,3.332667,3.387126,1.882961,1.903936,1.676109,1.712496,0.380373,0.196816,64.517401,3.477627,1.971976,1.775591
C03895,C_L04,DIGITAL_CMOS,CMOS_C,0.295964,0.298664,0.274659,0.282358,67.356391,67.87776,3.528521,3.536395,1.827136,1.823674,1.757109,1.760796,0.306154,0.285765,71.280248,3.544549,1.836049,1.77475
C03896,C_L04,DIGITAL_CMOS,CMOS_C,0.299879,0.29369,0.219011,0.225061,61.855702,63.010047,3.321343,3.351484,1.80856,1.820137,1.722374,1.753016,0.325729,0.247812,65.635506,3.422504,1.863193,1.848922
C03897,C_L04,DIGITAL_CMOS,CMOS_C,0.305806,0.307177,0.157442,0.16211,62.788417,62.929386,3.515093,3.581106,1.814619,1.829197,1.614244,1.66446,0.342077,0.178938,65.833434,3.645041,1.852003,1.743259
C03898,C_L04,DIGITAL_CMOS,CMOS_C,0.240409,0.247866,0.137225,0.138634,57.550473,57.602124,3.315674,3.371274,1.665901,1.698659,1.541201,1.562112,0.249004,0.140352,58.047279,3.44061,1.73241,1.660512
C03899,C_L04,DIGITAL_CMOS,CMOS_C,0.276195,0.278484,0.176376,0.178293,62.984178,64.000457,3.682418,3.680893,1.903591,1.910919,1.713492,1.723639,0.295468,0.182753,65.405171,3.754047,1.923066,1.757571
C03900,C_L04,DIGITAL_CMOS,CMOS_C,0.296062,0.290586,0.136418,0.137956,62.576485,62.318712,3.424269,3.450158,1.742755,1.741405,1.788961,1.811574,0.31511,0.15128,64.779833,3.44346,1.776609,1.858058
C04053,C_L07,DIGITAL_CMOS,CMOS_C,0.260991,0.266522,0.128677,0.130848,67.28229,67.19095,3.443289,3.465283,1.748593,1.768656,1.751453,1.762091,0.280123,0.138463,68.921717,3.643051,1.855624,1.799041
C04054,C_L07,DIGITAL_CMOS,CMOS_C,0.280209,0.276956,0.086446,0.087171,60.445226,60.705141,3.423746,3.443694,1.772611,1.780889,1.667321,1.690586,0.283055,0.086802,60.515665,3.427155,1.813517,1.670681
C04055,C_L07,DIGITAL_CMOS,CMOS_C,0.342472,0.336311,0.177929,0.180839,64.678311,63.613648,3.777448,3.813822,1.75877,1.778756,1.677888,1.696426,0.34119,0.180221,64.243239,3.913104,1.85672,1.729626
C04056,C_L07,DIGITAL_CMOS,CMOS_C,0.266145,0.276743,0.119413,0.121341,60.640047,60.979516,3.591843,3.631648,1.830699,1.845469,1.711404,1.741716,0.284109,0.123767,62.272246,3.74196,1.907424,1.779799
C04057,C_L07,DIGITAL_CMOS,CMOS_C,0.303167,0.303931,0.148865,0.146381,63.078184,62.91063,3.623732,3.641587,1.892877,1.899159,1.756161,1.760321,0.29993,0.148962,62.543158,3.713635,1.961455,1.793199
C04058,C_L07,DIGITAL_CMOS,CMOS_C,0.291778,0.292002,0.141403,0.14326,62.524347,62.554053,3.620283,3.609419,1.845831,1.848517,1.654257,1.657395,0.302243,0.144499,63.189604,3.623056,1.870573,1.653145
C04059,C_L07,DIGITAL_CMOS,CMOS_C,0.332995,0.33285,0.117834,0.121206,63.819303,63.680808,3.506007,3.533069,1.767277,1.775795,1.588556,1.594112,0.35055,0.12528,65.695926,3.617544,1.808019,1.628792
C04060,C_L07,DIGITAL_CMOS,CMOS_C,0.383397,0.380528,0.158663,0.158707,62.588031,62.170878,3.535497,3.535312,1.675419,1.713709,1.578214,1.599371,0.389117,0.157631,62.001467,3.655016,1.755315,1.605043
C04061,C_L07,DIGITAL_CMOS,CMOS_C,0.308086,0.318108,0.190935,0.191537,60.958808,61.340532,3.472584,3.481765,1.723223,1.734208,1.595593,1.628022,0.328413,0.200445,62.395973,3.545017,1.769525,1.624909
C04062,C_L07,DIGITAL_CMOS,CMOS_C,0.332034,0.334201,0.09639,0.095657,62.071408,62.04788,3.571215,3.577568,1.770739,1.752018,1.505509,1.503366,0.349803,0.102147,63.565895,3.679757,1.856673,1.547728
C04063,C_L07,DIGITAL_CMOS,CMOS_C,0.256713,0.255602,0.146641,0.150594,63.453687,63.875786,3.559936,3.580501,1.718424,1.725986,1.578619,1.571851,0.26518,0.15079,64.697817,3.583658,1.72757,1.575388
C04064,C_L07,DIGITAL_CMOS,CMOS_C,0.257865,0.264027,0.174417,0.172704,61.245662,61.214142,3.73271,3.71114,1.773211,1.776927,1.786948,1.788569,0.268877,0.1705,61.173015,3.765812,1.802029,1.797045
C04065,C_L07,DIGITAL_CMOS,CMOS_C,0.347568,0.352098,0.126459,0.128891,65.480819,65.925749,3.624706,3.658316,1.881077,1.883167,1.836266,1.842172,0.375713,0.136916,67.978025,3.797879,1.97804,1.919189
C04066,C_L07,DIGITAL_CMOS,CMOS_C,0.282164,0.280574,0.147712,0.146889,62.60048,62.447131,3.747632,3.752474,1.865672,1.853928,1.771782,1.764236,0.278435,0.148873,62.957902,3.757821,1.86802,1.772545
C04067,C_L07,DIGITAL_CMOS,CMOS_C,0.391906,0.38852,0.147495,0.147235,64.561048,64.361475,3.498201,3.516672,1.752914,1.777494,1.592551,1.596396,0.396186,0.148239,64.659454,3.606848,1.795293,1.617577
C04068,C_L07,DIGITAL_CMOS,CMOS_C,0.347759,0.354029,0.128423,0.130657,64.277287,64.37351,3.623038,3.638325,1.888477,1.90571,1.642756,1.642148,0.365799,0.142642,65.523379,3.690279,1.909068,1.648665
C04069,C_L07,DIGITAL_CMOS,CMOS_C,0.278467,0.284558,0.234014,0.230897,66.887373,66.675928,3.716892,3.733149,1.924904,1.951874,1.78534,1.788504,0.285761,0.230069,67.057403,3.724054,1.937011,1.80761
C04070,C_L07,DIGITAL_CMOS,CMOS_C,0.279352,0.277876,0.120933,0.120702,66.535012,66.314509,3.602324,3.594806,1.887964,1.882991,1.762299,1.76438,0.288441,0.126328,67.332871,3.623101,1.895666,1.781609
C04071,C_L07,DIGITAL_CMOS,CMOS_C,0.274677,0.280044,0.142707,0.142732,58.849475,59.570426,3.612656,3.634623,1.937092,1.956809,1.810224,1.80643,0.274203,0.145085,59.440483,3.663912,1.971155,1.802983
C04072,C_L07,DIGITAL_CMOS,CMOS_C,0.298703,0.310722,0.118652,0.12107,63.222617,63.739115,3.753926,3.799518,1.829211,1.816006,1.691992,1.707975,0.324116,0.123961,65.025187,3.854235,1.895434,1.789629
C04073,C_L07,DIGITAL_CMOS,CMOS_C,0.246419,0.244385,0.113058,0.113352,54.246861,53.984732,3.481385,3.511765,1.925126,1.940184,1.651805,1.656987,0.25053,0.116996,54.735884,3.573245,1.959706,1.700542
C04074,C_L07,DIGITAL_CMOS,CMOS_C,0.305361,0.298295,0.135985,0.137296,60.718876,60.856662,3.558076,3.57181,1.917335,1.924341,1.768899,1.775234,0.308837,0.137621,61.393559,3.609323,1.908856,1.759883
C04075,C_L07,DIGITAL_CMOS,CMOS_C,0.256035,0.253743,0.162191,0.164253,59.747099,59.704706,3.775768,3.806082,1.843268,1.854418,1.763354,1.783862,0.257244,0.167492,60.522941,3.889784,1.91517,1.804807
C04076,C_L07,DIGITAL_CMOS,CMOS_C,0.325455,0.325492,0.108676,0.109664,60.254168,60.149264,3.740885,3.752597,1.894516,1.900026,1.699535,1.70188,0.341943,0.112311,61.863481,3.776694,1.9236,1.718069
C04077,C_L07,DIGITAL_CMOS,CMOS_C,0.355897,0.355765,0.146755,0.14822,60.195582,60.710126,3.598917,3.633891,1.83744,1.854638,1.690957,1.709726,0.3613,0.150874,60.546302,3.782675,1.934248,1.769984
C04078,C_L07,DIGITAL_CMOS,CMOS_C,0.382621,0.377527,0.131251,0.1337,61.761065,62.121643,3.548491,3.56929,1.776345,1.796106,1.607626,1.614904,0.39491,0.139572,62.526626,3.729999,1.861475,1.667216
C04079,C_L07,DIGITAL_CMOS,CMOS_C,0.289222,0.293638,0.109321,0.1126,64.635629,64.868013,3.550577,3.599247,1.869065,1.872923,1.784789,1.792324,0.304771,0.116744,66.919454,3.650672,1.931461,1.810302
C04080,C_L07,DIGITAL_CMOS,CMOS_C,0.312906,0.316765,0.128058,0.130499,59.53717,60.239983,3.762172,3.746808,1.929375,1.935116,1.863444,1.869536,0.321475,0.134094,59.869144,3.779509,1.937574,1.874116
C04081,C_L07,DIGITAL_CMOS,CMOS_C,0.265191,0.271899,0.204018,0.207412,62.751728,62.926971,3.513469,3.547046,1.750952,1.761463,1.690832,1.700105,0.378906,0.238905,63.694549,3.616457,1.780085,1.741488
C04082,C_L07,DIGITAL_CMOS,CMOS_C,0.23481,0.247401,0.160392,0.164025,63.178625,62.979769,3.683308,3.71026,1.89888,1.928728,1.83854,1.852739,0.254581,0.164732,64.745011,3.755292,1.987892,1.894723
C04083,C_L07,DIGITAL_CMOS,CMOS_C,0.419564,0.417529,0.166879,0.166711,61.279577,61.213635,3.47436,3.54679,1.784278,1.81873,1.676161,1.683001,0.431702,0.167713,61.832352,3.635326,1.849644,1.725778
C04084,C_L07,DIGITAL_CMOS,CMOS_C,0.349144,0.356825,0.167394,0.169325,60.633118,61.404705,3.607696,3.637524,1.814967,1.807091,1.704657,1.708867,0.361315,0.173558,62.495967,3.710975,1.892285,1.777458
C04085,C_L07,DIGITAL_CMOS,CMOS_C,0.319312,0.312819,0.188933,0.192016,58.427892,58.391811,3.522083,3.557114,1.803738,1.799197,1.662411,1.685505,0.323193,0.192741,58.716143,3.734198,1.899917,1.730946
C04086,C_L07,DIGITAL_CMOS,CMOS_C,0.290732,0.300214,0.118007,0.117969,64.550623,64.203688,3.417704,3.450181,1.773806,1.777569,1.650838,1.659963,0.310837,0.122746,66.202477,3.46904,1.795257,1.678672
C04087,C_L07,DIGITAL_CMOS,CMOS_C,0.230438,0.237107,0.1565,0.154838,63.493874,64.103061,3.433869,3.455935,1.808227,1.786691,1.75657,1.772558,0.2558,0.161349,65.880164,3.470135,1.808523,1.782379
C04088,C_L07,DIGITAL_CMOS,CMOS_C,0.415187,0.416565,0.192108,0.194715,62.087699,61.721409,3.392283,3.398839,1.724613,1.73774,1.624507,1.632729,0.45358,0.205411,63.836504,3.405274,1.756382,1.654695
C04089,C_L07,DIGITAL_CMOS,CMOS_C,0.919366,0.979764,0.192625,0.197721,67.156414,67.468406,3.449125,3.478313,1.750162,1.764469,1.664548,1.679386,1.048996,0.201907,67.617406,3.53767,1.770231,1.704161
C04090,C_L07,DIGITAL_CMOS,CMOS_C,0.264472,0.267734,0.12107,0.1236,68.245995,67.334587,3.273887,3.280075,1.751172,1.752167,1.572134,1.580571,0.261405,0.124263,67.664629,3.388179,1.835884,1.620123
C04091,C_L07,DIGITAL_CMOS,CMOS_C,0.419011,0.408535,0.112414,0.113709,62.948421,63.475291,3.622671,3.649034,1.828936,1.842775,1.685702,1.685168,0.421113,0.113736,63.780533,3.643896,1.850892,1.690634
C04092,C_L07,DIGITAL_CMOS,CMOS_C,0.330327,0.336695,0.093157,0.092736,61.953256,62.28124,3.800741,3.831951,1.891497,1.889308,1.786901,1.795036,0.333462,0.094712,62.788658,3.947623,1.957954,1.824331
C04093,C_L07,DIGITAL_CMOS,CMOS_C,0.412682,0.422128,0.176527,0.178335,62.891648,62.570774,3.694655,3.709088,1.812603,1.806701,1.734185,1.749378,0.43992,0.183918,64.176069,3.871529,1.900113,1.812329
C04094,C_L07,DIGITAL_CMOS,CMOS_C,0.329165,0.338528,0.145311,0.144925,62.784541,63.180001,3.428279,3.493618,1.70114,1.701871,1.507992,1.504253,0.348006,0.147719,64.13631,3.571307,1.745354,1.53047
C04095,C_L07,DIGITAL_CMOS,CMOS_C,0.369624,0.374751,0.143385,0.145113,63.491612,63.690285,3.576671,3.560639,1.727219,1.727334,1.835113,1.862586,0.38027,0.151845,64.114989,3.734063,1.839069,1.956964
C04096,C_L07,DIGITAL_CMOS,CMOS_C,0.310797,0.314997,0.18113,0.182466,64.526502,64.823268,3.572099,3.605434,1.756874,1.785176,1.562121,1.570839,0.322118,0.185545,64.157223,3.790017,1.885751,1.629534
C04097,C_L07,DIGITAL_CMOS,CMOS_C,0.450508,0.451818,0.168026,0.17056,59.977051,60.643126,3.592805,3.634726,1.815225,1.819753,1.661879,1.651941,0.453349,0.169708,60.647316,3.777752,1.860543,1.698778
C04098,C_L07,DIGITAL_CMOS,CMOS_C,0.27016,0.274214,0.093884,0.093585,62.542572,61.912526,3.689105,3.692459,1.770294,1.801996,1.760675,1.764937,0.269813,0.09401,62.385707,3.80068,1.855462,1.776917
C04099,C_L07,DIGITAL_CMOS,CMOS_C,0.36518,0.363061,0.169392,0.170006,65.712462,65.74506,3.640297,3.637689,1.83444,1.829719,1.725385,1.732148,0.368,0.174365,65.95592,3.753868,1.935071,1.908998
C04100,C_L07,DIGITAL_CMOS,CMOS_C,0.329181,0.335063,0.179695,0.178231,61.64433,62.201145,3.725136,3.742311,1.988065,2.010353,1.854215,1.870063,0.345254,0.185081,63.20558,3.779441,2.000722,1.870697
C04101,C_L07,DIGITAL_CMOS,CMOS_C,0.389333,0.38713,0.142583,0.145122,65.924317,66.318525,3.672105,3.712204,1.842776,1.859733,1.715522,1.723462,0.398535,0.149586,68.092779,3.680107,1.868343,1.744489
C04102,C_L07,DIGITAL_CMOS,CMOS_C,0.307864,0.317536,0.134961,0.13428,64.020937,63.829799,3.738027,3.775647,1.87485,1.911546,1.822831,1.812505,0.350364,0.139434,66.37813,3.885192,1.972319,1.836429
C04103,C_L07,DIGITAL_CMOS,CMOS_C,0.259088,0.265609,0.172117,0.175958,66.167955,65.979377,3.703078,3.731952,1.967411,1.975531,1.733449,1.777831,0.280894,0.187396,67.962428,3.772462,1.991527,1.76974
C04104,C_L07,DIGITAL_CMOS,CMOS_C,0.254486,0.260675,0.144138,0.145286,61.41738,61.144768,3.570237,3.557329,1.915431,1.917361,1.68031,1.668064,0.265281,0.14691,61.349507,3.592554,1.905637,1.684278
C04105,C_L07,DIGITAL_CMOS,CMOS_C,0.292357,0.304504,0.153611,0.156939,69.037143,68.741507,3.573661,3.603673,1.72479,1.75353,1.740499,1.726318,0.312316,0.16523,70.219887,3.691292,1.791738,1.758482
C04106,C_L07,DIGITAL_CMOS,CMOS_C,0.288769,0.286107,0.110635,0.111049,60.037971,60.611292,3.607964,3.597553,1.894741,1.88931,1.716542,1.714643,0.304377,0.115614,60.815141,3.606733,1.92693,1.735253
C04107,C_L07,DIGITAL_CMOS,CMOS_C,0.288462,0.293314,0.136381,0.136492,66.535316,66.416895,3.596704,3.579513,1.770291,1.788534,1.752394,1.748337,0.297698,0.137106,67.401736,3.597416,1.799177,1.766714
C04108,C_L07,DIGITAL_CMOS,CMOS_C,0.417767,0.417108,0.083038,0.083103,67.168047,66.965463,3.584509,3.60262,1.868022,1.884181,1.692643,1.705615,0.423026,0.085535,68.081418,3.668144,1.914359,1.716304
C04109,C_L07,DIGITAL_CMOS,CMOS_C,0.242389,0.242741,0.105217,0.105427,66.067874,66.561433,3.54895,3.602976,1.948056,1.972101,1.7871,1.781081,0.243612,0.106173,66.659649,3.646883,1.991774,1.821335
C04110,C_L07,DIGITAL_CMOS,CMOS_C,0.331267,0.333508,0.182982,0.185703,63.392556,63.95505,3.723587,3.732123,1.847591,1.844587,1.747569,1.753833,0.335286,0.184426,63.728042,3.856926,1.953743,1.840293
C04111,C_L07,DIGITAL_CMOS,CMOS_C,0.291968,0.290333,0.165555,0.167405,63.549817,62.960483,3.657996,3.677111,1.80847,1.81825,1.753203,1.782483,0.290642,0.168321,63.202381,3.887838,1.912219,1.841711
C04112,C_L07,DIGITAL_CMOS,CMOS_C,0.299046,0.30158,0.207498,0.211469,68.483482,68.543849,3.587448,3.586404,1.826717,1.830269,1.825353,1.826989,0.306303,0.21794,69.741221,3.652511,1.851076,1.827442
C04113,C_L07,DIGITAL_CMOS,CMOS_C,0.427427,0.426709,0.167672,0.168771,62.184054,63.124748,3.634639,3.626611,1.791715,1.790779,1.580212,1.596463,0.443697,0.16973,62.784112,3.67443,1.820494,1.592772
C04114,C_L07,DIGITAL_CMOS,CMOS_C,0.361464,0.367541,0.099586,0.101248,67.410355,67.371654,3.582435,3.555764,1.689013,1.701431,1.673497,1.696262,0.368781,0.105447,68.878881,3.582164,1.70207,1.712776
C04115,C_L07,DIGITAL_CMOS,CMOS_C,0.317922,0.31583,0.140644,0.141532,59.332735,59.729267,3.604456,3.59763,1.928813,1.909178,1.761612,1.744421,0.315204,0.143306,60.482175,3.714505,1.979441,1.810463
C04116,C_L07,DIGITAL_CMOS,CMOS_C,0.382229,0.389149,0.170059,0.170205,69.183302,68.893385,3.579373,3.578572,1.953834,1.977524,1.683023,1.72045,0.385117,0.172801,68.481331,3.668898,2.037291,1.765743
C04117,C_L07,DIGITAL_CMOS,CMOS_C,0.336994,0.347605,0.174117,0.175094,61.324437,62.251485,3.505156,3.544632,1.711488,1.706597,1.695678,1.697692,0.353418,0.183334,64.523731,3.55393,1.750421,1.718731
C04118,C_L07,DIGITAL_CMOS,CMOS_C,0.282137,0.286066,0.131351,0.132557,60.553316,60.390407,3.75432,3.734283,2.045199,2.072561,1.778061,1.765935,0.28725,0.133909,60.608478,3.779172,2.093056,1.780079
C04119,C_L07,DIGITAL_CMOS,CMOS_C,0.34121,0.339673,0.116749,0.11862,62.1539,62.395432,3.549725,3.571797,1.839068,1.829277,1.747186,1.743949,0.360831,0.121052,63.44237,3.574469,1.831467,1.770745
C04120,C_L07,DIGITAL_CMOS,CMOS_C,0.265832,0.263947,0.130669,0.129643,57.094562,57.62384,3.791587,3.833981,1.923406,1.944634,1.798114,1.808862,0.264121,0.132329,57.829868,3.887453,1.994396,1.840267
C04121,C_L07,DIGITAL_CMOS,CMOS_C,0.316225,0.319751,0.137284,0.137868,66.258109,66.667631,3.4232,3.438406,1.833078,1.843343,1.680897,1.690849,0.347305,0.14714,68.358739,3.438657,1.861679,1.692356
C04122,C_L07,DIGITAL_CMOS,CMOS_C,0.262109,0.264182,0.121688,0.120193,65.002247,65.695946,3.675303,3.683255,1.83357,1.835587,1.701423,1.693809,0.268331,0.122594,65.543623,3.841319,1.888477,1.732263
C04123,C_L07,DIGITAL_CMOS,CMOS_C,0.267409,0.264819,0.114673,0.114766,59.875901,59.919489,3.879456,3.862738,2.002897,1.996531,1.793021,1.807277,0.269568,0.1134,60.135666,3.886665,2.012551,1.828132
C04124,C_L07,DIGITAL_CMOS,CMOS_C,0.385105,0.412971,0.231228,0.250918,70.538291,72.183592,3.470995,3.476583,1.811836,1.835343,1.658479,1.672958,0.436725,0.277171,74.318528,3.497479,1.837756,1.658761
C04125,C_L07,DIGITAL_CMOS,CMOS_C,0.410583,0.412099,0.133544,0.132536,59.940784,60.211939,3.732896,3.725808,1.891764,1.904732,1.597181,1.595932,0.416706,0.136345,60.62885,3.753357,1.932423,1.600486
C04126,C_L07,DIGITAL_CMOS,CMOS_C,0.367582,0.366988,0.192026,0.198717,60.08979,60.386405,3.615455,3.661747,1.831188,1.849811,1.718441,1.747589,0.365075,0.198334,60.005335,3.86357,1.938601,1.796606
C04127,C_L07,DIGITAL_CMOS,CMOS_C,0.283502,0.294866,0.106495,0.107884,66.599789,66.782152,3.694988,3.758417,1.907513,1.923098,1.827462,1.821563,0.30199,0.113455,68.431216,3.866938,1.989769,1.851946
C04128,C_L07,DIGITAL_CMOS,CMOS_C,0.322033,0.334073,0.117445,0.11995,58.751622,58.580836,3.430282,3.455576,1.772046,1.817668,1.685437,1.689383,0.350115,0.124017,60.166749,3.490922,1.870139,1.711276
C04129,C_L07,DIGITAL_CMOS,CMOS_C,0.263241,0.26479,0.180834,0.181468,58.258297,58.189163,3.658414,3.660334,1.893432,1.891297,1.800239,1.798648,0.266979,0.187916,58.294669,3.691067,1.910504,1.799688
C04130,C_L07,DIGITAL_CMOS,CMOS_C,0.326187,0.328936,0.081808,0.084522,61.785992,62.557343,3.400515,3.42294,1.796642,1.802117,1.654655,1.664842,0.345976,0.087365,63.785148,3.560815,1.899495,1.707166
C04131,C_L07,DIGITAL_CMOS,CMOS_C,0.258657,0.256793,0.118949,0.11923,64.189716,63.732572,3.730064,3.759258,1.674838,1.68749,1.705548,1.723269,0.262465,0.119044,64.758475,3.94993,1.76469,1.758203
C04132,C_L07,DIGITAL_CMOS,CMOS_C,0.322131,0.322158,0.081288,0.080726,56.296517,56.330906,3.541894,3.522325,1.828351,1.818226,1.789008,1.80413,0.344868,0.085691,59.058704,3.627502,1.940223,1.851928
C04212,C_L09,DIGITAL_CMOS,CMOS_C,0.3368,0.337854,0.144866,0.148951,61.73467,62.394045,3.360729,3.396324,1.749314,1.762646,1.638649,1.671102,0.345208,0.148549,62.129995,3.686004,1.918411,1.797512
C04213,C_L09,DIGITAL_CMOS,CMOS_C,0.340644,0.345987,0.173657,0.173452,64.155461,63.858163,3.518517,3.581998,1.809673,1.875352,1.777446,1.79061,0.347301,0.179495,63.685416,3.7473,1.958138,1.885211
C04214,C_L09,DIGITAL_CMOS,CMOS_C,0.326873,0.325997,0.148164,0.147328,59.347048,59.405578,3.579005,3.644335,1.750857,1.761084,1.735539,1.783875,0.346377,0.159046,63.513612,3.894952,1.833648,1.842358
C04215,C_L09,DIGITAL_CMOS,CMOS_C,0.276404,0.278563,0.171804,0.17752,54.629825,55.130627,3.577356,3.652743,1.884626,1.906073,1.776958,1.82419,0.276092,0.182804,54.986604,3.90281,2.037476,1.916571
C04216,C_L09,DIGITAL_CMOS,CMOS_C,0.328267,0.341878,0.195366,0.205701,60.506413,60.921737,3.552217,3.657197,1.711593,1.730352,1.737579,1.783474,0.342947,0.216757,61.805379,3.816746,1.771941,1.861113
C04217,C_L09,DIGITAL_CMOS,CMOS_C,0.306744,0.316232,0.159084,0.161462,61.81393,62.427416,3.452077,3.458864,1.733667,1.737921,1.653652,1.664104,0.312997,0.168151,63.680056,3.525151,1.743055,1.681818
C04218,C_L09,DIGITAL_CMOS,CMOS_C,0.261341,0.261082,0.118361,0.121145,59.064589,59.584056,3.633195,3.656905,1.803968,1.817716,1.827749,1.854706,0.26586,0.123742,59.893118,3.934893,1.904353,2.089499
C04219,C_L09,DIGITAL_CMOS,CMOS_C,0.33869,0.340092,0.153977,0.162713,62.985576,63.792422,3.644722,3.722427,1.968716,1.954608,1.868179,1.897665,0.351672,0.174028,66.12437,3.929888,2.054778,1.977245
C04220,C_L09,DIGITAL_CMOS,CMOS_C,0.330214,0.339299,0.114117,0.11746,64.333546,63.908162,3.443825,3.491722,1.676662,1.660673,1.519756,1.518484,0.356403,0.133675,67.561825,3.577914,1.683639,1.524554
C04221,C_L09,DIGITAL_CMOS,CMOS_C,0.257176,0.264018,0.107781,0.111215,58.131657,58.92534,3.820975,3.820991,1.870679,1.895123,1.778178,1.781307,0.271035,0.115728,60.485097,3.93102,1.930986,1.79095
C04222,C_L09,DIGITAL_CMOS,CMOS_C,0.271151,0.278785,0.117624,0.122039,63.008809,63.229611,3.506451,3.585224,1.756596,1.773625,1.614129,1.669982,0.304112,0.133141,67.095831,3.770634,1.837707,1.755959
C04223,C_L09,DIGITAL_CMOS,CMOS_C,0.314215,0.322462,0.258503,0.25987,63.364304,63.703587,3.611199,3.65125,1.778451,1.761056,1.760086,1.771925,0.318823,0.262702,64.386289,3.705591,1.779898,1.801303
C04224,C_L09,DIGITAL_CMOS,CMOS_C,0.367928,0.372254,0.168416,0.172422,58.488769,58.49698,3.528078,3.587785,1.803857,1.831417,1.721699,1.757349,0.377144,0.176155,59.626278,3.863209,1.922588,1.886435
C04225,C_L09,DIGITAL_CMOS,CMOS_C,0.229283,0.230684,0.151745,0.155292,57.761099,57.232453,3.317942,3.305096,1.789145,1.784424,1.7604,1.776278,0.231299,0.161374,58.41137,3.373433,1.803981,1.799629
C04226,C_L09,DIGITAL_CMOS,CMOS_C,0.250838,0.258384,0.176078,0.180787,56.700734,57.528553,3.205906,3.227208,1.624962,1.625872,1.61426,1.608365,0.270622,0.201147,61.48865,3.304737,1.648776,1.641472
C04227,C_L09,DIGITAL_CMOS,CMOS_C,0.389463,0.393761,0.231527,0.23953,58.313679,58.098984,3.563208,3.644535,1.803276,1.830319,1.797625,1.840233,0.410847,0.263171,61.886317,3.924456,1.909116,2.005441
C04228,C_L09,DIGITAL_CMOS,CMOS_C,0.311521,0.319733,0.157108,0.163347,61.710287,62.56889,3.418312,3.434559,1.772747,1.825162,1.638393,1.655592,0.32518,0.183289,65.002962,3.583266,1.906442,1.726366
C04229,C_L09,DIGITAL_CMOS,CMOS_C,0.251677,0.253042,0.146645,0.154852,58.541175,59.226609,3.17768,3.186915,1.77461,1.787957,1.730751,1.742457,0.262195,0.167242,60.656446,3.208847,1.800741,1.769638
C04230,C_L09,DIGITAL_CMOS,CMOS_C,0.279214,0.277565,0.087373,0.089411,60.509281,60.57282,3.624591,3.646356,1.957957,1.958605,1.746452,1.75119,0.279174,0.090703,61.380553,3.750254,1.988994,1.801102
C04231,C_L09,DIGITAL_CMOS,CMOS_C,0.306951,0.307701,0.153254,0.15744,58.65396,58.992609,3.564307,3.591971,1.825347,1.837201,1.846097,1.869762,0.307016,0.156753,59.504077,3.902362,1.933503,2.02004
C04232,C_L09,DIGITAL_CMOS,CMOS_C,0.284548,0.287462,0.182105,0.179831,62.520564,62.084903,3.484419,3.512277,1.767703,1.789855,1.818832,1.812543,0.282037,0.183853,63.071638,3.523843,1.785102,1.855937
C04233,C_L09,DIGITAL_CMOS,CMOS_C,0.30902,0.314351,0.113592,0.115574,58.532147,58.557476,3.757818,3.773348,2.070334,2.098728,1.896705,1.952554,0.33114,0.12895,62.339705,3.783653,2.170227,2.002992
C04234,C_L09,DIGITAL_CMOS,CMOS_C,0.359128,0.362436,0.128579,0.132924,57.559037,58.651507,3.578311,3.614649,1.875285,1.917601,1.800416,1.838198,0.372734,0.141514,61.173186,3.784764,2.030681,1.933012
C04235,C_L09,DIGITAL_CMOS,CMOS_C,0.277029,0.273334,0.170866,0.174559,64.252354,63.667236,3.474926,3.514067,1.788999,1.791301,1.607945,1.657008,0.280539,0.178978,64.602169,3.617819,1.862137,1.711631
C04236,C_L09,DIGITAL_CMOS,CMOS_C,0.280392,0.287934,0.155,0.155558,58.065421,57.803974,3.732586,3.787823,1.841228,1.837207,1.80334,1.820941,0.288529,0.163456,58.178443,3.819568,1.884937,1.834534
C04237,C_L09,DIGITAL_CMOS,CMOS_C,0.281774,0.278683,0.20249,0.203944,62.232149,62.612266,3.495978,3.550902,1.832976,1.85227,1.678799,1.730076,0.294543,0.224929,66.167296,3.714827,1.931477,1.840259
C04238,C_L09,DIGITAL_CMOS,CMOS_C,0.257658,0.249126,0.151044,0.151871,58.71165,59.234322,3.609628,3.631476,1.787909,1.807567,1.70198,1.721733,0.255309,0.155508,59.951154,3.850328,1.907343,1.976174
C04239,C_L09,DIGITAL_CMOS,CMOS_C,0.373188,0.38039,0.182213,0.185931,64.074842,64.475992,3.432516,3.473345,1.7089,1.709792,1.656261,1.664379,0.389052,0.198903,67.49285,3.84055,1.832407,1.803772
C04240,C_L09,DIGITAL_CMOS,CMOS_C,0.38104,0.381543,0.17345,0.180772,62.76545,63.707748,3.450305,3.467425,1.745167,1.743517,1.716409,1.728408,0.399398,0.193373,65.423206,3.549753,1.76221,1.740569
C04241,C_L09,DIGITAL_CMOS,CMOS_C,0.333708,0.336063,0.21021,0.213083,60.864592,61.364078,3.570598,3.602518,1.654747,1.656468,1.744621,1.750606,0.359606,0.237959,64.216791,3.669519,1.669744,1.792309
C04242,C_L09,DIGITAL_CMOS,CMOS_C,0.200253,0.205266,0.181622,0.184944,60.72201,61.141789,3.506371,3.517121,1.735975,1.738601,1.831989,1.810019,0.210946,0.188578,62.104511,3.553059,1.762583,1.836241
C04243,C_L09,DIGITAL_CMOS,CMOS_C,0.316943,0.307867,0.134863,0.13493,61.007098,62.403565,3.776698,3.85429,1.962202,2.000843,1.705874,1.734918,0.316265,0.135164,62.266673,3.957082,2.063013,1.780632
C04244,C_L09,DIGITAL_CMOS,CMOS_C,0.286948,0.291283,0.167219,0.17398,59.775087,59.418219,3.419192,3.456673,1.591362,1.606895,1.54815,1.581195,0.294338,0.174119,59.978195,3.60774,1.661819,1.683732
C04245,C_L09,DIGITAL_CMOS,CMOS_C,0.327944,0.33044,0.155498,0.160035,57.235587,58.153708,3.378691,3.483287,1.680268,1.714059,1.639054,1.668953,0.333099,0.172194,59.621856,3.641757,1.784389,1.727074
C04246,C_L09,DIGITAL_CMOS,CMOS_C,0.332696,0.327753,0.160224,0.164695,58.688043,59.22417,3.321347,3.327207,1.772824,1.78474,1.7406,1.769789,0.329722,0.168378,59.754448,3.34878,1.813177,1.795909
C04247,C_L09,DIGITAL_CMOS,CMOS_C,0.349175,0.352478,0.185349,0.191926,61.351197,61.790348,3.495696,3.513499,1.795951,1.777555,1.618489,1.617506,0.369543,0.204928,63.842367,3.51373,1.80403,1.633864
C04248,C_L09,DIGITAL_CMOS,CMOS_C,0.327235,0.332602,0.258876,0.260291,64.764739,65.090859,3.462957,3.498276,1.766588,1.784066,1.718885,1.749913,0.347569,0.27691,67.236441,3.643784,1.832786,1.847701
C04249,C_L09,DIGITAL_CMOS,CMOS_C,0.255129,0.24908,0.106205,0.108957,56.662958,56.834341,3.526194,3.598937,1.671202,1.691885,1.673048,1.696559,0.252248,0.111342,58.029103,3.898892,1.754335,1.822016
C04250,C_L09,DIGITAL_CMOS,CMOS_C,0.277661,0.28521,0.212674,0.216224,59.61596,60.198798,3.506545,3.510307,1.875025,1.869476,1.76545,1.771139,0.293995,0.225856,61.628573,3.614826,1.882415,1.796517
C04251,C_L09,DIGITAL_CMOS,CMOS_C,0.308184,0.302038,0.163226,0.163825,58.665963,59.019464,3.420101,3.487064,1.742431,1.75059,1.722356,1.774917,0.312449,0.1693,60.04364,3.759348,1.869172,1.906953
C04252,C_L09,DIGITAL_CMOS,CMOS_C,0.260948,0.259285,0.161846,0.165742,63.818726,64.271342,3.538336,3.549111,1.843774,1.84909,1.742371,1.733631,0.272439,0.185666,67.489536,3.561607,1.883078,1.757316
C04253,C_L09,DIGITAL_CMOS,CMOS_C,0.321503,0.331945,0.173801,0.181354,61.082766,61.92093,3.329884,3.342447,1.754087,1.755932,1.707393,1.72247,0.361229,0.206658,66.255102,3.872859,1.851034,1.888326
C04254,C_L09,DIGITAL_CMOS,CMOS_C,0.352648,0.343168,0.103,0.107832,55.472362,55.629887,3.7097,3.709464,1.932195,1.936002,1.946525,1.922739,0.366249,0.123242,58.900258,3.783716,1.963884,1.934197
C04255,C_L09,DIGITAL_CMOS,CMOS_C,0.323805,0.338266,0.136642,0.14219,59.249383,59.541862,3.405517,3.419333,1.706811,1.706805,1.667605,1.696479,0.358547,0.163688,63.354856,3.473427,1.715613,1.724694
C04256,C_L09,DIGITAL_CMOS,CMOS_C,0.322205,0.328737,0.136125,0.136823,59.965403,60.86758,3.512141,3.569471,1.849234,1.861761,1.745769,1.758405,0.3285,0.139773,60.50718,3.755144,1.900656,1.835764
C04257,C_L09,DIGITAL_CMOS,CMOS_C,0.221725,0.219758,0.1491,0.154433,62.397539,62.874313,3.420934,3.419328,1.779879,1.792326,1.823025,1.836245,0.230705,0.180255,68.008525,3.524276,1.813702,1.875754
C04258,C_L09,DIGITAL_CMOS,CMOS_C,0.245776,0.251635,0.104017,0.105816,60.168462,59.778962,3.342715,3.355854,1.830581,1.878236,1.798866,1.835756,0.247317,0.10822,61.029834,3.47057,1.940088,1.978619
C04259,C_L09,DIGITAL_CMOS,CMOS_C,0.325123,0.324732,0.15205,0.151856,60.340762,60.200928,3.50495,3.536638,1.851675,1.880869,1.814721,1.856471,0.332689,0.15333,60.481567,3.845425,1.995194,2.02753
C04260,C_L09,DIGITAL_CMOS,CMOS_C,0.345275,0.345659,0.170821,0.17269,62.613239,63.129703,3.673452,3.700888,1.865865,1.874201,1.677863,1.690233,0.351201,0.172568,64.479014,3.777362,1.895723,1.726086
C04261,C_L09,DIGITAL_CMOS,CMOS_C,0.266865,0.266508,0.142199,0.142599,61.218583,61.322488,3.568215,3.616874,1.925443,1.955285,1.764182,1.789963,0.267793,0.143514,62.354397,3.803887,2.09622,1.965233
C04262,C_L09,DIGITAL_CMOS,CMOS_C,0.304329,0.303957,0.168554,0.169725,60.13879,60.532887,3.684365,3.683494,1.774351,1.778034,1.729731,1.734466,0.308327,0.17249,60.69038,3.703369,1.80577,1.753796
C04263,C_L09,DIGITAL_CMOS,CMOS_C,0.308751,0.314781,0.161884,0.174451,62.645944,63.748118,3.350269,3.357725,1.951275,1.972326,1.729338,1.729223,0.319245,0.187654,65.298625,3.386759,1.982784,1.766333
C04264,C_L09,DIGITAL_CMOS,CMOS_C,0.289193,0.288412,0.131832,0.137998,62.240677,63.48569,3.637703,3.710043,1.845691,1.884716,1.88088,1.9309,0.305815,0.157982,67.589016,3.945528,1.94183,2.055392
C04265,C_L09,DIGITAL_CMOS,CMOS_C,0.302116,0.304706,0.172815,0.174381,61.873399,62.145594,3.481005,3.53659,1.830954,1.86377,1.664256,1.663836,0.312084,0.180171,63.406397,3.789479,2.017023,1.844646
C04266,C_L09,DIGITAL_CMOS,CMOS_C,0.347162,0.340962,0.12186,0.121226,57.473279,57.648883,3.373744,3.416742,1.836084,1.850434,1.651877,1.69143,0.351633,0.124136,58.621528,3.651678,1.986895,1.882262
C04267,C_L09,DIGITAL_CMOS,CMOS_C,0.279995,0.288531,0.156636,0.165309,58.425017,59.38708,3.4391,3.49101,1.802917,1.818306,1.681757,1.756306,0.295796,0.17507,62.528379,3.691315,1.909667,1.862959
C04268,C_L09,DIGITAL_CMOS,CMOS_C,0.204259,0.206259,0.123052,0.126309,53.633147,53.909471,3.417402,3.477994,1.738508,1.78201,1.658044,1.680861,0.215701,0.131767,55.558306,3.66219,1.804764,1.731198
C04269,C_L09,DIGITAL_CMOS,CMOS_C,0.299706,0.303959,0.115827,0.119034,64.685239,65.51708,3.492249,3.459616,1.812064,1.831384,1.719586,1.719723,0.305265,0.127963,67.007954,3.496442,1.886802,1.758055
C04270,C_L09,DIGITAL_CMOS,CMOS_C,0.293962,0.307212,0.184242,0.185415,60.869765,61.33825,3.322179,3.39797,1.65198,1.684482,1.70901,1.733678,0.32831,0.202527,65.342424,3.503594,1.787725,1.868878
C04271,C_L09,DIGITAL_CMOS,CMOS_C,0.228595,0.225411,0.141988,0.139151,58.049484,58.093514,3.719804,3.866041,1.901634,1.915622,1.790582,1.815431,0.232297,0.144782,58.948872,4.447785,1.981787,1.934248
C04272,C_L09,DIGITAL_CMOS,CMOS_C,0.268129,0.266074,0.230274,0.240903,58.52025,60.093223,3.496045,3.603581,1.810589,1.844262,1.665584,1.690782,0.267712,0.246338,62.055828,3.813382,1.899541,1.7863
C04273,C_L09,DIGITAL_CMOS,CMOS_C,0.217156,0.224235,0.149042,0.152999,64.925928,65.766817,3.572525,3.596703,1.877107,1.897117,1.708388,1.727016,0.224932,0.160015,67.575351,3.928499,2.000087,1.856597
C04274,C_L09,DIGITAL_CMOS,CMOS_C,0.444476,0.445426,0.1984,0.21035,58.70338,59.355007,3.678948,3.68669,1.764625,1.773674,1.754889,1.756256,0.470651,0.224144,61.268188,3.701688,1.80285,1.787792
C04275,C_L09,DIGITAL_CMOS,CMOS_C,0.357378,0.358305,0.165183,0.163174,59.741049,59.635671,3.584692,3.635011,1.888482,1.92107,1.764589,1.814155,0.359765,0.166245,60.350613,3.781217,1.990564,1.924874
C04276,C_L09,DIGITAL_CMOS,CMOS_C,0.299586,0.303464,0.13376,0.136763,56.918865,57.896961,3.43805,3.512706,1.79414,1.845243,1.801482,1.850651,0.30856,0.143423,59.70948,3.712198,1.921585,1.909912
C04277,C_L09,DIGITAL_CMOS,CMOS_C,0.247586,0.255439,0.170648,0.175922,68.570085,67.854474,3.694751,3.769861,1.941337,1.958797,1.701944,1.724994,0.269249,0.189989,70.84328,3.960553,2.004657,1.848958
C04278,C_L09,DIGITAL_CMOS,CMOS_C,0.4352,0.43701,0.240103,0.248458,58.195592,58.901456,3.577175,3.617534,1.76876,1.760826,1.780287,1.775919,0.46266,0.284188,61.692609,3.692528,1.77544,1.794338
C04279,C_L09,DIGITAL_CMOS,CMOS_C,0.338476,0.341537,0.179728,0.185834,68.390457,69.300697,3.575227,3.608077,1.833768,1.848312,1.776788,1.808006,0.361065,0.191464,72.703235,3.797545,2.014342,1.964492
C04280,C_L09,DIGITAL_CMOS,CMOS_C,0.248338,0.249817,0.125088,0.130701,63.201709,63.513866,3.584311,3.60378,1.975556,1.985495,1.82715,1.835855,0.25654,0.13714,64.793376,3.650391,2.013937,1.857872
C04281,C_L09,DIGITAL_CMOS,CMOS_C,0.359699,0.378198,0.188551,0.191733,62.826168,64.43967,3.402844,3.462796,1.842892,1.894982,1.821471,1.862124,0.389739,0.206014,66.862637,3.592126,2.003577,1.952114
C04282,C_L09,DIGITAL_CMOS,CMOS_C,0.346121,0.349531,0.191146,0.196257,57.793048,58.035553,3.201924,3.1998,1.646304,1.65751,1.554229,1.556549,0.365401,0.223994,62.183893,3.199512,1.67695,1.579862
C04283,C_L09,DIGITAL_CMOS,CMOS_C,0.262649,0.262427,0.22543,0.231598,65.744828,66.265937,3.411053,3.433553,1.746197,1.7603,1.663122,1.682727,0.279251,0.253163,70.079286,3.481117,1.790103,1.697603
C04284,C_L09,DIGITAL_CMOS,CMOS_C,0.326759,0.324132,0.223649,0.220669,60.991603,61.738916,3.423793,3.494285,1.773296,1.793644,1.639608,1.686448,0.326913,0.220937,62.052643,3.657634,1.840208,1.784662
C04285,C_L09,DIGITAL_CMOS,CMOS_C,0.306763,0.311228,0.125232,0.125965,64.604916,64.982878,3.397084,3.468216,1.697566,1.726574,1.636259,1.703179,0.305349,0.130504,65.295461,3.658023,1.772065,1.799146
C04286,C_L10,DIGITAL_CMOS,CMOS_C,0.374956,0.384595,0.16799,0.166285,61.569888,61.255547,3.573173,3.624626,1.773945,1.807254,1.745386,1.776687,0.381286,0.169132,61.41284,3.943234,2.00897,1.958056
C04287,C_L10,DIGITAL_CMOS,CMOS_C,0.327582,0.337608,0.178474,0.181301,63.452719,64.183375,3.229378,3.277,1.617073,1.638538,1.626327,1.626521,0.35145,0.187058,66.868147,3.614776,1.803354,1.783971
C04288,C_L10,DIGITAL_CMOS,CMOS_C,0.324444,0.328467,0.102683,0.10214,64.020741,65.009909,3.652764,3.654804,1.750533,1.756193,1.773332,1.775207,0.332891,0.104388,65.580878,3.684309,1.793831,1.791063
C04289,C_L10,DIGITAL_CMOS,CMOS_C,0.454894,0.456424,0.254656,0.257106,70.34345,70.907356,3.686948,3.712654,1.846344,1.868908,1.764226,1.751057,0.523426,0.27017,74.610762,3.770952,1.887861,1.770471
C04290,C_L10,DIGITAL_CMOS,CMOS_C,0.396552,0.402768,0.158078,0.162215,62.041882,63.173432,3.525732,3.575372,1.701585,1.740971,1.690525,1.715821,0.455446,0.172641,67.159155,3.858999,1.825109,1.80173
C04291,C_L10,DIGITAL_CMOS,CMOS_C,0.438306,0.453109,0.127461,0.130146,59.462149,59.627154,3.749908,3.71521,1.893555,1.88941,1.734951,1.729923,0.487173,0.137646,62.645029,3.734709,1.917503,1.768391
C04292,C_L10,DIGITAL_CMOS,CMOS_C,0.34602,0.349612,0.12275,0.125253,62.964554,64.2453,3.705546,3.702556,1.777658,1.772494,1.705078,1.70809,0.369555,0.131305,67.60357,3.740467,1.811565,1.744483
C04293,C_L10,DIGITAL_CMOS,CMOS_C,0.320552,0.326841,0.134467,0.135487,63.321055,63.749024,3.500404,3.479674,1.797371,1.798511,1.786669,1.781553,0.322506,0.13624,63.992386,3.522397,1.827484,1.798663
C04294,C_L10,DIGITAL_CMOS,CMOS_C,0.293149,0.295746,0.115244,0.11868,60.766462,61.176324,3.471268,3.478181,1.662293,1.679435,1.645866,1.643618,0.311156,0.122141,62.443613,3.491731,1.720517,1.66922
C04295,C_L10,DIGITAL_CMOS,CMOS_C,0.336121,0.338294,0.178832,0.182798,62.105476,62.473281,3.565167,3.58936,1.839677,1.845732,1.703037,1.70921,0.334374,0.186091,62.259465,3.633041,1.861161,1.72902
C04296,C_L10,DIGITAL_CMOS,CMOS_C,0.276924,0.281456,0.183748,0.185003,57.619338,57.837974,3.454612,3.473511,1.702376,1.72176,1.62235,1.62866,0.308317,0.197821,60.991824,3.535156,1.731934,1.656902
C04297,C_L10,DIGITAL_CMOS,CMOS_C,0.363932,0.367975,0.148569,0.151738,57.942777,57.922681,3.699563,3.726986,1.748979,1.75874,1.676605,1.693696,0.372797,0.150374,58.59386,3.755001,1.796989,1.706495
C04298,C_L10,DIGITAL_CMOS,CMOS_C,0.438402,0.440103,0.196963,0.200775,63.037394,62.813259,3.703477,3.697629,1.788587,1.792394,1.715656,1.710226,0.459368,0.204173,64.966764,3.794135,1.840857,1.730045
C04299,C_L10,DIGITAL_CMOS,CMOS_C,0.404444,0.420151,0.195558,0.200827,62.402118,63.505954,3.575201,3.636869,1.838008,1.869873,1.84259,1.861034,0.439248,0.208911,65.097777,3.898253,2.01651,2.008638
C04300,C_L10,DIGITAL_CMOS,CMOS_C,0.297909,0.300559,0.172224,0.176225,61.965885,62.823109,3.642276,3.679116,1.916668,1.934171,1.848282,1.893634,0.305538,0.18103,65.132972,3.813063,2.047384,2.101683
C04301,C_L10,DIGITAL_CMOS,CMOS_C,0.323162,0.32364,0.1401,0.141576,60.186603,60.650742,3.388266,3.407325,1.789049,1.785009,1.665609,1.672809,0.326888,0.140912,61.079781,3.463765,1.81578,1.690843
C04302,C_L10,DIGITAL_CMOS,CMOS_C,0.334633,0.340244,0.123985,0.123175,56.422193,56.626593,3.537799,3.561389,1.765194,1.7976,1.741277,1.751926,0.335015,0.126058,57.899247,3.649833,1.834355,1.802171
C04303,C_L10,DIGITAL_CMOS,CMOS_C,0.348433,0.355889,0.13794,0.139063,58.222968,58.755343,3.620415,3.678231,1.778349,1.803314,1.680305,1.715053,0.375273,0.144255,62.812215,3.885328,1.889625,1.785427
C04304,C_L10,DIGITAL_CMOS,CMOS_C,0.276844,0.277302,0.105496,0.106158,58.182283,59.263889,3.471929,3.491742,1.790165,1.789423,1.759746,1.761335,0.287052,0.107351,59.724553,3.45395,1.805616,1.753555
C04305,C_L10,DIGITAL_CMOS,CMOS_C,0.336951,0.334572,0.161263,0.163742,57.800736,58.139446,3.60951,3.679994,1.802073,1.837558,1.705644,1.746398,0.374095,0.17617,60.691662,3.845087,1.920085,1.788826
C04306,C_L10,DIGITAL_CMOS,CMOS_C,0.303086,0.293583,0.11109,0.111703,60.499134,60.448293,3.405668,3.426045,1.842509,1.866724,1.69281,1.701042,0.297074,0.111851,61.355706,3.839644,2.033057,1.847549
C04307,C_L10,DIGITAL_CMOS,CMOS_C,0.281577,0.341612,0.179677,0.196725,57.189745,58.838904,3.729637,3.781108,1.805357,1.812699,1.90798,1.906827,0.582043,0.253402,65.809193,3.822503,1.832415,1.925421
C04308,C_L10,DIGITAL_CMOS,CMOS_C,0.36471,0.379285,0.151844,0.152852,58.837121,58.730715,3.529685,3.54243,1.780344,1.786765,1.708343,1.702963,0.381163,0.153249,59.38768,3.61281,1.800847,1.739333
C04309,C_L10,DIGITAL_CMOS,CMOS_C,0.409394,0.416093,0.127308,0.127653,62.569312,62.637775,3.584865,3.652961,1.732483,1.763963,1.706878,1.731096,0.414196,0.131536,63.741445,3.786671,1.905099,1.828442
C04310,C_L10,DIGITAL_CMOS,CMOS_C,0.310551,0.309959,0.111031,0.112394,64.991148,65.205184,3.47374,3.523593,1.718016,1.723516,1.602138,1.618652,0.317052,0.111803,66.158791,3.578773,1.751403,1.64026
C04311,C_L10,DIGITAL_CMOS,CMOS_C,0.327618,0.33555,0.104213,0.10813,60.944081,61.677239,3.582831,3.56257,1.818452,1.816605,1.790693,1.79711,0.358628,0.110871,63.949172,3.619623,1.858227,1.808895
C04312,C_L10,DIGITAL_CMOS,CMOS_C,0.283741,0.284701,0.170954,0.170055,63.701679,62.990752,3.441976,3.46822,1.771452,1.799629,1.742279,1.762734,0.289937,0.169676,64.00806,3.75473,2.009092,1.931629
C04313,C_L10,DIGITAL_CMOS,CMOS_C,0.349194,0.344589,0.178166,0.183772,64.022055,64.764925,3.710598,3.724127,1.725349,1.7471,1.649598,1.647613,0.383491,0.197433,70.047047,3.797943,1.749639,1.676058
C04314,C_L10,DIGITAL_CMOS,CMOS_C,0.414553,0.408359,0.124998,0.129464,53.305016,53.467659,3.791875,3.81196,1.840175,1.835462,1.747185,1.821055,0.41453,0.130409,54.281195,3.950686,1.921139,1.897463
C04315,C_L10,DIGITAL_CMOS,CMOS_C,0.28282,0.290554,0.120045,0.122577,60.865365,61.538357,3.677259,3.674199,1.864313,1.875164,1.709162,1.721576,0.302412,0.128315,65.276089,3.774744,1.889747,1.733196
C04316,C_L10,DIGITAL_CMOS,CMOS_C,0.393361,0.396804,0.127284,0.13271,58.858815,59.834595,3.64746,3.727374,1.798881,1.835739,1.81499,1.852532,0.422784,0.139254,62.360456,3.869011,1.870983,1.913157
C04317,C_L10,DIGITAL_CMOS,CMOS_C,0.313611,0.313659,0.158131,0.160928,60.714691,60.820875,3.729007,3.737447,1.846984,1.839421,1.831486,1.846264,0.325116,0.163494,61.920376,3.760284,1.904888,1.875794
C04318,C_L10,DIGITAL_CMOS,CMOS_C,0.41397,0.432364,0.175891,0.181939,61.42531,62.638581,3.51673,3.495414,1.82071,1.837637,1.811877,1.817115,0.441449,0.187307,65.821921,3.604461,1.830813,1.846959
C04319,C_L10,DIGITAL_CMOS,CMOS_C,0.359642,0.367963,0.119481,0.121878,65.190674,65.917136,3.556447,3.624994,1.917603,1.967292,1.847351,1.883765,0.409544,0.129706,71.137922,3.933227,2.142988,2.048602
C04320,C_L10,DIGITAL_CMOS,CMOS_C,0.449949,0.45129,0.144505,0.147452,62.521067,63.766007,3.763733,3.752329,1.816467,1.82399,1.707049,1.712269,0.464603,0.151655,64.728143,3.837207,1.866533,1.762594
C04321,C_L10,DIGITAL_CMOS,CMOS_C,0.284156,0.296662,0.131974,0.135096,62.354113,63.467589,3.419631,3.481859,1.626142,1.642794,1.63766,1.648264,0.307294,0.138954,65.595059,3.831955,1.774165,1.739115
C04322,C_L10,DIGITAL_CMOS,CMOS_C,0.407142,0.420354,0.160897,0.16211,61.601944,61.958066,3.597718,3.647485,1.690108,1.693216,1.731618,1.763889,0.416556,0.162108,62.417336,3.893389,1.861004,1.930397
C04323,C_L10,DIGITAL_CMOS,CMOS_C,0.35063,0.352135,0.125381,0.12494,60.279449,61.557904,3.660822,3.686117,1.899708,1.929921,1.853229,1.88297,0.376977,0.132826,63.732567,3.909789,2.197339,1.995968
C04324,C_L10,DIGITAL_CMOS,CMOS_C,0.345355,0.350626,0.111527,0.11162,58.952152,59.934501,3.57316,3.545978,1.783042,1.785529,1.710996,1.727443,0.346558,0.114583,59.223381,3.624708,1.813118,1.75381
C04325,C_L10,DIGITAL_CMOS,CMOS_C,0.387932,0.401576,0.13334,0.13752,62.893604,63.610179,3.616854,3.692915,1.682059,1.714852,1.653713,1.677765,0.416962,0.142081,67.465526,3.919201,1.767988,1.751401
C04326,C_L10,DIGITAL_CMOS,CMOS_C,0.339728,0.34057,0.11695,0.117084,58.124803,58.177652,3.250762,3.299084,1.696727,1.718967,1.667698,1.706994,0.348351,0.117233,58.177241,3.611946,1.894104,1.862015
C04327,C_L10,DIGITAL_CMOS,CMOS_C,0.258947,0.262068,0.167393,0.169853,65.538081,66.143602,3.610067,3.643371,1.881857,1.89163,1.682033,1.701807,0.290571,0.181167,69.899632,3.932169,2.032481,1.806204
C04328,C_L10,DIGITAL_CMOS,CMOS_C,0.311915,0.316457,0.131701,0.13245,65.597016,66.332092,3.62121,3.673321,1.607108,1.619085,1.703986,1.680515,0.320127,0.134243,65.918798,3.717148,1.63668,1.700963
C04329,C_L10,DIGITAL_CMOS,CMOS_C,0.278533,0.282315,0.121177,0.123321,61.866835,62.149779,3.425711,3.44996,1.745319,1.784322,1.716255,1.72496,0.278158,0.124526,62.443505,3.69545,1.896218,1.868768
C04330,C_L10,DIGITAL_CMOS,CMOS_C,0.354791,0.359703,0.155456,0.157957,61.586151,62.084218,3.606269,3.609517,1.932391,1.938243,1.699814,1.703098,0.391976,0.165955,67.824595,3.607358,1.977824,1.704136
C04331,C_L10,DIGITAL_CMOS,CMOS_C,0.343313,0.344533,0.130099,0.132978,57.91646,57.997425,3.522662,3.56005,1.692254,1.69636,1.752226,1.746303,0.362559,0.140451,60.182329,3.565422,1.749969,1.784588
C04332,C_L10,DIGITAL_CMOS,CMOS_C,0.304942,0.306975,0.12421,0.124908,63.636241,64.164397,3.592952,3.620291,1.81188,1.836733,1.677431,1.684018,0.30533,0.127322,65.091666,3.822816,1.975151,1.841389
C04333,C_L10,DIGITAL_CMOS,CMOS_C,0.328375,0.334861,0.135682,0.134971,59.603415,60.4931,3.42916,3.448283,1.646798,1.653786,1.682615,1.690739,0.337632,0.136682,60.081254,3.476943,1.656236,1.706334
C04334,C_L10,DIGITAL_CMOS,CMOS_C,0.33501,0.330814,0.217877,0.224571,58.9888,59.762605,3.417463,3.510535,1.793647,1.84933,1.579354,1.637139,0.327517,0.226725,60.579348,3.674324,1.980662,1.679837
C04335,C_L10,DIGITAL_CMOS,CMOS_C,0.350082,0.352645,0.203098,0.200545,62.728481,63.070073,3.439105,3.474271,1.826373,1.836372,1.637917,1.643989,0.381081,0.211784,66.092501,3.598362,1.853047,1.677857
C04336,C_L10,DIGITAL_CMOS,CMOS_C,0.294542,0.288174,0.101655,0.10201,60.721483,61.26031,3.404739,3.390755,1.829567,1.836467,1.781407,1.775144,0.298224,0.10506,61.809519,3.46123,1.861683,1.794001
C04337,C_L10,DIGITAL_CMOS,CMOS_C,0.319711,0.327715,0.158113,0.160756,63.474557,64.72185,3.423238,3.467675,1.746719,1.791623,1.662341,1.672675,0.334169,0.164795,66.188667,3.730386,1.873267,1.740174
C04338,C_L10,DIGITAL_CMOS,CMOS_C,0.417808,0.42118,0.126858,0.125352,59.224678,59.24195,3.603099,3.617683,1.711649,1.752315,1.70406,1.701249,0.417611,0.128744,59.943978,3.698493,1.80342,1.70699
C04339,C_L10,DIGITAL_CMOS,CMOS_C,0.30969,0.311491,0.14249,0.14487,59.280126,59.378052,3.612464,3.616226,1.821969,1.829483,1.719673,1.720933,0.340244,0.151771,64.727135,3.631822,1.859767,1.756619
C04340,C_L10,DIGITAL_CMOS,CMOS_C,0.335019,0.336791,0.17858,0.180167,58.377724,58.695068,3.392923,3.473609,1.695629,1.716397,1.526907,1.561989,0.358602,0.188895,61.504878,3.66281,1.804224,1.623467
C04341,C_L10,DIGITAL_CMOS,CMOS_C,0.306704,0.312561,0.1352,0.137147,60.310224,60.140637,3.779459,3.797435,1.9357,1.930334,1.710164,1.716017,0.315131,0.141597,61.667161,3.825476,1.935947,1.744649
C04342,C_L10,DIGITAL_CMOS,CMOS_C,0.486791,0.496315,0.145297,0.148611,57.239812,57.86528,3.430554,3.461942,1.740348,1.748321,1.580689,1.570195,0.542934,0.15531,60.901232,3.576625,1.77274,1.578933
C04343,C_L10,DIGITAL_CMOS,CMOS_C,0.293153,0.294229,0.119553,0.121067,59.489846,60.764072,3.530145,3.596358,1.889321,1.943696,1.638508,1.652571,0.31666,0.129201,67.246224,3.768106,2.069173,1.7209
C04344,C_L10,DIGITAL_CMOS,CMOS_C,0.295663,0.293511,0.119103,0.119501,62.083148,62.387756,3.51569,3.612718,1.851921,1.867267,1.716654,1.734335,0.310829,0.127615,66.121488,3.82334,1.951043,1.793166
C04345,C_L10,DIGITAL_CMOS,CMOS_C,0.257432,0.258199,0.173977,0.181117,62.733804,62.947814,3.649896,3.677513,1.76124,1.791329,1.676428,1.696148,0.272073,0.18698,64.924392,3.929271,1.929499,1.84929
C04346,C_L10,DIGITAL_CMOS,CMOS_C,0.408028,0.405502,0.127446,0.128741,62.658247,62.672663,3.511501,3.508756,1.669308,1.695733,1.66768,1.662928,0.445769,0.135791,66.754273,3.533836,1.703488,1.682806
C04347,C_L10,DIGITAL_CMOS,CMOS_C,0.246998,0.254656,0.109765,0.136181,59.96384,60.3245,3.54514,3.623989,1.807076,1.83384,1.705757,1.727667,0.271094,0.364058,63.61444,3.899579,2.031037,1.840918
C04348,C_L10,DIGITAL_CMOS,CMOS_C,0.343626,0.352296,0.187231,0.191782,62.988453,63.862554,3.578966,3.610738,1.712263,1.714381,1.612743,1.626503,0.361601,0.198514,65.412548,3.651667,1.7214,1.622427
C04349,C_L10,DIGITAL_CMOS,CMOS_C,0.40073,0.397194,0.15337,0.155519,62.662507,63.31667,3.420375,3.473421,1.803321,1.815544,1.699965,1.732466,0.41004,0.157596,63.438209,3.791963,1.919761,1.877271
C04350,C_L10,DIGITAL_CMOS,CMOS_C,0.353908,0.360048,0.235719,0.237959,55.994258,57.220259,3.489192,3.50647,1.637411,1.651692,1.678154,1.70724,0.369154,0.251186,58.642141,3.787021,1.812423,1.828597
C04351,C_L10,DIGITAL_CMOS,CMOS_C,0.262641,0.263871,0.111956,0.113392,62.515292,62.498041,3.318818,3.320852,1.756656,1.766183,1.720097,1.727269,0.287894,0.117167,67.011717,3.407912,1.808651,1.773112
C04352,C_L10,DIGITAL_CMOS,CMOS_C,0.36245,0.358407,0.176424,0.182053,62.677374,62.580736,3.534851,3.546149,1.766036,1.756958,1.675952,1.719466,0.380429,0.191727,66.955049,3.822895,1.868504,1.888396
C04353,C_L10,DIGITAL_CMOS,CMOS_C,0.400778,0.40981,0.206173,0.21174,55.776474,56.852581,3.498724,3.521553,1.726702,1.747114,1.840421,1.833273,0.43171,0.217679,59.369348,3.564875,1.782443,1.868207
C04354,C_L11,DIGITAL_CMOS,CMOS_C,0.265414,0.271053,0.137873,0.13949,64.041418,64.018017,3.740748,3.787659,1.878719,1.874671,1.829081,1.84928,0.273386,0.189536,75.07105,3.901154,1.909785,1.935469
C04355,C_L11,DIGITAL_CMOS,CMOS_C,0.313399,0.3091,0.150324,0.149897,69.359723,69.638243,3.583203,3.594237,1.835798,1.851238,1.874722,1.887776,0.312592,0.153297,69.957352,3.732448,1.911899,1.987693
C04356,C_L11,DIGITAL_CMOS,CMOS_C,0.305264,0.305675,0.146517,0.147696,63.267421,63.826678,3.378466,3.432229,1.700414,1.721961,1.685542,1.703154,0.312495,0.151175,65.091881,3.508008,1.764798,1.751934
C04357,C_L11,DIGITAL_CMOS,CMOS_C,0.278113,0.283651,0.176724,0.177931,66.82993,67.429411,3.44105,3.446646,1.731244,1.737029,1.704785,1.719607,0.296668,0.180856,69.560853,3.629087,1.794223,1.793674
C04358,C_L11,DIGITAL_CMOS,CMOS_C,0.348574,0.348339,0.125661,0.125857,67.726014,69.013685,3.492894,3.479792,1.783462,1.768741,1.709902,1.702136,0.353692,0.12736,67.969602,3.522406,1.790572,1.711171
C04359,C_L11,DIGITAL_CMOS,CMOS_C,0.268511,0.26764,0.144119,0.147549,64.925135,65.145019,3.555533,3.544143,1.785012,1.77447,1.799555,1.781109,0.268615,0.151253,65.322099,3.631827,1.809271,1.807628
C04360,C_L11,DIGITAL_CMOS,CMOS_C,0.339435,0.338137,0.351133,0.353788,83.564038,83.717376,3.686411,3.663605,1.969119,1.989499,1.876423,1.894042,0.343231,0.367536,85.535276,3.686482,1.998953,1.907797
C04361,C_L11,DIGITAL_CMOS,CMOS_C,0.228987,0.231889,0.219435,0.21945,67.263665,67.618361,3.499324,3.466619,1.747774,1.751382,1.714816,1.694225,0.234297,0.225345,68.736634,3.513122,1.764393,1.723866
C04362,C_L11,DIGITAL_CMOS,CMOS_C,0.211333,0.212688,0.109209,0.109335,67.2102,68.031841,3.578191,3.558629,1.790045,1.788148,1.78804,1.791052,0.221479,0.11024,68.542328,3.577103,1.806948,1.808289
C04363,C_L11,DIGITAL_CMOS,CMOS_C,0.343921,0.354396,0.176729,0.181866,66.99723,67.316555,3.640051,3.6506,1.834248,1.831033,1.867531,1.866204,0.367323,0.190046,69.587576,3.671447,1.848786,1.898569
C04364,C_L11,DIGITAL_CMOS,CMOS_C,0.296811,0.288808,0.285923,0.28594,58.181967,59.05021,3.542808,3.577814,1.875261,1.886933,1.740791,1.729952,0.294722,0.29269,60.847908,3.616126,1.893998,1.752086
C04365,C_L11,DIGITAL_CMOS,CMOS_C,0.342405,0.340603,0.126071,0.127269,66.069165,66.224742,3.542071,3.561567,1.79889,1.811191,1.743308,1.761986,0.343555,0.12965,68.060585,3.635462,1.817701,1.835992
C04366,C_L11,DIGITAL_CMOS,CMOS_C,0.222253,0.227179,0.18864,0.191097,64.112259,64.187623,3.552586,3.551909,1.8667,1.870165,1.776802,1.818813,0.224686,0.192117,64.072696,3.636102,1.909715,1.865429
C04367,C_L11,DIGITAL_CMOS,CMOS_C,0.336675,0.322605,0.114383,0.113988,63.380695,63.876198,3.516541,3.528062,1.909374,1.923839,1.778154,1.790406,0.332783,0.114645,63.549858,3.541257,1.928007,1.803857
C04368,C_L11,DIGITAL_CMOS,CMOS_C,0.38323,0.382885,0.259618,0.255487,68.013595,67.970921,3.760295,3.758847,1.762755,1.784423,1.742215,1.76694,0.382787,0.260314,69.209449,3.889904,1.828737,1.806372
C04369,C_L11,DIGITAL_CMOS,CMOS_C,0.300826,0.297255,0.1624,0.16431,63.0336,63.027889,3.679038,3.667983,1.790295,1.794071,1.810874,1.817822,0.29679,0.16843,62.756137,3.705289,1.77397,1.81982
C04370,C_L11,DIGITAL_CMOS,CMOS_C,0.280186,0.281469,0.182988,0.185997,68.961085,69.562693,3.653346,3.677121,1.801764,1.804374,1.771543,1.788147,0.284757,0.188269,71.748255,3.798697,1.875895,1.884828
C04371,C_L11,DIGITAL_CMOS,CMOS_C,0.255933,0.257266,0.137009,0.138836,63.554706,63.149688,3.48751,3.501274,1.785082,1.803669,1.749928,1.761907,0.262669,0.14674,65.842248,3.505157,1.821773,1.784451
C04372,C_L11,DIGITAL_CMOS,CMOS_C,0.344981,0.34716,0.185823,0.18851,67.482699,67.754648,3.388188,3.43482,1.755774,1.800333,1.840966,1.850637,0.360868,0.192866,69.49492,3.564915,1.855509,1.919849
C04373,C_L11,DIGITAL_CMOS,CMOS_C,0.304352,0.306273,0.180209,0.179506,66.968243,66.720792,3.440642,3.44551,1.857689,1.853691,1.8278,1.841797,0.308248,0.180619,66.895232,3.508369,1.869037,1.859533
C04374,C_L11,DIGITAL_CMOS,CMOS_C,0.294308,0.297973,0.128738,0.128853,68.739775,68.751928,3.530561,3.520738,1.784192,1.851593,1.694076,1.694627,0.306774,0.135015,71.083124,3.541351,2.200683,1.709626
C04375,C_L11,DIGITAL_CMOS,CMOS_C,0.350069,0.352825,0.155914,0.155827,64.356699,65.099585,3.493571,3.475602,1.858964,1.870918,1.758798,1.78844,0.366508,0.162633,68.474822,3.49466,1.875248,1.776174
C04376,C_L11,DIGITAL_CMOS,CMOS_C,0.293271,0.297983,0.16654,0.166337,64.045078,64.339625,3.605643,3.589512,1.817928,1.836853,1.784354,1.791705,0.297161,0.168569,64.154343,3.618611,1.838828,1.809837
C04377,C_L11,DIGITAL_CMOS,CMOS_C,0.315983,0.323342,0.197421,0.196205,64.17261,64.488826,3.464679,3.494075,1.801774,1.820757,1.821354,1.856673,0.317508,0.197738,64.529888,3.572024,1.88225,1.870071
C04378,C_L11,DIGITAL_CMOS,CMOS_C,0.297127,0.293973,0.164285,0.16243,64.985868,64.416283,3.479001,3.450772,1.728318,1.723935,1.786874,1.791483,0.291495,0.164225,65.849463,3.482365,1.749147,1.823432
C04379,C_L11,DIGITAL_CMOS,CMOS_C,0.239607,0.237477,0.1591,0.160523,64.00393,64.529831,3.432735,3.420174,1.66413,1.656341,1.745298,1.731998,0.244738,0.168474,66.280056,3.484537,1.671288,1.774147
C04380,C_L11,DIGITAL_CMOS,CMOS_C,0.350055,0.356578,0.183259,0.18454,69.382546,69.764706,3.519889,3.578953,1.750731,1.744511,1.784796,1.796547,0.359291,0.190672,72.960956,3.578797,1.745554,1.823344
C04381,C_L11,DIGITAL_CMOS,CMOS_C,0.255541,0.255779,0.131561,0.133564,69.758256,70.095376,3.416749,3.40282,1.847647,1.860325,1.702549,1.7202,0.257094,0.134119,69.464685,3.54995,1.913155,1.788222
C04382,C_L11,DIGITAL_CMOS,CMOS_C,0.375704,0.373378,0.136003,0.138095,67.60285,67.78589,3.686898,3.712184,1.710281,1.711422,1.797572,1.825838,0.380752,0.138507,68.231237,3.939022,1.800886,1.956332
C04383,C_L11,DIGITAL_CMOS,CMOS_C,0.289394,0.298857,0.146909,0.147357,63.631206,64.183103,3.39257,3.375389,1.926943,1.936163,1.68282,1.67705,0.290344,0.148711,63.883624,3.433166,1.964533,1.695994
C04384,C_L11,DIGITAL_CMOS,CMOS_C,0.291046,0.288526,0.201664,0.206205,64.511977,64.876223,3.44066,3.457771,1.739171,1.754568,1.728144,1.750726,0.286857,0.204508,65.152322,3.597876,1.786314,1.758131
C04385,C_L11,DIGITAL_CMOS,CMOS_C,0.313433,0.310935,0.189706,0.193036,59.411034,60.047351,3.430051,3.451811,1.693303,1.720081,1.821366,1.849642,0.312591,0.193163,60.191046,3.507828,1.724569,1.908986
C04386,C_L11,DIGITAL_CMOS,CMOS_C,0.303,0.306398,0.217161,0.220146,66.533719,67.097145,3.482683,3.478751,1.731415,1.720176,1.763097,1.774623,0.302161,0.221966,68.105612,3.503193,1.719151,1.787651
C04387,C_L11,DIGITAL_CMOS,CMOS_C,0.332526,0.328905,0.156447,0.158011,65.452795,66.352288,3.111936,3.151072,1.642417,1.672226,1.765409,1.789174,0.336121,0.163073,69.327338,3.171083,1.715003,1.831326
C04388,C_L11,DIGITAL_CMOS,CMOS_C,0.281278,0.286817,0.167414,0.177022,67.304793,67.596506,3.43284,3.431493,1.617434,1.628871,1.719785,1.729885,0.300656,0.185996,69.167975,3.565094,1.689772,1.848636
C04389,C_L11,DIGITAL_CMOS,CMOS_C,0.302438,0.298551,0.118025,0.120047,64.587012,65.269027,3.485878,3.524994,1.692508,1.687078,1.694247,1.706301,0.304664,0.122306,66.157709,4.251831,1.706299,1.806583
C04390,C_L11,DIGITAL_CMOS,CMOS_C,0.283936,0.283096,0.157897,0.156855,63.056983,63.604952,3.428623,3.446395,1.570726,1.575146,1.517613,1.526863,0.2816,0.15848,63.178368,3.421533,1.582075,1.534915
C04391,C_L11,DIGITAL_CMOS,CMOS_C,0.197714,0.199535,0.126548,0.128186,61.156171,61.80112,3.559607,3.606442,1.709277,1.735227,1.663939,1.690104,0.201113,0.128609,61.819352,3.683685,1.765656,1.751676
C04392,C_L11,DIGITAL_CMOS,CMOS_C,0.288909,0.293377,0.174361,0.17317,73.898805,73.50376,3.643162,3.660598,1.85746,1.85981,1.889448,1.892237,0.292643,0.17628,74.006494,3.896628,1.945856,1.997172
C04393,C_L11,DIGITAL_CMOS,CMOS_C,0.302907,0.307046,0.183961,0.182593,63.654261,63.682349,3.47831,3.530663,1.743026,1.76705,1.615833,1.645333,0.30456,0.183199,64.147723,3.634538,1.819686,1.698006
C04394,C_L11,DIGITAL_CMOS,CMOS_C,0.292864,0.288867,0.254039,0.256325,63.230701,63.310595,3.624953,3.663571,1.693388,1.712354,1.69094,1.707976,0.301512,0.267548,66.445905,3.809448,1.793838,1.795448
C04395,C_L11,DIGITAL_CMOS,CMOS_C,0.287939,0.281941,0.179511,0.180337,65.551259,66.332349,3.637756,3.626553,1.833358,1.823267,1.819045,1.823426,0.286093,0.180905,66.470938,3.676796,1.847048,1.832028
C04396,C_L11,DIGITAL_CMOS,CMOS_C,0.241487,0.241609,0.115916,0.118583,62.529669,62.619493,3.500506,3.516945,1.781801,1.780427,1.753923,1.776843,0.240781,0.118347,62.739363,3.702035,1.878225,1.892957
C04397,C_L11,DIGITAL_CMOS,CMOS_C,0.321201,0.325571,0.209935,0.212328,65.475743,64.621921,3.679506,3.652854,1.742044,1.745104,1.776664,1.775286,0.331722,0.218196,67.556302,3.807556,1.837557,1.860547
C04398,C_L11,DIGITAL_CMOS,CMOS_C,0.345199,0.348044,0.161845,0.160715,69.665313,69.725187,3.452104,3.472464,1.803373,1.795206,1.657331,1.65467,0.357842,0.165562,69.556381,3.457703,1.791797,1.659093
C04399,C_L11,DIGITAL_CMOS,CMOS_C,0.318578,0.311212,0.155365,0.15316,64.18913,64.237907,3.513418,3.550672,1.700657,1.730967,1.646166,1.652201,0.307453,0.156438,65.939727,3.652826,1.780236,1.705729
C04400,C_L11,DIGITAL_CMOS,CMOS_C,0.296239,0.289975,0.159957,0.162764,68.527579,68.017204,3.676427,3.691721,1.862504,1.854111,1.748604,1.740663,0.291767,0.164708,68.802825,3.720619,1.876084,1.774471
C04401,C_L11,DIGITAL_CMOS,CMOS_C,0.282012,0.284522,0.146182,0.147299,67.235092,67.16965,3.717797,3.729096,1.888173,1.898421,1.91729,1.912286,0.289689,0.146481,67.451925,3.771585,1.916475,1.929506
C04402,C_L11,DIGITAL_CMOS,CMOS_C,0.335524,0.337208,0.184648,0.187694,73.081794,73.548415,3.63514,3.610887,1.779061,1.779214,1.729642,1.732291,0.346934,0.196523,75.584056,3.679712,1.798983,1.760485
C04403,C_L11,DIGITAL_CMOS,CMOS_C,0.371959,0.366457,0.169412,0.172182,59.666011,60.065643,3.419391,3.476143,1.731517,1.737406,1.654156,1.671682,0.381849,0.175656,61.423906,3.52946,1.767424,1.69361
C04404,C_L11,DIGITAL_CMOS,CMOS_C,0.274751,0.278942,0.119304,0.121083,61.840534,61.896063,3.648194,3.65958,1.83027,1.862938,1.778157,1.81202,0.274292,0.120898,62.848795,3.740416,1.915454,1.854465
C04405,C_L11,DIGITAL_CMOS,CMOS_C,0.245287,0.245125,0.143936,0.143813,62.30798,62.343525,3.603809,3.645373,1.73389,1.767631,1.61952,1.616747,0.253372,0.149987,63.817729,3.70276,1.825666,1.667621
C04406,C_L11,DIGITAL_CMOS,CMOS_C,0.462895,0.471421,0.142771,0.144987,68.630228,68.609295,3.493679,3.507299,1.703759,1.721215,1.785938,1.79337,0.495091,0.148642,70.660944,3.593867,1.76518,1.891159
C04407,C_L11,DIGITAL_CMOS,CMOS_C,0.30809,0.308438,0.229751,0.234902,71.252274,71.685945,3.734078,3.742693,1.787866,1.792361,1.731968,1.739298,0.322825,0.240876,73.033456,3.831814,1.866486,1.802599
C04408,C_L11,DIGITAL_CMOS,CMOS_C,0.238353,0.244491,0.16887,0.172832,69.937502,70.778226,3.518559,3.517532,1.770125,1.774949,1.724929,1.737085,0.253259,0.174228,72.736786,3.52979,1.757951,1.726975
C04409,C_L11,DIGITAL_CMOS,CMOS_C,0.361258,0.364722,0.181864,0.183007,69.75279,70.845132,3.501566,3.574219,1.853157,1.887158,1.753937,1.758914,0.375857,0.190868,73.64107,3.730907,1.95165,1.821002
C04410,C_L11,DIGITAL_CMOS,CMOS_C,0.389212,0.389217,0.226971,0.229293,69.343309,69.783803,3.6333,3.647473,1.953789,1.977253,1.775692,1.795581,0.387562,0.228218,69.011774,3.652565,1.990578,1.786066
C04411,C_L11,DIGITAL_CMOS,CMOS_C,0.28252,0.277235,0.167846,0.169429,64.398269,64.79931,3.653318,3.670385,1.669285,1.694981,1.731783,1.750731,0.28949,0.176025,67.010924,3.742364,1.735742,1.817629
C04412,C_L11,DIGITAL_CMOS,CMOS_C,0.280889,0.283999,0.195286,0.193344,62.205353,62.739141,3.487432,3.469099,1.731357,1.736774,1.777509,1.772572,0.284407,0.197887,64.827455,3.489402,1.739608,1.802833
C04413,C_L11,DIGITAL_CMOS,CMOS_C,0.255492,0.26126,0.177846,0.177397,58.849003,58.716951,3.427662,3.43875,1.804873,1.801603,1.598636,1.612896,0.272416,0.18072,59.745413,3.449125,1.806017,1.623916
C04414,C_L11,DIGITAL_CMOS,CMOS_C,0.242516,0.246758,0.133486,0.131143,67.776395,67.355028,3.503277,3.503146,1.820417,1.822335,1.781138,1.764737,0.245056,0.133607,68.732111,3.516138,1.823753,1.794719
C04415,C_L11,DIGITAL_CMOS,CMOS_C,0.247279,0.243053,0.148831,0.150725,67.328238,68.633723,3.620358,3.661131,1.795617,1.79047,1.83513,1.823203,0.255766,0.155346,69.974339,3.681056,1.797719,1.84292
C04416,C_L11,DIGITAL_CMOS,CMOS_C,0.36721,0.37147,0.170419,0.172668,64.330879,64.995281,3.564273,3.582176,1.767155,1.758164,1.664816,1.705659,0.380898,0.174887,65.287849,3.619992,1.805094,1.762312
C04417,C_L11,DIGITAL_CMOS,CMOS_C,0.285748,0.291461,0.128203,0.130928,66.793741,67.236455,3.52285,3.538618,1.882172,1.878273,1.810987,1.822263,0.296595,0.13628,71.209183,3.579949,1.894464,1.868015
C04418,C_L11,DIGITAL_CMOS,CMOS_C,0.330107,0.325213,0.169814,0.16623,62.839128,63.50981,3.702944,3.71111,1.789167,1.811532,1.68093,1.666942,0.333347,0.167709,63.311134,3.711824,1.802646,1.713856
C04419,C_L11,DIGITAL_CMOS,CMOS_C,0.250563,0.252987,0.122473,0.126637,68.910715,70.026943,3.531727,3.554223,1.819016,1.826339,1.851058,1.82418,0.259439,0.128949,72.026884,3.582124,1.847589,1.859893
C04420,C_L11,DIGITAL_CMOS,CMOS_C,0.258156,0.258634,0.087841,0.087902,66.274488,66.034989,3.451121,3.466892,1.72751,1.731685,1.752905,1.748961,0.266957,0.090692,69.446896,3.4875,1.745256,1.769095
C04421,C_L11,DIGITAL_CMOS,CMOS_C,0.25839,0.258852,0.14595,0.148256,62.714926,63.88206,3.489293,3.498022,1.743947,1.771753,1.754019,1.770159,0.270282,0.152117,65.074389,3.585426,1.850088,1.818884
C04422,C_L11,DIGITAL_CMOS,CMOS_C,0.300148,0.299245,0.107552,0.110202,62.602101,62.440217,3.671323,3.68069,1.763669,1.756872,1.810456,1.823799,0.310703,0.115585,65.504361,3.673713,1.777343,1.828547
C04494,C_L13,DIGITAL_CMOS,CMOS_C,0.365202,0.368211,0.160934,0.161441,70.580161,70.634968,3.183176,3.203716,1.616587,1.654854,1.581579,1.588815,0.366495,0.166685,70.518504,3.352345,1.71972,1.733405
C04495,C_L13,DIGITAL_CMOS,CMOS_C,0.344294,0.335896,0.163443,0.1609,64.940647,65.143865,3.453673,3.508795,1.662541,1.655549,1.723111,1.745343,0.339378,0.162551,65.519427,3.675531,1.73888,1.846048
C04496,C_L13,DIGITAL_CMOS,CMOS_C,0.330817,0.328481,0.173209,0.175261,67.502318,67.384313,3.474239,3.476903,1.848872,1.843872,1.717792,1.731025,0.33193,0.17957,68.026184,3.537124,1.854939,1.737833
C04497,C_L13,DIGITAL_CMOS,CMOS_C,0.305386,0.297563,0.164507,0.16449,72.025128,72.628642,3.292037,3.344234,1.658278,1.674707,1.720212,1.738277,0.305818,0.167544,73.64763,3.511434,1.739918,1.848688
C04498,C_L13,DIGITAL_CMOS,CMOS_C,0.342469,0.343134,0.129637,0.130366,66.119891,66.689455,3.2669,3.308277,1.611971,1.598172,1.600394,1.604802,0.358649,0.139775,71.308107,3.351039,1.605602,1.624701
C04499,C_L13,DIGITAL_CMOS,CMOS_C,0.369721,0.367278,0.151951,0.159495,66.548529,66.520397,3.604862,3.643685,1.715234,1.735245,1.743159,1.762315,0.390411,0.162885,67.838169,3.664579,1.732472,1.767751
C04500,C_L13,DIGITAL_CMOS,CMOS_C,0.298858,0.295217,0.156821,0.158736,66.398753,67.115472,3.425751,3.429225,1.73442,1.755307,1.665182,1.6668,0.309803,0.160388,67.297595,3.497993,1.751701,1.671561
C04501,C_L13,DIGITAL_CMOS,CMOS_C,0.377332,0.386408,0.128542,0.131255,63.505961,63.75183,3.579468,3.595867,1.786889,1.795462,1.64015,1.641997,0.394546,0.134923,66.21298,3.653634,1.805023,1.668145
C04502,C_L13,DIGITAL_CMOS,CMOS_C,0.303365,0.300866,0.152814,0.151554,64.71501,65.52936,3.321734,3.374577,1.64694,1.666315,1.637333,1.68176,0.303665,0.158334,65.241591,3.456926,1.699953,1.728
C04503,C_L13,DIGITAL_CMOS,CMOS_C,0.330013,0.337602,0.144848,0.143504,65.926887,65.419099,3.563934,3.638603,1.857258,1.848061,1.665723,1.68794,0.330008,0.145491,66.175389,3.919065,1.912438,1.753522
C04504,C_L13,DIGITAL_CMOS,CMOS_C,0.279866,0.278739,0.120045,0.119927,63.50377,63.505926,3.685134,3.670029,1.739359,1.748494,1.791033,1.796804,0.285914,0.124034,63.599033,3.765097,1.76074,1.841536
C04505,C_L13,DIGITAL_CMOS,CMOS_C,0.333658,0.332598,0.131244,0.132469,65.913139,65.913519,3.366484,3.369092,1.665482,1.684963,1.489408,1.506894,0.334846,0.134755,66.483973,3.438971,1.690173,1.526171
C04506,C_L13,DIGITAL_CMOS,CMOS_C,0.362909,0.356978,0.20743,0.20809,69.13974,69.59841,3.499902,3.498212,1.733954,1.730324,1.665661,1.669539,0.355552,0.21055,70.477927,3.48948,1.760452,1.697478
C04507,C_L13,DIGITAL_CMOS,CMOS_C,0.260673,0.266315,0.133824,0.13485,65.661735,65.758497,3.652409,3.668791,1.818366,1.793313,1.689331,1.716671,0.267429,0.138777,66.400061,3.695356,1.818011,1.73686
C04508,C_L13,DIGITAL_CMOS,CMOS_C,0.372889,0.374749,0.188431,0.195846,64.496798,65.458206,3.463645,3.490385,1.709604,1.73262,1.804926,1.81941,0.385372,0.206841,66.88535,3.616502,1.786404,1.870152
C04509,C_L13,DIGITAL_CMOS,CMOS_C,0.23393,0.236186,0.180643,0.179691,67.112413,67.315034,3.377284,3.376915,1.817093,1.817261,1.818316,1.842728,0.236021,0.1818,67.547501,3.391536,1.83308,1.864036
C04510,C_L13,DIGITAL_CMOS,CMOS_C,0.303468,0.313026,0.10108,0.104955,61.896088,61.651172,3.356786,3.428748,1.697291,1.698357,1.672604,1.69779,0.325209,0.117025,65.343169,3.553847,1.75306,1.791035
C04511,C_L13,DIGITAL_CMOS,CMOS_C,0.271751,0.277042,0.127372,0.132086,63.360411,63.860638,3.382441,3.38715,1.718887,1.736425,1.655204,1.675807,0.281269,0.136843,65.473214,3.679246,1.82777,1.783667
C04512,C_L13,DIGITAL_CMOS,CMOS_C,0.182362,0.184747,0.104197,0.106052,62.56611,63.335064,3.337086,3.342141,1.698658,1.726831,1.67289,1.6668,0.199376,0.118059,65.040066,3.407366,1.739306,1.711109
C04513,C_L13,DIGITAL_CMOS,CMOS_C,0.372619,0.368165,0.145212,0.146994,68.967043,69.325363,3.372982,3.367092,1.614934,1.613449,1.749471,1.748694,0.364528,0.145435,70.599102,3.431801,1.633626,1.758607
C04514,C_L13,DIGITAL_CMOS,CMOS_C,0.376101,0.38149,0.152818,0.154894,67.290026,67.739915,3.294132,3.342396,1.72219,1.743972,1.761865,1.77353,0.401608,0.165672,71.29791,3.509656,1.811903,1.881237
C04515,C_L13,DIGITAL_CMOS,CMOS_C,0.255985,0.254927,0.100783,0.103667,65.004126,66.175557,3.528559,3.625307,1.681231,1.703303,1.652191,1.66604,0.267821,0.108398,68.895837,3.824885,1.74178,1.741795
C04516,C_L13,DIGITAL_CMOS,CMOS_C,0.207195,0.208183,0.124379,0.126757,68.969446,69.63033,3.195433,3.240164,1.58876,1.617235,1.664896,1.692785,0.224865,0.136031,74.914185,3.389808,1.647208,1.781794
C04517,C_L13,DIGITAL_CMOS,CMOS_C,0.373686,0.372481,0.143553,0.147101,63.71364,64.697854,3.413202,3.454584,1.737743,1.756751,1.703148,1.727625,0.391572,0.159038,66.975352,3.739386,1.824785,1.811005
C04518,C_L13,DIGITAL_CMOS,CMOS_C,0.365268,0.367343,0.164799,0.172309,69.893634,71.058026,3.49065,3.502185,1.780514,1.78749,1.703915,1.691349,0.382896,0.174277,74.551956,3.520406,1.789381,1.709463
C04519,C_L13,DIGITAL_CMOS,CMOS_C,0.315915,0.31658,0.098038,0.101021,69.258584,70.489245,3.455477,3.445877,1.732248,1.749754,1.811299,1.804951,0.324102,0.102568,72.460936,3.466164,1.75944,1.842683
C04520,C_L13,DIGITAL_CMOS,CMOS_C,0.316083,0.313855,0.152499,0.151706,70.934236,70.642526,3.07749,3.11532,1.700532,1.70313,1.614102,1.649024,0.321201,0.152437,71.691527,3.240833,1.741228,1.714512
C04521,C_L13,DIGITAL_CMOS,CMOS_C,0.30579,0.304708,0.178298,0.185002,67.960219,68.204601,3.321599,3.314285,1.576791,1.577466,1.664858,1.665998,0.318132,0.189022,71.159901,3.34357,1.579854,1.681409
C04522,C_L13,DIGITAL_CMOS,CMOS_C,0.346217,0.349881,0.142857,0.146602,67.626285,69.234354,3.399024,3.415444,1.782669,1.771657,1.709385,1.702077,0.357517,0.15657,71.198456,3.463639,1.786031,1.701289
C04523,C_L13,DIGITAL_CMOS,CMOS_C,0.261025,0.259402,0.168586,0.169839,64.263726,64.850957,3.470089,3.547384,1.710352,1.730807,1.723157,1.737458,0.265175,0.175124,66.037768,3.681748,1.752401,1.767446
C04524,C_L13,DIGITAL_CMOS,CMOS_C,0.337632,0.340968,0.316841,0.323415,68.178408,68.366273,3.567264,3.621141,1.728772,1.720274,1.719238,1.744403,0.350469,0.352966,72.945611,3.7814,1.791777,1.81782
C04525,C_L13,DIGITAL_CMOS,CMOS_C,0.293713,0.294978,0.123523,0.124286,65.744234,66.319321,3.383302,3.453294,1.71603,1.754426,1.643622,1.676924,0.296636,0.123132,67.134339,3.609505,1.794947,1.760508
C04526,C_L13,DIGITAL_CMOS,CMOS_C,0.261071,0.266596,0.109825,0.112082,66.005196,66.775989,3.371657,3.382553,1.712788,1.710193,1.779972,1.806215,0.268736,0.116853,67.961945,3.433332,1.71719,1.784269
C04527,C_L13,DIGITAL_CMOS,CMOS_C,0.273955,0.274497,0.17155,0.171461,64.979465,65.217301,3.214322,3.193711,1.758262,1.75347,1.631497,1.62324,0.283326,0.174224,65.970745,3.241302,1.786218,1.645193
C04528,C_L13,DIGITAL_CMOS,CMOS_C,0.305268,0.304444,0.07403,0.075327,66.890528,66.857259,3.267492,3.296463,1.673545,1.683706,1.767429,1.772003,0.308309,0.077317,67.485419,3.292322,1.675512,1.776177
C04529,C_L13,DIGITAL_CMOS,CMOS_C,0.243549,0.241134,0.068304,0.068452,64.305413,64.461285,3.616703,3.593332,1.744709,1.743404,1.701273,1.703155,0.248184,0.07059,64.765926,3.680865,1.750043,1.711987
C04530,C_L13,DIGITAL_CMOS,CMOS_C,0.296347,0.30321,0.100723,0.102573,61.89485,62.372661,3.473216,3.496153,1.856682,1.861391,1.810012,1.809681,0.319914,0.110379,65.996914,3.463365,1.859239,1.830462
C04531,C_L13,DIGITAL_CMOS,CMOS_C,0.350243,0.35176,0.199973,0.207677,64.646733,65.806478,3.289828,3.322571,1.543502,1.539664,1.585387,1.625245,0.36666,0.212725,67.10263,3.541475,1.609442,1.711346
C04532,C_L13,DIGITAL_CMOS,CMOS_C,0.302673,0.298366,0.151926,0.152691,67.399476,67.040842,3.393703,3.396957,1.564843,1.563432,1.692253,1.699431,0.305432,0.151766,68.249398,3.40299,1.577414,1.723571
C04533,C_L13,DIGITAL_CMOS,CMOS_C,0.260221,0.255065,0.16781,0.170728,62.794289,63.702558,3.490686,3.478602,1.678803,1.692625,1.612816,1.612281,0.263538,0.173294,63.902576,3.551412,1.697,1.649468
C04534,C_L13,DIGITAL_CMOS,CMOS_C,0.311625,0.315803,0.263131,0.268565,64.063882,63.922777,3.3397,3.379515,1.78528,1.803561,1.689273,1.704926,0.324292,0.283289,66.42271,3.562531,1.82925,1.78286
C04535,C_L13,DIGITAL_CMOS,CMOS_C,0.277004,0.283756,0.1358,0.141354,66.351446,66.645194,3.535198,3.562777,1.721654,1.719434,1.682888,1.70641,0.289848,0.152751,70.236983,3.693313,1.737368,1.744143
C04536,C_L13,DIGITAL_CMOS,CMOS_C,0.320261,0.323097,0.167142,0.17313,63.251111,65.260783,3.369582,3.371844,1.829358,1.842099,1.850937,1.86608,0.335237,0.181836,68.055521,3.451774,1.836283,1.880982
C04537,C_L13,DIGITAL_CMOS,CMOS_C,0.345605,0.351161,0.111244,0.1127,69.610772,69.084536,3.566107,3.537548,1.713032,1.714903,1.733515,1.742528,0.350303,0.11544,69.537675,3.607845,1.736171,1.755126
C04538,C_L13,DIGITAL_CMOS,CMOS_C,0.322093,0.325998,0.105236,0.10751,66.084473,68.965604,3.359112,3.362704,1.846546,1.87035,1.825847,1.839099,0.335019,0.113746,70.583805,3.559944,1.955922,1.932373
C04539,C_L13,DIGITAL_CMOS,CMOS_C,0.237305,0.242748,0.210332,0.211795,67.196132,66.692645,3.121473,3.114227,1.819609,1.813018,1.68115,1.702101,0.24207,0.215924,67.884978,3.185227,1.838481,1.695182
C04540,C_L13,DIGITAL_CMOS,CMOS_C,0.238627,0.236976,0.112072,0.113052,63.235238,63.822789,3.51957,3.573078,1.59501,1.623008,1.627595,1.65045,0.239909,0.117326,63.846409,3.674948,1.663138,1.722957
C04541,C_L13,DIGITAL_CMOS,CMOS_C,0.354675,0.360343,0.125425,0.128841,66.406619,67.005004,3.490822,3.551815,1.748698,1.780468,1.816731,1.867297,0.356323,0.131102,68.057014,3.751642,1.840112,1.931123
C04542,C_L13,DIGITAL_CMOS,CMOS_C,0.397369,0.397342,0.080922,0.083186,58.553437,58.671179,3.646497,3.637579,1.759187,1.751773,1.730107,1.720729,0.422983,0.087746,62.359829,3.652218,1.774647,1.742171
C04543,C_L13,DIGITAL_CMOS,CMOS_C,0.295791,0.300135,0.192751,0.199095,69.865874,69.780667,3.336139,3.346791,1.700524,1.699605,1.635866,1.632198,0.31287,0.218747,73.282107,3.439793,1.723087,1.651292
C04544,C_L13,DIGITAL_CMOS,CMOS_C,0.267789,0.26275,0.115772,0.11699,67.334852,66.854939,3.280545,3.326312,1.691499,1.701934,1.683688,1.695235,0.264571,0.117824,68.563834,3.55805,1.781017,1.783194
C04545,C_L13,DIGITAL_CMOS,CMOS_C,0.403328,0.422241,0.174732,0.172805,68.099893,69.421593,3.331599,3.400122,1.769884,1.791079,1.595336,1.599766,0.411618,0.180146,69.39544,3.689696,1.871638,1.705711
C04546,C_L13,DIGITAL_CMOS,CMOS_C,0.351962,0.352609,0.100159,0.09972,66.008041,65.694315,3.524814,3.520717,1.88454,1.889097,1.833087,1.84651,0.35967,0.099882,67.919155,3.59942,1.922382,1.849296
C04547,C_L13,DIGITAL_CMOS,CMOS_C,0.319415,0.320955,0.149157,0.154024,63.618447,63.951916,3.373242,3.40499,1.689487,1.693185,1.746212,1.74684,0.332716,0.161943,65.473013,3.455292,1.700093,1.760364
C04548,C_L13,DIGITAL_CMOS,CMOS_C,0.319958,0.313986,0.124371,0.12647,66.468175,67.60325,3.308378,3.37409,1.660949,1.680976,1.633792,1.668003,0.326967,0.132658,70.463226,3.571886,1.72963,1.753709
C04549,C_L13,DIGITAL_CMOS,CMOS_C,0.333389,0.332357,0.144448,0.146039,71.518735,71.912756,3.495228,3.512894,1.838457,1.822989,1.730871,1.722919,0.352619,0.15169,73.463262,3.581656,1.820722,1.732077
C04550,C_L13,DIGITAL_CMOS,CMOS_C,0.36289,0.366928,0.226944,0.237229,67.891544,68.756828,3.450166,3.489587,1.720817,1.740305,1.780754,1.801476,0.378626,0.247389,70.553832,3.588943,1.767477,1.876027
C04551,C_L13,DIGITAL_CMOS,CMOS_C,0.279227,0.28153,0.117739,0.120024,64.676075,65.561298,3.422754,3.453739,1.717742,1.734904,1.751344,1.777028,0.287194,0.122197,66.457418,3.660007,1.800968,1.873987
C04552,C_L13,DIGITAL_CMOS,CMOS_C,0.340472,0.348631,0.137079,0.141981,67.219727,69.639244,3.360452,3.355131,1.734989,1.742526,1.652551,1.669475,0.367851,0.151303,72.661008,3.412547,1.760108,1.686057
C04553,C_L13,DIGITAL_CMOS,CMOS_C,0.319099,0.321663,0.197683,0.204923,69.325628,70.032961,3.247907,3.271995,1.635705,1.638472,1.714203,1.721818,0.332541,0.216518,71.726803,3.360253,1.656004,1.745999
C04554,C_L13,DIGITAL_CMOS,CMOS_C,0.409963,0.407345,0.151199,0.152147,63.053939,64.340315,3.375878,3.425576,1.737066,1.746498,1.776829,1.786839,0.429952,0.154809,66.110844,3.693251,1.805779,1.904465
C04555,C_L13,DIGITAL_CMOS,CMOS_C,0.414523,0.426252,0.161563,0.168291,68.983421,70.277551,3.436745,3.530032,1.656768,1.677102,1.669632,1.68578,0.444041,0.178978,72.448443,3.732111,1.697805,1.733092
C04556,C_L13,DIGITAL_CMOS,CMOS_C,0.377335,0.372357,0.19641,0.195963,67.023788,67.594662,3.44207,3.478896,1.642888,1.649945,1.724084,1.711881,0.379512,0.201113,67.460505,3.511124,1.67039,1.744556
C04557,C_L13,DIGITAL_CMOS,CMOS_C,0.345838,0.34377,0.081654,0.081696,69.804786,71.314442,3.101225,3.15888,1.737103,1.737057,1.739497,1.739489,0.359409,0.087722,75.208063,3.291215,1.769886,1.819648
C04558,C_L13,DIGITAL_CMOS,CMOS_C,0.300757,0.298452,0.130848,0.136088,71.074877,72.207308,3.46234,3.46565,1.8547,1.860954,1.806104,1.810066,0.320517,0.154661,78.565545,3.524949,1.879668,1.839181
C04559,C_L13,DIGITAL_CMOS,CMOS_C,0.250219,0.25274,0.121508,0.124289,64.522638,64.705243,3.29784,3.345847,1.771126,1.784599,1.672848,1.683037,0.257716,0.127117,66.261157,3.393367,1.792295,1.69986
C04560,C_L13,DIGITAL_CMOS,CMOS_C,0.267313,0.26789,0.14162,0.143835,62.605571,62.737674,3.411974,3.455956,1.642769,1.645628,1.710764,1.714636,0.272737,0.144679,63.641389,3.45884,1.669405,1.723323
C04561,C_L13,DIGITAL_CMOS,CMOS_C,0.317183,0.323288,0.108912,0.111771,64.133455,64.910153,3.403547,3.46989,1.586038,1.626779,1.687798,1.711848,0.326529,0.11824,66.427066,3.662423,1.648949,1.743626
C04562,C_L13,DIGITAL_CMOS,CMOS_C,0.269798,0.266881,0.096857,0.099213,62.863434,62.8061,3.109015,3.113513,1.670158,1.683614,1.711387,1.720455,0.268323,0.100308,63.705795,3.163937,1.669952,1.73756
C04563,C_L13,DIGITAL_CMOS,CMOS_C,0.358389,0.36226,0.172217,0.180903,65.726044,66.902888,3.251338,3.277654,1.709963,1.712491,1.676561,1.683268,0.369628,0.19081,69.501612,3.318918,1.738258,1.689177
C04564,C_L13,DIGITAL_CMOS,CMOS_C,0.291829,0.299893,0.105741,0.110187,62.157055,61.99723,3.470079,3.514069,1.72621,1.727134,1.745567,1.737297,0.298327,0.113178,63.390967,3.547154,1.756243,1.77031
C04565,C_L13,DIGITAL_CMOS,CMOS_C,0.319461,0.325462,0.141452,0.143836,65.184631,64.640179,3.445971,3.515509,1.806835,1.808482,1.72644,1.758771,0.323294,0.14606,65.306348,3.789282,1.892962,1.889652
C04566,C_L13,DIGITAL_CMOS,CMOS_C,0.262625,0.268861,0.117493,0.117021,67.594724,68.105129,3.295803,3.322965,1.602615,1.605718,1.689625,1.682862,0.270656,0.119826,68.85861,3.371821,1.613357,1.699048
C04567,C_L13,DIGITAL_CMOS,CMOS_C,0.314608,0.315633,0.13324,0.140822,62.693085,63.95447,3.460437,3.496031,1.700981,1.711182,1.828769,1.825984,0.329842,0.155707,67.138132,3.784917,1.785115,1.930822
C04568,C_L13,DIGITAL_CMOS,CMOS_C,0.227194,0.230885,0.102134,0.104747,66.481093,66.632434,3.348391,3.372755,1.628148,1.631888,1.703264,1.70057,0.240652,0.10741,68.574716,3.588275,1.682552,1.843919
C04569,C_L13,DIGITAL_CMOS,CMOS_C,0.235982,0.236998,0.127933,0.129011,55.536999,56.026599,3.221082,3.258344,1.645313,1.641522,1.617795,1.607597,0.241255,0.131765,55.683962,3.294761,1.666472,1.653875
C04570,C_L13,DIGITAL_CMOS,CMOS_C,0.300857,0.303162,0.12574,0.131352,65.753709,65.335929,3.54383,3.573428,1.721523,1.733867,1.815843,1.830801,0.311759,0.142464,67.476837,3.676991,1.783325,1.857272
C04571,C_L13,DIGITAL_CMOS,CMOS_C,0.358912,0.350705,0.090545,0.091431,66.508633,66.158268,3.480649,3.528421,1.770463,1.804628,1.694351,1.729607,0.36147,0.094209,66.883265,3.650041,1.836762,1.766083
C04572,C_L13,DIGITAL_CMOS,CMOS_C,0.205855,0.208077,0.078058,0.079591,64.079143,63.097483,3.377045,3.4003,1.706928,1.722253,1.658792,1.648678,0.209309,0.079054,63.972555,3.456575,1.720481,1.689403
C04573,C_L13,DIGITAL_CMOS,CMOS_C,0.288477,0.294354,0.103914,0.107435,66.522725,68.252603,3.442885,3.550508,1.813359,1.813549,1.641986,1.662062,0.308949,0.117732,72.052491,3.685305,1.878067,1.715015
C04644,C_L15,DIGITAL_CMOS,CMOS_C,0.264354,0.263574,0.14249,0.144356,64.054359,64.206713,3.553326,3.580968,1.88516,1.882861,1.703705,1.724655,0.263363,0.144441,63.945404,3.656213,1.919998,1.817011
C04645,C_L15,DIGITAL_CMOS,CMOS_C,0.216733,0.220859,0.134334,0.135281,68.73388,68.184499,3.801298,3.818389,1.86153,1.869381,1.900636,1.900584,0.216049,0.134843,68.688101,3.911339,1.923807,1.992001
C04646,C_L15,DIGITAL_CMOS,CMOS_C,0.278527,0.274727,0.142424,0.142819,60.408641,61.340152,3.647346,3.634884,1.88751,1.87619,1.769282,1.767817,0.275872,0.142936,61.617311,3.656508,1.885327,1.770079
C04647,C_L15,DIGITAL_CMOS,CMOS_C,0.47444,0.480179,0.182732,0.186578,65.326433,65.331811,3.413893,3.443946,1.760405,1.782129,1.619007,1.625693,0.509482,0.19554,67.36004,3.436012,1.765937,1.632438
C04648,C_L15,DIGITAL_CMOS,CMOS_C,0.337756,0.339471,0.108874,0.109692,61.120806,62.273296,3.331607,3.329023,1.781307,1.799566,1.621089,1.634074,0.349438,0.112615,63.331661,3.415447,1.831853,1.729838
C04649,C_L15,DIGITAL_CMOS,CMOS_C,0.271281,0.278391,0.121169,0.120597,61.093896,61.109839,3.537604,3.560959,1.78408,1.79479,1.7343,1.73612,0.275984,0.121153,61.487113,3.574573,1.798147,1.745646
C04650,C_L15,DIGITAL_CMOS,CMOS_C,0.279357,0.279329,0.13662,0.135385,59.124733,59.007268,3.5461,3.552425,1.676813,1.690861,1.720992,1.730879,0.277013,0.136402,59.331329,3.651453,1.739254,1.806873
C04651,C_L15,DIGITAL_CMOS,CMOS_C,0.277208,0.272104,0.164788,0.165036,66.68677,67.115795,3.404874,3.433342,1.796143,1.798117,1.692518,1.720786,0.278559,0.16822,67.387315,3.502196,1.839172,1.778837
C04652,C_L15,DIGITAL_CMOS,CMOS_C,0.27695,0.272415,0.12691,0.126405,63.308197,62.985242,3.740047,3.7506,1.912754,1.913766,1.794059,1.77486,0.276467,0.126868,63.573932,3.752932,1.921391,1.808645
C04653,C_L15,DIGITAL_CMOS,CMOS_C,0.305784,0.305098,0.15361,0.152911,60.376647,60.860179,3.598207,3.546564,1.964664,1.968473,1.837429,1.840076,0.30656,0.152851,60.709701,3.579575,1.976286,1.84369
C04654,C_L15,DIGITAL_CMOS,CMOS_C,0.3121,0.310935,0.139732,0.142964,62.314048,62.389752,3.405702,3.424541,1.726551,1.731669,1.718687,1.72802,0.321207,0.146537,63.453488,3.471552,1.760238,1.815806
C04655,C_L15,DIGITAL_CMOS,CMOS_C,0.288545,0.291353,0.137722,0.137563,69.349726,69.932683,3.471225,3.503169,1.737717,1.751143,1.641531,1.636364,0.304094,0.141879,71.905492,3.478045,1.768357,1.659572
C04656,C_L15,DIGITAL_CMOS,CMOS_C,0.290094,0.29051,0.110798,0.110717,62.619094,62.5564,3.527992,3.549295,1.845826,1.844888,1.604801,1.596763,0.29593,0.111144,63.558951,3.580357,1.873693,1.60943
C04657,C_L15,DIGITAL_CMOS,CMOS_C,0.385422,0.380227,0.20619,0.206674,61.811293,62.577622,3.683399,3.670392,1.888507,1.901264,1.794179,1.784929,0.391417,0.213386,64.158148,3.682148,1.903054,1.824149
C04658,C_L15,DIGITAL_CMOS,CMOS_C,0.307709,0.30597,0.124439,0.128195,61.590807,61.79177,3.41905,3.408067,1.783818,1.789417,1.582833,1.606547,0.325344,0.129714,63.431092,3.479202,1.829643,1.663276
C04659,C_L15,DIGITAL_CMOS,CMOS_C,0.233572,0.237759,0.152787,0.154517,65.34316,66.046545,3.559143,3.532193,1.742747,1.748984,1.639523,1.627536,0.243285,0.15949,67.489419,3.561391,1.738617,1.654613
C04660,C_L15,DIGITAL_CMOS,CMOS_C,0.282269,0.284036,0.127676,0.126909,58.760233,59.011518,3.354724,3.341276,1.881087,1.882923,1.753109,1.784122,0.27959,0.128258,59.055616,3.398893,1.940146,1.836859
C04661,C_L15,DIGITAL_CMOS,CMOS_C,0.216843,0.216988,0.124134,0.126561,63.293057,63.185709,3.52519,3.547373,1.876209,1.906944,1.741188,1.752396,0.223746,0.127622,63.603721,3.589826,1.914473,1.801131
C04662,C_L15,DIGITAL_CMOS,CMOS_C,0.252478,0.262536,0.147357,0.149576,59.804255,59.905797,3.861957,3.849329,1.995903,1.993281,1.843555,1.820408,0.269068,0.155402,60.585409,3.85052,2.013226,1.820287
C04663,C_L15,DIGITAL_CMOS,CMOS_C,0.290743,0.290047,0.151125,0.153867,64.230749,63.779631,3.587489,3.603127,1.778472,1.789525,1.770325,1.783872,0.291916,0.154975,65.422636,3.665751,1.81061,1.843133
C04664,C_L15,DIGITAL_CMOS,CMOS_C,0.311335,0.318834,0.143868,0.146475,62.661084,62.468446,3.294134,3.330159,1.689284,1.688246,1.674317,1.659631,0.320562,0.14631,62.711324,3.307807,1.681917,1.659138
C04665,C_L15,DIGITAL_CMOS,CMOS_C,0.401744,0.411291,0.166883,0.167986,63.362921,64.185225,3.776358,3.764669,1.844686,1.842482,1.813783,1.826243,0.424228,0.172153,64.979346,3.761701,1.85796,1.828563
C04666,C_L15,DIGITAL_CMOS,CMOS_C,0.316109,0.324214,0.143993,0.145167,68.624516,69.192291,3.487364,3.468358,1.798365,1.815493,1.696753,1.710986,0.346427,0.150348,71.235467,3.503883,1.807131,1.714653
C04667,C_L15,DIGITAL_CMOS,CMOS_C,0.335927,0.332844,0.204765,0.211511,66.943486,67.325398,3.700372,3.748348,1.845639,1.85743,1.779426,1.762423,0.346507,0.218239,68.989151,3.837308,1.903358,1.833653
C04668,C_L15,DIGITAL_CMOS,CMOS_C,0.382585,0.393103,0.184244,0.189699,61.539937,61.909235,3.511278,3.537492,1.833971,1.830295,1.640744,1.660171,0.392849,0.189608,62.506637,3.531728,1.862294,1.664787
C04669,C_L15,DIGITAL_CMOS,CMOS_C,0.28834,0.282128,0.158892,0.157874,60.058384,59.896279,3.510349,3.509229,1.712094,1.702615,1.67564,1.680662,0.294563,0.157897,60.991343,3.47763,1.718197,1.693458
C04670,C_L15,DIGITAL_CMOS,CMOS_C,0.403183,0.401563,0.180867,0.182199,65.571549,66.49542,3.605872,3.622029,1.770029,1.772215,1.646266,1.653417,0.415485,0.195104,67.903238,3.724246,1.82543,1.746006
C04671,C_L15,DIGITAL_CMOS,CMOS_C,0.299176,0.295167,0.145925,0.150399,60.738768,60.884163,3.466859,3.500985,1.795045,1.783296,1.745179,1.749802,0.308668,0.15469,61.762181,3.544293,1.793913,1.775877
C04672,C_L15,DIGITAL_CMOS,CMOS_C,0.328276,0.324865,0.151126,0.150953,66.004512,66.246659,3.721844,3.717012,1.946581,1.954567,1.753647,1.75599,0.324274,0.151802,67.58279,3.752802,1.968433,1.760841
C04673,C_L15,DIGITAL_CMOS,CMOS_C,0.402136,0.411156,0.180793,0.180738,61.681149,61.42314,3.844622,3.851112,1.870424,1.865592,1.779843,1.782372,0.428904,0.188357,61.827311,3.874306,1.87197,1.806061
C04674,C_L15,DIGITAL_CMOS,CMOS_C,0.266826,0.274133,0.146837,0.151017,60.333834,61.085186,3.57746,3.58695,1.782273,1.805496,1.662561,1.682021,0.277438,0.152765,63.085631,3.649039,1.815896,1.729998
C04675,C_L15,DIGITAL_CMOS,CMOS_C,0.342898,0.344401,0.189262,0.187677,62.973645,63.696051,3.596136,3.620039,1.868569,1.850602,1.820951,1.806564,0.350456,0.190283,63.143094,3.640434,1.846378,1.84348
C04676,C_L15,DIGITAL_CMOS,CMOS_C,0.384844,0.371257,0.145347,0.14778,65.41418,65.299784,3.543615,3.58163,1.887535,1.906781,1.74653,1.763151,0.379007,0.145783,65.877015,3.621926,1.936289,1.818376
C04677,C_L15,DIGITAL_CMOS,CMOS_C,0.310702,0.324287,0.165559,0.168481,62.916155,63.164212,3.637452,3.653744,1.81562,1.810784,1.71115,1.699142,0.333741,0.171881,64.251065,3.73494,1.841156,1.750228
C04678,C_L15,DIGITAL_CMOS,CMOS_C,0.262915,0.25965,0.179294,0.180482,64.105654,64.993708,3.457824,3.469727,1.876422,1.878067,1.637209,1.63193,0.26377,0.180587,65.270941,3.481836,1.865762,1.662319
C04679,C_L15,DIGITAL_CMOS,CMOS_C,0.350986,0.362434,0.178127,0.182892,70.049767,69.719401,3.470924,3.491228,1.84696,1.834834,1.650907,1.662278,0.369368,0.188574,71.465289,3.509403,1.848182,1.664368
C04680,C_L15,DIGITAL_CMOS,CMOS_C,0.309963,0.308878,0.114515,0.116697,56.788264,57.710277,3.723435,3.784544,1.94913,1.970475,1.801265,1.809005,0.30927,0.116616,58.434393,3.968223,2.036272,1.833197
C04681,C_L15,DIGITAL_CMOS,CMOS_C,0.32529,0.324377,0.179025,0.180742,64.393943,64.421612,3.464242,3.442546,1.817849,1.841709,1.769346,1.765099,0.3325,0.178884,64.847585,3.476456,1.83391,1.794864
C04682,C_L15,DIGITAL_CMOS,CMOS_C,0.248896,0.249813,0.13154,0.134024,64.572819,65.483344,3.762261,3.818883,1.875986,1.90552,1.697733,1.692477,0.261054,0.13889,67.058505,3.866391,1.921505,1.735428
C04683,C_L15,DIGITAL_CMOS,CMOS_C,0.304249,0.305447,0.117569,0.118307,62.984759,63.508789,3.485878,3.534332,1.831792,1.864374,1.723178,1.743444,0.312969,0.121788,64.648881,3.594946,1.904586,1.762716
C04684,C_L15,DIGITAL_CMOS,CMOS_C,0.381821,0.384945,0.140114,0.141789,69.094826,69.999235,3.61598,3.619886,1.661654,1.660071,1.604411,1.620017,0.400317,0.146043,71.330525,3.674104,1.73663,1.679165
C04685,C_L15,DIGITAL_CMOS,CMOS_C,0.28419,0.279597,0.087955,0.089318,62.840113,63.749475,3.402244,3.432633,1.668801,1.672717,1.577219,1.589242,0.285336,0.090086,63.884529,3.499314,1.716993,1.646202
C04686,C_L15,DIGITAL_CMOS,CMOS_C,0.266888,0.263096,0.117786,0.117532,67.774759,68.580619,3.347883,3.356258,1.832669,1.831132,1.748321,1.735497,0.26408,0.122014,69.87087,3.35996,1.830497,1.752915
C04687,C_L15,DIGITAL_CMOS,CMOS_C,0.386943,0.386031,0.150488,0.151011,64.877022,65.90009,3.531876,3.533966,1.783625,1.795075,1.778368,1.761514,0.401999,0.156784,67.264501,3.554962,1.805745,1.788893
C04688,C_L15,DIGITAL_CMOS,CMOS_C,0.348146,0.354251,0.155315,0.153818,66.497369,67.110445,3.381243,3.353415,1.729406,1.73829,1.63595,1.639792,0.358369,0.157991,67.991382,3.392177,1.738613,1.668372
C04689,C_L15,DIGITAL_CMOS,CMOS_C,0.252397,0.252051,0.083564,0.084605,68.128936,69.060241,3.647941,3.666483,1.794498,1.804989,1.580911,1.590449,0.255618,0.086274,68.765259,3.674216,1.799604,1.586722
C04690,C_L15,DIGITAL_CMOS,CMOS_C,0.272109,0.274808,0.159475,0.160259,66.470789,66.632,3.295515,3.323064,1.685909,1.684929,1.548139,1.564589,0.278352,0.161129,67.264612,3.332663,1.741643,1.616727
C04691,C_L15,DIGITAL_CMOS,CMOS_C,0.266816,0.270707,0.142144,0.146346,64.00244,64.051594,3.394127,3.416718,1.802394,1.82523,1.760526,1.757644,0.282364,0.1506,65.360902,3.500414,1.869321,1.869147
C04692,C_L15,DIGITAL_CMOS,CMOS_C,0.306171,0.310936,0.1623,0.163025,66.817088,67.182,3.560221,3.587691,1.735497,1.760216,1.8009,1.784824,0.312322,0.166555,68.773145,3.631274,1.800552,1.824692
C04693,C_L15,DIGITAL_CMOS,CMOS_C,0.416291,0.409394,0.226908,0.234349,64.772033,66.002182,3.665293,3.627743,1.769512,1.771608,1.604356,1.617226,0.425861,0.233985,65.794082,3.667472,1.790199,1.625356
C04694,C_L15,DIGITAL_CMOS,CMOS_C,0.344,0.348066,0.177565,0.177735,63.576754,63.970458,3.47501,3.510941,1.852875,1.851547,1.680303,1.70255,0.347936,0.177026,63.925949,3.548724,1.905872,1.749885
C04695,C_L15,DIGITAL_CMOS,CMOS_C,0.275118,0.28635,0.137549,0.139201,65.738886,66.209283,3.504429,3.525909,1.723628,1.725553,1.772121,1.780888,0.374265,0.163376,69.097201,3.503907,1.736351,1.793806
C04696,C_L15,DIGITAL_CMOS,CMOS_C,0.335585,0.337719,0.15046,0.151614,62.882851,63.32138,3.630592,3.609022,1.852904,1.849128,1.768444,1.75983,0.35241,0.15616,65.357694,3.635391,1.878103,1.758222
C04697,C_L15,DIGITAL_CMOS,CMOS_C,0.248404,0.250715,0.109267,0.10984,61.239481,61.632377,3.513992,3.521105,1.803483,1.812393,1.667713,1.677766,0.255928,0.109031,61.56821,3.538673,1.815991,1.674837
C04698,C_L15,DIGITAL_CMOS,CMOS_C,0.32376,0.322234,0.118837,0.12103,61.749255,61.937556,3.589514,3.590022,1.877157,1.896193,1.663166,1.67744,0.320716,0.123302,62.036313,3.679702,1.947855,1.747112
C04699,C_L15,DIGITAL_CMOS,CMOS_C,0.227026,0.229897,0.108665,0.107832,57.569494,57.380601,3.787965,3.782389,1.844872,1.854738,1.85869,1.901823,0.232865,0.107601,57.269942,3.91705,1.90782,1.966195
C04700,C_L15,DIGITAL_CMOS,CMOS_C,0.348352,0.354087,0.109433,0.110269,67.838772,68.115527,3.615719,3.614372,1.909513,1.901694,1.654032,1.652693,0.365487,0.114047,70.45008,3.725033,1.925955,1.696063
C04701,C_L15,DIGITAL_CMOS,CMOS_C,0.541075,0.539721,0.131028,0.133727,64.424625,64.634787,3.898203,3.866546,1.865011,1.859273,1.728411,1.729631,0.559671,0.137752,65.627404,3.900208,1.867021,1.718933
C04702,C_L15,DIGITAL_CMOS,CMOS_C,0.286579,0.288332,0.084579,0.086128,61.088706,60.403738,3.639964,3.65319,1.793605,1.793466,1.731778,1.732601,0.291318,0.087438,61.082625,3.675124,1.797959,1.727556
C04703,C_L15,DIGITAL_CMOS,CMOS_C,0.229543,0.236422,0.123553,0.122138,65.803228,65.671863,3.553723,3.588938,1.761055,1.772422,1.600776,1.615602,0.231487,0.123213,65.462251,3.613437,1.802275,1.631819
C04704,C_L15,DIGITAL_CMOS,CMOS_C,0.31072,0.324025,0.150519,0.151565,65.053768,65.865296,3.597581,3.648926,1.944416,1.993972,1.778783,1.787726,0.338539,0.155677,66.836224,3.687761,2.015414,1.808397
C04705,C_L15,DIGITAL_CMOS,CMOS_C,0.298795,0.293208,0.129559,0.130575,64.048745,64.002804,3.796375,3.798726,2.072546,2.069801,1.797228,1.792156,0.301195,0.132037,64.719847,3.923147,2.113735,1.875116
C04706,C_L15,DIGITAL_CMOS,CMOS_C,0.290521,0.293317,0.103852,0.105897,62.42532,62.798978,3.691327,3.700913,1.828493,1.854886,1.764318,1.747427,0.301255,0.109845,65.723276,3.773243,1.875772,1.79124
C04707,C_L15,DIGITAL_CMOS,CMOS_C,0.3369,0.33428,0.132168,0.134545,64.962441,65.134574,3.719781,3.715696,1.955198,1.96575,1.799584,1.814827,0.343722,0.140357,65.969485,3.768407,2.003181,1.830931
C04708,C_L15,DIGITAL_CMOS,CMOS_C,0.334612,0.341743,0.171517,0.171169,63.29585,63.52393,3.492373,3.510148,1.762414,1.77042,1.731074,1.737519,0.342942,0.17467,64.218475,3.547831,1.759938,1.736328
C04709,C_L15,DIGITAL_CMOS,CMOS_C,0.297258,0.29276,0.156129,0.15712,63.096763,64.027641,3.532646,3.553688,1.752901,1.750381,1.754613,1.771345,0.303074,0.163388,64.185722,3.608332,1.777297,1.802809
C04710,C_L15,DIGITAL_CMOS,CMOS_C,0.30638,0.315549,0.183664,0.187582,59.950621,59.635578,3.593215,3.624577,1.916933,1.923281,1.692044,1.716495,0.328322,0.190748,61.572578,3.762979,1.957565,1.756032
C04711,C_L15,DIGITAL_CMOS,CMOS_C,0.272284,0.270527,0.09879,0.099153,64.90665,64.607845,3.566966,3.571343,1.924601,1.931764,1.829782,1.807618,0.27501,0.099221,64.448776,3.584702,1.92525,1.815968
C04712,C_L15,DIGITAL_CMOS,CMOS_C,0.355149,0.351708,0.136981,0.138506,59.889681,60.231194,3.681375,3.701049,1.917118,1.932436,1.708858,1.724318,0.377505,0.142621,61.430895,3.700939,1.933489,1.728187
C04713,C_L15,DIGITAL_CMOS,CMOS_C,0.281659,0.285741,0.146219,0.148153,61.876287,61.187631,3.494909,3.502834,1.847434,1.85428,1.62638,1.625154,0.298722,0.154355,63.721512,3.508076,1.830328,1.624674
C04714,C_L15,DIGITAL_CMOS,CMOS_C,0.301557,0.306929,0.139515,0.138869,60.627518,61.346266,3.405282,3.412477,1.781597,1.80248,1.705337,1.691365,0.311423,0.146743,64.358254,3.445953,1.810317,1.712542
C04715,C_L15,DIGITAL_CMOS,CMOS_C,0.293128,0.29683,0.087211,0.088482,63.086758,62.395572,3.739125,3.73362,1.846922,1.850941,1.655559,1.661786,0.297869,0.089145,63.365641,3.780446,1.838904,1.68824
C04716,C_L15,DIGITAL_CMOS,CMOS_C,0.373121,0.373357,0.192508,0.192734,61.353698,61.980979,3.426273,3.423749,1.880427,1.875873,1.76012,1.761475,0.380824,0.194819,62.223632,3.530593,1.914347,1.845122
C04717,C_L15,DIGITAL_CMOS,CMOS_C,0.315372,0.316025,0.132693,0.132365,63.367952,64.664831,3.690761,3.670706,1.986619,1.967698,1.875241,1.877791,0.325254,0.132087,65.312966,3.770827,2.049538,1.951159
C04718,C_L15,DIGITAL_CMOS,CMOS_C,0.279981,0.285232,0.114839,0.11448,62.03338,61.551634,3.879531,3.869246,1.994283,1.983328,1.751202,1.763639,0.292317,0.118238,63.48013,3.893865,1.994091,1.747974
C04793,C_L17,DIGITAL_CMOS,CMOS_C,0.279328,0.2816,0.191632,0.193607,66.942619,67.635875,3.387254,3.384438,1.858433,1.856348,1.60714,1.593588,0.29762,0.20127,68.370325,3.407606,1.854666,1.615234
C04794,C_L17,DIGITAL_CMOS,CMOS_C,0.384717,0.383828,0.106269,0.106712,65.090046,65.49068,3.78473,3.805676,1.885067,1.893497,1.765557,1.769258,0.38577,0.106456,65.324617,3.854901,1.923042,1.794013
C04795,C_L17,DIGITAL_CMOS,CMOS_C,0.300424,0.305903,0.14869,0.149943,59.190114,59.267183,3.8375,3.8463,2.139462,2.114067,1.910204,1.918372,0.329173,0.160603,60.262878,3.852604,2.106856,1.935915
C04796,C_L17,DIGITAL_CMOS,CMOS_C,0.359755,0.355143,0.214055,0.213676,61.027903,60.877253,3.524611,3.544,1.849917,1.844495,1.763782,1.746417,0.358466,0.213719,61.245939,3.572189,1.880899,1.767102
C04797,C_L17,DIGITAL_CMOS,CMOS_C,0.266006,0.269149,0.224615,0.224121,65.399843,65.305948,3.686748,3.696806,1.983834,2.00114,1.774952,1.785447,0.272374,0.228417,65.431105,3.742408,2.001043,1.81136
C04798,C_L17,DIGITAL_CMOS,CMOS_C,0.21941,0.221024,0.170364,0.175964,59.214549,59.244487,3.289422,3.310212,1.721195,1.730424,1.660361,1.664237,0.230284,0.183269,59.940418,3.358843,1.790156,1.67005
C04799,C_L17,DIGITAL_CMOS,CMOS_C,0.299429,0.302762,0.171239,0.174434,65.539348,65.792705,3.701112,3.718313,1.793774,1.797092,1.776818,1.811776,0.306737,0.179888,66.464972,3.816372,1.837062,1.82962
C04800,C_L17,DIGITAL_CMOS,CMOS_C,0.331826,0.338841,0.119848,0.122961,63.600356,64.081614,3.706833,3.693409,1.958032,1.945379,1.808127,1.825275,0.349459,0.127676,65.011703,3.718414,1.96803,1.832016
C04801,C_L17,DIGITAL_CMOS,CMOS_C,0.330097,0.338404,0.153349,0.157158,63.092698,63.144214,3.748984,3.804848,1.967245,1.979532,1.747876,1.764923,0.340773,0.162628,64.551303,3.891385,2.013164,1.787632
C04802,C_L17,DIGITAL_CMOS,CMOS_C,0.299998,0.299333,0.143433,0.144765,57.271025,57.274717,3.513686,3.525303,1.830921,1.849069,1.726598,1.758159,0.318149,0.153942,58.719479,3.589502,1.908429,1.791523
C04803,C_L17,DIGITAL_CMOS,CMOS_C,0.267958,0.274248,0.170556,0.224786,65.733996,66.781445,3.652531,3.65313,2.035054,2.090793,1.739349,1.727222,0.274016,0.388284,71.875506,3.659516,2.242019,1.744138
C04804,C_L17,DIGITAL_CMOS,CMOS_C,0.422549,0.419119,0.117246,0.121247,60.739842,60.961745,3.446867,3.460181,1.76996,1.766118,1.748216,1.752786,0.435778,0.128555,62.278503,3.571919,1.857937,1.817178
C04805,C_L17,DIGITAL_CMOS,CMOS_C,0.244485,0.253294,0.119782,0.12081,65.088806,65.353455,3.710385,3.714799,1.825213,1.842959,1.71056,1.71707,0.387937,0.188655,65.613613,3.747407,1.88461,1.734413
C04806,C_L17,DIGITAL_CMOS,CMOS_C,0.270845,0.272256,0.135765,0.137355,65.179121,64.636449,3.601056,3.592041,1.848459,1.840017,1.76205,1.755329,0.283617,0.141355,66.383501,3.619423,1.85371,1.764182
C04807,C_L17,DIGITAL_CMOS,CMOS_C,0.246354,0.258426,0.161349,0.164984,61.960566,61.21212,3.563592,3.602798,1.92658,1.933496,1.658529,1.669819,0.259558,0.175421,62.297517,3.663207,1.994639,1.685956
C04808,C_L17,DIGITAL_CMOS,CMOS_C,0.379211,0.378373,0.169364,0.166707,64.457902,65.310977,3.674132,3.720171,1.957761,1.968232,1.750628,1.768865,0.386026,0.171987,64.883705,3.763512,2.012608,1.783582
C04809,C_L17,DIGITAL_CMOS,CMOS_C,0.265945,0.271739,0.102277,0.105723,65.357252,64.798203,3.607186,3.604804,1.85865,1.849063,1.737901,1.737166,0.27991,0.106113,65.326518,3.726717,1.941141,1.776624
C04810,C_L17,DIGITAL_CMOS,CMOS_C,0.371255,0.370255,0.199,0.202779,65.409249,65.059762,3.676438,3.690093,1.944181,1.955393,1.817992,1.815319,0.37345,0.201175,65.778365,3.677319,1.968929,1.827437
C04811,C_L17,DIGITAL_CMOS,CMOS_C,0.217616,0.215576,0.093599,0.092983,69.189488,70.245752,3.60774,3.62839,1.710596,1.705035,1.617011,1.618227,0.231189,0.098119,71.085099,3.652875,1.737625,1.611813
C04812,C_L17,DIGITAL_CMOS,CMOS_C,0.242699,0.246105,0.157528,0.159459,65.522373,66.185969,3.716252,3.71058,2.030599,2.039582,1.864639,1.847306,0.255893,0.160901,66.570554,3.707638,2.090457,1.87863
C04813,C_L17,DIGITAL_CMOS,CMOS_C,0.373956,0.37308,0.179353,0.182079,65.912887,66.253936,3.825241,3.841161,2.123419,2.131727,1.907527,1.900649,0.378809,0.185697,65.906439,3.851242,2.124447,1.91484
C04814,C_L17,DIGITAL_CMOS,CMOS_C,0.361468,0.367082,0.227004,0.232999,63.833211,63.782835,3.79449,3.795462,1.862064,1.868842,1.717362,1.712057,0.396382,0.248234,64.923237,3.816339,1.905838,1.734146
C04815,C_L17,DIGITAL_CMOS,CMOS_C,0.299144,0.297326,0.126376,0.128639,58.659697,58.863407,3.852581,3.831134,2.038513,2.041842,1.807792,1.809968,0.296866,0.128709,59.21864,3.848466,2.044759,1.834388
C04816,C_L17,DIGITAL_CMOS,CMOS_C,0.272191,0.269488,0.129319,0.131393,61.607217,62.63485,3.629148,3.663817,1.811653,1.82419,1.706292,1.726661,0.268027,0.130855,62.50731,3.744112,1.908569,1.814049
C04817,C_L17,DIGITAL_CMOS,CMOS_C,0.3552,0.36093,0.178743,0.180812,57.204553,56.600992,3.289765,3.267658,1.789439,1.800257,1.705655,1.704398,0.357228,0.180711,57.223509,3.291459,1.803405,1.704587
C04818,C_L17,DIGITAL_CMOS,CMOS_C,0.404981,0.413628,0.150792,0.153394,66.808655,67.496484,3.718583,3.684867,1.823709,1.817617,1.804809,1.803714,0.424687,0.158813,67.501337,3.755563,1.842623,1.816822
C04819,C_L17,DIGITAL_CMOS,CMOS_C,0.414002,0.415842,0.11047,0.108445,63.010085,63.052146,3.638726,3.60509,1.930798,1.958467,1.766044,1.778526,0.44392,0.116159,64.170945,3.59126,1.965169,1.776403
C04820,C_L17,DIGITAL_CMOS,CMOS_C,0.337555,0.337806,0.170066,0.170771,63.957142,64.096073,3.735534,3.748523,1.93975,1.941396,1.716074,1.740897,0.338159,0.17237,63.632683,3.802911,1.986362,1.763287
C04821,C_L17,DIGITAL_CMOS,CMOS_C,0.295114,0.290845,0.170537,0.171377,68.479947,67.974305,3.722693,3.749432,1.862535,1.88941,1.85343,1.871818,0.321039,0.18252,69.962607,3.78351,1.933796,1.89742
C04822,C_L17,DIGITAL_CMOS,CMOS_C,0.27752,0.281284,0.123371,0.126463,65.660101,65.744667,3.702328,3.744044,1.944858,1.939489,1.759483,1.748197,0.294956,0.128445,66.287657,3.778496,1.99706,1.764331
C04823,C_L17,DIGITAL_CMOS,CMOS_C,0.339574,0.344454,0.136165,0.140735,63.044925,63.634969,3.487092,3.463264,1.750915,1.746344,1.627606,1.615455,0.347075,0.144367,64.167226,3.502191,1.740927,1.624497
C04824,C_L17,DIGITAL_CMOS,CMOS_C,0.312459,0.308589,0.166697,0.16853,63.436895,63.719021,3.647316,3.628104,1.883134,1.912006,1.657408,1.651571,0.333534,0.181994,65.023933,3.658318,1.902939,1.671621
C04825,C_L17,DIGITAL_CMOS,CMOS_C,0.300412,0.308404,0.159818,0.161306,67.146735,67.347876,3.766595,3.757855,1.922285,1.916558,1.722965,1.717925,0.31992,0.167931,68.071529,3.780758,1.925694,1.738705
C04826,C_L17,DIGITAL_CMOS,CMOS_C,0.346471,0.34779,0.150702,0.155571,59.604863,60.05845,3.392554,3.412915,1.786386,1.784917,1.749708,1.763922,0.355457,0.163176,60.327263,3.454468,1.830962,1.79443
C04827,C_L17,DIGITAL_CMOS,CMOS_C,0.245213,0.251216,0.182451,0.186658,55.441144,55.629981,3.769891,3.772394,2.01604,2.022986,1.790961,1.780204,0.265104,0.200605,56.824653,3.800896,2.055107,1.779741
C04828,C_L17,DIGITAL_CMOS,CMOS_C,0.270117,0.276142,0.080019,0.081231,62.204076,62.168884,3.380692,3.37216,1.814909,1.817039,1.580426,1.588788,0.285212,0.086861,62.647351,3.379964,1.837525,1.605815
C04829,C_L17,DIGITAL_CMOS,CMOS_C,0.297146,0.302567,0.132074,0.1317,62.971916,62.798303,3.779281,3.814584,1.846888,1.887834,1.717852,1.707373,0.304703,0.133979,63.407533,3.863474,1.935088,1.728462
C04830,C_L17,DIGITAL_CMOS,CMOS_C,0.378439,0.379453,0.114417,0.114166,65.485225,65.597187,3.865343,3.853167,2.073285,2.063347,1.906423,1.907107,0.381813,0.114464,65.353633,3.866134,2.091095,1.911675
C04831,C_L17,DIGITAL_CMOS,CMOS_C,0.340588,0.339181,0.142466,0.145701,62.235887,62.797465,3.666682,3.669033,1.861376,1.875299,1.69991,1.71105,0.358111,0.151216,62.982001,3.746602,1.907027,1.749537
C04832,C_L17,DIGITAL_CMOS,CMOS_C,0.196655,0.198399,0.1532,0.153691,61.98473,62.060253,3.673175,3.675152,1.84845,1.860272,1.833782,1.854047,0.202468,0.154161,62.581438,3.730222,1.923403,1.898178
C04833,C_L17,DIGITAL_CMOS,CMOS_C,0.274224,0.280608,0.129727,0.133333,63.17704,63.56103,3.794083,3.805635,1.934632,1.939555,1.896248,1.905483,0.29352,0.138222,65.349558,3.816662,1.949705,1.901858
C04834,C_L17,DIGITAL_CMOS,CMOS_C,0.272279,0.269881,0.111617,0.11488,61.084307,62.30482,3.791689,3.815361,1.964788,1.990055,1.835574,1.854709,0.281248,0.118445,63.027335,3.913749,2.057232,1.882119
C04835,C_L17,DIGITAL_CMOS,CMOS_C,0.300107,0.300965,0.178823,0.18151,65.007545,64.263803,3.620832,3.593611,1.865481,1.863641,1.721753,1.722108,0.313733,0.189397,66.70977,3.624823,1.860061,1.723925
C04836,C_L17,DIGITAL_CMOS,CMOS_C,0.283417,0.284524,0.187482,0.185587,61.195847,61.084582,3.673564,3.715378,1.972099,1.977563,1.762961,1.779743,0.283624,0.189116,61.481363,3.803242,2.012253,1.830302
C04837,C_L17,DIGITAL_CMOS,CMOS_C,0.242984,0.246743,0.09501,0.094979,56.978235,56.434601,3.831194,3.825505,1.912802,1.938879,1.723945,1.735145,0.260632,0.097001,57.756296,3.877462,1.977586,1.762728
C04838,C_L17,DIGITAL_CMOS,CMOS_C,0.29161,0.301284,0.190459,0.196927,65.852858,66.776796,3.688787,3.673975,1.847748,1.851149,1.72966,1.728943,0.320359,0.20147,67.961819,3.683427,1.854228,1.742881
C04839,C_L17,DIGITAL_CMOS,CMOS_C,0.428888,0.432283,0.155767,0.155615,63.511157,63.925497,3.774319,3.836307,1.939839,1.968174,1.86375,1.867423,0.43722,0.160975,63.992417,3.872013,2.007495,1.915365
C04840,C_L17,DIGITAL_CMOS,CMOS_C,0.279729,0.28454,0.114438,0.121125,65.361034,66.317328,3.664233,3.679951,1.697608,1.701681,1.640902,1.648215,0.295323,0.124047,66.996784,3.739715,1.732075,1.678387
C04841,C_L17,DIGITAL_CMOS,CMOS_C,0.287722,0.287871,0.093012,0.092941,63.5113,63.758359,3.349889,3.359791,1.769691,1.785794,1.657219,1.667089,0.290151,0.094029,63.310454,3.389352,1.77704,1.664775
C04842,C_L17,DIGITAL_CMOS,CMOS_C,0.297667,0.310057,0.151043,0.151871,66.645394,66.521561,3.791836,3.82371,1.909178,1.917666,1.745668,1.762249,0.330973,0.163754,68.23432,3.945135,1.979116,1.813149
C04843,C_L17,DIGITAL_CMOS,CMOS_C,0.258486,0.264127,0.152769,0.155615,66.277411,66.417151,3.699956,3.71409,1.969317,1.979649,1.849013,1.86109,0.271276,0.158577,66.523145,3.787019,2.061053,1.919376
C04844,C_L17,DIGITAL_CMOS,CMOS_C,0.258218,0.261104,0.100179,0.099771,64.587516,64.728527,3.890978,3.916005,1.964737,1.954463,1.921374,1.917681,0.264765,0.10065,64.175321,3.929837,1.983964,1.920553
C04845,C_L17,DIGITAL_CMOS,CMOS_C,0.367838,0.371118,0.188387,0.190317,65.014648,65.671125,3.601885,3.602575,1.952046,1.971478,1.68377,1.680391,0.395684,0.197404,66.670281,3.630704,1.990013,1.680667
C04846,C_L17,DIGITAL_CMOS,CMOS_C,0.308659,0.324097,0.172352,0.175801,62.312479,61.695603,3.421061,3.446971,1.809062,1.823653,1.662006,1.661987,0.338566,0.183384,63.146019,3.519175,1.852659,1.681247
C04847,C_L17,DIGITAL_CMOS,CMOS_C,0.267009,0.267893,0.114975,0.114994,67.98259,67.620278,3.645276,3.686978,1.752615,1.754138,1.682012,1.696042,0.264237,0.116578,67.686524,3.760483,1.86755,1.750728
C04848,C_L17,DIGITAL_CMOS,CMOS_C,0.267101,0.26252,0.149826,0.152063,61.687047,62.320877,3.777451,3.808759,2.046216,2.055034,1.80647,1.820249,0.282767,0.161282,63.026414,3.835722,2.071039,1.815032
C04849,C_L17,DIGITAL_CMOS,CMOS_C,0.335465,0.344377,0.152462,0.150839,64.305894,63.600733,3.626955,3.611431,1.936511,1.957566,1.829933,1.851522,0.341231,0.150765,64.314384,3.634242,1.955628,1.84867
C04850,C_L17,DIGITAL_CMOS,CMOS_C,0.295119,0.29885,0.154669,0.159383,65.562906,66.147142,3.734172,3.751915,1.900327,1.891498,1.697511,1.72126,0.298802,0.164445,66.481473,3.835092,1.96046,1.764558
C04851,C_L17,DIGITAL_CMOS,CMOS_C,0.385436,0.393025,0.164217,0.166687,63.583794,64.636028,3.807438,3.806616,2.046354,2.05573,1.769999,1.783246,0.408371,0.178184,65.18996,3.905247,2.14874,1.852757
C04852,C_L17,DIGITAL_CMOS,CMOS_C,0.416624,0.423432,0.2179,0.219954,63.614902,63.651237,3.687926,3.684633,1.997505,2.006839,1.775169,1.766457,0.459895,0.232912,64.758248,3.702947,2.02803,1.775663
C04853,C_L17,DIGITAL_CMOS,CMOS_C,0.210699,0.203319,0.098242,0.098891,60.474341,60.488884,3.753079,3.77728,1.796126,1.777291,1.721595,1.718428,0.211797,0.100706,60.797732,3.765172,1.799598,1.74391
C04854,C_L17,DIGITAL_CMOS,CMOS_C,0.33829,0.333164,0.126978,0.127971,62.417972,62.504169,3.559445,3.596157,1.900934,1.891003,1.742062,1.73636,0.331316,0.13041,62.850137,3.602676,1.894918,1.746396
C04855,C_L17,DIGITAL_CMOS,CMOS_C,0.417031,0.421489,0.224384,0.225442,63.69451,64.141056,3.566343,3.557751,1.88522,1.895709,1.755402,1.768625,0.446404,0.247222,65.605761,3.552466,1.893323,1.773504
C04856,C_L17,DIGITAL_CMOS,CMOS_C,0.257545,0.253029,0.120618,0.122244,62.675966,62.532523,3.598826,3.591132,1.774004,1.80974,1.708371,1.713323,0.277832,0.132319,63.853346,3.702325,1.846984,1.735666
C04857,C_L17,DIGITAL_CMOS,CMOS_C,0.279261,0.28277,0.14758,0.150083,56.622294,57.478139,3.462658,3.467936,1.751494,1.755434,1.636214,1.639367,0.281769,0.151631,57.726341,3.529135,1.784843,1.678765
C04858,C_L17,DIGITAL_CMOS,CMOS_C,0.321948,0.321266,0.121948,0.12155,59.533385,60.178998,3.780983,3.773379,1.934496,1.951028,1.806754,1.815575,0.330441,0.122345,59.702985,3.820963,1.974789,1.849866
C04859,C_L17,DIGITAL_CMOS,CMOS_C,0.398657,0.401454,0.118452,0.119444,64.338045,64.363297,3.876987,3.867373,1.945649,1.931088,1.71689,1.699332,0.418169,0.130606,66.284984,3.905758,1.970994,1.714125
C04860,C_L17,DIGITAL_CMOS,CMOS_C,0.407956,0.395386,0.126576,0.128358,65.578902,65.712374,3.603838,3.623948,1.996728,2.003187,1.751745,1.757707,0.412217,0.126524,66.026588,3.619122,2.014051,1.76071
C04861,C_L17,DIGITAL_CMOS,CMOS_C,0.338973,0.34744,0.117035,0.119659,65.151046,66.277876,3.697677,3.740495,2.017115,2.043515,1.874792,1.870083,0.354812,0.128011,67.810372,3.810722,2.077327,1.903024
C04862,C_L17,DIGITAL_CMOS,CMOS_C,0.287226,0.291789,0.132882,0.133432,65.344942,65.723295,3.640474,3.637939,1.810215,1.809215,1.771805,1.775972,0.290249,0.135437,65.742191,3.651044,1.815378,1.784683
C04863,C_L17,DIGITAL_CMOS,CMOS_C,0.294533,0.300266,0.116689,0.117197,62.070493,62.461103,3.514436,3.541082,1.776267,1.782235,1.707704,1.715064,0.3177,0.12674,63.323967,3.676545,1.847243,1.775905
C04864,C_L17,DIGITAL_CMOS,CMOS_C,0.32057,0.320276,0.122426,0.124626,65.238454,65.079063,3.675561,3.697428,1.981637,1.992257,1.714498,1.716607,0.327941,0.125842,65.634271,3.830375,2.032091,1.786524
C04865,C_L17,DIGITAL_CMOS,CMOS_C,0.285365,0.288074,0.109793,0.110974,64.589433,65.235791,3.797669,3.781129,2.015548,2.019474,1.818189,1.820513,0.30119,0.118993,66.585284,3.878358,2.088608,1.885596
C04866,C_L17,DIGITAL_CMOS,CMOS_C,0.228858,0.236331,0.102684,0.103154,59.947943,59.847037,3.477233,3.4821,1.893727,1.912463,1.681258,1.694379,0.23366,0.104745,60.517313,3.567305,1.961744,1.737745
C04867,C_L17,DIGITAL_CMOS,CMOS_C,0.343515,0.344796,0.119569,0.123031,60.755292,61.114469,3.559414,3.555297,1.811847,1.827461,1.734856,1.744408,0.351847,0.125342,61.385439,3.560064,1.843025,1.747886
C04868,C_L17,DIGITAL_CMOS,CMOS_C,0.251726,0.255419,0.169086,0.170091,65.32518,65.647286,3.634438,3.639047,1.906085,1.891291,1.74454,1.738078,0.271213,0.180425,66.606583,3.652017,1.893483,1.75344
C04869,C_L17,DIGITAL_CMOS,CMOS_C,0.2736,0.274498,0.147758,0.148769,66.570975,66.523724,3.655318,3.654369,1.934571,1.945416,1.773271,1.753782,0.278268,0.149581,66.810496,3.666052,1.961252,1.794091
C04870,C_L17,DIGITAL_CMOS,CMOS_C,0.317443,0.328832,0.173823,0.17682,60.335441,61.274784,3.737443,3.711528,1.960026,1.968088,1.785433,1.787161,0.341294,0.180803,61.817851,3.750856,1.977788,1.782159
C04871,C_L17,DIGITAL_CMOS,CMOS_C,0.376561,0.379895,0.162996,0.16229,65.771439,65.791614,3.645735,3.65864,1.924212,1.960321,1.848212,1.86188,0.399438,0.17005,65.709628,3.702528,1.987121,1.904626
C04872,C_L17,DIGITAL_CMOS,CMOS_C,0.410027,0.401239,0.105385,0.107578,64.623548,64.887934,3.617269,3.626427,1.962325,1.951711,1.655316,1.658375,0.406161,0.107227,64.930046,3.723459,2.021591,1.682747
C04873,C_L17,DIGITAL_CMOS,CMOS_C,0.243537,0.252926,0.111386,0.11209,62.501266,63.095604,3.869006,3.859563,1.951542,1.966137,1.745702,1.734906,0.269046,0.117182,63.975178,3.906082,1.961979,1.759758
C04874,C_L18,DIGITAL_CMOS,CMOS_C,0.24352,0.243132,0.171466,0.180978,61.61818,62.166693,3.376037,3.39717,1.763656,1.789991,1.763491,1.816164,0.252464,0.184146,63.619371,3.494823,1.794162,1.865048
C04875,C_L18,DIGITAL_CMOS,CMOS_C,0.377177,0.377127,0.160655,0.157903,62.508889,63.185647,3.604832,3.631249,1.870295,1.859491,1.788972,1.793647,0.38382,0.159132,63.54809,3.73832,1.900781,1.846303
C04876,C_L18,DIGITAL_CMOS,CMOS_C,0.315546,0.319166,0.170597,0.171809,61.168451,62.307905,3.611142,3.639195,1.840375,1.809022,1.780208,1.805419,0.322886,0.187517,63.500935,3.661478,1.840062,1.787386
C04877,C_L18,DIGITAL_CMOS,CMOS_C,0.293798,0.289868,0.094194,0.094771,61.711219,61.905926,3.524018,3.571643,1.820213,1.815407,1.698292,1.717899,0.293088,0.095925,61.994575,3.717847,1.893695,1.874162
C04878,C_L18,DIGITAL_CMOS,CMOS_C,0.317498,0.315515,0.188876,0.191895,61.354885,61.625546,3.458338,3.490653,1.706269,1.702143,1.586292,1.599513,0.328276,0.19905,63.065648,3.600365,1.734867,1.655192
C04879,C_L18,DIGITAL_CMOS,CMOS_C,0.235406,0.239575,0.150226,0.151682,61.986174,62.035605,3.469282,3.513466,1.776307,1.797098,1.741461,1.775594,0.241307,0.165179,64.84942,3.614731,1.825386,1.847862
C04880,C_L18,DIGITAL_CMOS,CMOS_C,0.310064,0.304984,0.166289,0.173013,62.03527,62.370865,3.288971,3.334094,1.748656,1.768768,1.73954,1.768533,0.320942,0.18172,64.257272,3.398058,1.781683,1.832489
C04881,C_L18,DIGITAL_CMOS,CMOS_C,0.367844,0.369454,0.195253,0.196499,68.409129,67.737075,3.228542,3.214937,1.729569,1.741929,1.775782,1.790317,0.364915,0.199608,68.323355,3.256055,1.735147,1.788783
C04882,C_L18,DIGITAL_CMOS,CMOS_C,0.388042,0.39371,0.203075,0.206873,64.401516,64.668058,3.339026,3.380145,1.803593,1.823308,1.763584,1.784601,0.400294,0.218519,66.080932,3.473903,1.851324,1.835403
C04883,C_L18,DIGITAL_CMOS,CMOS_C,0.209534,0.211713,0.184282,0.181861,64.26779,63.282729,3.382516,3.383152,1.691379,1.702187,1.696528,1.709994,0.213757,0.186199,64.213428,3.419229,1.695603,1.744977
C04884,C_L18,DIGITAL_CMOS,CMOS_C,0.232409,0.23657,0.13931,0.140059,62.06093,62.035467,3.40379,3.427036,1.78876,1.789334,1.648348,1.688541,0.236574,0.141527,62.37019,3.543205,1.85223,1.822005
C04885,C_L18,DIGITAL_CMOS,CMOS_C,0.299571,0.300275,0.19247,0.192645,66.88671,66.884988,3.527648,3.556358,1.791722,1.802919,1.753159,1.749971,0.305044,0.193763,66.464224,3.591591,1.817977,1.796124
C04886,C_L18,DIGITAL_CMOS,CMOS_C,0.429768,0.427192,0.179966,0.183334,65.948518,65.328788,3.584912,3.604329,1.976085,1.985892,1.89828,1.90766,0.434159,0.179932,65.595924,3.776929,2.040392,1.996984
C04887,C_L18,DIGITAL_CMOS,CMOS_C,0.219619,0.217515,0.143216,0.144095,62.088543,61.98918,3.307622,3.314554,1.764592,1.763952,1.889513,1.901093,0.217551,0.153407,64.603471,3.461788,1.809022,2.031258
C04888,C_L18,DIGITAL_CMOS,CMOS_C,0.304778,0.306091,0.215103,0.21418,66.254583,66.556485,3.445983,3.493983,1.741512,1.75637,1.786451,1.814482,0.310994,0.217755,66.687328,3.55476,1.777108,1.871801
C04889,C_L18,DIGITAL_CMOS,CMOS_C,0.295756,0.306995,0.206085,0.209277,62.502289,63.285072,3.332743,3.362675,1.695619,1.68386,1.612491,1.623454,0.310769,0.219138,64.431554,3.486426,1.724533,1.706408
C04890,C_L18,DIGITAL_CMOS,CMOS_C,0.363739,0.360581,0.171812,0.173417,70.316027,70.236936,3.468895,3.46467,1.759213,1.773523,1.761344,1.765909,0.368395,0.174266,71.027923,3.490779,1.767557,1.787883
C04891,C_L18,DIGITAL_CMOS,CMOS_C,0.314674,0.313172,0.123998,0.12215,63.060575,62.490117,3.135564,3.173035,1.758854,1.749896,1.658617,1.655375,0.315273,0.127951,62.733791,3.255642,1.791638,1.745972
C04892,C_L18,DIGITAL_CMOS,CMOS_C,0.35069,0.338281,0.154419,0.156512,64.826737,64.384098,3.547082,3.548547,1.682406,1.693441,1.767523,1.767411,0.340918,0.158494,64.327686,3.6203,1.698802,1.805938
C04893,C_L18,DIGITAL_CMOS,CMOS_C,0.220499,0.222257,0.174889,0.177183,59.584421,59.623132,3.33981,3.35616,1.56549,1.597195,1.656827,1.676457,0.225313,0.184606,60.161302,3.436576,1.610147,1.758254
C04894,C_L18,DIGITAL_CMOS,CMOS_C,0.298203,0.300058,0.130099,0.132618,66.268669,66.427023,3.589768,3.608871,1.881132,1.909491,1.818274,1.818176,0.30518,0.139589,67.148124,3.729556,1.954814,1.900015
C04895,C_L18,DIGITAL_CMOS,CMOS_C,0.323342,0.318195,0.157277,0.156666,61.46292,61.0496,3.482051,3.527135,1.744646,1.762652,1.807071,1.835583,0.320847,0.160067,62.370527,3.597608,1.78308,1.898884
C04896,C_L18,DIGITAL_CMOS,CMOS_C,0.256802,0.262768,0.135263,0.140074,58.952093,59.611434,3.29974,3.31997,1.737397,1.732659,1.707647,1.729986,0.266519,0.1461,61.291463,3.416268,1.754916,1.819862
C04897,C_L18,DIGITAL_CMOS,CMOS_C,0.32654,0.328376,0.151901,0.150935,62.891588,62.981869,3.745715,3.79195,1.94852,1.940939,1.965707,1.967224,0.327007,0.152268,63.90339,3.902389,1.974732,2.000048
C04898,C_L18,DIGITAL_CMOS,CMOS_C,0.384408,0.391134,0.151742,0.158695,58.309673,59.14878,3.470987,3.495494,1.902449,1.914626,1.947456,1.972844,0.3914,0.17123,59.186254,3.622038,1.928343,2.047358
C04899,C_L18,DIGITAL_CMOS,CMOS_C,0.362279,0.360886,0.24992,0.25007,64.993842,64.938842,3.454856,3.442873,1.786008,1.776623,1.743402,1.745878,0.358824,0.254263,65.255795,3.459685,1.773026,1.730841
C04900,C_L18,DIGITAL_CMOS,CMOS_C,0.310591,0.317596,0.097154,0.097788,65.247042,66.413542,3.366353,3.352832,1.73139,1.767237,1.766187,1.767243,0.321685,0.102021,67.35469,3.367963,1.75066,1.786419
C04901,C_L18,DIGITAL_CMOS,CMOS_C,0.311335,0.312018,0.129827,0.132434,60.904433,62.111803,3.604839,3.604078,1.883627,1.902642,1.898766,1.897894,0.314834,0.140547,62.13024,3.616317,1.907901,1.933648
C04902,C_L18,DIGITAL_CMOS,CMOS_C,0.336135,0.338371,0.119958,0.124144,61.991885,62.987964,3.559904,3.589748,1.82741,1.833436,1.750315,1.747834,0.350982,0.132066,64.861888,3.610947,1.830175,1.77892
C04903,C_L18,DIGITAL_CMOS,CMOS_C,0.19897,0.196987,0.158921,0.163163,65.310423,64.937366,3.373157,3.395008,1.690659,1.690501,1.729681,1.727236,0.20595,0.171584,66.341361,3.432689,1.715593,1.75213
C04904,C_L18,DIGITAL_CMOS,CMOS_C,0.211991,0.212801,0.095523,0.095931,66.242075,66.540613,3.411866,3.444503,1.789946,1.776767,1.735619,1.735111,0.21705,0.099529,68.028987,3.492842,1.78533,1.761123
C04905,C_L18,DIGITAL_CMOS,CMOS_C,0.291479,0.286666,0.21842,0.218442,66.174027,66.493599,3.537795,3.608239,1.939755,1.927735,1.799757,1.838317,0.296045,0.233199,68.935637,3.768188,1.967421,1.876129
C04906,C_L18,DIGITAL_CMOS,CMOS_C,0.269218,0.270948,0.146325,0.149584,65.187814,65.616527,3.666167,3.734232,1.880194,1.888837,1.752984,1.7992,0.267828,0.154191,66.860665,3.862607,1.917668,1.885281
C04907,C_L18,DIGITAL_CMOS,CMOS_C,0.333443,0.337152,0.200052,0.20314,64.990339,65.483737,3.364028,3.363754,1.887293,1.89137,1.707578,1.729621,0.341933,0.214616,66.251919,3.561484,1.962792,1.808921
C04908,C_L18,DIGITAL_CMOS,CMOS_C,0.285593,0.286333,0.138248,0.142954,64.56577,64.592937,3.481442,3.488635,1.863749,1.890575,1.77246,1.79103,0.288196,0.149864,66.190987,3.703833,1.937354,1.887358
C04909,C_L18,DIGITAL_CMOS,CMOS_C,0.950768,1.043168,0.123426,0.125324,62.607654,62.879296,3.57208,3.614065,1.895753,1.88076,1.803502,1.81901,1.085024,0.12927,64.950626,3.641963,1.899288,1.825418
C04910,C_L18,DIGITAL_CMOS,CMOS_C,0.73244,0.941125,0.251557,0.268663,68.412157,68.924528,3.355526,3.384376,1.738689,1.746277,1.66472,1.689367,1.103554,0.281343,71.268391,3.561708,1.794888,1.80215
C04911,C_L18,DIGITAL_CMOS,CMOS_C,0.321554,0.331167,0.211873,0.211287,65.714877,65.140902,3.489487,3.619956,1.84693,1.883609,1.759648,1.74938,0.323472,0.212318,65.033838,4.408297,2.086641,1.785019
C04912,C_L18,DIGITAL_CMOS,CMOS_C,0.267689,0.267035,0.173412,0.176532,58.075997,58.123464,3.512544,3.531211,1.659776,1.653392,1.737343,1.74059,0.2678,0.180304,58.015474,3.532945,1.668274,1.77367
C04913,C_L18,DIGITAL_CMOS,CMOS_C,0.2798,0.288427,0.154389,0.156135,62.769265,63.399581,3.699305,3.751307,1.940042,1.9476,1.944328,1.964342,0.285195,0.159692,64.129077,3.811092,1.983701,2.023247
C04914,C_L18,DIGITAL_CMOS,CMOS_C,0.278511,0.280001,0.105921,0.108374,62.629644,63.26275,3.339393,3.36587,1.722202,1.726437,1.802662,1.795697,0.287198,0.113132,63.806244,3.500368,1.762819,1.882184
C04915,C_L18,DIGITAL_CMOS,CMOS_C,0.411754,0.415663,0.209753,0.217327,65.886575,66.514057,3.418561,3.42333,1.865296,1.88008,1.844618,1.817553,0.414131,0.226967,67.053135,3.433646,1.885029,1.829858
C04916,C_L18,DIGITAL_CMOS,CMOS_C,0.452717,0.461132,0.197892,0.198951,66.148225,66.005254,3.567095,3.589989,1.908856,1.912114,1.719001,1.732232,0.459879,0.206059,66.249148,3.622799,1.903377,1.73726
C04917,C_L18,DIGITAL_CMOS,CMOS_C,0.345385,0.347302,0.12476,0.129302,63.200183,63.395882,3.280445,3.32029,1.732178,1.73289,1.741826,1.772636,0.357318,0.134651,63.714664,3.369516,1.750287,1.831642
C04918,C_L18,DIGITAL_CMOS,CMOS_C,0.273839,0.272913,0.162443,0.166723,63.301451,63.581182,3.443151,3.476745,1.819748,1.806372,1.752341,1.747404,0.28091,0.165624,63.980796,3.480902,1.813305,1.757515
C04919,C_L18,DIGITAL_CMOS,CMOS_C,0.312431,0.314939,0.122278,0.12293,58.40462,58.716319,3.339973,3.347442,1.745186,1.74973,1.801953,1.844854,0.328029,0.126891,60.219194,3.42605,1.76803,1.877063
C04920,C_L18,DIGITAL_CMOS,CMOS_C,0.428093,0.431482,0.180566,0.181748,60.666927,61.406576,3.541361,3.621092,1.86167,1.877424,1.849552,1.862888,0.431632,0.19697,62.520435,3.745275,1.912268,1.930741
C04921,C_L18,DIGITAL_CMOS,CMOS_C,0.277877,0.275315,0.121947,0.124813,66.110726,66.2934,3.526627,3.58947,1.843628,1.853073,1.743731,1.75605,0.276081,0.128078,66.212482,3.597576,1.863215,1.767243
C04922,C_L18,DIGITAL_CMOS,CMOS_C,0.284715,0.286084,0.176306,0.180621,61.704911,62.024339,3.535251,3.547698,1.861083,1.861757,1.684067,1.691098,0.288291,0.190674,63.589694,3.655554,1.87889,1.758931
C04923,C_L18,DIGITAL_CMOS,CMOS_C,0.265632,0.260878,0.174947,0.178525,62.110512,62.537809,3.537109,3.541247,1.809262,1.792641,1.746666,1.749626,0.263968,0.185747,63.656273,3.563211,1.804731,1.752217
C04924,C_L18,DIGITAL_CMOS,CMOS_C,0.227012,0.230112,0.203808,0.202913,59.774548,60.894116,3.366774,3.399741,1.794275,1.807581,1.805398,1.793089,0.230315,0.209014,61.748764,3.481956,1.850596,1.87029
C04925,C_L18,DIGITAL_CMOS,CMOS_C,0.390493,0.397265,0.153256,0.154743,64.845392,64.654835,3.438177,3.428655,1.706571,1.708856,1.737943,1.739317,0.387865,0.155671,64.721796,3.447244,1.70228,1.760421
C04926,C_L18,DIGITAL_CMOS,CMOS_C,0.330592,0.336695,0.122598,0.12428,62.866873,63.98832,3.490507,3.518316,1.851648,1.873331,1.759117,1.767154,0.336746,0.1303,64.529001,3.693405,1.904676,1.892125
C04927,C_L18,DIGITAL_CMOS,CMOS_C,0.299487,0.290829,0.128878,0.131116,62.592415,62.390877,3.451437,3.482447,1.798694,1.802136,1.738609,1.754697,0.293722,0.133547,62.600459,3.652191,1.859806,1.863113
C04928,C_L18,DIGITAL_CMOS,CMOS_C,0.308945,0.311127,0.125192,0.125736,57.027307,56.655016,3.548733,3.581476,1.945322,1.944628,1.887141,1.885755,0.320204,0.126226,56.746466,3.72433,1.996861,1.943911
C04929,C_L18,DIGITAL_CMOS,CMOS_C,0.300971,0.30861,0.161334,0.16594,62.403121,63.628411,3.276539,3.25896,1.744731,1.729207,1.769395,1.774199,0.306929,0.170526,65.618673,3.304336,1.758049,1.799918
C04930,C_L18,DIGITAL_CMOS,CMOS_C,0.296557,0.293243,0.137381,0.141319,58.688844,58.707704,3.498043,3.482628,1.807545,1.801052,1.718237,1.708845,0.303106,0.149157,61.464532,3.533332,1.811002,1.706725
C04931,C_L18,DIGITAL_CMOS,CMOS_C,0.31491,0.312254,0.162296,0.162807,62.140862,62.391002,3.553721,3.61899,1.642084,1.666358,1.833285,1.87752,0.319205,0.164252,62.674755,3.671884,1.696075,1.93189
C04932,C_L18,DIGITAL_CMOS,CMOS_C,0.414823,0.419198,0.194628,0.195815,63.655403,63.419378,3.46793,3.508195,1.806764,1.804052,1.734978,1.7512,0.416274,0.199484,64.114253,3.553667,1.804862,1.772237
C04933,C_L18,DIGITAL_CMOS,CMOS_C,0.213856,0.212562,0.10261,0.103563,59.630183,59.472611,3.397964,3.433468,1.792517,1.810681,1.715433,1.735121,0.211647,0.105552,59.891133,3.492654,1.826265,1.770869
C04934,C_L18,DIGITAL_CMOS,CMOS_C,0.827896,0.889273,0.224083,0.225896,66.468752,66.423902,3.643006,3.678345,1.884351,1.8861,1.75511,1.786139,1.089092,0.243198,67.696799,3.849482,1.951151,1.865727
C04935,C_L18,DIGITAL_CMOS,CMOS_C,0.375261,0.374524,0.147519,0.152796,62.269591,62.561812,3.35335,3.376357,1.779412,1.776446,1.757393,1.78239,0.380268,0.158249,63.7689,3.388248,1.808892,1.785498
C04936,C_L18,DIGITAL_CMOS,CMOS_C,0.347505,0.357155,0.120917,0.125436,63.665112,63.856278,3.359371,3.377676,1.765701,1.754122,1.571827,1.572343,0.35824,0.130857,64.934722,3.413856,1.746096,1.610322
C04937,C_L18,DIGITAL_CMOS,CMOS_C,0.32357,0.32229,0.118363,0.118559,61.586752,62.352679,3.337598,3.330677,1.790679,1.787061,1.649132,1.658077,0.325637,0.11974,62.608795,3.390695,1.812678,1.683631
C04938,C_L18,DIGITAL_CMOS,CMOS_C,0.332813,0.340456,0.210173,0.213116,68.071951,68.307056,3.402435,3.40938,1.835586,1.838042,1.690573,1.692445,0.350543,0.221956,69.74529,3.446588,1.837672,1.681692
C04939,C_L18,DIGITAL_CMOS,CMOS_C,0.34567,0.346032,0.188316,0.189751,65.757516,65.570291,3.550113,3.542611,1.9492,1.943783,1.826834,1.84323,0.343242,0.195136,65.890284,3.549764,1.961121,1.867466
C04940,C_L18,DIGITAL_CMOS,CMOS_C,0.326825,0.327609,0.150983,0.150947,72.497666,72.495186,3.308589,3.327272,1.7405,1.745192,1.811051,1.830263,0.326328,0.15039,72.984444,3.351834,1.75362,1.851539
C04941,C_L18,DIGITAL_CMOS,CMOS_C,0.364759,0.364841,0.286749,0.289836,61.158361,61.670584,3.413963,3.41742,1.837866,1.833801,1.693741,1.700033,0.369447,0.295055,62.047336,3.610457,1.914568,1.794446
C04942,C_L18,DIGITAL_CMOS,CMOS_C,0.269849,0.275965,0.128802,0.132494,59.337846,58.634047,3.431788,3.423138,2.040467,2.007185,1.830161,1.826951,0.26967,0.13462,58.593985,3.486258,2.032235,1.845657
C04943,C_L18,DIGITAL_CMOS,CMOS_C,0.184286,0.185875,0.129435,0.130736,60.571358,61.25178,3.5318,3.559952,1.755288,1.782453,1.753238,1.760213,0.189167,0.132724,60.779294,3.634576,1.808818,1.814289
C04944,C_L18,DIGITAL_CMOS,CMOS_C,0.268192,0.26766,0.20545,0.214261,63.027683,63.02637,3.650212,3.679471,1.801262,1.803495,1.735188,1.735856,0.28667,0.233234,66.094572,3.705304,1.827274,1.745862
C04945,C_L18,DIGITAL_CMOS,CMOS_C,0.261256,0.260593,0.187858,0.189188,62.305938,62.364365,3.416178,3.448788,1.6616,1.669702,1.716314,1.72291,0.261735,0.191969,62.413898,4.427215,1.753392,1.728285
C04946,C_L18,DIGITAL_CMOS,CMOS_C,0.312087,0.317477,0.161168,0.163128,62.690953,62.77576,3.507325,3.500573,1.762466,1.766082,1.89131,1.892978,0.325465,0.174933,65.357567,3.534343,1.776452,1.913618
C04947,C_L18,DIGITAL_CMOS,CMOS_C,0.357139,0.367723,0.660953,0.851541,61.43351,63.208483,3.430041,3.444676,1.79695,1.790732,1.689217,1.728634,0.394656,1.075122,64.286164,3.593757,1.876574,1.829336
C04948,C_L18,DIGITAL_CMOS,CMOS_C,0.297842,0.293788,0.17684,0.178692,63.356349,63.718254,3.4731,3.524213,1.694663,1.695694,1.736027,1.759213,0.305105,0.19138,65.486297,3.646252,1.720755,1.821782
C04949,C_L18,DIGITAL_CMOS,CMOS_C,0.288603,0.285556,0.183183,0.183159,60.606528,60.938525,3.406096,3.39618,1.782338,1.795333,1.646107,1.641522,0.28963,0.185045,60.800227,3.401197,1.821504,1.63897
C04950,C_L18,DIGITAL_CMOS,CMOS_C,0.340223,0.339246,0.140804,0.145,59.793637,59.508665,3.531593,3.57391,1.803905,1.807108,1.760676,1.774265,0.351023,0.155356,62.092577,3.762364,1.862939,1.878966
C04951,C_L18,DIGITAL_CMOS,CMOS_C,0.284063,0.293094,0.224327,0.231659,60.673401,60.9052,3.522936,3.500013,1.752511,1.732354,1.783224,1.802581,0.298806,0.24134,61.393785,3.58732,1.753862,1.848897
C05095,C_L21,DIGITAL_CMOS,CMOS_C,0.356954,0.350876,0.161596,0.161188,57.129409,57.498664,3.601157,3.610874,1.915111,1.930232,1.729277,1.733169,0.352334,0.162228,58.078787,4.224721,1.963834,1.806591
C05096,C_L21,DIGITAL_CMOS,CMOS_C,0.403917,0.411534,0.15663,0.15922,63.350787,64.408604,3.297308,3.315119,1.902461,1.902741,1.744561,1.782689,0.416911,0.161817,65.085155,3.418175,1.998012,1.852428
C05097,C_L21,DIGITAL_CMOS,CMOS_C,0.358291,0.370423,0.098404,0.098672,54.305665,55.622776,3.2697,3.279717,1.765481,1.791029,1.589612,1.586798,0.387571,0.102499,56.905532,3.276077,1.80137,1.604642
C05098,C_L21,DIGITAL_CMOS,CMOS_C,0.347315,0.352284,0.134353,0.134363,59.125329,60.427076,3.397636,3.427005,1.777129,1.770717,1.545232,1.546195,0.367741,0.137468,60.409965,3.442827,1.760228,1.55347
C05099,C_L21,DIGITAL_CMOS,CMOS_C,0.347177,0.345491,0.168639,0.172494,55.100748,55.685685,3.34343,3.346401,1.769673,1.796941,1.679574,1.701382,0.361066,0.178143,57.952374,3.403281,1.792814,1.726432
C05100,C_L21,DIGITAL_CMOS,CMOS_C,0.314425,0.32113,0.151453,0.1529,58.79306,59.717022,3.524424,3.532868,2.011497,2.02874,1.892005,1.907021,0.333063,0.157938,62.59323,3.675588,2.074276,1.992377
C05101,C_L21,DIGITAL_CMOS,CMOS_C,0.320321,0.319961,0.206359,0.21148,59.572591,60.77397,3.268081,3.284079,1.815545,1.815138,1.695762,1.705939,0.326318,0.217564,63.384094,3.388989,1.854019,1.737936
C05102,C_L21,DIGITAL_CMOS,CMOS_C,0.228544,0.222814,0.13584,0.138437,65.606552,65.49586,3.617482,3.619264,2.005632,1.993771,1.675085,1.679951,0.232013,0.142115,68.360769,3.763517,2.073993,1.740428
C05103,C_L21,DIGITAL_CMOS,CMOS_C,0.351976,0.355909,0.202055,0.202118,61.808581,61.598766,3.526542,3.511122,1.785464,1.79517,1.739358,1.763635,0.364145,0.204288,62.518779,3.612453,1.832472,1.808953
C05104,C_L21,DIGITAL_CMOS,CMOS_C,0.412701,0.413452,0.112294,0.111329,64.161021,64.389102,3.593531,3.584718,1.877072,1.869489,1.69675,1.686451,0.421737,0.113244,64.477416,3.604236,1.903171,1.687865
C05105,C_L21,DIGITAL_CMOS,CMOS_C,0.334129,0.342421,0.177266,0.180303,57.596868,58.435748,3.373467,3.378442,1.814823,1.829822,1.674105,1.657339,0.350807,0.183814,60.522997,3.470422,1.857785,1.745111
C05106,C_L21,DIGITAL_CMOS,CMOS_C,0.333266,0.344808,0.187789,0.191612,60.469995,61.126615,3.614026,3.645349,1.945081,1.97883,1.708455,1.752345,0.350898,0.192335,63.500538,3.833421,2.081336,1.873496
C05107,C_L21,DIGITAL_CMOS,CMOS_C,0.250698,0.249801,0.10702,0.108024,51.393099,51.238606,3.484544,3.530815,1.868721,1.869291,1.682106,1.681392,0.251543,0.108037,51.563756,3.511814,1.889174,1.678218
C05108,C_L21,DIGITAL_CMOS,CMOS_C,0.319274,0.322107,0.171004,0.17002,61.071372,61.556072,3.54589,3.537432,1.804927,1.810918,1.634182,1.641484,0.322927,0.174716,62.056155,3.555751,1.833042,1.669755
C05109,C_L21,DIGITAL_CMOS,CMOS_C,0.270052,0.27361,0.151554,0.155258,57.932359,58.26621,3.495984,3.476737,1.843951,1.837444,1.760657,1.759761,0.283128,0.157839,59.578163,3.501206,1.839869,1.77934
C05110,C_L21,DIGITAL_CMOS,CMOS_C,0.346172,0.348391,0.160804,0.160748,61.939886,61.929069,3.359005,3.389374,1.908413,1.934636,1.761986,1.772673,0.35227,0.159955,62.577958,3.460282,1.961588,1.797338
C05111,C_L21,DIGITAL_CMOS,CMOS_C,0.335124,0.332852,0.155318,0.156555,57.377265,57.57643,3.420685,3.448367,1.815212,1.814576,1.640941,1.642827,0.340456,0.158502,57.453136,3.485339,1.862289,1.679525
C05112,C_L21,DIGITAL_CMOS,CMOS_C,0.299036,0.303645,0.137565,0.137927,60.864513,62.111525,3.675693,3.654313,1.893776,1.89603,1.73247,1.723414,0.303556,0.142438,63.073195,3.672723,1.896875,1.751901
C05113,C_L21,DIGITAL_CMOS,CMOS_C,0.264097,0.266317,0.205788,0.207148,61.204476,61.314694,3.341886,3.365882,1.91915,1.935995,1.697951,1.705482,0.26533,0.208267,61.956504,3.395983,1.950277,1.712149
C05114,C_L21,DIGITAL_CMOS,CMOS_C,0.343921,0.351033,0.191262,0.193796,58.59626,59.072742,3.544668,3.562968,1.895606,1.897493,1.696584,1.715034,0.358068,0.197728,59.9821,3.626141,1.920192,1.757975
C05115,C_L21,DIGITAL_CMOS,CMOS_C,0.361195,0.365624,0.176801,0.177582,61.349749,61.618044,3.494156,3.540898,1.844657,1.886605,1.663749,1.668197,0.380879,0.180175,64.140019,3.621402,1.930855,1.719013
C05116,C_L21,DIGITAL_CMOS,CMOS_C,0.327345,0.325371,0.155491,0.15616,59.506356,59.967799,3.401062,3.428039,1.801748,1.852387,1.669569,1.690964,0.328372,0.157515,61.266073,3.499007,1.88752,1.721372
C05117,C_L21,DIGITAL_CMOS,CMOS_C,0.376483,0.377653,0.161955,0.16591,59.664455,60.83103,3.574315,3.585798,1.719631,1.735235,1.679664,1.686957,0.396317,0.168389,63.231367,3.742156,1.79455,1.737207
C05118,C_L21,DIGITAL_CMOS,CMOS_C,0.371145,0.369864,0.177763,0.180957,56.111636,56.277956,3.359654,3.362446,1.780735,1.792919,1.644228,1.663777,0.384392,0.191719,59.629009,3.469333,1.888802,1.725514
C05119,C_L21,DIGITAL_CMOS,CMOS_C,0.230698,0.230735,0.151055,0.151703,59.563035,59.775088,3.47891,3.479364,1.855432,1.867582,1.643282,1.630918,0.232192,0.152845,59.710933,3.488155,1.88243,1.643704
C05120,C_L21,DIGITAL_CMOS,CMOS_C,0.353247,0.345407,0.14674,0.150904,58.528981,58.336313,3.409033,3.418593,1.626419,1.624095,1.595542,1.590791,0.360473,0.154079,60.226851,3.426572,1.654448,1.627132
C05121,C_L21,DIGITAL_CMOS,CMOS_C,0.356122,0.359335,0.194937,0.195283,61.696642,61.747742,3.690775,3.711879,1.928183,1.934044,1.85076,1.847428,0.357552,0.19338,62.565428,3.708863,1.939581,1.863781
C05122,C_L21,DIGITAL_CMOS,CMOS_C,0.307113,0.311533,0.138979,0.145149,56.416069,57.141437,3.425745,3.446884,1.767035,1.783589,1.640093,1.654208,0.314294,0.146948,58.582072,3.519444,1.821524,1.722212
C05123,C_L21,DIGITAL_CMOS,CMOS_C,0.337523,0.341361,0.144163,0.143861,55.97504,56.976334,3.287424,3.318799,1.796235,1.818509,1.614806,1.613235,0.353084,0.149389,59.131312,3.44208,1.876428,1.681071
C05124,C_L21,DIGITAL_CMOS,CMOS_C,0.336625,0.332078,0.205309,0.207294,62.180952,61.896684,3.485726,3.453876,1.815939,1.826933,1.734156,1.733485,0.34377,0.212018,62.779324,3.464331,1.838544,1.741341
C05125,C_L21,DIGITAL_CMOS,CMOS_C,0.353175,0.352325,0.203269,0.205247,58.40361,58.604283,3.389697,3.4,1.764547,1.769715,1.659638,1.678165,0.350529,0.205028,59.384789,3.38993,1.798342,1.676086
C05126,C_L21,DIGITAL_CMOS,CMOS_C,0.367479,0.360802,0.139758,0.140588,57.994578,58.146698,3.355607,3.373161,1.698269,1.713032,1.600289,1.620897,0.364594,0.144518,58.516494,3.427457,1.758368,1.6378
C05127,C_L21,DIGITAL_CMOS,CMOS_C,0.281586,0.28346,0.08063,0.083357,62.964743,63.88664,3.465509,3.479864,1.968212,1.976316,1.802109,1.833698,0.284147,0.084808,64.114145,3.55188,2.01057,1.846721
C05128,C_L21,DIGITAL_CMOS,CMOS_C,0.302053,0.314735,0.12574,0.12704,61.250711,62.615225,3.312019,3.321059,1.857129,1.83141,1.593979,1.607031,0.318341,0.133253,64.226622,3.335991,1.846991,1.619381
C05129,C_L21,DIGITAL_CMOS,CMOS_C,0.349987,0.354855,0.168057,0.169569,62.185481,61.917154,3.552094,3.584956,1.807209,1.845877,1.661899,1.66734,0.354114,0.16974,62.089449,3.58439,1.888677,1.72623
C05130,C_L21,DIGITAL_CMOS,CMOS_C,0.265535,0.265017,0.121158,0.120498,67.352271,67.900672,3.342772,3.361479,1.697708,1.721286,1.630731,1.631184,0.272862,0.123692,69.371061,3.419238,1.7382,1.659627
C05131,C_L21,DIGITAL_CMOS,CMOS_C,0.301707,0.297927,0.174964,0.176849,58.578166,58.687161,3.51657,3.519662,1.793451,1.787893,1.717285,1.724709,0.306387,0.176254,59.265107,3.523437,1.80511,1.741644
C05132,C_L21,DIGITAL_CMOS,CMOS_C,0.302616,0.308943,0.219098,0.222819,62.132328,62.737462,3.55687,3.586441,1.764267,1.786936,1.683534,1.689053,0.307152,0.227934,63.12927,3.650285,1.837439,1.7134
C05133,C_L21,DIGITAL_CMOS,CMOS_C,0.288023,0.292255,0.191711,0.195811,59.716335,60.413788,3.585371,3.616051,1.932581,1.934653,1.738091,1.754766,0.309749,0.202015,62.765765,3.678627,1.976285,1.776515
C05134,C_L21,DIGITAL_CMOS,CMOS_C,0.366789,0.371084,0.112005,0.113621,60.954274,61.04005,3.422099,3.436991,1.788902,1.810551,1.776899,1.780585,0.390566,0.119509,62.602106,3.455097,1.837314,1.80844
C05135,C_L21,DIGITAL_CMOS,CMOS_C,0.330658,0.334024,0.264123,0.268994,66.329442,66.527061,3.45679,3.477928,1.79738,1.824128,1.788139,1.771179,0.343076,0.274303,68.187912,3.523179,1.853866,1.821883
C05136,C_L21,DIGITAL_CMOS,CMOS_C,0.302766,0.301394,0.190077,0.193722,60.930989,61.802504,3.632117,3.666643,1.88107,1.869079,1.81228,1.842166,0.316958,0.199529,63.762263,3.780831,1.913143,1.896172
C05137,C_L21,DIGITAL_CMOS,CMOS_C,0.311159,0.31751,0.269496,0.272286,62.320973,61.877516,3.738381,3.730679,1.978535,2.00003,1.908238,1.909202,0.316084,0.27451,62.892791,3.753423,2.020867,1.90858
C05138,C_L21,DIGITAL_CMOS,CMOS_C,0.379925,0.38247,0.172987,0.175331,58.614779,59.105746,3.427145,3.461762,1.837163,1.864116,1.744843,1.770425,0.390947,0.17379,59.782094,3.533698,1.890583,1.781148
C05139,C_L21,DIGITAL_CMOS,CMOS_C,0.289065,0.290953,0.154759,0.157798,61.07587,61.357592,3.329084,3.369276,1.935255,1.924055,1.690795,1.716533,0.291378,0.159145,61.650639,3.443258,1.986225,1.73426
C05140,C_L21,DIGITAL_CMOS,CMOS_C,0.342483,0.34955,0.147527,0.149814,64.054031,63.857512,3.396222,3.426707,1.694363,1.722854,1.658628,1.669913,0.355131,0.153644,66.046563,3.515309,1.770719,1.739097
C05141,C_L21,DIGITAL_CMOS,CMOS_C,0.389335,0.378845,0.244554,0.248821,62.761065,64.502554,3.659329,3.675316,1.783284,1.797213,1.64239,1.65464,0.393303,0.250282,66.072152,3.774343,1.825163,1.710784
C05142,C_L21,DIGITAL_CMOS,CMOS_C,0.326423,0.329506,0.119979,0.118538,57.670354,58.101357,3.361955,3.364973,1.734194,1.734388,1.66748,1.678962,0.339823,0.122547,59.296881,3.375985,1.721138,1.676799
C05143,C_L21,DIGITAL_CMOS,CMOS_C,0.363071,0.365451,0.212437,0.219207,60.562589,60.261989,3.61076,3.59221,1.832216,1.852914,1.80978,1.813027,0.390108,0.225344,63.487085,3.636554,1.874783,1.810849
C05144,C_L21,DIGITAL_CMOS,CMOS_C,0.269724,0.264326,0.155414,0.161275,55.47834,55.089452,3.518633,3.521533,1.931551,1.93995,1.677933,1.676136,0.27286,0.160581,56.353811,3.583807,1.995676,1.724677
C05145,C_L21,DIGITAL_CMOS,CMOS_C,0.35095,0.351541,0.206561,0.210695,59.093483,59.77099,3.396354,3.414053,1.733512,1.721672,1.810975,1.82291,0.359802,0.216734,61.056869,3.393881,1.746589,1.835806
C05146,C_L21,DIGITAL_CMOS,CMOS_C,0.336988,0.342211,0.228621,0.227328,57.650491,57.492697,3.550252,3.566059,1.886552,1.90483,1.838363,1.839227,0.350299,0.232624,58.750234,3.712903,1.996091,1.908289
C05147,C_L21,DIGITAL_CMOS,CMOS_C,0.364523,0.356892,0.180062,0.178203,61.218505,61.500492,3.607283,3.623709,1.928583,1.946619,1.714452,1.72692,0.356594,0.177279,62.371066,3.588659,1.950372,1.741937
C05148,C_L21,DIGITAL_CMOS,CMOS_C,0.342765,0.339304,0.165924,0.164546,52.165556,52.467592,3.497323,3.511324,1.852232,1.857893,1.671698,1.652201,0.342351,0.166049,52.894352,3.502284,1.891041,1.672033
C05149,C_L21,DIGITAL_CMOS,CMOS_C,0.379647,0.382707,0.167494,0.171012,58.90292,59.28497,3.354387,3.386219,1.824567,1.836868,1.617756,1.612809,0.389374,0.179835,61.42471,3.520117,1.90314,1.655804
C05150,C_L21,DIGITAL_CMOS,CMOS_C,0.371801,0.374097,0.171891,0.173351,66.838106,66.655136,3.42085,3.422161,1.766819,1.775696,1.723872,1.741637,0.380163,0.178049,66.879854,3.437468,1.781746,1.725102
C05151,C_L21,DIGITAL_CMOS,CMOS_C,0.366256,0.373538,0.142626,0.145565,61.429264,61.438231,3.460939,3.462531,1.943026,1.949955,1.77731,1.772597,0.392582,0.150244,64.406779,3.46651,1.957122,1.769424
C05152,C_L21,DIGITAL_CMOS,CMOS_C,0.294946,0.301344,0.246319,0.25002,61.325662,61.188506,3.64834,3.675446,1.768318,1.775478,1.741839,1.745559,0.319451,0.259814,65.637232,3.691188,1.781637,1.765722
C05153,C_L21,DIGITAL_CMOS,CMOS_C,0.257839,0.266412,0.178244,0.177608,59.70266,59.90161,3.379515,3.376056,1.786588,1.78471,1.733195,1.732693,0.271786,0.18342,61.292786,3.400397,1.792972,1.734768
C05154,C_L21,DIGITAL_CMOS,CMOS_C,0.292673,0.286509,0.129154,0.130665,57.90438,57.32854,3.350937,3.37734,1.792608,1.801336,1.609655,1.617959,0.290884,0.131442,57.927252,3.482453,1.837303,1.684209
C05155,C_L21,DIGITAL_CMOS,CMOS_C,0.401587,0.401161,0.224808,0.232393,56.869693,56.884657,3.489797,3.46016,1.669165,1.665529,1.633281,1.623659,0.409324,0.231754,57.175947,3.510234,1.657149,1.641739
C05156,C_L21,DIGITAL_CMOS,CMOS_C,0.308959,0.305681,0.172727,0.174859,61.486361,60.994268,3.433982,3.448343,1.802753,1.817263,1.696253,1.690218,0.308992,0.174524,61.877381,3.464405,1.821222,1.716986
C05157,C_L21,DIGITAL_CMOS,CMOS_C,0.218628,0.218695,0.166224,0.168236,57.447794,57.842894,3.343114,3.346156,1.782046,1.783747,1.630077,1.641461,0.217079,0.16803,58.562487,3.419681,1.831007,1.695421
C05158,C_L21,DIGITAL_CMOS,CMOS_C,0.352939,0.347692,0.170933,0.173183,60.072338,60.281706,3.665451,3.671052,1.986547,1.972822,1.849614,1.841764,0.354421,0.171237,59.860437,3.750531,2.025996,1.897564
C05159,C_L21,DIGITAL_CMOS,CMOS_C,0.262824,0.266638,0.147237,0.146898,62.848288,62.773909,3.135663,3.139284,1.782735,1.79577,1.562579,1.582581,0.268595,0.149686,63.202724,3.186471,1.831893,1.615433
C05160,C_L21,DIGITAL_CMOS,CMOS_C,0.33808,0.348206,0.189716,0.189372,62.440271,63.13693,3.41491,3.419338,1.761425,1.773978,1.448126,1.459308,0.352418,0.195102,65.615342,3.468826,1.817693,1.51103
C05161,C_L21,DIGITAL_CMOS,CMOS_C,0.304215,0.308376,0.122818,0.123026,59.466817,60.045694,3.593518,3.589319,1.798201,1.793689,1.75278,1.770588,0.311068,0.123902,60.976114,3.630962,1.804081,1.78157
C05162,C_L21,DIGITAL_CMOS,CMOS_C,0.282269,0.2802,0.191354,0.19166,58.907602,59.164231,3.395751,3.41196,1.779627,1.781,1.709894,1.727711,0.281856,0.188607,59.013465,3.487629,1.856219,1.778269
C05163,C_L21,DIGITAL_CMOS,CMOS_C,0.338613,0.337867,0.142445,0.143285,60.962455,61.571436,3.291013,3.298931,1.815936,1.817281,1.623189,1.637038,0.350549,0.144344,63.165353,3.283226,1.816186,1.644308
C05164,C_L21,DIGITAL_CMOS,CMOS_C,0.291544,0.292188,0.159207,0.159783,54.845239,54.6167,3.44445,3.453292,1.886399,1.909541,1.712012,1.732868,0.294559,0.161557,55.827149,3.575198,1.951612,1.79492
C05165,C_L21,DIGITAL_CMOS,CMOS_C,0.326662,0.327356,0.181193,0.180482,60.006372,60.747069,3.582155,3.539301,1.796712,1.811685,1.741415,1.7312,0.330247,0.180325,61.350263,3.528602,1.812829,1.749457
C05166,C_L22,DIGITAL_CMOS,CMOS_C,0.26431,0.268516,0.135611,0.137033,59.144844,58.7216,3.824779,3.833124,2.001862,2.018688,1.931587,1.95738,0.264699,0.13635,59.055408,3.864213,2.01152,1.966399
C05167,C_L22,DIGITAL_CMOS,CMOS_C,0.320742,0.329312,0.156584,0.159096,62.443753,62.499821,3.406406,3.459373,1.717486,1.722713,1.781209,1.79273,0.343721,0.166243,63.775399,3.477429,1.754186,1.790436
C05168,C_L22,DIGITAL_CMOS,CMOS_C,0.263504,0.261014,0.110309,0.110759,61.067066,61.033698,3.521867,3.506823,1.835934,1.853906,1.827178,1.831733,0.266213,0.113702,61.516692,3.534512,1.883642,1.829739
C05169,C_L22,DIGITAL_CMOS,CMOS_C,0.278104,0.288961,0.126591,0.128222,57.718426,57.952948,3.584337,3.58483,1.815604,1.814733,1.749802,1.742678,0.293556,0.128161,57.866539,3.582157,1.845631,1.748165
C05170,C_L22,DIGITAL_CMOS,CMOS_C,0.346132,0.347613,0.172083,0.173125,64.48044,64.598973,3.450179,3.453111,1.693162,1.695088,1.679785,1.687264,0.349514,0.178104,64.969983,3.47915,1.695292,1.687437
C05171,C_L22,DIGITAL_CMOS,CMOS_C,0.360866,0.360617,0.245808,0.252781,62.375128,62.831596,3.538291,3.547451,1.781906,1.800716,1.63995,1.649642,0.392176,0.278857,65.232376,3.579577,1.808421,1.663245
C05172,C_L22,DIGITAL_CMOS,CMOS_C,0.274694,0.282261,0.139422,0.139018,60.723018,60.317946,3.718788,3.739296,1.970869,1.959308,1.802951,1.821047,1.054559,0.139495,64.048713,3.738332,1.954509,1.826096
C05173,C_L22,DIGITAL_CMOS,CMOS_C,0.329782,0.339641,0.156313,0.156542,59.961968,59.782982,3.398409,3.376605,1.775573,1.77407,1.660536,1.656233,0.33049,0.156942,60.770033,3.426775,1.78923,1.665145
C05174,C_L22,DIGITAL_CMOS,CMOS_C,0.415821,0.418592,0.155985,0.154957,61.840076,61.923694,3.595703,3.606491,1.911006,1.928205,1.721351,1.762939,0.428806,0.156846,62.506975,3.625159,2.01641,1.790014
C05175,C_L22,DIGITAL_CMOS,CMOS_C,0.299337,0.292497,0.138885,0.140644,60.725196,61.299932,3.412722,3.411593,1.74151,1.741571,1.66712,1.662571,0.3161,0.152023,63.113569,3.537234,1.802171,1.73034
C05176,C_L22,DIGITAL_CMOS,CMOS_C,0.309562,0.314852,0.091375,0.08988,60.401042,60.379567,3.390504,3.375588,1.722081,1.742754,1.672441,1.661516,0.311197,0.091118,61.274208,3.483438,1.823816,1.685029
C05177,C_L22,DIGITAL_CMOS,CMOS_C,0.299928,0.307731,0.167332,0.177514,62.178962,62.567342,3.529928,3.548827,1.910596,1.913055,1.694532,1.709709,0.317487,0.181507,64.298234,3.548052,1.937904,1.715083
C05178,C_L22,DIGITAL_CMOS,CMOS_C,0.335335,0.335646,0.130114,0.129075,61.720105,62.218393,3.42662,3.483502,1.806708,1.830459,1.719013,1.721773,0.346026,0.133006,61.765944,3.537716,1.875671,1.753609
C05179,C_L22,DIGITAL_CMOS,CMOS_C,0.29939,0.300097,0.141435,0.143215,62.681142,62.927852,3.491042,3.499702,1.820306,1.81418,1.816322,1.816527,0.309274,0.144849,63.477019,3.5143,1.835484,1.817949
C05180,C_L22,DIGITAL_CMOS,CMOS_C,0.280758,0.282855,0.162502,0.162446,56.634771,56.435725,3.399509,3.424301,1.840052,1.852368,1.632031,1.62933,0.281135,0.162709,57.708837,3.5499,1.923723,1.65475
C05181,C_L22,DIGITAL_CMOS,CMOS_C,0.317812,0.316627,0.103118,0.105537,56.445458,56.078086,3.426058,3.440858,1.753873,1.77391,1.705792,1.73165,0.32878,0.111534,57.093802,3.538771,1.867555,1.777809
C05182,C_L22,DIGITAL_CMOS,CMOS_C,0.305548,0.304791,0.133289,0.13183,56.910196,56.554818,3.419053,3.408401,1.839132,1.848195,1.763318,1.776447,0.307175,0.132557,57.119023,3.460284,1.846259,1.780733
C05183,C_L22,DIGITAL_CMOS,CMOS_C,0.271984,0.276483,0.13412,0.134614,62.492756,61.956746,3.458691,3.487003,1.808168,1.827334,1.736566,1.753286,0.277467,0.138507,62.436396,3.565898,1.852159,1.788191
C05184,C_L22,DIGITAL_CMOS,CMOS_C,0.388202,0.381157,0.248015,0.249095,60.825244,61.231086,3.279487,3.280288,1.783703,1.802657,1.815462,1.816682,0.430838,0.262686,63.634989,3.379212,1.880907,1.849185
C05185,C_L22,DIGITAL_CMOS,CMOS_C,0.334874,0.339903,0.19347,0.199848,53.665814,53.518786,3.598034,3.588989,1.777038,1.803059,1.613759,1.612918,0.369881,0.209804,55.233964,3.719242,1.930776,1.813723
C05186,C_L22,DIGITAL_CMOS,CMOS_C,0.23559,0.238038,0.113691,0.117604,60.981468,61.818332,3.448698,3.431325,1.784897,1.788821,1.710538,1.702763,0.252656,0.120879,62.349683,3.454711,1.784622,1.713612
C05187,C_L22,DIGITAL_CMOS,CMOS_C,0.303468,0.308235,0.142636,0.145453,63.706822,63.977026,3.591573,3.628528,1.855883,1.87541,1.732432,1.748834,0.306838,0.148495,63.978613,3.633436,1.849915,1.756461
C05188,C_L22,DIGITAL_CMOS,CMOS_C,0.273195,0.277025,0.170952,0.172377,64.388748,64.630465,3.711011,3.724309,1.876136,1.87525,1.906801,1.895691,0.277346,0.175344,64.881491,3.726917,1.878588,1.900869
C05189,C_L22,DIGITAL_CMOS,CMOS_C,0.251088,0.254455,0.187079,0.186515,58.087979,59.131294,3.765307,3.793964,1.737588,1.769613,1.740203,1.755097,0.258383,0.187441,58.792318,3.873919,1.839697,1.794693
C05190,C_L22,DIGITAL_CMOS,CMOS_C,0.205066,0.206217,0.110553,0.110395,62.219054,62.425974,3.619729,3.665879,1.901687,1.913769,1.757773,1.777928,0.219355,0.119239,64.17295,3.667098,1.914522,1.77572
C05191,C_L22,DIGITAL_CMOS,CMOS_C,0.279739,0.286859,0.139012,0.143589,59.835581,59.670739,3.609106,3.629611,1.9152,1.916512,1.733941,1.732761,0.288455,0.150277,61.022135,3.64165,1.927454,1.749139
C05192,C_L22,DIGITAL_CMOS,CMOS_C,0.205823,0.206247,0.085693,0.087674,64.08151,64.529317,3.156025,3.17662,1.600413,1.613449,1.614827,1.620201,0.222132,0.09194,64.974904,3.208543,1.620149,1.622457
C05193,C_L22,DIGITAL_CMOS,CMOS_C,0.282114,0.284679,0.198041,0.20007,62.805542,62.751782,3.529436,3.534931,1.81524,1.801692,1.732504,1.756529,0.317345,0.213023,64.128004,3.546676,1.801321,1.742915
C05194,C_L22,DIGITAL_CMOS,CMOS_C,0.297303,0.296435,0.176588,0.177473,58.800802,58.34715,3.46912,3.476316,1.790787,1.817792,1.723615,1.743328,0.299734,0.178794,59.267616,3.521571,1.833169,1.748412
C05195,C_L22,DIGITAL_CMOS,CMOS_C,0.24747,0.249053,0.138334,0.141101,61.434426,60.777557,3.434237,3.428733,1.80954,1.830326,1.608454,1.606128,0.253548,0.1425,61.261877,3.461907,1.832204,1.608336
C05196,C_L22,DIGITAL_CMOS,CMOS_C,0.294568,0.284439,0.113103,0.112712,60.889179,61.24998,3.569657,3.601076,1.738659,1.752699,1.748515,1.752753,0.291061,0.11364,61.681036,3.659055,1.779759,1.79484
C05197,C_L22,DIGITAL_CMOS,CMOS_C,0.403756,0.400272,0.233947,0.233908,65.270637,65.690742,3.300012,3.322136,1.735676,1.754472,1.745527,1.766456,0.401726,0.242631,65.277073,3.347219,1.828099,1.770598
C05198,C_L22,DIGITAL_CMOS,CMOS_C,0.323642,0.313347,0.185389,0.184096,65.795983,65.631175,3.299717,3.307264,1.681427,1.697798,1.617372,1.601554,0.320409,0.185821,66.091712,3.334171,1.698591,1.610467
C05199,C_L22,DIGITAL_CMOS,CMOS_C,0.316221,0.325159,0.105485,0.107061,61.697611,62.249029,3.564816,3.57103,1.885305,1.888598,1.758839,1.785497,0.331736,0.110475,64.346604,3.58529,1.893848,1.785205
C05200,C_L22,DIGITAL_CMOS,CMOS_C,0.249906,0.24786,0.270001,0.273962,60.970949,61.613568,3.485917,3.527081,1.847431,1.872614,1.800869,1.797282,0.249101,0.278696,61.582141,3.627093,1.95765,1.81893
C05201,C_L22,DIGITAL_CMOS,CMOS_C,0.28072,0.284508,0.165821,0.166357,58.584972,58.802438,3.467655,3.473685,1.851308,1.852646,1.716038,1.699377,0.298443,0.173186,60.717295,3.556909,1.945438,1.738814
C05202,C_L22,DIGITAL_CMOS,CMOS_C,0.22176,0.227529,0.11324,0.115795,59.615298,60.945131,3.583855,3.604856,1.767575,1.779205,1.696478,1.70478,0.236179,0.119946,62.051067,3.698324,1.873869,1.747016
C05203,C_L22,DIGITAL_CMOS,CMOS_C,0.294104,0.294749,0.161306,0.161428,58.342543,58.843035,3.54406,3.557905,1.738669,1.74474,1.741592,1.766614,0.314078,0.172572,60.280515,3.573846,1.740642,1.744281
C05204,C_L22,DIGITAL_CMOS,CMOS_C,0.340234,0.347577,0.164984,0.176472,60.070161,59.155103,3.717255,3.747609,1.892721,1.932701,1.75401,1.795855,0.37375,0.194562,59.552539,3.848361,2.004867,1.814343
C05205,C_L22,DIGITAL_CMOS,CMOS_C,0.245473,0.24523,0.161371,0.162799,62.791067,62.452667,3.715144,3.754984,1.765162,1.799767,1.837885,1.845458,0.258311,0.172072,64.974032,3.809069,1.831799,1.893313
C05206,C_L22,DIGITAL_CMOS,CMOS_C,0.285217,0.291467,0.181877,0.186858,59.790739,59.822453,3.411199,3.423126,1.733096,1.738959,1.779624,1.771487,0.29197,0.189132,60.41645,3.556348,1.821023,1.815084
C05207,C_L22,DIGITAL_CMOS,CMOS_C,0.305102,0.307715,0.145619,0.146903,57.131917,57.127069,3.372248,3.393304,1.68654,1.6975,1.69788,1.72129,0.310133,0.148168,57.85952,3.418043,1.695943,1.726198
C05208,C_L22,DIGITAL_CMOS,CMOS_C,0.247694,0.243136,0.10852,0.109548,57.450756,57.354234,3.647417,3.653747,1.733468,1.72368,1.763244,1.760753,0.247154,0.110786,57.516014,3.652994,1.747798,1.776215
C05209,C_L22,DIGITAL_CMOS,CMOS_C,0.269738,0.275947,0.148006,0.148642,61.735094,61.85696,3.561019,3.560551,1.830164,1.827791,1.788394,1.774165,0.274284,0.15067,62.596653,3.671928,1.937354,1.823477
C05210,C_L22,DIGITAL_CMOS,CMOS_C,0.349853,0.358146,0.155081,0.159409,57.285212,57.485838,3.427323,3.433743,1.893561,1.881315,1.707258,1.703188,0.36249,0.161172,58.853828,3.469546,1.898361,1.702707
C05211,C_L22,DIGITAL_CMOS,CMOS_C,0.284261,0.282099,0.139842,0.139186,62.260594,62.853914,3.766487,3.729139,1.872103,1.870799,1.789319,1.80012,0.28633,0.143489,63.200827,3.846211,1.938383,1.817942
C05212,C_L22,DIGITAL_CMOS,CMOS_C,0.324103,0.333202,0.202276,0.205111,66.117475,66.729062,3.468735,3.477896,1.768679,1.782162,1.747568,1.751755,0.359102,0.212346,67.97791,3.508996,1.782943,1.763051
C05213,C_L22,DIGITAL_CMOS,CMOS_C,0.267809,0.273501,0.148099,0.148953,60.314011,60.706909,3.474913,3.518268,1.79246,1.825196,1.708622,1.71036,0.280053,0.151617,61.69845,3.597892,1.892784,1.766877
C05214,C_L22,DIGITAL_CMOS,CMOS_C,0.203378,0.21017,0.106224,0.109454,58.67858,58.579703,3.567508,3.533396,1.784042,1.778719,1.748083,1.749179,0.217954,0.114181,60.565791,3.960287,1.799339,1.748397
C05215,C_L22,DIGITAL_CMOS,CMOS_C,0.314186,0.310366,0.140902,0.142215,63.302717,63.589684,3.621691,3.629753,1.744378,1.745759,1.570838,1.596972,0.315712,0.142663,64.089112,3.751513,1.909897,1.88616
C05216,C_L22,DIGITAL_CMOS,CMOS_C,0.318874,0.317147,0.187163,0.191645,61.559667,62.266622,3.363702,3.389121,1.698373,1.696457,1.642828,1.630032,0.320728,0.193958,61.770534,3.41997,1.715921,1.648165
C05217,C_L22,DIGITAL_CMOS,CMOS_C,0.221414,0.224974,0.198429,0.196626,64.818355,65.395872,3.596719,3.59609,1.791963,1.800099,1.747129,1.763128,0.225055,0.19693,65.059191,3.781321,1.958481,1.998365
C05218,C_L22,DIGITAL_CMOS,CMOS_C,0.290093,0.288751,0.131139,0.135531,60.734042,60.881095,3.481693,3.447025,1.62898,1.627699,1.598686,1.595837,0.593966,0.268731,67.928044,3.473649,1.620866,1.610285
C05219,C_L22,DIGITAL_CMOS,CMOS_C,0.266723,0.272879,0.135436,0.137024,62.483642,62.800529,3.51329,3.523907,1.82878,1.825264,1.637804,1.625684,0.278762,0.139362,62.714679,3.541534,1.844888,1.629766
C05220,C_L22,DIGITAL_CMOS,CMOS_C,0.271224,0.278342,0.219079,0.220365,64.305924,65.00474,3.70864,3.734506,1.877318,1.884333,1.785158,1.797897,0.285765,0.228308,65.145326,3.716145,1.889015,1.786332
C05221,C_L22,DIGITAL_CMOS,CMOS_C,0.304943,0.315239,0.197824,0.19858,62.587877,62.780853,3.547943,3.536542,1.753717,1.7495,1.665348,1.683072,0.32975,0.204573,63.682247,3.56051,1.755868,1.692299
C05222,C_L22,DIGITAL_CMOS,CMOS_C,0.384517,0.389602,0.157072,0.160675,59.969053,59.423921,3.480138,3.468697,1.787021,1.791077,1.803371,1.835204,0.416541,0.171415,61.12473,3.557832,1.844144,1.875778
C05223,C_L22,DIGITAL_CMOS,CMOS_C,0.342138,0.343629,0.167037,0.167561,60.918155,61.009363,3.46199,3.478213,1.721836,1.767967,1.742879,1.747716,0.352149,0.170679,60.946032,3.573454,1.774138,1.788086
C05224,C_L22,DIGITAL_CMOS,CMOS_C,0.341853,0.343179,0.199685,0.199773,63.679138,63.930336,3.339367,3.343445,1.728732,1.753476,1.704069,1.723016,0.34693,0.20076,64.085695,3.352852,1.751369,1.714155
C05225,C_L22,DIGITAL_CMOS,CMOS_C,0.246111,0.248138,0.127425,0.127477,58.27694,58.436667,3.450446,3.426702,1.679538,1.669925,1.773092,1.779873,0.259197,0.133169,60.154621,3.457042,1.68045,1.789556
C05226,C_L22,DIGITAL_CMOS,CMOS_C,0.294128,0.298886,0.210977,0.217543,60.247888,60.771605,3.431378,3.438246,1.74735,1.751344,1.837498,1.853134,0.323387,0.251079,64.476471,3.552126,1.78048,1.924437
C05227,C_L22,DIGITAL_CMOS,CMOS_C,0.406814,0.400063,0.182835,0.183915,55.48185,56.156916,3.485302,3.4843,1.912207,1.904188,1.770102,1.792224,0.415795,0.182423,55.892447,3.544012,1.932753,1.805199
C05228,C_L22,DIGITAL_CMOS,CMOS_C,0.300425,0.308153,0.154796,0.158227,62.140782,62.273126,3.730547,3.745349,1.900613,1.898524,1.731788,1.744822,0.311619,0.167392,63.542363,3.748494,1.917293,1.752264
C05229,C_L22,DIGITAL_CMOS,CMOS_C,0.268379,0.270913,0.151905,0.153124,57.752583,58.713723,3.367092,3.397811,1.828846,1.823884,1.776338,1.778598,0.458842,0.228708,58.748573,3.400584,1.834605,1.771136
C05230,C_L22,DIGITAL_CMOS,CMOS_C,0.322164,0.328939,0.170709,0.171825,59.928174,59.918355,3.450814,3.479935,1.903538,1.912682,1.810863,1.790559,0.342767,0.182978,61.24741,3.499524,1.955735,1.829272
C05231,C_L22,DIGITAL_CMOS,CMOS_C,0.31871,0.31909,0.290239,0.288332,58.41891,58.924336,3.551089,3.551396,1.697559,1.705313,1.67097,1.686957,0.364585,0.305692,60.806976,3.572127,1.71817,1.676359
C05232,C_L22,DIGITAL_CMOS,CMOS_C,0.264627,0.265698,0.091776,0.090422,63.001447,63.402074,3.563285,3.553424,1.812224,1.812441,1.73869,1.741903,0.271513,0.092188,63.725758,3.633704,1.873159,1.809235
C05233,C_L22,DIGITAL_CMOS,CMOS_C,0.261801,0.263669,0.166153,0.169281,62.187238,61.934835,3.340042,3.376722,1.673032,1.700268,1.732882,1.753229,0.268628,0.170441,62.625615,3.418077,1.731547,1.765521
C05234,C_L22,DIGITAL_CMOS,CMOS_C,0.292099,0.298972,0.204892,0.207514,60.579524,60.515127,3.656417,3.654185,1.721283,1.738885,1.744683,1.784032,0.305311,0.209001,60.374736,3.740333,1.813506,1.778582
C05235,C_L22,DIGITAL_CMOS,CMOS_C,0.289311,0.294634,0.122714,0.125174,61.313723,61.40268,3.737133,3.765876,1.796325,1.815986,1.687217,1.715415,0.313605,0.134102,63.917619,3.834835,1.842562,1.726325
C05236,C_L22,DIGITAL_CMOS,CMOS_C,0.283346,0.284267,0.133373,0.141102,63.114899,63.333528,3.366018,3.372128,1.778462,1.786327,1.821195,1.820414,0.294304,0.146354,64.500453,3.35751,1.801982,1.835736
C05237,C_L22,DIGITAL_CMOS,CMOS_C,0.329427,0.33495,0.216488,0.22495,67.04211,66.915107,3.485082,3.521638,1.828996,1.820478,1.784624,1.789972,0.358835,0.225827,67.527941,3.52276,1.810629,1.794345
C05238,C_L22,DIGITAL_CMOS,CMOS_C,0.34769,0.348505,0.101724,0.100586,56.018912,56.687704,3.424756,3.430435,1.649335,1.654285,1.751188,1.748631,0.356847,0.102969,56.285388,3.432202,1.675316,1.751736
C05239,C_L22,DIGITAL_CMOS,CMOS_C,0.261894,0.272299,0.185566,0.187619,57.614351,58.622585,3.453792,3.463322,1.77427,1.782931,1.721553,1.702071,0.284242,0.196029,59.389137,3.501025,1.815748,1.732968
C05240,C_L22,DIGITAL_CMOS,CMOS_C,0.301784,0.303496,0.228589,0.231856,61.629998,62.21977,3.581332,3.58814,1.744034,1.746467,1.683705,1.6809,0.303541,0.235139,62.407572,3.601014,1.770264,1.690835
C05241,C_L22,DIGITAL_CMOS,CMOS_C,0.319829,0.326718,0.177445,0.181026,60.20288,59.547146,3.406541,3.41656,1.791484,1.801767,1.809025,1.813885,0.332999,0.185489,61.252574,3.443881,1.866333,1.834347
C05321,C_L24,DIGITAL_CMOS,CMOS_C,0.384201,0.384877,0.174011,0.179888,71.412779,72.279324,3.504114,3.52388,1.813292,1.807872,1.72172,1.706059,0.385859,0.188439,73.692229,3.541416,1.829243,1.71831
C05322,C_L24,DIGITAL_CMOS,CMOS_C,0.336803,0.335691,0.116448,0.11992,59.394181,60.142486,3.28296,3.288517,1.745669,1.755343,1.754846,1.761926,0.35714,0.128428,60.950678,3.317194,1.774357,1.807562
C05323,C_L24,DIGITAL_CMOS,CMOS_C,0.239536,0.238986,0.082905,0.083509,62.241296,63.016035,3.440488,3.447152,1.756967,1.798105,1.649421,1.651306,0.242677,0.083492,62.942702,3.476228,1.835881,1.680969
C05324,C_L24,DIGITAL_CMOS,CMOS_C,0.338983,0.341136,0.206234,0.21691,54.468716,56.170982,3.402344,3.37428,1.696466,1.682583,1.526412,1.539803,0.357046,0.230097,56.202022,3.401805,1.695237,1.549291
C05325,C_L24,DIGITAL_CMOS,CMOS_C,0.464202,0.499034,0.208245,0.222922,70.429812,71.167905,3.63423,3.626587,1.861296,1.87882,1.666173,1.680801,0.554814,0.259113,74.847585,3.63418,1.880268,1.683384
C05326,C_L24,DIGITAL_CMOS,CMOS_C,0.327818,0.334288,0.138411,0.141428,60.743764,61.753399,3.421977,3.452285,1.872889,1.872783,2.006958,2.040768,0.361008,0.151365,63.172716,3.490365,1.903829,2.056038
C05327,C_L24,DIGITAL_CMOS,CMOS_C,0.412852,0.422686,0.154692,0.161933,66.56401,65.957605,3.498392,3.521942,1.814965,1.8391,1.780021,1.784878,0.441837,0.174651,67.590972,3.641574,1.871232,1.837799
C05328,C_L24,DIGITAL_CMOS,CMOS_C,0.448574,0.454569,0.193549,0.203817,63.381726,63.37431,3.306448,3.316063,1.812018,1.839838,1.684946,1.699283,0.459487,0.223123,65.205453,3.389414,1.892503,1.755925
C05329,C_L24,DIGITAL_CMOS,CMOS_C,0.321216,0.33072,0.106319,0.10891,62.725381,62.732978,3.560281,3.593353,1.893927,1.903243,1.70267,1.714294,0.342169,0.117969,64.167492,3.644433,1.934107,1.763691
C05330,C_L24,DIGITAL_CMOS,CMOS_C,0.328971,0.324131,0.10982,0.110104,59.757549,60.330867,3.551844,3.506556,1.966025,1.966369,1.779009,1.766193,0.333058,0.111928,61.094999,3.517251,1.978871,1.794687
C05331,C_L24,DIGITAL_CMOS,CMOS_C,0.313518,0.314876,0.11861,0.121946,59.916147,60.517482,3.566789,3.593225,1.71889,1.730375,1.684175,1.68193,0.337836,0.136885,62.15106,3.663728,1.783019,1.763073
C05332,C_L24,DIGITAL_CMOS,CMOS_C,0.333477,0.342484,0.104752,0.106459,62.139525,62.734091,3.700874,3.747906,1.861368,1.869921,1.820693,1.845217,0.344296,0.112503,62.94927,3.810284,1.904641,1.896007
C05333,C_L24,DIGITAL_CMOS,CMOS_C,0.352818,0.364165,0.153835,0.156408,65.231776,65.216375,3.386088,3.389449,1.895381,1.900458,1.711782,1.70142,0.362614,0.157945,65.60812,3.494463,1.966757,1.76708
C05334,C_L24,DIGITAL_CMOS,CMOS_C,0.577764,0.583097,0.150726,0.155625,62.026106,62.211526,3.479375,3.509149,1.880287,1.864579,1.684632,1.712837,0.639209,0.167509,64.860546,3.515247,1.887193,1.71741
C05335,C_L24,DIGITAL_CMOS,CMOS_C,0.393553,0.388573,0.0857,0.08635,64.434474,64.348711,3.740054,3.784469,1.853654,1.855201,1.80472,1.806294,0.39407,0.087099,64.298844,3.852636,1.907173,1.907391
C05336,C_L24,DIGITAL_CMOS,CMOS_C,0.355096,0.354903,0.201954,0.204423,61.966473,62.315986,3.514803,3.493454,1.650295,1.673856,1.617567,1.64486,0.351509,0.211056,63.103053,3.52758,2.256075,1.655175
C05337,C_L24,DIGITAL_CMOS,CMOS_C,0.290097,0.286606,0.107798,0.109585,65.897378,66.170473,3.223197,3.241643,1.743911,1.748101,1.586181,1.585495,0.289453,0.11473,65.551033,3.242281,1.753152,1.612547
C05338,C_L24,DIGITAL_CMOS,CMOS_C,0.317635,0.323848,0.150587,0.154701,63.112992,64.069692,3.414638,3.439534,1.791424,1.790348,1.597047,1.60612,0.344728,0.181069,65.797672,3.497513,1.846628,1.64864
C05339,C_L24,DIGITAL_CMOS,CMOS_C,0.326903,0.331787,0.163494,0.168285,64.38853,64.772348,3.257871,3.27117,1.71156,1.715424,1.769389,1.795387,0.339788,0.187911,66.746097,3.36118,1.790881,1.896227
C05340,C_L24,DIGITAL_CMOS,CMOS_C,0.416226,0.413527,0.142248,0.144111,65.214092,64.744243,3.329482,3.320078,1.745016,1.749941,1.683339,1.720904,0.439068,0.157472,67.414225,3.379213,1.788424,1.763339
C05341,C_L24,DIGITAL_CMOS,CMOS_C,0.422081,0.42107,0.163616,0.163477,66.330486,66.390228,3.494112,3.495829,1.680979,1.689222,1.586516,1.584823,0.419154,0.168903,66.853516,3.514175,1.690625,1.60967
C05342,C_L24,DIGITAL_CMOS,CMOS_C,0.285208,0.288627,0.096519,0.099173,66.485183,66.686789,3.613651,3.643919,1.777635,1.76473,1.721713,1.709099,0.298021,0.110519,69.90545,3.623397,1.76871,1.729375
C05343,C_L24,DIGITAL_CMOS,CMOS_C,0.312871,0.31383,0.190056,0.188977,59.461291,59.848479,3.686957,3.707116,1.857629,1.84122,1.807102,1.822874,0.316082,0.19062,60.195994,3.68871,1.869668,1.817488
C05344,C_L24,DIGITAL_CMOS,CMOS_C,0.290531,0.29914,0.139613,0.144107,61.486148,62.175903,3.366949,3.396232,1.637777,1.64927,1.639889,1.651879,0.310727,0.150731,63.205451,3.429575,1.692214,1.739457
C05345,C_L24,DIGITAL_CMOS,CMOS_C,0.434404,0.447903,0.124319,0.127414,64.075074,64.165333,3.480732,3.491941,1.776205,1.789863,1.68752,1.699543,0.480391,0.135276,67.375797,3.535456,1.821042,1.737599
C05346,C_L24,DIGITAL_CMOS,CMOS_C,0.369851,0.374267,0.215064,0.218024,64.148223,63.723131,3.19407,3.198558,1.682499,1.68204,1.580176,1.596048,0.380822,0.227318,65.007091,3.232048,1.686279,1.602362
C05347,C_L24,DIGITAL_CMOS,CMOS_C,0.290123,0.290632,0.099898,0.104167,60.598333,60.978806,3.437693,3.458757,1.747335,1.719633,1.572605,1.595576,0.309481,0.111986,61.403005,3.474568,1.766307,1.613802
C05348,C_L24,DIGITAL_CMOS,CMOS_C,0.303267,0.302476,0.097668,0.09922,65.341398,64.374386,3.694046,3.694142,1.813812,1.78389,1.697305,1.707299,0.313279,0.100278,65.563128,3.732352,1.790799,1.709975
C05349,C_L24,DIGITAL_CMOS,CMOS_C,0.331318,0.332711,0.104833,0.107301,59.135194,58.697631,3.389647,3.367823,1.731727,1.731488,1.794022,1.788716,0.351176,0.115093,60.033395,3.392749,1.747181,1.820494
C05350,C_L24,DIGITAL_CMOS,CMOS_C,0.396514,0.397323,0.15945,0.166269,60.822183,61.520963,3.591722,3.572766,1.790119,1.790834,1.649365,1.648084,0.415364,0.173756,62.87163,3.622222,1.798128,1.642077
C05351,C_L24,DIGITAL_CMOS,CMOS_C,0.295413,0.30681,0.168645,0.173266,63.660113,63.529939,3.628029,3.621653,1.83681,1.832782,1.713726,1.719938,0.312281,0.183052,64.353561,3.62435,1.824292,1.735364
C05352,C_L24,DIGITAL_CMOS,CMOS_C,0.339821,0.338891,0.1039,0.106012,59.290053,59.044375,3.465655,3.498824,1.758514,1.769314,1.731654,1.751617,0.358117,0.11842,61.827547,3.535538,1.795681,1.797726
C05353,C_L24,DIGITAL_CMOS,CMOS_C,0.320278,0.315739,0.082461,0.084268,61.433499,61.749281,3.306119,3.337591,1.653605,1.647771,1.618356,1.614603,0.32822,0.089638,62.265166,3.372559,1.667685,1.693598
C05354,C_L24,DIGITAL_CMOS,CMOS_C,0.367696,0.366404,0.100845,0.104779,61.278325,61.632858,3.427086,3.437439,1.810775,1.813344,1.668263,1.669705,0.389723,0.109031,63.746095,3.466892,1.850277,1.685968
C05355,C_L24,DIGITAL_CMOS,CMOS_C,0.351023,0.356895,0.199793,0.209629,58.61594,59.946537,3.411364,3.414309,1.796229,1.791103,1.73438,1.750502,0.370151,0.219281,61.07662,3.426386,1.803772,1.777694
C05356,C_L24,DIGITAL_CMOS,CMOS_C,0.404831,0.421067,0.170024,0.181377,63.630906,63.7359,3.588465,3.592453,1.86627,1.879254,1.660226,1.679007,0.424951,0.193018,65.050367,3.651464,1.885814,1.686041
C05357,C_L24,DIGITAL_CMOS,CMOS_C,0.311039,0.312719,0.110128,0.115117,63.911886,64.162303,3.5307,3.544419,1.826789,1.848305,1.658584,1.675126,0.326987,0.116613,63.782016,3.610842,1.877447,1.732104
C05358,C_L24,DIGITAL_CMOS,CMOS_C,0.442209,0.445924,0.163537,0.168399,63.647472,62.820587,3.491053,3.513882,1.690425,1.678131,1.629657,1.629983,0.46482,0.177071,64.03948,3.500697,1.671209,1.638548
C05359,C_L24,DIGITAL_CMOS,CMOS_C,0.36068,0.357528,0.155922,0.157881,61.902307,62.245559,3.405732,3.44283,1.795943,1.823848,1.624543,1.63138,0.366239,0.160493,62.612814,3.48544,1.851229,1.68301
C05360,C_L24,DIGITAL_CMOS,CMOS_C,0.346548,0.345778,0.174617,0.177981,63.284108,62.773939,3.392416,3.392273,1.674266,1.66428,1.613706,1.635496,0.352859,0.183724,63.621063,3.416067,1.70625,1.630433
C05361,C_L24,DIGITAL_CMOS,CMOS_C,0.29418,0.298935,0.15155,0.156083,60.977287,61.627812,3.511607,3.503197,1.813384,1.816868,1.72159,1.727334,0.320776,0.170005,63.889646,3.531288,1.833022,1.740572
C05362,C_L24,DIGITAL_CMOS,CMOS_C,0.397304,0.410101,0.144918,0.148501,62.867489,63.118902,3.268855,3.303506,1.79478,1.808824,1.606679,1.617329,0.669086,0.243988,65.177765,3.330728,1.826989,1.655901
C05363,C_L24,DIGITAL_CMOS,CMOS_C,0.407399,0.401572,0.228921,0.23632,65.774093,66.067663,3.61251,3.630966,1.831701,1.827175,1.836247,1.828082,0.416275,0.238902,66.818063,3.638306,1.837971,1.84188
C05364,C_L24,DIGITAL_CMOS,CMOS_C,0.407483,0.410867,0.164194,0.165527,64.021139,63.794715,3.480023,3.514195,1.781119,1.804255,1.709747,1.729736,0.410072,0.169401,64.095421,3.558286,1.841132,1.754452
C05365,C_L24,DIGITAL_CMOS,CMOS_C,0.335317,0.331264,0.113452,0.114952,60.342647,60.497325,3.660358,3.705555,1.798474,1.81454,1.842689,1.844153,0.339639,0.119133,60.540122,3.675309,1.820653,1.85119
C05366,C_L24,DIGITAL_CMOS,CMOS_C,0.286212,0.293957,0.100977,0.100695,66.356793,67.266975,3.619137,3.626262,1.930391,1.932512,1.686803,1.69889,0.292093,0.105025,66.772895,3.622492,1.938194,1.702714
C05367,C_L24,DIGITAL_CMOS,CMOS_C,0.322459,0.326516,0.163661,0.170786,65.75279,66.514134,3.606945,3.595591,1.833508,1.835106,1.752115,1.768082,0.338386,0.187436,67.167474,3.628863,1.831905,1.780314
C05368,C_L24,DIGITAL_CMOS,CMOS_C,0.410351,0.416638,0.141574,0.146806,67.117215,67.380067,3.462389,3.450932,1.787833,1.786247,1.64293,1.66708,0.437504,0.15235,69.057441,3.445838,1.790807,1.684193
C05369,C_L24,DIGITAL_CMOS,CMOS_C,0.270152,0.277338,0.15101,0.153158,64.482733,65.628295,3.432018,3.425834,1.748806,1.768056,1.612105,1.634164,0.297001,0.159029,65.821019,3.46973,1.779927,1.635216
C05370,C_L24,DIGITAL_CMOS,CMOS_C,0.279611,0.283053,0.141939,0.147087,62.495327,63.450214,3.390027,3.374337,1.683446,1.701418,1.616288,1.600611,0.288858,0.154829,64.631215,3.412694,1.701253,1.625305
C05371,C_L24,DIGITAL_CMOS,CMOS_C,0.283658,0.289274,0.112536,0.114153,61.137062,61.501343,3.619373,3.612009,1.901507,1.927348,1.801059,1.815537,0.297049,0.123689,63.611957,3.643749,1.920413,1.821776
C05372,C_L24,DIGITAL_CMOS,CMOS_C,0.332024,0.341041,0.186627,0.18794,64.421253,65.92639,3.665507,3.664737,1.82953,1.842064,1.84429,1.86034,0.33705,0.189409,66.051202,3.802424,1.877833,1.909362
C05373,C_L24,DIGITAL_CMOS,CMOS_C,0.306911,0.303121,0.186329,0.191402,59.387169,59.665121,3.698519,3.71159,1.888166,1.88058,1.701507,1.686077,0.327756,0.213342,62.397879,3.725806,1.888133,1.702744
C05374,C_L24,DIGITAL_CMOS,CMOS_C,0.36981,0.372397,0.209322,0.219105,64.106434,65.523207,3.403188,3.40341,1.759847,1.776038,1.625006,1.640643,0.387531,0.230481,66.539146,3.4865,1.805191,1.746493
C05375,C_L24,DIGITAL_CMOS,CMOS_C,0.264877,0.264635,0.11336,0.114831,66.26249,67.460873,3.573754,3.596292,1.817363,1.811193,1.827484,1.837737,0.270319,0.11733,67.047779,3.593273,1.823292,1.842539
C05376,C_L24,DIGITAL_CMOS,CMOS_C,0.30423,0.305032,0.135153,0.138116,60.15475,60.185621,3.378366,3.372675,1.765309,1.764083,1.618163,1.623959,0.312464,0.143758,60.376063,3.385986,1.781031,1.637053
C05377,C_L24,DIGITAL_CMOS,CMOS_C,0.324976,0.32972,0.171167,0.17479,64.111384,64.372441,3.297444,3.327395,1.6729,1.68353,1.600598,1.623585,0.324611,0.174608,64.607901,3.36944,1.697365,1.660522
C05378,C_L24,DIGITAL_CMOS,CMOS_C,0.339526,0.351098,0.1692,0.171693,68.266914,68.603343,3.431989,3.422655,1.808273,1.827825,1.667848,1.664682,0.351565,0.173211,67.747249,3.436529,1.850114,1.693566
C05379,C_L24,DIGITAL_CMOS,CMOS_C,0.390209,0.390922,0.127793,0.130545,63.956886,64.13178,3.622354,3.658068,1.855756,1.861524,1.803405,1.819305,0.401241,0.133786,64.16594,3.670345,1.898833,1.88266
C05380,C_L24,DIGITAL_CMOS,CMOS_C,0.346484,0.348857,0.129929,0.134866,65.036647,65.349047,3.30627,3.288511,1.771635,1.751745,1.584807,1.576357,0.382325,0.153158,68.469752,3.303466,1.783028,1.601552
C05381,C_L24,DIGITAL_CMOS,CMOS_C,0.368991,0.371732,0.15008,0.155633,71.514254,72.339013,3.539858,3.53273,1.73178,1.748256,1.738603,1.744109,0.396178,0.171581,75.275963,3.551268,1.762525,1.768647
C05382,C_L24,DIGITAL_CMOS,CMOS_C,0.372794,0.378988,0.147917,0.149942,69.272105,69.367935,3.529773,3.534626,1.66605,1.66764,1.614512,1.611702,0.385706,0.153966,69.830255,3.554917,1.679923,1.630718
C05383,C_L24,DIGITAL_CMOS,CMOS_C,0.277132,0.275044,0.118784,0.122627,67.057328,67.334488,3.125369,3.150804,1.620542,1.620053,1.490468,1.496625,0.278463,0.125244,68.299263,3.164671,1.613779,1.511337
C05384,C_L24,DIGITAL_CMOS,CMOS_C,0.545969,0.557121,0.166872,0.170152,65.432208,65.34715,3.368161,3.418509,1.724946,1.735441,1.622832,1.649784,0.550949,0.169873,66.259115,3.45712,1.771595,1.687307
C05385,C_L24,DIGITAL_CMOS,CMOS_C,0.288143,0.290984,0.203018,0.204641,63.944785,65.159257,3.452962,3.451418,1.81538,1.817845,1.736637,1.745568,0.292037,0.206224,64.450663,3.462043,1.815526,1.757941
C05386,C_L24,DIGITAL_CMOS,CMOS_C,0.366049,0.373779,0.154328,0.157072,64.277957,63.426613,3.314876,3.339894,1.779542,1.778179,1.614227,1.644251,0.375737,0.156716,64.284357,3.378313,1.81082,1.659961
C05387,C_L24,DIGITAL_CMOS,CMOS_C,0.319728,0.318331,0.118084,0.123639,67.298269,67.701937,3.533933,3.52758,1.958184,1.960733,1.740893,1.722774,0.32497,0.130045,68.670793,3.532874,1.976305,1.753174
C05388,C_L24,DIGITAL_CMOS,CMOS_C,0.390369,0.400453,0.154274,0.158445,59.663385,60.56069,3.313483,3.31597,1.679251,1.687173,1.583678,1.598173,0.426341,0.176172,62.461938,3.373268,1.745696,1.659623
C05389,C_L24,DIGITAL_CMOS,CMOS_C,0.365465,0.369601,0.113714,0.116552,58.867259,58.882753,3.507113,3.491774,1.82835,1.837217,1.787187,1.782513,0.396263,0.131068,61.856426,3.578513,1.885834,1.830659
C05390,C_L24,DIGITAL_CMOS,CMOS_C,0.340947,0.337903,0.139524,0.141443,62.239909,63.099304,3.518801,3.545816,1.829237,1.858942,1.809833,1.837496,0.345089,0.143209,63.234747,3.566712,1.877697,1.892531
C05391,C_L24,DIGITAL_CMOS,CMOS_C,0.318258,0.328656,0.118754,0.121791,62.112024,62.13282,3.347686,3.325755,1.71742,1.720135,1.789912,1.795944,0.331645,0.126114,62.763562,3.342586,1.758591,1.793467
C05392,C_L24,DIGITAL_CMOS,CMOS_C,0.394255,0.393294,0.17814,0.181369,59.137202,59.430914,3.522318,3.533601,1.940424,1.957178,1.770795,1.775487,0.435007,0.201582,60.992006,3.527588,1.943946,1.780179
C05393,C_L24,DIGITAL_CMOS,CMOS_C,0.255049,0.255543,0.160967,0.170658,64.220954,64.623345,3.433873,3.453287,1.795627,1.784541,1.695861,1.721727,0.267143,0.183796,64.398851,3.511965,1.820567,1.772988
C05394,C_L24,DIGITAL_CMOS,CMOS_C,0.300196,0.300992,0.166228,0.171867,66.599128,66.498743,3.473002,3.467845,1.782402,1.785653,1.674698,1.6762,0.313086,0.175032,67.615213,3.492555,1.780239,1.689588
C05395,C_L24,DIGITAL_CMOS,CMOS_C,0.310878,0.310056,0.08121,0.082297,67.03363,67.268069,3.29642,3.309346,1.77717,1.780002,1.719466,1.762973,0.31977,0.088076,67.252652,3.386462,1.810264,1.789994
C05396,C_L24,DIGITAL_CMOS,CMOS_C,0.330215,0.334016,0.173987,0.178394,61.53216,61.454134,3.612866,3.607504,1.772026,1.762796,1.736097,1.73241,0.338726,0.190501,63.015352,3.627596,1.764173,1.741496
C05397,C_L24,DIGITAL_CMOS,CMOS_C,0.327901,0.339777,0.15685,0.162348,62.091219,62.147423,3.54177,3.557883,1.677484,1.689438,1.609786,1.625842,0.356783,0.188296,66.174313,3.574333,1.698625,1.614894
C05398,C_L24,DIGITAL_CMOS,CMOS_C,0.378924,0.38468,0.11213,0.119268,63.350889,63.708511,3.647679,3.647254,1.798077,1.794614,1.828527,1.833946,0.386231,0.125797,64.824926,3.678412,1.808472,1.850949
C05399,C_L24,DIGITAL_CMOS,CMOS_C,0.318136,0.319694,0.215912,0.220479,67.346682,67.640359,3.412913,3.412681,1.673229,1.671999,1.621792,1.628557,0.332463,0.233517,70.00724,3.400001,1.674645,1.633196
C05400,C_L24,DIGITAL_CMOS,CMOS_C,0.337499,0.349226,0.151115,0.158751,64.773825,64.605215,3.514728,3.527542,1.742929,1.748316,1.700885,1.70685,0.366493,0.17489,66.80443,3.559714,1.758665,1.726276
