component_id,lot_id,device_variant,final_decision,module_A_decision,module_A_risk,module_A_reason_code,module_A_reason,module_B_decision,module_B_risk,module_B_reason_code,module_B_reason,driving_parameter,unit,value_0h,value_24h,predicted_168h,prediction_lower,prediction_upper,spec_limit,limit_direction,headroom_abs,headroom_frac,confidence_A,confidence_B,extrapolation_flag,explanation
C0218,L005,CMOS_A,MONITOR,MONITOR,0.3040598236800932,A_CROSS_SECTIONAL_EXTREME,Measurement is strongly unusual relative to the component's lot peers.,PASS,0.0039,B_OK,All six parameters are predicted to stay within limits with margin.,Output_Fall_Time_ns,ns,7.69755,7.42461,7.72712,,,22.0,UPPER,14.27288,0.9961,MEDIUM,NOMINAL,False,Final decision is MONITOR because at least one module identified a condition requiring attention. Module A: Measurement is strongly unusual relative to the component's lot peers. Module B: All six parameters are predicted to stay within limits with margin.
C0219,L005,CMOS_A,PASS,PASS,0.2124359954019384,A_NO_STRONG_EVIDENCE,No strong lot-relative anomaly evidence detected.,PASS,0.019,B_OK,All six parameters are predicted to stay within limits with margin.,Output_Rise_Time_ns,ns,7.97241,7.9802,8.19116,,,22.0,UPPER,13.80884,0.981,LOW,NOMINAL,False,Final decision is PASS because neither Module A nor Module B identified a reject or monitor condition.
C0220,L005,CMOS_A,PASS,PASS,0.1083829456656613,A_NO_STRONG_EVIDENCE,No strong lot-relative anomaly evidence detected.,PASS,0.0355,B_OK,All six parameters are predicted to stay within limits with margin.,Output_Rise_Time_ns,ns,8.03167,8.20634,8.42328,,,22.0,UPPER,13.57672,0.9645,LOW,NOMINAL,False,Final decision is PASS because neither Module A nor Module B identified a reject or monitor condition.
C0221,L005,CMOS_A,PASS,PASS,0.2238544435034021,A_NO_STRONG_EVIDENCE,No strong lot-relative anomaly evidence detected.,PASS,0.0261,B_OK,All six parameters are predicted to stay within limits with margin.,Output_Rise_Time_ns,ns,8.00041,8.07741,8.29094,,,22.0,UPPER,13.70906,0.9739,LOW,NOMINAL,False,Final decision is PASS because neither Module A nor Module B identified a reject or monitor condition.
C0222,L005,CMOS_A,PASS,PASS,0.1564296137614187,A_NO_STRONG_EVIDENCE,No strong lot-relative anomaly evidence detected.,PASS,0.0162,B_OK,All six parameters are predicted to stay within limits with margin.,Output_Fall_Time_ns,ns,7.66819,7.70677,7.90324,,,22.0,UPPER,14.09676,0.9838,LOW,NOMINAL,False,Final decision is PASS because neither Module A nor Module B identified a reject or monitor condition.
C0223,L005,CMOS_A,PASS,PASS,0.1618569217354299,A_NO_STRONG_EVIDENCE,No strong lot-relative anomaly evidence detected.,PASS,0.1241,B_OK,All six parameters are predicted to stay within limits with margin.,Supply_Current_ICC_uA,uA,395.25,388.56,403.28997,,,700.0,UPPER,296.71003,0.8759,LOW,NOMINAL,False,Final decision is PASS because neither Module A nor Module B identified a reject or monitor condition.
C0224,L005,CMOS_A,PASS,PASS,0.2745406766637591,A_NO_STRONG_EVIDENCE,No strong lot-relative anomaly evidence detected.,PASS,0.1418,B_OK,All six parameters are predicted to stay within limits with margin.,Supply_Current_ICC_uA,uA,407.548,392.093,409.29819,,,700.0,UPPER,290.70181,0.8582,LOW,NOMINAL,False,Final decision is PASS because neither Module A nor Module B identified a reject or monitor condition.
C0225,L005,CMOS_A,PASS,PASS,0.1573266117907897,A_NO_STRONG_EVIDENCE,No strong lot-relative anomaly evidence detected.,PASS,0.0697,B_OK,All six parameters are predicted to stay within limits with margin.,Supply_Current_ICC_uA,uA,366.103,374.802,384.86228,,,700.0,UPPER,315.13772,0.9303,LOW,NOMINAL,False,Final decision is PASS because neither Module A nor Module B identified a reject or monitor condition.
C0226,L005,CMOS_A,MONITOR,PASS,0.1921793326953201,A_NO_STRONG_EVIDENCE,No strong lot-relative anomaly evidence detected.,MONITOR,0.0751,B_UNCERTAIN_EXTRAPOLATION,"Predicted 168 h Output_Rise_Time_ns is within limits, but the 0 h input lies outside the training envelope.",Output_Rise_Time_ns,ns,8.85078,8.75035,8.98167,,,22.0,UPPER,13.01833,0.9249,LOW,LOW,True,Final decision is MONITOR because the Module B prediction involves extrapolation or uncertainty. The prediction should therefore be reviewed rather than treated as a confident PASS.
C0227,L005,CMOS_A,PASS,PASS,0.1904668160018649,A_NO_STRONG_EVIDENCE,No strong lot-relative anomaly evidence detected.,PASS,0.0136,B_OK,All six parameters are predicted to stay within limits with margin.,IDDQ_uA,uA,2.46465,2.41828,2.59325,,,40.0,UPPER,37.40675,0.9864,LOW,NOMINAL,False,Final decision is PASS because neither Module A nor Module B identified a reject or monitor condition.
C0228,L005,CMOS_A,MONITOR,MONITOR,0.3098734057970411,A_CROSS_SECTIONAL_EXTREME,Measurement is strongly unusual relative to the component's lot peers.,MONITOR,0.0857,B_UNCERTAIN_EXTRAPOLATION,"Predicted 168 h Output_Rise_Time_ns is within limits, but the 0 h input lies outside the training envelope.",Output_Rise_Time_ns,ns,8.66057,8.89502,9.13017,,,22.0,UPPER,12.86983,0.9143,MEDIUM,LOW,True,Final decision is MONITOR because the Module B prediction involves extrapolation or uncertainty. The prediction should therefore be reviewed rather than treated as a confident PASS.
C0229,L005,CMOS_A,PASS,PASS,0.2385808620854091,A_NO_STRONG_EVIDENCE,No strong lot-relative anomaly evidence detected.,PASS,0.064,B_OK,All six parameters are predicted to stay within limits with margin.,Output_Fall_Time_ns,ns,8.53817,8.28588,8.58793,,,22.0,UPPER,13.41207,0.936,LOW,NOMINAL,False,Final decision is PASS because neither Module A nor Module B identified a reject or monitor condition.
C0230,L005,CMOS_A,PASS,PASS,0.2667889295811025,A_NO_STRONG_EVIDENCE,No strong lot-relative anomaly evidence detected.,PASS,0.0312,B_OK,All six parameters are predicted to stay within limits with margin.,Supply_Current_ICC_uA,uA,371.882,356.048,371.83418,,,700.0,UPPER,328.16582,0.9688,LOW,NOMINAL,False,Final decision is PASS because neither Module A nor Module B identified a reject or monitor condition.
C0231,L005,CMOS_A,MONITOR,PASS,0.2792575299726514,A_NO_STRONG_EVIDENCE,No strong lot-relative anomaly evidence detected.,MONITOR,0.1516,B_UNCERTAIN_EXTRAPOLATION,"Predicted 168 h Output_Rise_Time_ns is within limits, but the 0 h input lies outside the training envelope.",Output_Rise_Time_ns,ns,8.59772,8.80931,9.04219,,,22.0,UPPER,12.95781,0.9206,LOW,LOW,True,Final decision is MONITOR because the Module B prediction involves extrapolation or uncertainty. The prediction should therefore be reviewed rather than treated as a confident PASS.
C0232,L005,CMOS_A,PASS,PASS,0.2086236162994449,A_NO_STRONG_EVIDENCE,No strong lot-relative anomaly evidence detected.,PASS,0.0331,B_OK,All six parameters are predicted to stay within limits with margin.,Propagation_Delay_ns,ns,9.46984,9.6068,9.73342,,,27.0,UPPER,17.26658,0.9669,LOW,NOMINAL,False,Final decision is PASS because neither Module A nor Module B identified a reject or monitor condition.
C0233,L005,CMOS_A,PASS,PASS,0.1669474363966937,A_NO_STRONG_EVIDENCE,No strong lot-relative anomaly evidence detected.,PASS,0.0551,B_OK,All six parameters are predicted to stay within limits with margin.,Output_Fall_Time_ns,ns,8.27787,8.23144,8.46143,,,22.0,UPPER,13.53857,0.9449,LOW,NOMINAL,False,Final decision is PASS because neither Module A nor Module B identified a reject or monitor condition.
C0234,L005,CMOS_A,PASS,PASS,0.2063196769394695,A_NO_STRONG_EVIDENCE,No strong lot-relative anomaly evidence detected.,PASS,0.0696,B_OK,All six parameters are predicted to stay within limits with margin.,Output_Fall_Time_ns,ns,8.42094,8.46953,8.66827,,,22.0,UPPER,13.33173,0.9304,LOW,NOMINAL,False,Final decision is PASS because neither Module A nor Module B identified a reject or monitor condition.
C0235,L005,CMOS_A,PASS,PASS,0.2535507953537873,A_NO_STRONG_EVIDENCE,No strong lot-relative anomaly evidence detected.,PASS,0.2057,B_OK,All six parameters are predicted to stay within limits with margin.,Supply_Current_ICC_uA,uA,401.888,421.88,430.93525,,,700.0,UPPER,269.06475,0.7943,LOW,NOMINAL,False,Final decision is PASS because neither Module A nor Module B identified a reject or monitor condition.
C0236,L005,CMOS_A,MONITOR,MONITOR,0.3856352601616171,A_TEMPORAL_EXTREME,Temporal change is strongly unusual relative to the component's lot peers.,PASS,0.0819,B_OK,All six parameters are predicted to stay within limits with margin.,Output_Fall_Time_ns,ns,8.58705,8.64898,8.84444,,,22.0,UPPER,13.15556,0.9181,MEDIUM,NOMINAL,False,Final decision is MONITOR because at least one module identified a condition requiring attention. Module A: Temporal change is strongly unusual relative to the component's lot peers. Module B: All six parameters are predicted to stay within limits with margin.
C0237,L005,CMOS_A,PASS,PASS,0.1095601041503844,A_NO_STRONG_EVIDENCE,No strong lot-relative anomaly evidence detected.,PASS,0.0677,B_OK,All six parameters are predicted to stay within limits with margin.,Supply_Current_ICC_uA,uA,363.931,374.657,384.17228,,,700.0,UPPER,315.82772,0.9323,LOW,NOMINAL,False,Final decision is PASS because neither Module A nor Module B identified a reject or monitor condition.
C0238,L005,CMOS_A,PASS,PASS,0.1718844178492402,A_NO_STRONG_EVIDENCE,No strong lot-relative anomaly evidence detected.,PASS,0.0073,B_OK,All six parameters are predicted to stay within limits with margin.,Input_Leakage_Current_uA,uA,0.08319,0.0849,0.08931,,,1.0,UPPER,0.91069,0.9927,LOW,NOMINAL,False,Final decision is PASS because neither Module A nor Module B identified a reject or monitor condition.
C0239,L005,CMOS_A,PASS,PASS,0.1464221599524182,A_NO_STRONG_EVIDENCE,No strong lot-relative anomaly evidence detected.,PASS,0.0565,B_OK,All six parameters are predicted to stay within limits with margin.,Output_Rise_Time_ns,ns,8.37915,8.49481,8.71938,,,22.0,UPPER,13.28062,0.9435,LOW,NOMINAL,False,Final decision is PASS because neither Module A nor Module B identified a reject or monitor condition.
C0240,L005,CMOS_A,PASS,PASS,0.1862510216718487,A_NO_STRONG_EVIDENCE,No strong lot-relative anomaly evidence detected.,PASS,0.0343,B_OK,All six parameters are predicted to stay within limits with margin.,Output_Rise_Time_ns,ns,8.11407,8.19055,8.40707,,,22.0,UPPER,13.59293,0.9657,LOW,NOMINAL,False,Final decision is PASS because neither Module A nor Module B identified a reject or monitor condition.
C0241,L005,CMOS_A,PASS,PASS,0.2025546993324025,A_NO_STRONG_EVIDENCE,No strong lot-relative anomaly evidence detected.,PASS,0.034,B_OK,All six parameters are predicted to stay within limits with margin.,Supply_Current_ICC_uA,uA,361.462,360.797,372.75365,,,700.0,UPPER,327.24635,0.966,LOW,NOMINAL,False,Final decision is PASS because neither Module A nor Module B identified a reject or monitor condition.
C0242,L005,CMOS_A,MONITOR,PASS,0.1840185973177259,A_NO_STRONG_EVIDENCE,No strong lot-relative anomaly evidence detected.,MONITOR,0.0573,B_UNCERTAIN_EXTRAPOLATION,"Predicted 168 h Output_Rise_Time_ns is within limits, but the 0 h input lies outside the training envelope.",Output_Rise_Time_ns,ns,8.46269,8.50508,8.72992,,,22.0,UPPER,13.27008,0.9427,LOW,LOW,True,Final decision is MONITOR because the Module B prediction involves extrapolation or uncertainty. The prediction should therefore be reviewed rather than treated as a confident PASS.
C0243,L005,CMOS_A,PASS,PASS,0.2730761890170031,A_NO_STRONG_EVIDENCE,No strong lot-relative anomaly evidence detected.,PASS,0.1642,B_OK,All six parameters are predicted to stay within limits with margin.,Supply_Current_ICC_uA,uA,399.98,404.437,416.87871,,,700.0,UPPER,283.12129,0.8358,LOW,NOMINAL,False,Final decision is PASS because neither Module A nor Module B identified a reject or monitor condition.
C0244,L005,CMOS_A,PASS,PASS,0.2921314144662886,A_NO_STRONG_EVIDENCE,No strong lot-relative anomaly evidence detected.,PASS,0.1663,B_OK,All six parameters are predicted to stay within limits with margin.,Supply_Current_ICC_uA,uA,400.461,405.168,417.57426,,,700.0,UPPER,282.42574,0.8337,LOW,NOMINAL,False,Final decision is PASS because neither Module A nor Module B identified a reject or monitor condition.
C0245,L005,CMOS_A,PASS,PASS,0.1511044232699193,A_NO_STRONG_EVIDENCE,No strong lot-relative anomaly evidence detected.,PASS,0.0,B_OK,All six parameters are predicted to stay within limits with margin.,IDDQ_uA,uA,2.01393,2.008,2.06699,,,40.0,UPPER,37.93301,1.0002,LOW,NOMINAL,False,Final decision is PASS because neither Module A nor Module B identified a reject or monitor condition.
C0246,L005,CMOS_A,PASS,PASS,0.1866344588677979,A_NO_STRONG_EVIDENCE,No strong lot-relative anomaly evidence detected.,PASS,0.0668,B_OK,All six parameters are predicted to stay within limits with margin.,Supply_Current_ICC_uA,uA,375.058,370.463,383.87233,,,700.0,UPPER,316.12767,0.9332,LOW,NOMINAL,False,Final decision is PASS because neither Module A nor Module B identified a reject or monitor condition.
C0247,L005,CMOS_A,PASS,PASS,0.1128359414829609,A_NO_STRONG_EVIDENCE,No strong lot-relative anomaly evidence detected.,PASS,0.1281,B_OK,All six parameters are predicted to stay within limits with margin.,Supply_Current_ICC_uA,uA,386.445,393.317,404.64674,,,700.0,UPPER,295.35326,0.8719,LOW,NOMINAL,False,Final decision is PASS because neither Module A nor Module B identified a reject or monitor condition.
C0248,L005,CMOS_A,PASS,PASS,0.2677378403862908,A_NO_STRONG_EVIDENCE,No strong lot-relative anomaly evidence detected.,PASS,0.0,B_OK,All six parameters are predicted to stay within limits with margin.,Input_Leakage_Current_uA,uA,0.07571,0.07738,0.0814,,,1.0,UPPER,0.9186,1.0014,LOW,NOMINAL,False,Final decision is PASS because neither Module A nor Module B identified a reject or monitor condition.
C0249,L005,CMOS_A,PASS,PASS,0.156641604010025,A_NO_STRONG_EVIDENCE,No strong lot-relative anomaly evidence detected.,PASS,0.0462,B_OK,All six parameters are predicted to stay within limits with margin.,Output_Rise_Time_ns,ns,8.26707,8.35353,8.57436,,,22.0,UPPER,13.42564,0.9538,LOW,NOMINAL,False,Final decision is PASS because neither Module A nor Module B identified a reject or monitor condition.
C0250,L005,CMOS_A,PASS,PASS,0.2116324068445215,A_NO_STRONG_EVIDENCE,No strong lot-relative anomaly evidence detected.,PASS,0.2321,B_OK,All six parameters are predicted to stay within limits with margin.,Supply_Current_ICC_uA,uA,419.4,427.382,439.85906,,,700.0,UPPER,260.14094,0.7679,LOW,NOMINAL,False,Final decision is PASS because neither Module A nor Module B identified a reject or monitor condition.
C0251,L005,CMOS_A,PASS,PASS,0.2642208400777936,A_NO_STRONG_EVIDENCE,No strong lot-relative anomaly evidence detected.,PASS,0.0033,B_OK,All six parameters are predicted to stay within limits with margin.,IDDQ_uA,uA,2.06637,2.11825,2.20045,,,40.0,UPPER,37.79955,0.9967,LOW,NOMINAL,False,Final decision is PASS because neither Module A nor Module B identified a reject or monitor condition.
C0252,L005,CMOS_A,MONITOR,PASS,0.2664987934109745,A_NO_STRONG_EVIDENCE,No strong lot-relative anomaly evidence detected.,MONITOR,0.04,B_UNCERTAIN_EXTRAPOLATION,"Predicted 168 h Output_Rise_Time_ns is within limits, but the 0 h input lies outside the training envelope.",Output_Rise_Time_ns,ns,8.41499,8.26834,8.48692,,,22.0,UPPER,13.51308,0.96,LOW,LOW,True,Final decision is MONITOR because the Module B prediction involves extrapolation or uncertainty. The prediction should therefore be reviewed rather than treated as a confident PASS.
C0253,L005,CMOS_A,PASS,PASS,0.2122777402245425,A_NO_STRONG_EVIDENCE,No strong lot-relative anomaly evidence detected.,PASS,0.0673,B_OK,All six parameters are predicted to stay within limits with margin.,Supply_Current_ICC_uA,uA,379.307,369.223,384.03782,,,700.0,UPPER,315.96218,0.9327,LOW,NOMINAL,False,Final decision is PASS because neither Module A nor Module B identified a reject or monitor condition.
C0254,L005,CMOS_A,PASS,PASS,0.2828451625086082,A_NO_STRONG_EVIDENCE,No strong lot-relative anomaly evidence detected.,PASS,0.0518,B_OK,All six parameters are predicted to stay within limits with margin.,Output_Fall_Time_ns,ns,8.27762,8.15849,8.41321,,,22.0,UPPER,13.58679,0.9482,LOW,NOMINAL,False,Final decision is PASS because neither Module A nor Module B identified a reject or monitor condition.
C0255,L005,CMOS_A,PASS,PASS,0.2273190248467866,A_NO_STRONG_EVIDENCE,No strong lot-relative anomaly evidence detected.,PASS,0.1684,B_OK,All six parameters are predicted to stay within limits with margin.,Supply_Current_ICC_uA,uA,402.87,405.281,418.30161,,,700.0,UPPER,281.69839,0.8316,LOW,NOMINAL,False,Final decision is PASS because neither Module A nor Module B identified a reject or monitor condition.
C0256,L005,CMOS_A,PASS,PASS,0.2394316215246443,A_NO_STRONG_EVIDENCE,No strong lot-relative anomaly evidence detected.,PASS,0.1598,B_OK,All six parameters are predicted to stay within limits with margin.,Supply_Current_ICC_uA,uA,399.229,402.777,415.38983,,,700.0,UPPER,284.61017,0.8402,LOW,NOMINAL,False,Final decision is PASS because neither Module A nor Module B identified a reject or monitor condition.
C0257,L005,CMOS_A,PASS,PASS,0.2878567145529879,A_NO_STRONG_EVIDENCE,No strong lot-relative anomaly evidence detected.,PASS,0.0321,B_OK,All six parameters are predicted to stay within limits with margin.,Propagation_Delay_ns,ns,9.58212,9.48766,9.71604,,,27.0,UPPER,17.28396,0.9679,LOW,NOMINAL,False,Final decision is PASS because neither Module A nor Module B identified a reject or monitor condition.
C0258,L005,CMOS_A,MONITOR,PASS,0.1796035789398511,A_NO_STRONG_EVIDENCE,No strong lot-relative anomaly evidence detected.,MONITOR,0.0775,B_UNCERTAIN_EXTRAPOLATION,"Predicted 168 h Output_Rise_Time_ns is within limits, but the 0 h input lies outside the training envelope.",Output_Rise_Time_ns,ns,8.66657,8.78295,9.01513,,,22.0,UPPER,12.98487,0.9225,LOW,LOW,True,Final decision is MONITOR because the Module B prediction involves extrapolation or uncertainty. The prediction should therefore be reviewed rather than treated as a confident PASS.
C0259,L005,CMOS_A,PASS,PASS,0.2054705477617337,A_NO_STRONG_EVIDENCE,No strong lot-relative anomaly evidence detected.,PASS,0.0082,B_OK,All six parameters are predicted to stay within limits with margin.,Input_Leakage_Current_uA,uA,0.08469,0.0857,0.09015,,,1.0,UPPER,0.90985,0.9918,LOW,NOMINAL,False,Final decision is PASS because neither Module A nor Module B identified a reject or monitor condition.
C0260,L005,CMOS_A,REJECT,REJECT,1.0,A_CROSS_TEMP_EXTREME,Strong lot-relative evidence in both measurement level and temporal change.,MONITOR,0.9448,B_MARGIN_LOW,Predicted 168 h Supply_Current_ICC_uA leaves only 5.5% of the headroom between the lot baseline and the 700.0 uA limit.,Supply_Current_ICC_uA,uA,644.334,661.32,681.31496,,,700.0,UPPER,18.68504,0.0552,HIGH,LOW,True,Final decision is REJECT because at least one module identified a reject condition. Module A: Strong lot-relative evidence in both measurement level and temporal change. Module B: Predicted 168 h Supply_Current_ICC_uA leaves only 5.5% of the headroom between the lot baseline and the 700.0 uA limit.
C0261,L005,CMOS_A,PASS,PASS,0.2178604442146225,A_NO_STRONG_EVIDENCE,No strong lot-relative anomaly evidence detected.,PASS,0.0204,B_OK,All six parameters are predicted to stay within limits with margin.,Output_Fall_Time_ns,ns,7.72075,7.7694,7.96285,,,22.0,UPPER,14.03715,0.9796,LOW,NOMINAL,False,Final decision is PASS because neither Module A nor Module B identified a reject or monitor condition.
C0262,L005,CMOS_A,PASS,PASS,0.1928061021001973,A_NO_STRONG_EVIDENCE,No strong lot-relative anomaly evidence detected.,PASS,0.065,B_OK,All six parameters are predicted to stay within limits with margin.,Supply_Current_ICC_uA,uA,367.334,372.306,383.25124,,,700.0,UPPER,316.74876,0.935,LOW,NOMINAL,False,Final decision is PASS because neither Module A nor Module B identified a reject or monitor condition.
C0263,L005,CMOS_A,REJECT,REJECT,1.0,A_CROSS_TEMP_EXTREME,Strong lot-relative evidence in both measurement level and temporal change.,PASS,0.1209,B_OK,All six parameters are predicted to stay within limits with margin.,Supply_Current_ICC_uA,uA,381.058,392.006,402.19734,,,700.0,UPPER,297.80266,0.8791,HIGH,NOMINAL,False,Final decision is REJECT because at least one module identified a reject condition. Module A: Strong lot-relative evidence in both measurement level and temporal change. Module B: All six parameters are predicted to stay within limits with margin.
C0264,L005,CMOS_A,PASS,PASS,0.1366267593523726,A_NO_STRONG_EVIDENCE,No strong lot-relative anomaly evidence detected.,PASS,0.0091,B_OK,All six parameters are predicted to stay within limits with margin.,Input_Leakage_Current_uA,uA,0.08457,0.08649,0.09098,,,1.0,UPPER,0.90902,0.9909,LOW,NOMINAL,False,Final decision is PASS because neither Module A nor Module B identified a reject or monitor condition.
C0265,L005,CMOS_A,REJECT,REJECT,0.408991211635215,A_CROSS_SECTIONAL_EXTREME,Measurement is strongly unusual relative to the component's lot peers.,PASS,0.1917,B_OK,All six parameters are predicted to stay within limits with margin.,Supply_Current_ICC_uA,uA,403.505,415.213,426.18562,,,700.0,UPPER,273.81438,0.8083,HIGH,NOMINAL,False,Final decision is REJECT because at least one module identified a reject condition. Module A: Measurement is strongly unusual relative to the component's lot peers. Module B: All six parameters are predicted to stay within limits with margin.
C0266,L005,CMOS_A,REJECT,REJECT,0.3619829738291065,A_CROSS_SECTIONAL_EXTREME,Measurement is strongly unusual relative to the component's lot peers.,MONITOR,0.0997,B_UNCERTAIN_EXTRAPOLATION,"Predicted 168 h Output_Rise_Time_ns is within limits, but the 0 h input lies outside the training envelope.",Output_Rise_Time_ns,ns,8.59583,8.36539,8.58654,,,22.0,UPPER,13.41346,0.9529,HIGH,LOW,True,"Final decision is REJECT because at least one module identified a reject condition. Module A: Measurement is strongly unusual relative to the component's lot peers. Module B: Predicted 168 h Output_Rise_Time_ns is within limits, but the 0 h input lies outside the training envelope."
C0267,L005,CMOS_A,REJECT,REJECT,0.4134878166983923,A_CROSS_SECTIONAL_EXTREME,Measurement is strongly unusual relative to the component's lot peers.,PASS,0.1196,B_OK,All six parameters are predicted to stay within limits with margin.,Supply_Current_ICC_uA,uA,385.923,389.783,401.76324,,,700.0,UPPER,298.23676,0.8804,HIGH,NOMINAL,False,Final decision is REJECT because at least one module identified a reject condition. Module A: Measurement is strongly unusual relative to the component's lot peers. Module B: All six parameters are predicted to stay within limits with margin.
C0268,L005,CMOS_A,PASS,PASS,0.2080550621981427,A_NO_STRONG_EVIDENCE,No strong lot-relative anomaly evidence detected.,PASS,0.0333,B_OK,All six parameters are predicted to stay within limits with margin.,Supply_Current_ICC_uA,uA,354.741,362.795,372.51822,,,700.0,UPPER,327.48178,0.9667,LOW,NOMINAL,False,Final decision is PASS because neither Module A nor Module B identified a reject or monitor condition.
C0269,L005,CMOS_A,PASS,PASS,0.2240409335051177,A_NO_STRONG_EVIDENCE,No strong lot-relative anomaly evidence detected.,PASS,0.2551,B_OK,All six parameters are predicted to stay within limits with margin.,Supply_Current_ICC_uA,uA,423.652,435.973,447.66229,,,700.0,UPPER,252.33771,0.7449,LOW,NOMINAL,False,Final decision is PASS because neither Module A nor Module B identified a reject or monitor condition.
C0270,L005,CMOS_A,PASS,PASS,0.2510839472969098,A_NO_STRONG_EVIDENCE,No strong lot-relative anomaly evidence detected.,PASS,0.099,B_OK,All six parameters are predicted to stay within limits with margin.,Supply_Current_ICC_uA,uA,382.026,382.142,394.79353,,,700.0,UPPER,305.20647,0.901,LOW,NOMINAL,False,Final decision is PASS because neither Module A nor Module B identified a reject or monitor condition.
C0271,L005,CMOS_A,PASS,PASS,0.1953371309857635,A_NO_STRONG_EVIDENCE,No strong lot-relative anomaly evidence detected.,PASS,0.0371,B_OK,All six parameters are predicted to stay within limits with margin.,Output_Rise_Time_ns,ns,8.2307,8.22935,8.4469,,,22.0,UPPER,13.5531,0.9629,LOW,NOMINAL,False,Final decision is PASS because neither Module A nor Module B identified a reject or monitor condition.
C0272,L005,CMOS_A,MONITOR,MONITOR,0.3212344891475797,A_TEMPORAL_EXTREME,Temporal change is strongly unusual relative to the component's lot peers.,PASS,0.0726,B_OK,All six parameters are predicted to stay within limits with margin.,Supply_Current_ICC_uA,uA,377.163,372.259,385.82627,,,700.0,UPPER,314.17373,0.9274,MEDIUM,NOMINAL,False,Final decision is MONITOR because at least one module identified a condition requiring attention. Module A: Temporal change is strongly unusual relative to the component's lot peers. Module B: All six parameters are predicted to stay within limits with margin.
C0273,L005,CMOS_A,PASS,PASS,0.1633011305409283,A_NO_STRONG_EVIDENCE,No strong lot-relative anomaly evidence detected.,PASS,0.0956,B_OK,All six parameters are predicted to stay within limits with margin.,Supply_Current_ICC_uA,uA,374.579,383.18,393.62115,,,700.0,UPPER,306.37885,0.9044,LOW,NOMINAL,False,Final decision is PASS because neither Module A nor Module B identified a reject or monitor condition.
C0274,L006,CMOS_A,MONITOR,PASS,0.2026066236116623,A_NO_STRONG_EVIDENCE,No strong lot-relative anomaly evidence detected.,MONITOR,0.1121,B_UNCERTAIN_EXTRAPOLATION,"Predicted 168 h Output_Rise_Time_ns is within limits, but the 0 h input lies outside the training envelope.",Output_Rise_Time_ns,ns,8.49859,8.49949,8.72418,,,22.0,UPPER,13.27582,0.9774,LOW,LOW,True,Final decision is MONITOR because the Module B prediction involves extrapolation or uncertainty. The prediction should therefore be reviewed rather than treated as a confident PASS.
C0275,L006,CMOS_A,MONITOR,PASS,0.1724185253120907,A_NO_STRONG_EVIDENCE,No strong lot-relative anomaly evidence detected.,MONITOR,0.158,B_UNCERTAIN_EXTRAPOLATION,"Predicted 168 h Output_Rise_Time_ns is within limits, but the 0 h input lies outside the training envelope.",Output_Rise_Time_ns,ns,8.58579,8.39042,8.61223,,,22.0,UPPER,13.38777,0.9857,LOW,LOW,True,Final decision is MONITOR because the Module B prediction involves extrapolation or uncertainty. The prediction should therefore be reviewed rather than treated as a confident PASS.
C0276,L006,CMOS_A,MONITOR,PASS,0.2302862631816416,A_NO_STRONG_EVIDENCE,No strong lot-relative anomaly evidence detected.,MONITOR,0.0589,B_UNCERTAIN_EXTRAPOLATION,"Predicted 168 h Output_Rise_Time_ns is within limits, but the 0 h input lies outside the training envelope.",Output_Rise_Time_ns,ns,9.06757,8.98054,9.21795,,,22.0,UPPER,12.78205,0.9411,LOW,LOW,True,Final decision is MONITOR because the Module B prediction involves extrapolation or uncertainty. The prediction should therefore be reviewed rather than treated as a confident PASS.
C0277,L006,CMOS_A,PASS,PASS,0.2451722340348169,A_NO_STRONG_EVIDENCE,No strong lot-relative anomaly evidence detected.,PASS,0.0335,B_OK,All six parameters are predicted to stay within limits with margin.,Propagation_Delay_ns,ns,9.19257,9.19255,9.34251,,,27.0,UPPER,17.65749,0.9665,LOW,NOMINAL,False,Final decision is PASS because neither Module A nor Module B identified a reject or monitor condition.
C0278,L006,CMOS_A,MONITOR,PASS,0.277702372597231,A_NO_STRONG_EVIDENCE,No strong lot-relative anomaly evidence detected.,MONITOR,0.1698,B_UNCERTAIN_EXTRAPOLATION,"Predicted 168 h Output_Rise_Time_ns is within limits, but the 0 h input lies outside the training envelope.",Output_Rise_Time_ns,ns,8.7148,8.73623,8.96718,,,22.0,UPPER,13.03282,0.9595,LOW,LOW,True,Final decision is MONITOR because the Module B prediction involves extrapolation or uncertainty. The prediction should therefore be reviewed rather than treated as a confident PASS.
C0279,L006,CMOS_A,PASS,PASS,0.2392636603719032,A_NO_STRONG_EVIDENCE,No strong lot-relative anomaly evidence detected.,PASS,0.2107,B_OK,All six parameters are predicted to stay within limits with margin.,Supply_Current_ICC_uA,uA,388.701,406.201,415.38957,,,700.0,UPPER,284.61043,0.7893,LOW,NOMINAL,False,Final decision is PASS because neither Module A nor Module B identified a reject or monitor condition.
C0280,L006,CMOS_A,REJECT,REJECT,0.437866233628899,A_CROSS_SECTIONAL_EXTREME,Measurement is strongly unusual relative to the component's lot peers.,PASS,0.1622,B_OK,All six parameters are predicted to stay within limits with margin.,Supply_Current_ICC_uA,uA,376.702,387.804,397.90877,,,700.0,UPPER,302.09123,0.8378,HIGH,NOMINAL,False,Final decision is REJECT because at least one module identified a reject condition. Module A: Measurement is strongly unusual relative to the component's lot peers. Module B: All six parameters are predicted to stay within limits with margin.
C0281,L006,CMOS_A,PASS,PASS,0.1777472942992976,A_NO_STRONG_EVIDENCE,No strong lot-relative anomaly evidence detected.,PASS,0.0108,B_OK,All six parameters are predicted to stay within limits with margin.,Output_Fall_Time_ns,ns,7.56678,7.66295,7.83923,,,22.0,UPPER,14.16077,0.9892,LOW,NOMINAL,False,Final decision is PASS because neither Module A nor Module B identified a reject or monitor condition.
C0282,L006,CMOS_A,MONITOR,PASS,0.1716422052426378,A_NO_STRONG_EVIDENCE,No strong lot-relative anomaly evidence detected.,MONITOR,0.0513,B_UNCERTAIN_EXTRAPOLATION,"Predicted 168 h Output_Rise_Time_ns is within limits, but the 0 h input lies outside the training envelope.",Output_Rise_Time_ns,ns,8.40058,8.36027,8.58128,,,22.0,UPPER,13.41872,0.9879,LOW,LOW,True,Final decision is MONITOR because the Module B prediction involves extrapolation or uncertainty. The prediction should therefore be reviewed rather than treated as a confident PASS.
C0283,L006,CMOS_A,PASS,PASS,0.1484679174981491,A_NO_STRONG_EVIDENCE,No strong lot-relative anomaly evidence detected.,PASS,0.0214,B_OK,All six parameters are predicted to stay within limits with margin.,Input_Leakage_Current_uA,uA,0.0962,0.09986,0.10504,,,1.0,UPPER,0.89496,0.9786,LOW,NOMINAL,False,Final decision is PASS because neither Module A nor Module B identified a reject or monitor condition.
C0284,L006,CMOS_A,MONITOR,PASS,0.1451350797912219,A_NO_STRONG_EVIDENCE,No strong lot-relative anomaly evidence detected.,MONITOR,0.0369,B_UNCERTAIN_EXTRAPOLATION,"Predicted 168 h Output_Rise_Time_ns is within limits, but the 0 h input lies outside the training envelope.",Output_Rise_Time_ns,ns,8.43452,8.61064,8.83827,,,22.0,UPPER,13.16173,0.969,LOW,LOW,True,Final decision is MONITOR because the Module B prediction involves extrapolation or uncertainty. The prediction should therefore be reviewed rather than treated as a confident PASS.
C0285,L006,CMOS_A,PASS,PASS,0.208211340074073,A_NO_STRONG_EVIDENCE,No strong lot-relative anomaly evidence detected.,PASS,0.0142,B_OK,All six parameters are predicted to stay within limits with margin.,Input_Leakage_Current_uA,uA,0.09224,0.09354,0.09839,,,1.0,UPPER,0.90161,0.9858,LOW,NOMINAL,False,Final decision is PASS because neither Module A nor Module B identified a reject or monitor condition.
C0286,L006,CMOS_A,PASS,PASS,0.2225880656840269,A_NO_STRONG_EVIDENCE,No strong lot-relative anomaly evidence detected.,PASS,0.0499,B_OK,All six parameters are predicted to stay within limits with margin.,Output_Fall_Time_ns,ns,8.19067,8.18205,8.39865,,,22.0,UPPER,13.60135,0.9501,LOW,NOMINAL,False,Final decision is PASS because neither Module A nor Module B identified a reject or monitor condition.
C0287,L006,CMOS_A,MONITOR,PASS,0.1748297000481897,A_NO_STRONG_EVIDENCE,No strong lot-relative anomaly evidence detected.,MONITOR,0.135,B_UNCERTAIN_EXTRAPOLATION,"Predicted 168 h Output_Rise_Time_ns is within limits, but the 0 h input lies outside the training envelope.",Output_Rise_Time_ns,ns,8.72677,8.72563,8.9563,,,22.0,UPPER,13.0437,0.9603,LOW,LOW,True,Final decision is MONITOR because the Module B prediction involves extrapolation or uncertainty. The prediction should therefore be reviewed rather than treated as a confident PASS.
C0288,L006,CMOS_A,PASS,PASS,0.2193688329594821,A_NO_STRONG_EVIDENCE,No strong lot-relative anomaly evidence detected.,PASS,0.0556,B_OK,All six parameters are predicted to stay within limits with margin.,Supply_Current_ICC_uA,uA,356.071,345.366,359.46475,,,700.0,UPPER,340.53525,0.9444,LOW,NOMINAL,False,Final decision is PASS because neither Module A nor Module B identified a reject or monitor condition.
C0289,L006,CMOS_A,MONITOR,PASS,0.1198272072743895,A_NO_STRONG_EVIDENCE,No strong lot-relative anomaly evidence detected.,MONITOR,0.0395,B_UNCERTAIN_EXTRAPOLATION,"Predicted 168 h Output_Rise_Time_ns is within limits, but the 0 h input lies outside the training envelope.",Output_Rise_Time_ns,ns,8.6779,8.72287,8.95347,,,22.0,UPPER,13.04653,0.9605,LOW,LOW,True,Final decision is MONITOR because the Module B prediction involves extrapolation or uncertainty. The prediction should therefore be reviewed rather than treated as a confident PASS.
C0290,L006,CMOS_A,PASS,PASS,0.1928321248315584,A_NO_STRONG_EVIDENCE,No strong lot-relative anomaly evidence detected.,PASS,0.0369,B_OK,All six parameters are predicted to stay within limits with margin.,Propagation_Delay_ns,ns,9.23991,9.26911,9.40432,,,27.0,UPPER,17.59568,0.9631,LOW,NOMINAL,False,Final decision is PASS because neither Module A nor Module B identified a reject or monitor condition.
C0291,L006,CMOS_A,MONITOR,PASS,0.1898705086530637,A_NO_STRONG_EVIDENCE,No strong lot-relative anomaly evidence detected.,MONITOR,0.0344,B_UNCERTAIN_EXTRAPOLATION,"Predicted 168 h Output_Rise_Time_ns is within limits, but the 0 h input lies outside the training envelope.",Output_Rise_Time_ns,ns,8.70378,8.65544,8.88425,,,22.0,UPPER,13.11575,0.9656,LOW,LOW,True,Final decision is MONITOR because the Module B prediction involves extrapolation or uncertainty. The prediction should therefore be reviewed rather than treated as a confident PASS.
C0292,L006,CMOS_A,MONITOR,MONITOR,0.3089584956398044,A_CROSS_SECTIONAL_EXTREME,Measurement is strongly unusual relative to the component's lot peers.,PASS,0.0821,B_OK,All six parameters are predicted to stay within limits with margin.,Supply_Current_ICC_uA,uA,351.662,359.153,368.9957,,,700.0,UPPER,331.0043,0.9179,MEDIUM,NOMINAL,False,Final decision is MONITOR because at least one module identified a condition requiring attention. Module A: Measurement is strongly unusual relative to the component's lot peers. Module B: All six parameters are predicted to stay within limits with margin.
C0293,L006,CMOS_A,MONITOR,PASS,0.1737632015411966,A_NO_STRONG_EVIDENCE,No strong lot-relative anomaly evidence detected.,MONITOR,0.0495,B_UNCERTAIN_EXTRAPOLATION,"Predicted 168 h Output_Rise_Time_ns is within limits, but the 0 h input lies outside the training envelope.",Output_Rise_Time_ns,ns,8.45762,8.565,8.79142,,,22.0,UPPER,13.20858,0.9725,LOW,LOW,True,Final decision is MONITOR because the Module B prediction involves extrapolation or uncertainty. The prediction should therefore be reviewed rather than treated as a confident PASS.
C0294,L006,CMOS_A,REJECT,REJECT,1.0,A_CROSS_TEMP_EXTREME,Strong lot-relative evidence in both measurement level and temporal change.,PASS,0.0455,B_OK,All six parameters are predicted to stay within limits with margin.,Propagation_Delay_ns,ns,8.58886,10.05476,9.56163,,,27.0,UPPER,17.43837,0.9545,HIGH,NOMINAL,False,Final decision is REJECT because at least one module identified a reject condition. Module A: Strong lot-relative evidence in both measurement level and temporal change. Module B: All six parameters are predicted to stay within limits with margin.
C0295,L006,CMOS_A,MONITOR,MONITOR,0.3121030140544423,A_CROSS_SECTIONAL_EXTREME,Measurement is strongly unusual relative to the component's lot peers.,MONITOR,0.0898,B_UNCERTAIN_EXTRAPOLATION,"Predicted 168 h Output_Rise_Time_ns is within limits, but the 0 h input lies outside the training envelope.",Output_Rise_Time_ns,ns,9.12534,9.05579,9.29519,,,22.0,UPPER,12.70481,0.9354,MEDIUM,LOW,True,Final decision is MONITOR because the Module B prediction involves extrapolation or uncertainty. The prediction should therefore be reviewed rather than treated as a confident PASS.
C0296,L006,CMOS_A,PASS,PASS,0.2581105167477766,A_NO_STRONG_EVIDENCE,No strong lot-relative anomaly evidence detected.,PASS,0.0715,B_OK,All six parameters are predicted to stay within limits with margin.,Supply_Current_ICC_uA,uA,353.328,353.654,365.16979,,,700.0,UPPER,334.83021,0.9285,LOW,NOMINAL,False,Final decision is PASS because neither Module A nor Module B identified a reject or monitor condition.
C0297,L006,CMOS_A,REJECT,REJECT,0.3597001843582279,A_CROSS_SECTIONAL_EXTREME,Measurement is strongly unusual relative to the component's lot peers.,MONITOR,0.1268,B_UNCERTAIN_EXTRAPOLATION,"Predicted 168 h Output_Rise_Time_ns is within limits, but the 0 h input lies outside the training envelope.",Output_Rise_Time_ns,ns,9.90458,9.81826,10.07781,,,22.0,UPPER,11.92219,0.8778,HIGH,LOW,True,"Final decision is REJECT because at least one module identified a reject condition. Module A: Measurement is strongly unusual relative to the component's lot peers. Module B: Predicted 168 h Output_Rise_Time_ns is within limits, but the 0 h input lies outside the training envelope."
C0298,L006,CMOS_A,MONITOR,PASS,0.2209574149565857,A_NO_STRONG_EVIDENCE,No strong lot-relative anomaly evidence detected.,MONITOR,0.1603,B_UNCERTAIN_EXTRAPOLATION,"Predicted 168 h Output_Rise_Time_ns is within limits, but the 0 h input lies outside the training envelope.",Output_Rise_Time_ns,ns,8.48472,8.46411,8.68787,,,22.0,UPPER,13.31213,0.9801,LOW,LOW,True,Final decision is MONITOR because the Module B prediction involves extrapolation or uncertainty. The prediction should therefore be reviewed rather than treated as a confident PASS.
C0299,L006,CMOS_A,MONITOR,MONITOR,0.3443583147275973,A_TEMPORAL_EXTREME,Temporal change is strongly unusual relative to the component's lot peers.,MONITOR,0.0508,B_UNCERTAIN_EXTRAPOLATION,"Predicted 168 h Output_Rise_Time_ns is within limits, but the 0 h input lies outside the training envelope.",Output_Rise_Time_ns,ns,8.64898,8.68342,8.91297,,,22.0,UPPER,13.08703,0.9635,MEDIUM,LOW,True,Final decision is MONITOR because the Module B prediction involves extrapolation or uncertainty. The prediction should therefore be reviewed rather than treated as a confident PASS.
C0300,L006,CMOS_A,PASS,PASS,0.2945253670718777,A_NO_STRONG_EVIDENCE,No strong lot-relative anomaly evidence detected.,PASS,0.0886,B_OK,All six parameters are predicted to stay within limits with margin.,Supply_Current_ICC_uA,uA,361.522,358.814,371.35711,,,700.0,UPPER,328.64289,0.9114,LOW,NOMINAL,False,Final decision is PASS because neither Module A nor Module B identified a reject or monitor condition.
C0301,L006,CMOS_A,REJECT,REJECT,1.0,A_CROSS_TEMP_EXTREME,Strong lot-relative evidence in both measurement level and temporal change.,MONITOR,0.6608,B_UNCERTAIN_EXTRAPOLATION,"Predicted 168 h Propagation_Delay_ns is within limits, but the 0 h input lies outside the training envelope.",Propagation_Delay_ns,ns,20.8346,21.19027,20.80327,,,27.0,UPPER,6.19673,0.3392,HIGH,LOW,True,"Final decision is REJECT because at least one module identified a reject condition. Module A: Strong lot-relative evidence in both measurement level and temporal change. Module B: Predicted 168 h Propagation_Delay_ns is within limits, but the 0 h input lies outside the training envelope."
C0302,L006,CMOS_A,PASS,PASS,0.1816412659253842,A_NO_STRONG_EVIDENCE,No strong lot-relative anomaly evidence detected.,PASS,0.0011,B_OK,All six parameters are predicted to stay within limits with margin.,Output_Rise_Time_ns,ns,8.14691,8.21522,8.4324,,,22.0,UPPER,13.5676,0.9989,LOW,NOMINAL,False,Final decision is PASS because neither Module A nor Module B identified a reject or monitor condition.
C0303,L006,CMOS_A,PASS,PASS,0.1954641231990142,A_NO_STRONG_EVIDENCE,No strong lot-relative anomaly evidence detected.,PASS,0.005,B_OK,All six parameters are predicted to stay within limits with margin.,Output_Fall_Time_ns,ns,7.6431,7.49708,7.75618,,,22.0,UPPER,14.24382,0.995,LOW,NOMINAL,False,Final decision is PASS because neither Module A nor Module B identified a reject or monitor condition.
C0304,L006,CMOS_A,REJECT,REJECT,0.3068919581710526,A_CROSS_SECTIONAL_EXTREME,Measurement is strongly unusual relative to the component's lot peers.,MONITOR,0.2476,B_UNCERTAIN_EXTRAPOLATION,"Predicted 168 h Output_Rise_Time_ns is within limits, but the 0 h input lies outside the training envelope.",Output_Rise_Time_ns,ns,8.8943,8.65036,8.87904,,,22.0,UPPER,13.12096,0.966,HIGH,LOW,True,"Final decision is REJECT because at least one module identified a reject condition. Module A: Measurement is strongly unusual relative to the component's lot peers. Module B: Predicted 168 h Output_Rise_Time_ns is within limits, but the 0 h input lies outside the training envelope."
C0305,L006,CMOS_A,MONITOR,PASS,0.2131084361418299,A_NO_STRONG_EVIDENCE,No strong lot-relative anomaly evidence detected.,MONITOR,0.1339,B_UNCERTAIN_EXTRAPOLATION,"Predicted 168 h Output_Rise_Time_ns is within limits, but the 0 h input lies outside the training envelope.",Output_Rise_Time_ns,ns,8.54622,8.54086,8.76664,,,22.0,UPPER,13.23336,0.9743,LOW,LOW,True,Final decision is MONITOR because the Module B prediction involves extrapolation or uncertainty. The prediction should therefore be reviewed rather than treated as a confident PASS.
C0306,L006,CMOS_A,MONITOR,PASS,0.0971267661213019,A_NO_STRONG_EVIDENCE,No strong lot-relative anomaly evidence detected.,MONITOR,0.0868,B_UNCERTAIN_EXTRAPOLATION,"Predicted 168 h Output_Rise_Time_ns is within limits, but the 0 h input lies outside the training envelope.",Output_Rise_Time_ns,ns,8.81908,8.82718,9.06053,,,22.0,UPPER,12.93947,0.9527,LOW,LOW,True,Final decision is MONITOR because the Module B prediction involves extrapolation or uncertainty. The prediction should therefore be reviewed rather than treated as a confident PASS.
C0307,L006,CMOS_A,PASS,PASS,0.1432197911356147,A_NO_STRONG_EVIDENCE,No strong lot-relative anomaly evidence detected.,PASS,0.1017,B_OK,All six parameters are predicted to stay within limits with margin.,Supply_Current_ICC_uA,uA,360.116,365.378,376.07977,,,700.0,UPPER,323.92023,0.8983,LOW,NOMINAL,False,Final decision is PASS because neither Module A nor Module B identified a reject or monitor condition.
C0308,L006,CMOS_A,PASS,PASS,0.1024886041827457,A_NO_STRONG_EVIDENCE,No strong lot-relative anomaly evidence detected.,PASS,0.0873,B_OK,All six parameters are predicted to stay within limits with margin.,Supply_Current_ICC_uA,uA,363.638,357.493,370.89436,,,700.0,UPPER,329.10564,0.9127,LOW,NOMINAL,False,Final decision is PASS because neither Module A nor Module B identified a reject or monitor condition.
C0309,L006,CMOS_A,MONITOR,PASS,0.2073607769433311,A_NO_STRONG_EVIDENCE,No strong lot-relative anomaly evidence detected.,MONITOR,0.0589,B_UNCERTAIN_EXTRAPOLATION,"Predicted 168 h Output_Rise_Time_ns is within limits, but the 0 h input lies outside the training envelope.",Output_Rise_Time_ns,ns,8.59725,8.79871,9.03131,,,22.0,UPPER,12.96869,0.9548,LOW,LOW,True,Final decision is MONITOR because the Module B prediction involves extrapolation or uncertainty. The prediction should therefore be reviewed rather than treated as a confident PASS.
C0310,L006,CMOS_A,REJECT,REJECT,1.0,A_CROSS_TEMP_EXTREME,Strong lot-relative evidence in both measurement level and temporal change.,REJECT,1.0,B_LIMIT_CROSS_PREDICTED,Predicted 168 h Supply_Current_ICC_uA of 768.561 uA exceeds the 700.0 uA limit for CMOS_A.,Supply_Current_ICC_uA,uA,743.097,739.583,768.56067,,,700.0,UPPER,-68.56067,-0.1901,HIGH,LOW,True,Final decision is REJECT because at least one module identified a reject condition. Module A: Strong lot-relative evidence in both measurement level and temporal change. Module B: Predicted 168 h Supply_Current_ICC_uA of 768.561 uA exceeds the 700.0 uA limit for CMOS_A.
C0311,L006,CMOS_A,MONITOR,PASS,0.1926273257198227,A_NO_STRONG_EVIDENCE,No strong lot-relative anomaly evidence detected.,MONITOR,0.0225,B_UNCERTAIN_EXTRAPOLATION,"Predicted 168 h Output_Rise_Time_ns is within limits, but the 0 h input lies outside the training envelope.",Output_Rise_Time_ns,ns,8.67728,8.4161,8.63859,,,22.0,UPPER,13.36141,0.9837,LOW,LOW,True,Final decision is MONITOR because the Module B prediction involves extrapolation or uncertainty. The prediction should therefore be reviewed rather than treated as a confident PASS.
C0312,L006,CMOS_A,PASS,PASS,0.1554877315435874,A_NO_STRONG_EVIDENCE,No strong lot-relative anomaly evidence detected.,PASS,0.1523,B_OK,All six parameters are predicted to stay within limits with margin.,Supply_Current_ICC_uA,uA,380.832,381.756,394.31034,,,700.0,UPPER,305.68966,0.8477,LOW,NOMINAL,False,Final decision is PASS because neither Module A nor Module B identified a reject or monitor condition.
C0313,L006,CMOS_A,MONITOR,PASS,0.1492733254564988,A_NO_STRONG_EVIDENCE,No strong lot-relative anomaly evidence detected.,MONITOR,0.0508,B_UNCERTAIN_EXTRAPOLATION,"Predicted 168 h Output_Rise_Time_ns is within limits, but the 0 h input lies outside the training envelope.",Output_Rise_Time_ns,ns,8.73987,8.85874,9.09293,,,22.0,UPPER,12.90707,0.9503,LOW,LOW,True,Final decision is MONITOR because the Module B prediction involves extrapolation or uncertainty. The prediction should therefore be reviewed rather than treated as a confident PASS.
C0314,L006,CMOS_A,REJECT,REJECT,0.3477483164677751,A_CROSS_SECTIONAL_EXTREME,Measurement is strongly unusual relative to the component's lot peers.,MONITOR,0.1135,B_UNCERTAIN_EXTRAPOLATION,"Predicted 168 h Output_Rise_Time_ns is within limits, but the 0 h input lies outside the training envelope.",Output_Rise_Time_ns,ns,9.85517,9.70316,9.95967,,,22.0,UPPER,12.04033,0.8865,HIGH,LOW,True,"Final decision is REJECT because at least one module identified a reject condition. Module A: Measurement is strongly unusual relative to the component's lot peers. Module B: Predicted 168 h Output_Rise_Time_ns is within limits, but the 0 h input lies outside the training envelope."
C0315,L006,CMOS_A,MONITOR,PASS,0.1924461037448532,A_NO_STRONG_EVIDENCE,No strong lot-relative anomaly evidence detected.,MONITOR,0.0351,B_UNCERTAIN_EXTRAPOLATION,"Predicted 168 h Output_Rise_Time_ns is within limits, but the 0 h input lies outside the training envelope.",Output_Rise_Time_ns,ns,8.44527,8.44077,8.66391,,,22.0,UPPER,13.33609,0.9819,LOW,LOW,True,Final decision is MONITOR because the Module B prediction involves extrapolation or uncertainty. The prediction should therefore be reviewed rather than treated as a confident PASS.
C0316,L006,CMOS_A,PASS,PASS,0.2905061178756782,A_NO_STRONG_EVIDENCE,No strong lot-relative anomaly evidence detected.,PASS,0.0056,B_OK,All six parameters are predicted to stay within limits with margin.,Input_Leakage_Current_uA,uA,0.08399,0.08604,0.09051,,,1.0,UPPER,0.90949,0.9944,LOW,NOMINAL,False,Final decision is PASS because neither Module A nor Module B identified a reject or monitor condition.
C0317,L006,CMOS_A,REJECT,REJECT,0.3560802115225242,A_CROSS_SECTIONAL_EXTREME,Measurement is strongly unusual relative to the component's lot peers.,MONITOR,0.1296,B_UNCERTAIN_EXTRAPOLATION,"Predicted 168 h Output_Rise_Time_ns is within limits, but the 0 h input lies outside the training envelope.",Output_Rise_Time_ns,ns,9.73196,9.91573,10.17786,,,22.0,UPPER,11.82214,0.8704,HIGH,LOW,True,"Final decision is REJECT because at least one module identified a reject condition. Module A: Measurement is strongly unusual relative to the component's lot peers. Module B: Predicted 168 h Output_Rise_Time_ns is within limits, but the 0 h input lies outside the training envelope."
C0318,L006,CMOS_A,PASS,PASS,0.1856776057463713,A_NO_STRONG_EVIDENCE,No strong lot-relative anomaly evidence detected.,PASS,0.0046,B_OK,All six parameters are predicted to stay within limits with margin.,Input_Leakage_Current_uA,uA,0.08438,0.08525,0.08967,,,1.0,UPPER,0.91033,0.9954,LOW,NOMINAL,False,Final decision is PASS because neither Module A nor Module B identified a reject or monitor condition.
C0319,L006,CMOS_A,PASS,PASS,0.1742332690911235,A_NO_STRONG_EVIDENCE,No strong lot-relative anomaly evidence detected.,PASS,0.0332,B_OK,All six parameters are predicted to stay within limits with margin.,Propagation_Delay_ns,ns,9.12847,9.22969,9.3359,,,27.0,UPPER,17.6641,0.9668,LOW,NOMINAL,False,Final decision is PASS because neither Module A nor Module B identified a reject or monitor condition.
C0320,L006,CMOS_A,MONITOR,PASS,0.1769418641068722,A_NO_STRONG_EVIDENCE,No strong lot-relative anomaly evidence detected.,MONITOR,0.0807,B_UNCERTAIN_EXTRAPOLATION,"Predicted 168 h Output_Rise_Time_ns is within limits, but the 0 h input lies outside the training envelope.",Output_Rise_Time_ns,ns,8.66398,8.5378,8.7635,,,22.0,UPPER,13.2365,0.9745,LOW,LOW,True,Final decision is MONITOR because the Module B prediction involves extrapolation or uncertainty. The prediction should therefore be reviewed rather than treated as a confident PASS.
C0321,L006,CMOS_A,MONITOR,PASS,0.201909665318601,A_NO_STRONG_EVIDENCE,No strong lot-relative anomaly evidence detected.,MONITOR,0.0369,B_UNCERTAIN_EXTRAPOLATION,"Predicted 168 h Output_Rise_Time_ns is within limits, but the 0 h input lies outside the training envelope.",Output_Rise_Time_ns,ns,8.81604,8.68842,8.9181,,,22.0,UPPER,13.0819,0.9631,LOW,LOW,True,Final decision is MONITOR because the Module B prediction involves extrapolation or uncertainty. The prediction should therefore be reviewed rather than treated as a confident PASS.
C0322,L006,CMOS_A,REJECT,REJECT,1.0,A_CROSS_TEMP_EXTREME,Strong lot-relative evidence in both measurement level and temporal change.,MONITOR,0.0479,B_UNCERTAIN_EXTRAPOLATION,"Predicted 168 h Output_Rise_Time_ns is within limits, but the 0 h input lies outside the training envelope.",Output_Rise_Time_ns,ns,8.44173,8.7834,9.0156,,,22.0,UPPER,12.9844,0.956,HIGH,LOW,True,"Final decision is REJECT because at least one module identified a reject condition. Module A: Strong lot-relative evidence in both measurement level and temporal change. Module B: Predicted 168 h Output_Rise_Time_ns is within limits, but the 0 h input lies outside the training envelope."
C0323,L006,CMOS_A,MONITOR,PASS,0.2458533417659278,A_NO_STRONG_EVIDENCE,No strong lot-relative anomaly evidence detected.,MONITOR,0.0723,B_UNCERTAIN_EXTRAPOLATION,"Predicted 168 h Output_Rise_Time_ns is within limits, but the 0 h input lies outside the training envelope.",Output_Rise_Time_ns,ns,8.92705,9.15753,9.39962,,,22.0,UPPER,12.60038,0.9277,LOW,LOW,True,Final decision is MONITOR because the Module B prediction involves extrapolation or uncertainty. The prediction should therefore be reviewed rather than treated as a confident PASS.
C0324,L006,CMOS_A,PASS,PASS,0.28976857694509,A_NO_STRONG_EVIDENCE,No strong lot-relative anomaly evidence detected.,PASS,0.0658,B_OK,All six parameters are predicted to stay within limits with margin.,Supply_Current_ICC_uA,uA,350.202,352.101,363.13183,,,700.0,UPPER,336.86817,0.9342,LOW,NOMINAL,False,Final decision is PASS because neither Module A nor Module B identified a reject or monitor condition.
C0325,L006,CMOS_A,REJECT,REJECT,1.0,A_CROSS_TEMP_EXTREME,Strong lot-relative evidence in both measurement level and temporal change.,PASS,0.121,B_OK,All six parameters are predicted to stay within limits with margin.,IDDQ_uA,uA,1.91967,2.21116,6.71266,,,40.0,UPPER,33.28734,0.879,HIGH,NOMINAL,False,Final decision is REJECT because at least one module identified a reject condition. Module A: Strong lot-relative evidence in both measurement level and temporal change. Module B: All six parameters are predicted to stay within limits with margin.
C0326,L006,CMOS_A,PASS,PASS,0.1303048724394719,A_NO_STRONG_EVIDENCE,No strong lot-relative anomaly evidence detected.,PASS,0.0168,B_OK,All six parameters are predicted to stay within limits with margin.,Input_Leakage_Current_uA,uA,0.09055,0.09581,0.10078,,,1.0,UPPER,0.89922,0.9832,LOW,NOMINAL,False,Final decision is PASS because neither Module A nor Module B identified a reject or monitor condition.
C0327,L006,CMOS_A,PASS,PASS,0.1809223311302194,A_NO_STRONG_EVIDENCE,No strong lot-relative anomaly evidence detected.,PASS,0.0165,B_OK,All six parameters are predicted to stay within limits with margin.,Supply_Current_ICC_uA,uA,330.51,335.976,345.36898,,,700.0,UPPER,354.63102,0.9835,LOW,NOMINAL,False,Final decision is PASS because neither Module A nor Module B identified a reject or monitor condition.
C0328,L006,CMOS_A,MONITOR,PASS,0.2709275183558314,A_NO_STRONG_EVIDENCE,No strong lot-relative anomaly evidence detected.,MONITOR,0.0327,B_UNCERTAIN_EXTRAPOLATION,"Predicted 168 h Output_Rise_Time_ns is within limits, but the 0 h input lies outside the training envelope.",Output_Rise_Time_ns,ns,8.64351,8.49723,8.72186,,,22.0,UPPER,13.27814,0.9776,LOW,LOW,True,Final decision is MONITOR because the Module B prediction involves extrapolation or uncertainty. The prediction should therefore be reviewed rather than treated as a confident PASS.
C0329,L006,CMOS_A,MONITOR,PASS,0.216362620247687,A_NO_STRONG_EVIDENCE,No strong lot-relative anomaly evidence detected.,MONITOR,0.1156,B_UNCERTAIN_EXTRAPOLATION,"Predicted 168 h Output_Rise_Time_ns is within limits, but the 0 h input lies outside the training envelope.",Output_Rise_Time_ns,ns,8.5214,8.61334,8.84104,,,22.0,UPPER,13.15896,0.9688,LOW,LOW,True,Final decision is MONITOR because the Module B prediction involves extrapolation or uncertainty. The prediction should therefore be reviewed rather than treated as a confident PASS.
C0330,L006,CMOS_A,PASS,PASS,0.1454239931833234,A_NO_STRONG_EVIDENCE,No strong lot-relative anomaly evidence detected.,PASS,0.0283,B_OK,All six parameters are predicted to stay within limits with margin.,Output_Fall_Time_ns,ns,7.83257,7.90211,8.08943,,,22.0,UPPER,13.91057,0.9717,LOW,NOMINAL,False,Final decision is PASS because neither Module A nor Module B identified a reject or monitor condition.
C0331,L006,CMOS_A,PASS,PASS,0.16847755176048,A_NO_STRONG_EVIDENCE,No strong lot-relative anomaly evidence detected.,PASS,0.0077,B_OK,All six parameters are predicted to stay within limits with margin.,Propagation_Delay_ns,ns,8.57024,8.80747,8.87021,,,27.0,UPPER,18.12979,0.9923,LOW,NOMINAL,False,Final decision is PASS because neither Module A nor Module B identified a reject or monitor condition.
C0332,L006,CMOS_A,PASS,PASS,0.1576174835874197,A_NO_STRONG_EVIDENCE,No strong lot-relative anomaly evidence detected.,PASS,0.0363,B_OK,All six parameters are predicted to stay within limits with margin.,Output_Fall_Time_ns,ns,7.80671,8.09014,8.2046,,,22.0,UPPER,13.7954,0.9637,LOW,NOMINAL,False,Final decision is PASS because neither Module A nor Module B identified a reject or monitor condition.
C0333,L006,CMOS_A,PASS,PASS,0.1694556883370981,A_NO_STRONG_EVIDENCE,No strong lot-relative anomaly evidence detected.,PASS,0.0416,B_OK,All six parameters are predicted to stay within limits with margin.,Output_Fall_Time_ns,ns,8.02666,8.08883,8.28012,,,22.0,UPPER,13.71988,0.9584,LOW,NOMINAL,False,Final decision is PASS because neither Module A nor Module B identified a reject or monitor condition.
C0538,L011,CMOS_B,PASS,PASS,0.2681544710336527,A_NO_STRONG_EVIDENCE,No strong lot-relative anomaly evidence detected.,PASS,0.0,B_OK,All six parameters are predicted to stay within limits with margin.,Input_Leakage_Current_uA,uA,0.04893,0.04968,0.05219,,,1.0,UPPER,0.94781,1.0025,LOW,NOMINAL,False,Final decision is PASS because neither Module A nor Module B identified a reject or monitor condition.
C0539,L011,CMOS_B,PASS,PASS,0.2264781761348086,A_NO_STRONG_EVIDENCE,No strong lot-relative anomaly evidence detected.,PASS,0.1247,B_OK,All six parameters are predicted to stay within limits with margin.,Output_Rise_Time_ns,ns,4.00062,4.14418,4.2457,,,8.0,UPPER,3.7543,0.8753,LOW,NOMINAL,False,Final decision is PASS because neither Module A nor Module B identified a reject or monitor condition.
C0540,L011,CMOS_B,PASS,PASS,0.1703492020521093,A_NO_STRONG_EVIDENCE,No strong lot-relative anomaly evidence detected.,PASS,0.0602,B_OK,All six parameters are predicted to stay within limits with margin.,Propagation_Delay_ns,ns,5.00088,4.95608,5.09204,,,8.5,UPPER,3.40796,0.9398,LOW,NOMINAL,False,Final decision is PASS because neither Module A nor Module B identified a reject or monitor condition.
C0541,L011,CMOS_B,PASS,PASS,0.1307103001172523,A_NO_STRONG_EVIDENCE,No strong lot-relative anomaly evidence detected.,PASS,0.0413,B_OK,All six parameters are predicted to stay within limits with margin.,Propagation_Delay_ns,ns,4.86453,4.91382,5.02349,,,8.5,UPPER,3.47651,0.9587,LOW,NOMINAL,False,Final decision is PASS because neither Module A nor Module B identified a reject or monitor condition.
C0542,L011,CMOS_B,PASS,PASS,0.2362983077199029,A_NO_STRONG_EVIDENCE,No strong lot-relative anomaly evidence detected.,PASS,0.1092,B_OK,All six parameters are predicted to stay within limits with margin.,Propagation_Delay_ns,ns,5.13871,5.14557,5.26968,,,8.5,UPPER,3.23032,0.8908,LOW,NOMINAL,False,Final decision is PASS because neither Module A nor Module B identified a reject or monitor condition.
C0543,L011,CMOS_B,PASS,PASS,0.1975370718720681,A_NO_STRONG_EVIDENCE,No strong lot-relative anomaly evidence detected.,PASS,0.1291,B_OK,All six parameters are predicted to stay within limits with margin.,Propagation_Delay_ns,ns,5.22852,5.20874,5.34179,,,8.5,UPPER,3.15821,0.8709,LOW,NOMINAL,False,Final decision is PASS because neither Module A nor Module B identified a reject or monitor condition.
C0544,L011,CMOS_B,REJECT,REJECT,1.0,A_CROSS_TEMP_EXTREME,Strong lot-relative evidence in both measurement level and temporal change.,PASS,0.1496,B_OK,All six parameters are predicted to stay within limits with margin.,Propagation_Delay_ns,ns,5.0613,5.37763,5.41642,,,8.5,UPPER,3.08358,0.8504,HIGH,NOMINAL,False,Final decision is REJECT because at least one module identified a reject condition. Module A: Strong lot-relative evidence in both measurement level and temporal change. Module B: All six parameters are predicted to stay within limits with margin.
C0545,L011,CMOS_B,PASS,PASS,0.1859698164307673,A_NO_STRONG_EVIDENCE,No strong lot-relative anomaly evidence detected.,PASS,0.1107,B_OK,All six parameters are predicted to stay within limits with margin.,Supply_Current_ICC_uA,uA,209.935,213.336,218.9091,,,400.0,UPPER,181.0909,0.8893,LOW,NOMINAL,False,Final decision is PASS because neither Module A nor Module B identified a reject or monitor condition.
C0546,L011,CMOS_B,PASS,PASS,0.1238020931904374,A_NO_STRONG_EVIDENCE,No strong lot-relative anomaly evidence detected.,PASS,0.0778,B_OK,All six parameters are predicted to stay within limits with margin.,Propagation_Delay_ns,ns,5.03016,5.03214,5.15607,,,8.5,UPPER,3.34393,0.9222,LOW,NOMINAL,False,Final decision is PASS because neither Module A nor Module B identified a reject or monitor condition.
C0547,L011,CMOS_B,REJECT,REJECT,1.0,A_CROSS_TEMP_EXTREME,Strong lot-relative evidence in both measurement level and temporal change.,PASS,0.0793,B_OK,All six parameters are predicted to stay within limits with margin.,Propagation_Delay_ns,ns,5.08695,5.01673,5.16132,,,8.5,UPPER,3.33868,0.9207,HIGH,NOMINAL,False,Final decision is REJECT because at least one module identified a reject condition. Module A: Strong lot-relative evidence in both measurement level and temporal change. Module B: All six parameters are predicted to stay within limits with margin.
C0548,L011,CMOS_B,REJECT,REJECT,1.0,A_CROSS_TEMP_EXTREME,Strong lot-relative evidence in both measurement level and temporal change.,MONITOR,0.9814,B_MARGIN_LOW,Predicted 168 h Output_Fall_Time_ns leaves only 1.9% of the headroom between the lot baseline and the 8.0 ns limit.,Output_Fall_Time_ns,ns,7.39742,7.60842,7.91498,,,8.0,UPPER,0.08502,0.0186,HIGH,NOMINAL,False,Final decision is REJECT because at least one module identified a reject condition. Module A: Strong lot-relative evidence in both measurement level and temporal change. Module B: Predicted 168 h Output_Fall_Time_ns leaves only 1.9% of the headroom between the lot baseline and the 8.0 ns limit.
C0549,L011,CMOS_B,PASS,PASS,0.1508211432994084,A_NO_STRONG_EVIDENCE,No strong lot-relative anomaly evidence detected.,PASS,0.0614,B_OK,All six parameters are predicted to stay within limits with margin.,Output_Rise_Time_ns,ns,3.76847,3.87925,3.97428,,,8.0,UPPER,4.02572,0.9386,LOW,NOMINAL,False,Final decision is PASS because neither Module A nor Module B identified a reject or monitor condition.
C0550,L011,CMOS_B,PASS,PASS,0.1731116215448461,A_NO_STRONG_EVIDENCE,No strong lot-relative anomaly evidence detected.,PASS,0.0604,B_OK,All six parameters are predicted to stay within limits with margin.,Supply_Current_ICC_uA,uA,201.181,202.59,208.67642,,,400.0,UPPER,191.32358,0.9396,LOW,NOMINAL,False,Final decision is PASS because neither Module A nor Module B identified a reject or monitor condition.
C0551,L011,CMOS_B,PASS,PASS,0.1715010928671547,A_NO_STRONG_EVIDENCE,No strong lot-relative anomaly evidence detected.,PASS,0.0486,B_OK,All six parameters are predicted to stay within limits with margin.,Output_Fall_Time_ns,ns,3.5683,3.53061,3.6447,,,8.0,UPPER,4.3553,0.9514,LOW,NOMINAL,False,Final decision is PASS because neither Module A nor Module B identified a reject or monitor condition.
C0552,L011,CMOS_B,REJECT,REJECT,1.0,A_CROSS_TEMP_EXTREME,Strong lot-relative evidence in both measurement level and temporal change.,PASS,0.0833,B_OK,All six parameters are predicted to stay within limits with margin.,IDDQ_uA,uA,1.90648,2.20671,3.32485,,,20.0,UPPER,16.67515,0.9167,HIGH,NOMINAL,False,Final decision is REJECT because at least one module identified a reject condition. Module A: Strong lot-relative evidence in both measurement level and temporal change. Module B: All six parameters are predicted to stay within limits with margin.
C0553,L011,CMOS_B,PASS,PASS,0.2222829153151936,A_NO_STRONG_EVIDENCE,No strong lot-relative anomaly evidence detected.,PASS,0.1911,B_OK,All six parameters are predicted to stay within limits with margin.,Supply_Current_ICC_uA,uA,230.023,227.6,235.28935,,,400.0,UPPER,164.71065,0.8089,LOW,NOMINAL,False,Final decision is PASS because neither Module A nor Module B identified a reject or monitor condition.
C0554,L011,CMOS_B,PASS,PASS,0.199367502952405,A_NO_STRONG_EVIDENCE,No strong lot-relative anomaly evidence detected.,PASS,0.0919,B_OK,All six parameters are predicted to stay within limits with margin.,Propagation_Delay_ns,ns,5.06836,5.08726,5.20712,,,8.5,UPPER,3.29288,0.9081,LOW,NOMINAL,False,Final decision is PASS because neither Module A nor Module B identified a reject or monitor condition.
C0555,L011,CMOS_B,PASS,PASS,0.2071048188562193,A_NO_STRONG_EVIDENCE,No strong lot-relative anomaly evidence detected.,PASS,0.0882,B_OK,All six parameters are predicted to stay within limits with margin.,Output_Rise_Time_ns,ns,3.96175,3.99157,4.08935,,,8.0,UPPER,3.91065,0.9118,LOW,NOMINAL,False,Final decision is PASS because neither Module A nor Module B identified a reject or monitor condition.
C0556,L011,CMOS_B,PASS,PASS,0.2217329433798297,A_NO_STRONG_EVIDENCE,No strong lot-relative anomaly evidence detected.,PASS,0.0099,B_OK,All six parameters are predicted to stay within limits with margin.,Input_Leakage_Current_uA,uA,0.06436,0.06092,0.06399,,,1.0,UPPER,0.93601,0.9901,LOW,NOMINAL,False,Final decision is PASS because neither Module A nor Module B identified a reject or monitor condition.
C0557,L011,CMOS_B,REJECT,REJECT,1.0,A_CROSS_TEMP_EXTREME,Strong lot-relative evidence in both measurement level and temporal change.,PASS,0.0998,B_OK,All six parameters are predicted to stay within limits with margin.,Supply_Current_ICC_uA,uA,205.357,212.308,216.69598,,,400.0,UPPER,183.30402,0.9002,HIGH,NOMINAL,False,Final decision is REJECT because at least one module identified a reject condition. Module A: Strong lot-relative evidence in both measurement level and temporal change. Module B: All six parameters are predicted to stay within limits with margin.
C0558,L011,CMOS_B,PASS,PASS,0.2375148126080812,A_NO_STRONG_EVIDENCE,No strong lot-relative anomaly evidence detected.,PASS,0.1996,B_OK,All six parameters are predicted to stay within limits with margin.,Supply_Current_ICC_uA,uA,227.719,231.246,237.01721,,,400.0,UPPER,162.98279,0.8004,LOW,NOMINAL,False,Final decision is PASS because neither Module A nor Module B identified a reject or monitor condition.
C0559,L011,CMOS_B,MONITOR,MONITOR,0.3070889669425862,A_TEMPORAL_EXTREME,Temporal change is strongly unusual relative to the component's lot peers.,PASS,0.0264,B_OK,All six parameters are predicted to stay within limits with margin.,Supply_Current_ICC_uA,uA,194.729,195.568,201.74806,,,400.0,UPPER,198.25194,0.9736,MEDIUM,NOMINAL,False,Final decision is MONITOR because at least one module identified a condition requiring attention. Module A: Temporal change is strongly unusual relative to the component's lot peers. Module B: All six parameters are predicted to stay within limits with margin.
C0560,L011,CMOS_B,PASS,PASS,0.2450277223857671,A_NO_STRONG_EVIDENCE,No strong lot-relative anomaly evidence detected.,PASS,0.05,B_OK,All six parameters are predicted to stay within limits with margin.,Output_Rise_Time_ns,ns,3.7554,3.8313,3.92515,,,8.0,UPPER,4.07485,0.95,LOW,NOMINAL,False,Final decision is PASS because neither Module A nor Module B identified a reject or monitor condition.
C0561,L011,CMOS_B,PASS,PASS,0.1726546734479804,A_NO_STRONG_EVIDENCE,No strong lot-relative anomaly evidence detected.,PASS,0.1082,B_OK,All six parameters are predicted to stay within limits with margin.,Propagation_Delay_ns,ns,5.14346,5.13893,5.2663,,,8.5,UPPER,3.2337,0.8918,LOW,NOMINAL,False,Final decision is PASS because neither Module A nor Module B identified a reject or monitor condition.
C0562,L011,CMOS_B,PASS,PASS,0.2238112127087315,A_NO_STRONG_EVIDENCE,No strong lot-relative anomaly evidence detected.,PASS,0.146,B_OK,All six parameters are predicted to stay within limits with margin.,Propagation_Delay_ns,ns,5.28082,5.27282,5.40326,,,8.5,UPPER,3.09674,0.854,LOW,NOMINAL,False,Final decision is PASS because neither Module A nor Module B identified a reject or monitor condition.
C0563,L011,CMOS_B,PASS,PASS,0.2030527173853786,A_NO_STRONG_EVIDENCE,No strong lot-relative anomaly evidence detected.,PASS,0.1176,B_OK,All six parameters are predicted to stay within limits with margin.,Supply_Current_ICC_uA,uA,214.157,213.365,220.32301,,,400.0,UPPER,179.67699,0.8824,LOW,NOMINAL,False,Final decision is PASS because neither Module A nor Module B identified a reject or monitor condition.
C0564,L011,CMOS_B,PASS,PASS,0.1226726341506062,A_NO_STRONG_EVIDENCE,No strong lot-relative anomaly evidence detected.,PASS,0.1058,B_OK,All six parameters are predicted to stay within limits with margin.,Supply_Current_ICC_uA,uA,210.019,211.854,217.9242,,,400.0,UPPER,182.0758,0.8942,LOW,NOMINAL,False,Final decision is PASS because neither Module A nor Module B identified a reject or monitor condition.
C0565,L011,CMOS_B,PASS,PASS,0.122006860929213,A_NO_STRONG_EVIDENCE,No strong lot-relative anomaly evidence detected.,PASS,0.0364,B_OK,All six parameters are predicted to stay within limits with margin.,Propagation_Delay_ns,ns,4.84677,4.8962,5.00568,,,8.5,UPPER,3.49432,0.9636,LOW,NOMINAL,False,Final decision is PASS because neither Module A nor Module B identified a reject or monitor condition.
C0566,L011,CMOS_B,PASS,PASS,0.2009125421089097,A_NO_STRONG_EVIDENCE,No strong lot-relative anomaly evidence detected.,PASS,0.134,B_OK,All six parameters are predicted to stay within limits with margin.,Propagation_Delay_ns,ns,5.18717,5.25101,5.35957,,,8.5,UPPER,3.14043,0.866,LOW,NOMINAL,False,Final decision is PASS because neither Module A nor Module B identified a reject or monitor condition.
C0567,L011,CMOS_B,MONITOR,MONITOR,0.3046837568670139,A_CROSS_SECTIONAL_EXTREME,Measurement is strongly unusual relative to the component's lot peers.,PASS,0.0849,B_OK,All six parameters are predicted to stay within limits with margin.,Propagation_Delay_ns,ns,5.0456,5.06123,5.18169,,,8.5,UPPER,3.31831,0.9151,MEDIUM,NOMINAL,False,Final decision is MONITOR because at least one module identified a condition requiring attention. Module A: Measurement is strongly unusual relative to the component's lot peers. Module B: All six parameters are predicted to stay within limits with margin.
C0568,L011,CMOS_B,PASS,PASS,0.1551597273700046,A_NO_STRONG_EVIDENCE,No strong lot-relative anomaly evidence detected.,PASS,0.0756,B_OK,All six parameters are predicted to stay within limits with margin.,Supply_Current_ICC_uA,uA,205.041,205.252,211.76951,,,400.0,UPPER,188.23049,0.9244,LOW,NOMINAL,False,Final decision is PASS because neither Module A nor Module B identified a reject or monitor condition.
C0569,L011,CMOS_B,PASS,PASS,0.1480073766876549,A_NO_STRONG_EVIDENCE,No strong lot-relative anomaly evidence detected.,PASS,0.0897,B_OK,All six parameters are predicted to stay within limits with margin.,Supply_Current_ICC_uA,uA,209.523,207.286,214.63913,,,400.0,UPPER,185.36087,0.9103,LOW,NOMINAL,False,Final decision is PASS because neither Module A nor Module B identified a reject or monitor condition.
C0570,L011,CMOS_B,PASS,PASS,0.2308717075560711,A_NO_STRONG_EVIDENCE,No strong lot-relative anomaly evidence detected.,PASS,0.0845,B_OK,All six parameters are predicted to stay within limits with margin.,Supply_Current_ICC_uA,uA,205.332,207.768,213.58503,,,400.0,UPPER,186.41497,0.9155,LOW,NOMINAL,False,Final decision is PASS because neither Module A nor Module B identified a reject or monitor condition.
C0571,L011,CMOS_B,PASS,PASS,0.2210142806578716,A_NO_STRONG_EVIDENCE,No strong lot-relative anomaly evidence detected.,PASS,0.0197,B_OK,All six parameters are predicted to stay within limits with margin.,Propagation_Delay_ns,ns,4.82331,4.82388,4.94521,,,8.5,UPPER,3.55479,0.9803,LOW,NOMINAL,False,Final decision is PASS because neither Module A nor Module B identified a reject or monitor condition.
C0572,L011,CMOS_B,PASS,PASS,0.2490148598802093,A_NO_STRONG_EVIDENCE,No strong lot-relative anomaly evidence detected.,PASS,0.1302,B_OK,All six parameters are predicted to stay within limits with margin.,Propagation_Delay_ns,ns,5.14489,5.24885,5.3458,,,8.5,UPPER,3.1542,0.8698,LOW,NOMINAL,False,Final decision is PASS because neither Module A nor Module B identified a reject or monitor condition.
C0573,L011,CMOS_B,PASS,PASS,0.1994776970704641,A_NO_STRONG_EVIDENCE,No strong lot-relative anomaly evidence detected.,PASS,0.1846,B_OK,All six parameters are predicted to stay within limits with margin.,Supply_Current_ICC_uA,uA,227.131,227.053,233.95958,,,400.0,UPPER,166.04042,0.8154,LOW,NOMINAL,False,Final decision is PASS because neither Module A nor Module B identified a reject or monitor condition.
C0574,L011,CMOS_B,PASS,PASS,0.1530330724622096,A_NO_STRONG_EVIDENCE,No strong lot-relative anomaly evidence detected.,PASS,0.1196,B_OK,All six parameters are predicted to stay within limits with margin.,Supply_Current_ICC_uA,uA,215.662,213.23,220.72796,,,400.0,UPPER,179.27204,0.8804,LOW,NOMINAL,False,Final decision is PASS because neither Module A nor Module B identified a reject or monitor condition.
C0575,L011,CMOS_B,PASS,PASS,0.2479532723845854,A_NO_STRONG_EVIDENCE,No strong lot-relative anomaly evidence detected.,PASS,0.0653,B_OK,All six parameters are predicted to stay within limits with margin.,Supply_Current_ICC_uA,uA,200.292,204.47,209.66825,,,400.0,UPPER,190.33175,0.9347,LOW,NOMINAL,False,Final decision is PASS because neither Module A nor Module B identified a reject or monitor condition.
C0576,L011,CMOS_B,PASS,PASS,0.2742590726965653,A_NO_STRONG_EVIDENCE,No strong lot-relative anomaly evidence detected.,PASS,0.2036,B_OK,All six parameters are predicted to stay within limits with margin.,Propagation_Delay_ns,ns,5.42688,5.50611,5.612,,,8.5,UPPER,2.888,0.7964,LOW,NOMINAL,False,Final decision is PASS because neither Module A nor Module B identified a reject or monitor condition.
C0577,L011,CMOS_B,REJECT,REJECT,1.0,A_CROSS_TEMP_EXTREME,Strong lot-relative evidence in both measurement level and temporal change.,PASS,0.0136,B_OK,All six parameters are predicted to stay within limits with margin.,Output_Rise_Time_ns,ns,3.65522,3.67925,3.76938,,,8.0,UPPER,4.23062,0.9864,HIGH,NOMINAL,False,Final decision is REJECT because at least one module identified a reject condition. Module A: Strong lot-relative evidence in both measurement level and temporal change. Module B: All six parameters are predicted to stay within limits with margin.
C0578,L011,CMOS_B,PASS,PASS,0.2012737677483209,A_NO_STRONG_EVIDENCE,No strong lot-relative anomaly evidence detected.,PASS,0.0152,B_OK,All six parameters are predicted to stay within limits with margin.,Output_Fall_Time_ns,ns,3.4183,3.38047,3.49184,,,8.0,UPPER,4.50816,0.9848,LOW,NOMINAL,False,Final decision is PASS because neither Module A nor Module B identified a reject or monitor condition.
C0579,L011,CMOS_B,PASS,PASS,0.1689278713739064,A_NO_STRONG_EVIDENCE,No strong lot-relative anomaly evidence detected.,PASS,0.1511,B_OK,All six parameters are predicted to stay within limits with margin.,Propagation_Delay_ns,ns,5.27419,5.30173,5.42165,,,8.5,UPPER,3.07835,0.8489,LOW,NOMINAL,False,Final decision is PASS because neither Module A nor Module B identified a reject or monitor condition.
C0580,L011,CMOS_B,PASS,PASS,0.2148750118383287,A_NO_STRONG_EVIDENCE,No strong lot-relative anomaly evidence detected.,PASS,0.0176,B_OK,All six parameters are predicted to stay within limits with margin.,IDDQ_uA,uA,1.96727,1.97778,2.12855,,,20.0,UPPER,17.87145,0.9824,LOW,NOMINAL,False,Final decision is PASS because neither Module A nor Module B identified a reject or monitor condition.
C0581,L011,CMOS_B,REJECT,REJECT,0.3436512250117448,A_CROSS_SECTIONAL_EXTREME,Measurement is strongly unusual relative to the component's lot peers.,PASS,0.2263,B_OK,All six parameters are predicted to stay within limits with margin.,Propagation_Delay_ns,ns,5.59561,5.54548,5.69424,,,8.5,UPPER,2.80576,0.7737,HIGH,NOMINAL,False,Final decision is REJECT because at least one module identified a reject condition. Module A: Measurement is strongly unusual relative to the component's lot peers. Module B: All six parameters are predicted to stay within limits with margin.
C0582,L011,CMOS_B,PASS,PASS,0.216611575964686,A_NO_STRONG_EVIDENCE,No strong lot-relative anomaly evidence detected.,PASS,0.0806,B_OK,All six parameters are predicted to stay within limits with margin.,Supply_Current_ICC_uA,uA,205.908,206.316,212.78282,,,400.0,UPPER,187.21718,0.9194,LOW,NOMINAL,False,Final decision is PASS because neither Module A nor Module B identified a reject or monitor condition.
C0583,L011,CMOS_B,PASS,PASS,0.1938401787899067,A_NO_STRONG_EVIDENCE,No strong lot-relative anomaly evidence detected.,PASS,0.0507,B_OK,All six parameters are predicted to stay within limits with margin.,Supply_Current_ICC_uA,uA,198.821,200.829,206.6942,,,400.0,UPPER,193.3058,0.9493,LOW,NOMINAL,False,Final decision is PASS because neither Module A nor Module B identified a reject or monitor condition.
C0584,L012,CMOS_B,PASS,PASS,0.174964543757829,A_NO_STRONG_EVIDENCE,No strong lot-relative anomaly evidence detected.,PASS,0.1381,B_OK,All six parameters are predicted to stay within limits with margin.,Supply_Current_ICC_uA,uA,210.224,208.98,215.29199,,,400.0,UPPER,184.70801,0.8619,LOW,NOMINAL,False,Final decision is PASS because neither Module A nor Module B identified a reject or monitor condition.
C0585,L012,CMOS_B,PASS,PASS,0.1966158746312606,A_NO_STRONG_EVIDENCE,No strong lot-relative anomaly evidence detected.,PASS,0.1175,B_OK,All six parameters are predicted to stay within limits with margin.,Propagation_Delay_ns,ns,5.37173,5.38342,5.50114,,,8.5,UPPER,2.99886,0.8825,LOW,NOMINAL,False,Final decision is PASS because neither Module A nor Module B identified a reject or monitor condition.
C0586,L012,CMOS_B,PASS,PASS,0.135598095136285,A_NO_STRONG_EVIDENCE,No strong lot-relative anomaly evidence detected.,PASS,0.0637,B_OK,All six parameters are predicted to stay within limits with margin.,Output_Rise_Time_ns,ns,3.97035,3.97136,4.06864,,,8.0,UPPER,3.93136,0.9363,LOW,NOMINAL,False,Final decision is PASS because neither Module A nor Module B identified a reject or monitor condition.
C0587,L012,CMOS_B,PASS,PASS,0.2243840981561406,A_NO_STRONG_EVIDENCE,No strong lot-relative anomaly evidence detected.,PASS,0.122,B_OK,All six parameters are predicted to stay within limits with margin.,Output_Rise_Time_ns,ns,4.21343,4.21004,4.31317,,,8.0,UPPER,3.68683,0.878,LOW,NOMINAL,False,Final decision is PASS because neither Module A nor Module B identified a reject or monitor condition.
C0588,L012,CMOS_B,REJECT,REJECT,1.0,A_CROSS_TEMP_EXTREME,Strong lot-relative evidence in both measurement level and temporal change.,PASS,0.197,B_OK,All six parameters are predicted to stay within limits with margin.,Propagation_Delay_ns,ns,5.52565,5.70458,5.77131,,,8.5,UPPER,2.72869,0.803,HIGH,NOMINAL,False,Final decision is REJECT because at least one module identified a reject condition. Module A: Strong lot-relative evidence in both measurement level and temporal change. Module B: All six parameters are predicted to stay within limits with margin.
C0589,L012,CMOS_B,PASS,PASS,0.2913145307780211,A_NO_STRONG_EVIDENCE,No strong lot-relative anomaly evidence detected.,PASS,0.2033,B_OK,All six parameters are predicted to stay within limits with margin.,Propagation_Delay_ns,ns,5.65993,5.67156,5.79263,,,8.5,UPPER,2.70737,0.7967,LOW,NOMINAL,False,Final decision is PASS because neither Module A nor Module B identified a reject or monitor condition.
C0590,L012,CMOS_B,PASS,PASS,0.1387474244038967,A_NO_STRONG_EVIDENCE,No strong lot-relative anomaly evidence detected.,PASS,0.1072,B_OK,All six parameters are predicted to stay within limits with margin.,Output_Rise_Time_ns,ns,4.08072,4.14931,4.25095,,,8.0,UPPER,3.74905,0.8928,LOW,NOMINAL,False,Final decision is PASS because neither Module A nor Module B identified a reject or monitor condition.
C0591,L012,CMOS_B,PASS,PASS,0.2292488535082189,A_NO_STRONG_EVIDENCE,No strong lot-relative anomaly evidence detected.,PASS,0.1463,B_OK,All six parameters are predicted to stay within limits with margin.,Propagation_Delay_ns,ns,5.49136,5.46938,5.599,,,8.5,UPPER,2.901,0.8537,LOW,NOMINAL,False,Final decision is PASS because neither Module A nor Module B identified a reject or monitor condition.
C0592,L012,CMOS_B,REJECT,REJECT,1.0,A_CROSS_TEMP_EXTREME,Strong lot-relative evidence in both measurement level and temporal change.,PASS,0.087,B_OK,All six parameters are predicted to stay within limits with margin.,Propagation_Delay_ns,ns,5.03341,5.37138,5.39732,,,8.5,UPPER,3.10268,0.913,HIGH,NOMINAL,False,Final decision is REJECT because at least one module identified a reject condition. Module A: Strong lot-relative evidence in both measurement level and temporal change. Module B: All six parameters are predicted to stay within limits with margin.
C0593,L012,CMOS_B,PASS,PASS,0.2899118585962291,A_NO_STRONG_EVIDENCE,No strong lot-relative anomaly evidence detected.,PASS,0.2208,B_OK,All six parameters are predicted to stay within limits with margin.,Propagation_Delay_ns,ns,5.7708,5.70312,5.8521,,,8.5,UPPER,2.6479,0.7792,LOW,NOMINAL,False,Final decision is PASS because neither Module A nor Module B identified a reject or monitor condition.
C0594,L012,CMOS_B,REJECT,REJECT,1.0,A_CROSS_TEMP_EXTREME,Strong lot-relative evidence in both measurement level and temporal change.,PASS,0.1641,B_OK,All six parameters are predicted to stay within limits with margin.,Output_Rise_Time_ns,ns,4.27357,4.38287,4.49023,,,8.0,UPPER,3.50977,0.8359,HIGH,NOMINAL,False,Final decision is REJECT because at least one module identified a reject condition. Module A: Strong lot-relative evidence in both measurement level and temporal change. Module B: All six parameters are predicted to stay within limits with margin.
C0595,L012,CMOS_B,PASS,PASS,0.1639123505023599,A_NO_STRONG_EVIDENCE,No strong lot-relative anomaly evidence detected.,PASS,0.0493,B_OK,All six parameters are predicted to stay within limits with margin.,Supply_Current_ICC_uA,uA,190.082,190.748,196.2545,,,400.0,UPPER,203.7455,0.9507,LOW,NOMINAL,False,Final decision is PASS because neither Module A nor Module B identified a reject or monitor condition.
C0596,L012,CMOS_B,PASS,PASS,0.1472654850751844,A_NO_STRONG_EVIDENCE,No strong lot-relative anomaly evidence detected.,PASS,0.1136,B_OK,All six parameters are predicted to stay within limits with margin.,Supply_Current_ICC_uA,uA,201.125,205.636,210.03563,,,400.0,UPPER,189.96437,0.8864,LOW,NOMINAL,False,Final decision is PASS because neither Module A nor Module B identified a reject or monitor condition.
C0597,L012,CMOS_B,PASS,PASS,0.2005358745666449,A_NO_STRONG_EVIDENCE,No strong lot-relative anomaly evidence detected.,PASS,0.0152,B_OK,All six parameters are predicted to stay within limits with margin.,IDDQ_uA,uA,2.16774,2.17797,2.25005,,,20.0,UPPER,17.74995,0.9848,LOW,NOMINAL,False,Final decision is PASS because neither Module A nor Module B identified a reject or monitor condition.
C0598,L012,CMOS_B,REJECT,REJECT,1.0,A_CROSS_TEMP_EXTREME,Strong lot-relative evidence in both measurement level and temporal change.,PASS,0.1368,B_OK,All six parameters are predicted to stay within limits with margin.,Propagation_Delay_ns,ns,5.00061,5.61288,5.56659,,,8.5,UPPER,2.93341,0.8632,HIGH,NOMINAL,False,Final decision is REJECT because at least one module identified a reject condition. Module A: Strong lot-relative evidence in both measurement level and temporal change. Module B: All six parameters are predicted to stay within limits with margin.
C0599,L012,CMOS_B,PASS,PASS,0.168607992519731,A_NO_STRONG_EVIDENCE,No strong lot-relative anomaly evidence detected.,PASS,0.0418,B_OK,All six parameters are predicted to stay within limits with margin.,Supply_Current_ICC_uA,uA,186.343,190.189,194.65337,,,400.0,UPPER,205.34663,0.9582,LOW,NOMINAL,False,Final decision is PASS because neither Module A nor Module B identified a reject or monitor condition.
C0600,L012,CMOS_B,PASS,PASS,0.1627906269112688,A_NO_STRONG_EVIDENCE,No strong lot-relative anomaly evidence detected.,PASS,0.0347,B_OK,All six parameters are predicted to stay within limits with margin.,Output_Rise_Time_ns,ns,3.81435,3.85253,3.9469,,,8.0,UPPER,4.0531,0.9653,LOW,NOMINAL,False,Final decision is PASS because neither Module A nor Module B identified a reject or monitor condition.
C0601,L012,CMOS_B,PASS,PASS,0.1954068022508925,A_NO_STRONG_EVIDENCE,No strong lot-relative anomaly evidence detected.,PASS,0.0929,B_OK,All six parameters are predicted to stay within limits with margin.,Propagation_Delay_ns,ns,5.35111,5.27305,5.41747,,,8.5,UPPER,3.08253,0.9071,LOW,NOMINAL,False,Final decision is PASS because neither Module A nor Module B identified a reject or monitor condition.
C0602,L012,CMOS_B,PASS,PASS,0.1952543455083847,A_NO_STRONG_EVIDENCE,No strong lot-relative anomaly evidence detected.,PASS,0.0256,B_OK,All six parameters are predicted to stay within limits with margin.,Output_Fall_Time_ns,ns,3.44455,3.46317,3.55802,,,8.0,UPPER,4.44198,0.9744,LOW,NOMINAL,False,Final decision is PASS because neither Module A nor Module B identified a reject or monitor condition.
C0603,L012,CMOS_B,PASS,PASS,0.1458667198642213,A_NO_STRONG_EVIDENCE,No strong lot-relative anomaly evidence detected.,PASS,0.0872,B_OK,All six parameters are predicted to stay within limits with margin.,Supply_Current_ICC_uA,uA,199.015,198.386,204.39119,,,400.0,UPPER,195.60881,0.9128,LOW,NOMINAL,False,Final decision is PASS because neither Module A nor Module B identified a reject or monitor condition.
C0604,L012,CMOS_B,PASS,PASS,0.2249341179846104,A_NO_STRONG_EVIDENCE,No strong lot-relative anomaly evidence detected.,PASS,0.0345,B_OK,All six parameters are predicted to stay within limits with margin.,Propagation_Delay_ns,ns,5.17859,5.06931,5.21916,,,8.5,UPPER,3.28084,0.9655,LOW,NOMINAL,False,Final decision is PASS because neither Module A nor Module B identified a reject or monitor condition.
C0605,L012,CMOS_B,PASS,PASS,0.2334315914705572,A_NO_STRONG_EVIDENCE,No strong lot-relative anomaly evidence detected.,PASS,0.0381,B_OK,All six parameters are predicted to stay within limits with margin.,Propagation_Delay_ns,ns,5.07581,5.12801,5.23125,,,8.5,UPPER,3.26875,0.9619,LOW,NOMINAL,False,Final decision is PASS because neither Module A nor Module B identified a reject or monitor condition.
C0606,L012,CMOS_B,PASS,PASS,0.1604044327194705,A_NO_STRONG_EVIDENCE,No strong lot-relative anomaly evidence detected.,PASS,0.1532,B_OK,All six parameters are predicted to stay within limits with margin.,Propagation_Delay_ns,ns,5.47194,5.51272,5.62255,,,8.5,UPPER,2.87745,0.8468,LOW,NOMINAL,False,Final decision is PASS because neither Module A nor Module B identified a reject or monitor condition.
C0607,L012,CMOS_B,REJECT,REJECT,1.0,A_CROSS_TEMP_EXTREME,Strong lot-relative evidence in both measurement level and temporal change.,PASS,0.0155,B_OK,All six parameters are predicted to stay within limits with margin.,IDDQ_uA,uA,2.10893,2.16542,2.25482,,,20.0,UPPER,17.74518,0.9845,HIGH,NOMINAL,False,Final decision is REJECT because at least one module identified a reject condition. Module A: Strong lot-relative evidence in both measurement level and temporal change. Module B: All six parameters are predicted to stay within limits with margin.
C0608,L012,CMOS_B,PASS,PASS,0.1408546859662167,A_NO_STRONG_EVIDENCE,No strong lot-relative anomaly evidence detected.,PASS,0.0358,B_OK,All six parameters are predicted to stay within limits with margin.,Propagation_Delay_ns,ns,5.12328,5.09823,5.22333,,,8.5,UPPER,3.27667,0.9642,LOW,NOMINAL,False,Final decision is PASS because neither Module A nor Module B identified a reject or monitor condition.
C0609,L012,CMOS_B,PASS,PASS,0.1660712454231884,A_NO_STRONG_EVIDENCE,No strong lot-relative anomaly evidence detected.,PASS,0.0895,B_OK,All six parameters are predicted to stay within limits with margin.,Propagation_Delay_ns,ns,5.26154,5.29638,5.40608,,,8.5,UPPER,3.09392,0.9105,LOW,NOMINAL,False,Final decision is PASS because neither Module A nor Module B identified a reject or monitor condition.
C0610,L012,CMOS_B,PASS,PASS,0.2476794237893192,A_NO_STRONG_EVIDENCE,No strong lot-relative anomaly evidence detected.,PASS,0.1771,B_OK,All six parameters are predicted to stay within limits with margin.,Propagation_Delay_ns,ns,5.50287,5.61635,5.70366,,,8.5,UPPER,2.79634,0.8229,LOW,NOMINAL,False,Final decision is PASS because neither Module A nor Module B identified a reject or monitor condition.
C0611,L012,CMOS_B,PASS,PASS,0.2508719966804214,A_NO_STRONG_EVIDENCE,No strong lot-relative anomaly evidence detected.,PASS,0.0178,B_OK,All six parameters are predicted to stay within limits with margin.,Supply_Current_ICC_uA,uA,182.482,184.521,189.51815,,,400.0,UPPER,210.48185,0.9822,LOW,NOMINAL,False,Final decision is PASS because neither Module A nor Module B identified a reject or monitor condition.
C0612,L012,CMOS_B,PASS,PASS,0.1570137324665129,A_NO_STRONG_EVIDENCE,No strong lot-relative anomaly evidence detected.,PASS,0.0538,B_OK,All six parameters are predicted to stay within limits with margin.,Output_Rise_Time_ns,ns,3.85702,3.93077,4.02706,,,8.0,UPPER,3.97294,0.9462,LOW,NOMINAL,False,Final decision is PASS because neither Module A nor Module B identified a reject or monitor condition.
C0613,L012,CMOS_B,PASS,PASS,0.1908369726070834,A_NO_STRONG_EVIDENCE,No strong lot-relative anomaly evidence detected.,PASS,0.1557,B_OK,All six parameters are predicted to stay within limits with margin.,Propagation_Delay_ns,ns,5.44733,5.53599,5.63082,,,8.5,UPPER,2.86918,0.8443,LOW,NOMINAL,False,Final decision is PASS because neither Module A nor Module B identified a reject or monitor condition.
C0614,L012,CMOS_B,PASS,PASS,0.229164330328193,A_NO_STRONG_EVIDENCE,No strong lot-relative anomaly evidence detected.,PASS,0.1467,B_OK,All six parameters are predicted to stay within limits with margin.,Supply_Current_ICC_uA,uA,212.109,210.765,217.12753,,,400.0,UPPER,182.87247,0.8533,LOW,NOMINAL,False,Final decision is PASS because neither Module A nor Module B identified a reject or monitor condition.
C0615,L012,CMOS_B,PASS,PASS,0.2291204797766744,A_NO_STRONG_EVIDENCE,No strong lot-relative anomaly evidence detected.,PASS,0.0475,B_OK,All six parameters are predicted to stay within limits with margin.,Propagation_Delay_ns,ns,5.12024,5.15461,5.26314,,,8.5,UPPER,3.23686,0.9525,LOW,NOMINAL,False,Final decision is PASS because neither Module A nor Module B identified a reject or monitor condition.
C0616,L012,CMOS_B,PASS,PASS,0.1781949463990356,A_NO_STRONG_EVIDENCE,No strong lot-relative anomaly evidence detected.,PASS,0.1392,B_OK,All six parameters are predicted to stay within limits with margin.,Supply_Current_ICC_uA,uA,209.241,209.805,215.53457,,,400.0,UPPER,184.46543,0.8608,LOW,NOMINAL,False,Final decision is PASS because neither Module A nor Module B identified a reject or monitor condition.
C0617,L012,CMOS_B,PASS,PASS,0.162074195424128,A_NO_STRONG_EVIDENCE,No strong lot-relative anomaly evidence detected.,PASS,0.0349,B_OK,All six parameters are predicted to stay within limits with margin.,Output_Fall_Time_ns,ns,3.51964,3.49099,3.60035,,,8.0,UPPER,4.39965,0.9651,LOW,NOMINAL,False,Final decision is PASS because neither Module A nor Module B identified a reject or monitor condition.
C0618,L012,CMOS_B,PASS,PASS,0.1709169896807104,A_NO_STRONG_EVIDENCE,No strong lot-relative anomaly evidence detected.,PASS,0.1346,B_OK,All six parameters are predicted to stay within limits with margin.,Supply_Current_ICC_uA,uA,208.236,208.824,214.53596,,,400.0,UPPER,185.46404,0.8654,LOW,NOMINAL,False,Final decision is PASS because neither Module A nor Module B identified a reject or monitor condition.
C0619,L012,CMOS_B,PASS,PASS,0.2713348178035449,A_NO_STRONG_EVIDENCE,No strong lot-relative anomaly evidence detected.,PASS,0.09,B_OK,All six parameters are predicted to stay within limits with margin.,Supply_Current_ICC_uA,uA,197.73,199.883,204.99521,,,400.0,UPPER,195.00479,0.91,LOW,NOMINAL,False,Final decision is PASS because neither Module A nor Module B identified a reject or monitor condition.
C0620,L012,CMOS_B,PASS,PASS,0.2004139839722145,A_NO_STRONG_EVIDENCE,No strong lot-relative anomaly evidence detected.,PASS,0.1364,B_OK,All six parameters are predicted to stay within limits with margin.,Output_Rise_Time_ns,ns,4.20221,4.26914,4.37372,,,8.0,UPPER,3.62628,0.8636,LOW,NOMINAL,False,Final decision is PASS because neither Module A nor Module B identified a reject or monitor condition.
C0621,L012,CMOS_B,PASS,PASS,0.2406629830327757,A_NO_STRONG_EVIDENCE,No strong lot-relative anomaly evidence detected.,PASS,0.014,B_OK,All six parameters are predicted to stay within limits with margin.,Supply_Current_ICC_uA,uA,180.175,184.406,188.68807,,,400.0,UPPER,211.31193,0.986,LOW,NOMINAL,False,Final decision is PASS because neither Module A nor Module B identified a reject or monitor condition.
C0622,L012,CMOS_B,PASS,PASS,0.2048345885621527,A_NO_STRONG_EVIDENCE,No strong lot-relative anomaly evidence detected.,PASS,0.1592,B_OK,All six parameters are predicted to stay within limits with margin.,Propagation_Delay_ns,ns,5.57447,5.49288,5.64276,,,8.5,UPPER,2.85724,0.8408,LOW,NOMINAL,False,Final decision is PASS because neither Module A nor Module B identified a reject or monitor condition.
C0623,L012,CMOS_B,PASS,PASS,0.1626384781725516,A_NO_STRONG_EVIDENCE,No strong lot-relative anomaly evidence detected.,PASS,0.0683,B_OK,All six parameters are predicted to stay within limits with margin.,Supply_Current_ICC_uA,uA,192.849,195.386,200.3284,,,400.0,UPPER,199.6716,0.9317,LOW,NOMINAL,False,Final decision is PASS because neither Module A nor Module B identified a reject or monitor condition.
C0624,L012,CMOS_B,PASS,PASS,0.1751280251678683,A_NO_STRONG_EVIDENCE,No strong lot-relative anomaly evidence detected.,PASS,0.0448,B_OK,All six parameters are predicted to stay within limits with margin.,Output_Fall_Time_ns,ns,3.51833,3.55166,3.64567,,,8.0,UPPER,4.35433,0.9552,LOW,NOMINAL,False,Final decision is PASS because neither Module A nor Module B identified a reject or monitor condition.
C0625,L012,CMOS_B,PASS,PASS,0.1827379726802511,A_NO_STRONG_EVIDENCE,No strong lot-relative anomaly evidence detected.,PASS,0.083,B_OK,All six parameters are predicted to stay within limits with margin.,Propagation_Delay_ns,ns,5.2756,5.25867,5.38368,,,8.5,UPPER,3.11632,0.917,LOW,NOMINAL,False,Final decision is PASS because neither Module A nor Module B identified a reject or monitor condition.
C0626,L012,CMOS_B,REJECT,REJECT,1.0,A_CROSS_TEMP_EXTREME,Strong lot-relative evidence in both measurement level and temporal change.,PASS,0.15,B_OK,All six parameters are predicted to stay within limits with margin.,Supply_Current_ICC_uA,uA,209.977,212.837,217.84674,,,400.0,UPPER,182.15326,0.85,HIGH,NOMINAL,False,Final decision is REJECT because at least one module identified a reject condition. Module A: Strong lot-relative evidence in both measurement level and temporal change. Module B: All six parameters are predicted to stay within limits with margin.
C0627,L012,CMOS_B,PASS,PASS,0.1208673917357812,A_NO_STRONG_EVIDENCE,No strong lot-relative anomaly evidence detected.,PASS,0.0825,B_OK,All six parameters are predicted to stay within limits with margin.,Output_Rise_Time_ns,ns,3.90186,4.0483,4.14747,,,8.0,UPPER,3.85253,0.9175,LOW,NOMINAL,False,Final decision is PASS because neither Module A nor Module B identified a reject or monitor condition.
C0843,L017,CMOS_C,PASS,PASS,0.1625357946988676,A_NO_STRONG_EVIDENCE,No strong lot-relative anomaly evidence detected.,PASS,0.1826,B_OK,All six parameters are predicted to stay within limits with margin.,Supply_Current_ICC_uA,uA,295.509,300.508,309.49532,,,500.0,UPPER,190.50468,0.8174,LOW,NOMINAL,False,Final decision is PASS because neither Module A nor Module B identified a reject or monitor condition.
C0844,L017,CMOS_C,PASS,PASS,0.206204286438226,A_NO_STRONG_EVIDENCE,No strong lot-relative anomaly evidence detected.,PASS,0.0474,B_OK,All six parameters are predicted to stay within limits with margin.,Supply_Current_ICC_uA,uA,267.804,269.279,277.99576,,,500.0,UPPER,222.00424,0.9526,LOW,NOMINAL,False,Final decision is PASS because neither Module A nor Module B identified a reject or monitor condition.
C0845,L017,CMOS_C,MONITOR,MONITOR,0.3021758162030483,A_CROSS_SECTIONAL_EXTREME,Measurement is strongly unusual relative to the component's lot peers.,PASS,0.1283,B_OK,All six parameters are predicted to stay within limits with margin.,Supply_Current_ICC_uA,uA,288.849,286.788,296.85822,,,500.0,UPPER,203.14178,0.8717,MEDIUM,NOMINAL,False,Final decision is MONITOR because at least one module identified a condition requiring attention. Module A: Measurement is strongly unusual relative to the component's lot peers. Module B: All six parameters are predicted to stay within limits with margin.
C0846,L017,CMOS_C,PASS,PASS,0.2064112842161461,A_NO_STRONG_EVIDENCE,No strong lot-relative anomaly evidence detected.,PASS,0.1476,B_OK,All six parameters are predicted to stay within limits with margin.,Propagation_Delay_ns,ns,3.63729,3.713,3.75376,,,5.5,UPPER,1.74624,0.8524,LOW,NOMINAL,False,Final decision is PASS because neither Module A nor Module B identified a reject or monitor condition.
C0847,L017,CMOS_C,PASS,PASS,0.185939246051158,A_NO_STRONG_EVIDENCE,No strong lot-relative anomaly evidence detected.,PASS,0.0662,B_OK,All six parameters are predicted to stay within limits with margin.,Propagation_Delay_ns,ns,3.4709,3.54125,3.58697,,,5.5,UPPER,1.91303,0.9338,LOW,NOMINAL,False,Final decision is PASS because neither Module A nor Module B identified a reject or monitor condition.
C0848,L017,CMOS_C,PASS,PASS,0.242131182697806,A_NO_STRONG_EVIDENCE,No strong lot-relative anomaly evidence detected.,PASS,0.1154,B_OK,All six parameters are predicted to stay within limits with margin.,Supply_Current_ICC_uA,uA,283.405,284.545,293.84267,,,500.0,UPPER,206.15733,0.8846,LOW,NOMINAL,False,Final decision is PASS because neither Module A nor Module B identified a reject or monitor condition.
C0849,L017,CMOS_C,PASS,PASS,0.2024112030644032,A_NO_STRONG_EVIDENCE,No strong lot-relative anomaly evidence detected.,PASS,0.1346,B_OK,All six parameters are predicted to stay within limits with margin.,Propagation_Delay_ns,ns,3.63479,3.66097,3.72704,,,5.5,UPPER,1.77296,0.8654,LOW,NOMINAL,False,Final decision is PASS because neither Module A nor Module B identified a reject or monitor condition.
C0850,L017,CMOS_C,PASS,PASS,0.1621858694075854,A_NO_STRONG_EVIDENCE,No strong lot-relative anomaly evidence detected.,PASS,0.1185,B_OK,All six parameters are predicted to stay within limits with margin.,Propagation_Delay_ns,ns,3.55593,3.67397,3.69423,,,5.5,UPPER,1.80577,0.8815,LOW,NOMINAL,False,Final decision is PASS because neither Module A nor Module B identified a reject or monitor condition.
C0851,L017,CMOS_C,PASS,PASS,0.2588600166300675,A_NO_STRONG_EVIDENCE,No strong lot-relative anomaly evidence detected.,PASS,0.2182,B_OK,All six parameters are predicted to stay within limits with margin.,Propagation_Delay_ns,ns,3.85055,3.79178,3.89841,,,5.5,UPPER,1.60159,0.7818,LOW,NOMINAL,False,Final decision is PASS because neither Module A nor Module B identified a reject or monitor condition.
C0852,L017,CMOS_C,PASS,PASS,0.2926034702284084,A_NO_STRONG_EVIDENCE,No strong lot-relative anomaly evidence detected.,PASS,0.2155,B_OK,All six parameters are predicted to stay within limits with margin.,Supply_Current_ICC_uA,uA,304.237,307.575,317.15958,,,500.0,UPPER,182.84042,0.7845,LOW,NOMINAL,False,Final decision is PASS because neither Module A nor Module B identified a reject or monitor condition.
C0853,L017,CMOS_C,PASS,PASS,0.2557932949329474,A_NO_STRONG_EVIDENCE,No strong lot-relative anomaly evidence detected.,PASS,0.0408,B_OK,All six parameters are predicted to stay within limits with margin.,Output_Fall_Time_ns,ns,1.81951,1.85446,1.89492,,,4.5,UPPER,2.60508,0.9592,LOW,NOMINAL,False,Final decision is PASS because neither Module A nor Module B identified a reject or monitor condition.
C0854,L017,CMOS_C,PASS,PASS,0.2632388435946459,A_NO_STRONG_EVIDENCE,No strong lot-relative anomaly evidence detected.,PASS,0.1136,B_OK,All six parameters are predicted to stay within limits with margin.,Propagation_Delay_ns,ns,3.62074,3.58739,3.68403,,,5.5,UPPER,1.81597,0.8864,LOW,NOMINAL,False,Final decision is PASS because neither Module A nor Module B identified a reject or monitor condition.
C0855,L017,CMOS_C,PASS,PASS,0.1954312020851322,A_NO_STRONG_EVIDENCE,No strong lot-relative anomaly evidence detected.,PASS,0.0558,B_OK,All six parameters are predicted to stay within limits with margin.,Output_Fall_Time_ns,ns,1.83151,1.90998,1.93556,,,4.5,UPPER,2.56444,0.9442,LOW,NOMINAL,False,Final decision is PASS because neither Module A nor Module B identified a reject or monitor condition.
C0856,L017,CMOS_C,PASS,PASS,0.1780837202995667,A_NO_STRONG_EVIDENCE,No strong lot-relative anomaly evidence detected.,PASS,0.0468,B_OK,All six parameters are predicted to stay within limits with margin.,Propagation_Delay_ns,ns,3.45453,3.47663,3.54717,,,5.5,UPPER,1.95283,0.9532,LOW,NOMINAL,False,Final decision is PASS because neither Module A nor Module B identified a reject or monitor condition.
C0857,L017,CMOS_C,PASS,PASS,0.2352176966107946,A_NO_STRONG_EVIDENCE,No strong lot-relative anomaly evidence detected.,PASS,0.1138,B_OK,All six parameters are predicted to stay within limits with margin.,Supply_Current_ICC_uA,uA,282.542,284.329,293.47841,,,500.0,UPPER,206.52159,0.8862,LOW,NOMINAL,False,Final decision is PASS because neither Module A nor Module B identified a reject or monitor condition.
C0858,L017,CMOS_C,PASS,PASS,0.244450095710098,A_NO_STRONG_EVIDENCE,No strong lot-relative anomaly evidence detected.,PASS,0.1329,B_OK,All six parameters are predicted to stay within limits with margin.,Supply_Current_ICC_uA,uA,291.309,287.436,297.92286,,,500.0,UPPER,202.07714,0.8671,LOW,NOMINAL,False,Final decision is PASS because neither Module A nor Module B identified a reject or monitor condition.
C0859,L017,CMOS_C,PASS,PASS,0.189231818360053,A_NO_STRONG_EVIDENCE,No strong lot-relative anomaly evidence detected.,PASS,0.0688,B_OK,All six parameters are predicted to stay within limits with margin.,Output_Rise_Time_ns,ns,1.86114,1.84893,1.89425,,,4.5,UPPER,2.60575,0.9312,LOW,NOMINAL,False,Final decision is PASS because neither Module A nor Module B identified a reject or monitor condition.
C0860,L017,CMOS_C,PASS,PASS,0.1729216243023149,A_NO_STRONG_EVIDENCE,No strong lot-relative anomaly evidence detected.,PASS,0.0806,B_OK,All six parameters are predicted to stay within limits with margin.,Propagation_Delay_ns,ns,3.54585,3.52548,3.61647,,,5.5,UPPER,1.88353,0.9194,LOW,NOMINAL,False,Final decision is PASS because neither Module A nor Module B identified a reject or monitor condition.
C0861,L017,CMOS_C,PASS,PASS,0.1514650909970443,A_NO_STRONG_EVIDENCE,No strong lot-relative anomaly evidence detected.,PASS,0.0682,B_OK,All six parameters are predicted to stay within limits with margin.,Supply_Current_ICC_uA,uA,266.972,275.443,282.8395,,,500.0,UPPER,217.1605,0.9318,LOW,NOMINAL,False,Final decision is PASS because neither Module A nor Module B identified a reject or monitor condition.
C0862,L017,CMOS_C,PASS,PASS,0.2498988975499058,A_NO_STRONG_EVIDENCE,No strong lot-relative anomaly evidence detected.,PASS,0.0417,B_OK,All six parameters are predicted to stay within limits with margin.,Propagation_Delay_ns,ns,3.42938,3.4808,3.53672,,,5.5,UPPER,1.96328,0.9583,LOW,NOMINAL,False,Final decision is PASS because neither Module A nor Module B identified a reject or monitor condition.
C0863,L017,CMOS_C,PASS,PASS,0.2841843310889679,A_NO_STRONG_EVIDENCE,No strong lot-relative anomaly evidence detected.,PASS,0.1679,B_OK,All six parameters are predicted to stay within limits with margin.,Propagation_Delay_ns,ns,3.73375,3.70013,3.79543,,,5.5,UPPER,1.70457,0.8321,LOW,NOMINAL,False,Final decision is PASS because neither Module A nor Module B identified a reject or monitor condition.
C0864,L017,CMOS_C,PASS,PASS,0.1821976629535546,A_NO_STRONG_EVIDENCE,No strong lot-relative anomaly evidence detected.,PASS,0.0827,B_OK,All six parameters are predicted to stay within limits with margin.,Supply_Current_ICC_uA,uA,273.478,277.85,286.22026,,,500.0,UPPER,213.77974,0.9173,LOW,NOMINAL,False,Final decision is PASS because neither Module A nor Module B identified a reject or monitor condition.
C0865,L017,CMOS_C,PASS,PASS,0.1825494509611055,A_NO_STRONG_EVIDENCE,No strong lot-relative anomaly evidence detected.,PASS,0.1137,B_OK,All six parameters are predicted to stay within limits with margin.,Propagation_Delay_ns,ns,3.60926,3.59957,3.68428,,,5.5,UPPER,1.81572,0.8863,LOW,NOMINAL,False,Final decision is PASS because neither Module A nor Module B identified a reject or monitor condition.
C0866,L017,CMOS_C,MONITOR,MONITOR,0.315265905620813,A_CROSS_SECTIONAL_EXTREME,Measurement is strongly unusual relative to the component's lot peers.,PASS,0.2398,B_OK,All six parameters are predicted to stay within limits with margin.,Supply_Current_ICC_uA,uA,307.444,313.671,322.82846,,,500.0,UPPER,177.17154,0.7602,MEDIUM,NOMINAL,False,Final decision is MONITOR because at least one module identified a condition requiring attention. Module A: Measurement is strongly unusual relative to the component's lot peers. Module B: All six parameters are predicted to stay within limits with margin.
C0867,L017,CMOS_C,REJECT,REJECT,0.3685660511521081,A_CROSS_SECTIONAL_EXTREME,Measurement is strongly unusual relative to the component's lot peers.,PASS,0.1995,B_OK,All six parameters are predicted to stay within limits with margin.,Propagation_Delay_ns,ns,3.80993,3.75465,3.86002,,,5.5,UPPER,1.63998,0.8005,HIGH,NOMINAL,False,Final decision is REJECT because at least one module identified a reject condition. Module A: Measurement is strongly unusual relative to the component's lot peers. Module B: All six parameters are predicted to stay within limits with margin.
C0868,L017,CMOS_C,PASS,PASS,0.1887722185405655,A_NO_STRONG_EVIDENCE,No strong lot-relative anomaly evidence detected.,PASS,0.1677,B_OK,All six parameters are predicted to stay within limits with margin.,Supply_Current_ICC_uA,uA,295.353,296.292,306.02429,,,500.0,UPPER,193.97571,0.8323,LOW,NOMINAL,False,Final decision is PASS because neither Module A nor Module B identified a reject or monitor condition.
C0869,L017,CMOS_C,PASS,PASS,0.1441112973722139,A_NO_STRONG_EVIDENCE,No strong lot-relative anomaly evidence detected.,PASS,0.0549,B_OK,All six parameters are predicted to stay within limits with margin.,Propagation_Delay_ns,ns,3.43935,3.52606,3.56386,,,5.5,UPPER,1.93614,0.9451,LOW,NOMINAL,False,Final decision is PASS because neither Module A nor Module B identified a reject or monitor condition.
C0870,L017,CMOS_C,PASS,PASS,0.2577994718282178,A_NO_STRONG_EVIDENCE,No strong lot-relative anomaly evidence detected.,PASS,0.2384,B_OK,All six parameters are predicted to stay within limits with margin.,Propagation_Delay_ns,ns,3.85443,3.87223,3.93968,,,5.5,UPPER,1.56032,0.7616,LOW,NOMINAL,False,Final decision is PASS because neither Module A nor Module B identified a reject or monitor condition.
C0871,L017,CMOS_C,PASS,PASS,0.2351162540042482,A_NO_STRONG_EVIDENCE,No strong lot-relative anomaly evidence detected.,PASS,0.0081,B_OK,All six parameters are predicted to stay within limits with margin.,Output_Rise_Time_ns,ns,1.67382,1.6832,1.72446,,,4.5,UPPER,2.77554,0.9919,LOW,NOMINAL,False,Final decision is PASS because neither Module A nor Module B identified a reject or monitor condition.
C0872,L017,CMOS_C,PASS,PASS,0.1260709238350549,A_NO_STRONG_EVIDENCE,No strong lot-relative anomaly evidence detected.,PASS,0.0274,B_OK,All six parameters are predicted to stay within limits with margin.,Propagation_Delay_ns,ns,3.41824,3.43266,3.50759,,,5.5,UPPER,1.99241,0.9726,LOW,NOMINAL,False,Final decision is PASS because neither Module A nor Module B identified a reject or monitor condition.
C0873,L017,CMOS_C,PASS,PASS,0.1687291825102491,A_NO_STRONG_EVIDENCE,No strong lot-relative anomaly evidence detected.,PASS,0.1808,B_OK,All six parameters are predicted to stay within limits with margin.,Supply_Current_ICC_uA,uA,293.592,300.509,309.07816,,,500.0,UPPER,190.92184,0.8192,LOW,NOMINAL,False,Final decision is PASS because neither Module A nor Module B identified a reject or monitor condition.
C0874,L017,CMOS_C,PASS,PASS,0.2206247279813627,A_NO_STRONG_EVIDENCE,No strong lot-relative anomaly evidence detected.,PASS,0.0784,B_OK,All six parameters are predicted to stay within limits with margin.,Propagation_Delay_ns,ns,3.57688,3.4849,3.61202,,,5.5,UPPER,1.88798,0.9216,LOW,NOMINAL,False,Final decision is PASS because neither Module A nor Module B identified a reject or monitor condition.
C0875,L017,CMOS_C,PASS,PASS,0.1497248976885015,A_NO_STRONG_EVIDENCE,No strong lot-relative anomaly evidence detected.,PASS,0.0476,B_OK,All six parameters are predicted to stay within limits with margin.,Output_Fall_Time_ns,ns,1.88034,1.85043,1.91335,,,4.5,UPPER,2.58665,0.9524,LOW,NOMINAL,False,Final decision is PASS because neither Module A nor Module B identified a reject or monitor condition.
C0876,L017,CMOS_C,PASS,PASS,0.1220362938683516,A_NO_STRONG_EVIDENCE,No strong lot-relative anomaly evidence detected.,PASS,0.1081,B_OK,All six parameters are predicted to stay within limits with margin.,Supply_Current_ICC_uA,uA,282.556,282.682,292.13877,,,500.0,UPPER,207.86123,0.8919,LOW,NOMINAL,False,Final decision is PASS because neither Module A nor Module B identified a reject or monitor condition.
C0877,L017,CMOS_C,PASS,PASS,0.2729502822068581,A_NO_STRONG_EVIDENCE,No strong lot-relative anomaly evidence detected.,PASS,0.0499,B_OK,All six parameters are predicted to stay within limits with margin.,Supply_Current_ICC_uA,uA,274.276,268.255,278.57204,,,500.0,UPPER,221.42796,0.9501,LOW,NOMINAL,False,Final decision is PASS because neither Module A nor Module B identified a reject or monitor condition.
C0878,L017,CMOS_C,PASS,PASS,0.2504314516342274,A_NO_STRONG_EVIDENCE,No strong lot-relative anomaly evidence detected.,PASS,0.1468,B_OK,All six parameters are predicted to stay within limits with margin.,Propagation_Delay_ns,ns,3.69666,3.64949,3.75219,,,5.5,UPPER,1.74781,0.8532,LOW,NOMINAL,False,Final decision is PASS because neither Module A nor Module B identified a reject or monitor condition.
C0879,L017,CMOS_C,MONITOR,MONITOR,0.3460629097980625,A_CROSS_SECTIONAL_EXTREME,Measurement is strongly unusual relative to the component's lot peers.,MONITOR,0.0027,B_UNCERTAIN_EXTRAPOLATION,"Predicted 168 h Propagation_Delay_ns is within limits, but the 0 h input lies outside the training envelope.",Propagation_Delay_ns,ns,3.05113,3.0754,3.15016,,,5.5,UPPER,2.34984,1.147,MEDIUM,LOW,True,Final decision is MONITOR because the Module B prediction involves extrapolation or uncertainty. The prediction should therefore be reviewed rather than treated as a confident PASS.
C0880,L017,CMOS_C,REJECT,REJECT,1.0,A_CROSS_TEMP_EXTREME,Strong lot-relative evidence in both measurement level and temporal change.,PASS,0.0543,B_OK,All six parameters are predicted to stay within limits with margin.,Supply_Current_ICC_uA,uA,263.983,272.273,279.60351,,,500.0,UPPER,220.39649,0.9457,HIGH,NOMINAL,False,Final decision is REJECT because at least one module identified a reject condition. Module A: Strong lot-relative evidence in both measurement level and temporal change. Module B: All six parameters are predicted to stay within limits with margin.
C0881,L017,CMOS_C,PASS,PASS,0.1648841762897959,A_NO_STRONG_EVIDENCE,No strong lot-relative anomaly evidence detected.,PASS,0.0883,B_OK,All six parameters are predicted to stay within limits with margin.,Supply_Current_ICC_uA,uA,275.641,278.88,287.53156,,,500.0,UPPER,212.46844,0.9117,LOW,NOMINAL,False,Final decision is PASS because neither Module A nor Module B identified a reject or monitor condition.
C0882,L017,CMOS_C,PASS,PASS,0.1730983058367539,A_NO_STRONG_EVIDENCE,No strong lot-relative anomaly evidence detected.,PASS,0.0812,B_OK,All six parameters are predicted to stay within limits with margin.,Propagation_Delay_ns,ns,3.5596,3.51415,3.61776,,,5.5,UPPER,1.88224,0.9188,LOW,NOMINAL,False,Final decision is PASS because neither Module A nor Module B identified a reject or monitor condition.
C0883,L017,CMOS_C,PASS,PASS,0.1542837611590978,A_NO_STRONG_EVIDENCE,No strong lot-relative anomaly evidence detected.,PASS,0.0728,B_OK,All six parameters are predicted to stay within limits with margin.,Supply_Current_ICC_uA,uA,271.856,275.455,283.91412,,,500.0,UPPER,216.08588,0.9272,LOW,NOMINAL,False,Final decision is PASS because neither Module A nor Module B identified a reject or monitor condition.
C0884,L017,CMOS_C,PASS,PASS,0.1675150217597444,A_NO_STRONG_EVIDENCE,No strong lot-relative anomaly evidence detected.,PASS,0.0213,B_OK,All six parameters are predicted to stay within limits with margin.,Output_Rise_Time_ns,ns,1.68469,1.71903,1.76117,,,4.5,UPPER,2.73883,0.9787,LOW,NOMINAL,False,Final decision is PASS because neither Module A nor Module B identified a reject or monitor condition.
C0885,L017,CMOS_C,PASS,PASS,0.2174651241760753,A_NO_STRONG_EVIDENCE,No strong lot-relative anomaly evidence detected.,PASS,0.0902,B_OK,All six parameters are predicted to stay within limits with margin.,Supply_Current_ICC_uA,uA,277.59,278.887,287.9622,,,500.0,UPPER,212.0378,0.9098,LOW,NOMINAL,False,Final decision is PASS because neither Module A nor Module B identified a reject or monitor condition.
C0886,L017,CMOS_C,PASS,PASS,0.228407421567428,A_NO_STRONG_EVIDENCE,No strong lot-relative anomaly evidence detected.,PASS,0.0688,B_OK,All six parameters are predicted to stay within limits with margin.,Propagation_Delay_ns,ns,3.52162,3.50068,3.59228,,,5.5,UPPER,1.90772,0.9312,LOW,NOMINAL,False,Final decision is PASS because neither Module A nor Module B identified a reject or monitor condition.
C0887,L018,CMOS_C,PASS,PASS,0.1060134166706094,A_NO_STRONG_EVIDENCE,No strong lot-relative anomaly evidence detected.,PASS,0.0899,B_OK,All six parameters are predicted to stay within limits with margin.,Supply_Current_ICC_uA,uA,272.931,278.189,286.37762,,,500.0,UPPER,213.62238,0.9101,LOW,NOMINAL,False,Final decision is PASS because neither Module A nor Module B identified a reject or monitor condition.
C0888,L018,CMOS_C,PASS,PASS,0.1624936896559628,A_NO_STRONG_EVIDENCE,No strong lot-relative anomaly evidence detected.,PASS,0.0873,B_OK,All six parameters are predicted to stay within limits with margin.,Supply_Current_ICC_uA,uA,270.747,278.021,285.76448,,,500.0,UPPER,214.23552,0.9127,LOW,NOMINAL,False,Final decision is PASS because neither Module A nor Module B identified a reject or monitor condition.
C0889,L018,CMOS_C,PASS,PASS,0.1535885309503953,A_NO_STRONG_EVIDENCE,No strong lot-relative anomaly evidence detected.,PASS,0.0209,B_OK,All six parameters are predicted to stay within limits with margin.,Output_Rise_Time_ns,ns,1.68026,1.72173,1.76393,,,4.5,UPPER,2.73607,0.9791,LOW,NOMINAL,False,Final decision is PASS because neither Module A nor Module B identified a reject or monitor condition.
C0890,L018,CMOS_C,MONITOR,MONITOR,0.3083107036795908,A_TEMPORAL_EXTREME,Temporal change is strongly unusual relative to the component's lot peers.,PASS,0.1019,B_OK,All six parameters are predicted to stay within limits with margin.,Supply_Current_ICC_uA,uA,274.332,281.265,289.19075,,,500.0,UPPER,210.80925,0.8981,MEDIUM,NOMINAL,False,Final decision is MONITOR because at least one module identified a condition requiring attention. Module A: Temporal change is strongly unusual relative to the component's lot peers. Module B: All six parameters are predicted to stay within limits with margin.
C0891,L018,CMOS_C,PASS,PASS,0.1811154317620653,A_NO_STRONG_EVIDENCE,No strong lot-relative anomaly evidence detected.,PASS,0.0252,B_OK,All six parameters are predicted to stay within limits with margin.,Propagation_Delay_ns,ns,3.47409,3.43306,3.5343,,,5.5,UPPER,1.9657,0.9748,LOW,NOMINAL,False,Final decision is PASS because neither Module A nor Module B identified a reject or monitor condition.
C0892,L018,CMOS_C,PASS,PASS,0.2471009240443774,A_NO_STRONG_EVIDENCE,No strong lot-relative anomaly evidence detected.,PASS,0.0432,B_OK,All six parameters are predicted to stay within limits with margin.,Supply_Current_ICC_uA,uA,267.36,266.229,275.41271,,,500.0,UPPER,224.58729,0.9568,LOW,NOMINAL,False,Final decision is PASS because neither Module A nor Module B identified a reject or monitor condition.
C0893,L018,CMOS_C,PASS,PASS,0.2074104292545985,A_NO_STRONG_EVIDENCE,No strong lot-relative anomaly evidence detected.,PASS,0.0101,B_OK,All six parameters are predicted to stay within limits with margin.,Output_Fall_Time_ns,ns,1.69248,1.67583,1.73739,,,4.5,UPPER,2.76261,0.9899,LOW,NOMINAL,False,Final decision is PASS because neither Module A nor Module B identified a reject or monitor condition.
C0894,L018,CMOS_C,PASS,PASS,0.1765406248716993,A_NO_STRONG_EVIDENCE,No strong lot-relative anomaly evidence detected.,PASS,0.001,B_OK,All six parameters are predicted to stay within limits with margin.,Input_Leakage_Current_uA,uA,0.18088,0.19143,0.20102,,,20.0,UPPER,19.79898,0.999,LOW,NOMINAL,False,Final decision is PASS because neither Module A nor Module B identified a reject or monitor condition.
C0895,L018,CMOS_C,PASS,PASS,0.150140880923037,A_NO_STRONG_EVIDENCE,No strong lot-relative anomaly evidence detected.,PASS,0.0517,B_OK,All six parameters are predicted to stay within limits with margin.,Propagation_Delay_ns,ns,3.49367,3.522,3.58761,,,5.5,UPPER,1.91239,0.9483,LOW,NOMINAL,False,Final decision is PASS because neither Module A nor Module B identified a reject or monitor condition.
C0896,L018,CMOS_C,PASS,PASS,0.2527444132865858,A_NO_STRONG_EVIDENCE,No strong lot-relative anomaly evidence detected.,PASS,0.0757,B_OK,All six parameters are predicted to stay within limits with margin.,Supply_Current_ICC_uA,uA,265.279,276.14,283.03884,,,500.0,UPPER,216.96116,0.9243,LOW,NOMINAL,False,Final decision is PASS because neither Module A nor Module B identified a reject or monitor condition.
C0897,L018,CMOS_C,PASS,PASS,0.2663327401876331,A_NO_STRONG_EVIDENCE,No strong lot-relative anomaly evidence detected.,PASS,0.0779,B_OK,All six parameters are predicted to stay within limits with margin.,Supply_Current_ICC_uA,uA,273.068,274.699,283.5623,,,500.0,UPPER,216.4377,0.9221,LOW,NOMINAL,False,Final decision is PASS because neither Module A nor Module B identified a reject or monitor condition.
C0898,L018,CMOS_C,PASS,PASS,0.2066483283381938,A_NO_STRONG_EVIDENCE,No strong lot-relative anomaly evidence detected.,PASS,0.107,B_OK,All six parameters are predicted to stay within limits with margin.,Supply_Current_ICC_uA,uA,284.082,280.146,290.40432,,,500.0,UPPER,209.59568,0.893,LOW,NOMINAL,False,Final decision is PASS because neither Module A nor Module B identified a reject or monitor condition.
C0899,L018,CMOS_C,PASS,PASS,0.1806462207989515,A_NO_STRONG_EVIDENCE,No strong lot-relative anomaly evidence detected.,PASS,0.0424,B_OK,All six parameters are predicted to stay within limits with margin.,Propagation_Delay_ns,ns,3.52445,3.45282,3.56899,,,5.5,UPPER,1.93101,0.9576,LOW,NOMINAL,False,Final decision is PASS because neither Module A nor Module B identified a reject or monitor condition.
C0900,L018,CMOS_C,PASS,PASS,0.2077799443238538,A_NO_STRONG_EVIDENCE,No strong lot-relative anomaly evidence detected.,PASS,0.04,B_OK,All six parameters are predicted to stay within limits with margin.,Supply_Current_ICC_uA,uA,259.765,267.343,274.66497,,,500.0,UPPER,225.33503,0.96,LOW,NOMINAL,False,Final decision is PASS because neither Module A nor Module B identified a reject or monitor condition.
C0901,L018,CMOS_C,PASS,PASS,0.2125134653771178,A_NO_STRONG_EVIDENCE,No strong lot-relative anomaly evidence detected.,PASS,0.0954,B_OK,All six parameters are predicted to stay within limits with margin.,Supply_Current_ICC_uA,uA,277.954,278.436,287.67415,,,500.0,UPPER,212.32585,0.9046,LOW,NOMINAL,False,Final decision is PASS because neither Module A nor Module B identified a reject or monitor condition.
C0902,L018,CMOS_C,PASS,PASS,0.1958955771001585,A_NO_STRONG_EVIDENCE,No strong lot-relative anomaly evidence detected.,PASS,0.0583,B_OK,All six parameters are predicted to stay within limits with margin.,Output_Fall_Time_ns,ns,1.82148,1.81518,1.87204,,,4.5,UPPER,2.62796,0.9417,LOW,NOMINAL,False,Final decision is PASS because neither Module A nor Module B identified a reject or monitor condition.
C0903,L018,CMOS_C,PASS,PASS,0.2918052278637245,A_NO_STRONG_EVIDENCE,No strong lot-relative anomaly evidence detected.,PASS,0.1551,B_OK,All six parameters are predicted to stay within limits with margin.,Propagation_Delay_ns,ns,3.68846,3.75027,3.79613,,,5.5,UPPER,1.70387,0.8449,LOW,NOMINAL,False,Final decision is PASS because neither Module A nor Module B identified a reject or monitor condition.
C0904,L018,CMOS_C,PASS,PASS,0.239194662985797,A_NO_STRONG_EVIDENCE,No strong lot-relative anomaly evidence detected.,PASS,0.1658,B_OK,All six parameters are predicted to stay within limits with margin.,Supply_Current_ICC_uA,uA,298.126,293.321,304.20714,,,500.0,UPPER,195.79286,0.8342,LOW,NOMINAL,False,Final decision is PASS because neither Module A nor Module B identified a reject or monitor condition.
C0905,L018,CMOS_C,PASS,PASS,0.2107031135613684,A_NO_STRONG_EVIDENCE,No strong lot-relative anomaly evidence detected.,PASS,0.0499,B_OK,All six parameters are predicted to stay within limits with margin.,Propagation_Delay_ns,ns,3.4834,3.52512,3.58404,,,5.5,UPPER,1.91596,0.9501,LOW,NOMINAL,False,Final decision is PASS because neither Module A nor Module B identified a reject or monitor condition.
C0906,L018,CMOS_C,PASS,PASS,0.2766780645829825,A_NO_STRONG_EVIDENCE,No strong lot-relative anomaly evidence detected.,PASS,0.0947,B_OK,All six parameters are predicted to stay within limits with margin.,Propagation_Delay_ns,ns,3.5934,3.59785,3.67428,,,5.5,UPPER,1.82572,0.9053,LOW,NOMINAL,False,Final decision is PASS because neither Module A nor Module B identified a reject or monitor condition.
C0907,L018,CMOS_C,PASS,PASS,0.2679585608517779,A_NO_STRONG_EVIDENCE,No strong lot-relative anomaly evidence detected.,PASS,0.0234,B_OK,All six parameters are predicted to stay within limits with margin.,Output_Rise_Time_ns,ns,1.6641,1.72841,1.77078,,,4.5,UPPER,2.72922,0.9766,LOW,NOMINAL,False,Final decision is PASS because neither Module A nor Module B identified a reject or monitor condition.
C0908,L018,CMOS_C,REJECT,REJECT,1.0,A_CROSS_TEMP_EXTREME,Strong lot-relative evidence in both measurement level and temporal change.,PASS,0.128,B_OK,All six parameters are predicted to stay within limits with margin.,Propagation_Delay_ns,ns,3.54518,3.78414,3.7416,,,5.5,UPPER,1.7584,0.872,HIGH,NOMINAL,False,Final decision is REJECT because at least one module identified a reject condition. Module A: Strong lot-relative evidence in both measurement level and temporal change. Module B: All six parameters are predicted to stay within limits with margin.
C0909,L018,CMOS_C,REJECT,REJECT,0.4594159786346242,A_CROSS_SECTIONAL_EXTREME,Measurement is strongly unusual relative to the component's lot peers.,PASS,0.2089,B_OK,All six parameters are predicted to stay within limits with margin.,Supply_Current_ICC_uA,uA,295.74,306.347,314.3061,,,500.0,UPPER,185.6939,0.7911,HIGH,NOMINAL,False,Final decision is REJECT because at least one module identified a reject condition. Module A: Measurement is strongly unusual relative to the component's lot peers. Module B: All six parameters are predicted to stay within limits with margin.
C0910,L018,CMOS_C,PASS,PASS,0.2761697527062756,A_NO_STRONG_EVIDENCE,No strong lot-relative anomaly evidence detected.,PASS,0.0864,B_OK,All six parameters are predicted to stay within limits with margin.,Propagation_Delay_ns,ns,3.52329,3.63482,3.65759,,,5.5,UPPER,1.84241,0.9136,LOW,NOMINAL,False,Final decision is PASS because neither Module A nor Module B identified a reject or monitor condition.
C0911,L018,CMOS_C,PASS,PASS,0.1959309584372846,A_NO_STRONG_EVIDENCE,No strong lot-relative anomaly evidence detected.,PASS,0.004,B_OK,All six parameters are predicted to stay within limits with margin.,IDDQ_uA,uA,1.08445,1.08624,1.13501,,,40.0,UPPER,38.86499,0.996,LOW,NOMINAL,False,Final decision is PASS because neither Module A nor Module B identified a reject or monitor condition.
C0912,L018,CMOS_C,MONITOR,MONITOR,0.3378318934421898,A_TEMPORAL_EXTREME,Temporal change is strongly unusual relative to the component's lot peers.,PASS,0.0302,B_OK,All six parameters are predicted to stay within limits with margin.,Output_Rise_Time_ns,ns,1.76015,1.74713,1.78995,,,4.5,UPPER,2.71005,0.9698,MEDIUM,NOMINAL,False,Final decision is MONITOR because at least one module identified a condition requiring attention. Module A: Temporal change is strongly unusual relative to the component's lot peers. Module B: All six parameters are predicted to stay within limits with margin.
C0913,L018,CMOS_C,PASS,PASS,0.2140775019208347,A_NO_STRONG_EVIDENCE,No strong lot-relative anomaly evidence detected.,PASS,0.1244,B_OK,All six parameters are predicted to stay within limits with margin.,Propagation_Delay_ns,ns,3.67439,3.63803,3.73419,,,5.5,UPPER,1.76581,0.8756,LOW,NOMINAL,False,Final decision is PASS because neither Module A nor Module B identified a reject or monitor condition.
C0914,L018,CMOS_C,PASS,PASS,0.2275653825482832,A_NO_STRONG_EVIDENCE,No strong lot-relative anomaly evidence detected.,PASS,0.07,B_OK,All six parameters are predicted to stay within limits with margin.,Propagation_Delay_ns,ns,3.5282,3.56256,3.62462,,,5.5,UPPER,1.87538,0.93,LOW,NOMINAL,False,Final decision is PASS because neither Module A nor Module B identified a reject or monitor condition.
C0915,L018,CMOS_C,PASS,PASS,0.1068620125902362,A_NO_STRONG_EVIDENCE,No strong lot-relative anomaly evidence detected.,PASS,0.0639,B_OK,All six parameters are predicted to stay within limits with margin.,Supply_Current_ICC_uA,uA,270.228,271.433,280.28053,,,500.0,UPPER,219.71947,0.9361,LOW,NOMINAL,False,Final decision is PASS because neither Module A nor Module B identified a reject or monitor condition.
C0916,L018,CMOS_C,PASS,PASS,0.2822090799909401,A_NO_STRONG_EVIDENCE,No strong lot-relative anomaly evidence detected.,PASS,0.2201,B_OK,All six parameters are predicted to stay within limits with margin.,Supply_Current_ICC_uA,uA,308.408,306.181,316.93289,,,500.0,UPPER,183.06711,0.7799,LOW,NOMINAL,False,Final decision is PASS because neither Module A nor Module B identified a reject or monitor condition.
C0917,L018,CMOS_C,PASS,PASS,0.1297220126549438,A_NO_STRONG_EVIDENCE,No strong lot-relative anomaly evidence detected.,PASS,0.0384,B_OK,All six parameters are predicted to stay within limits with margin.,Supply_Current_ICC_uA,uA,267.647,264.782,274.29563,,,500.0,UPPER,225.70437,0.9616,LOW,NOMINAL,False,Final decision is PASS because neither Module A nor Module B identified a reject or monitor condition.
C0918,L018,CMOS_C,PASS,PASS,0.1706156811051457,A_NO_STRONG_EVIDENCE,No strong lot-relative anomaly evidence detected.,PASS,0.1314,B_OK,All six parameters are predicted to stay within limits with margin.,Propagation_Delay_ns,ns,3.63014,3.71173,3.74829,,,5.5,UPPER,1.75171,0.8686,LOW,NOMINAL,False,Final decision is PASS because neither Module A nor Module B identified a reject or monitor condition.
C0919,L018,CMOS_C,PASS,PASS,0.2530905211110871,A_NO_STRONG_EVIDENCE,No strong lot-relative anomaly evidence detected.,PASS,0.1545,B_OK,All six parameters are predicted to stay within limits with margin.,Propagation_Delay_ns,ns,3.72156,3.71433,3.79499,,,5.5,UPPER,1.70501,0.8455,LOW,NOMINAL,False,Final decision is PASS because neither Module A nor Module B identified a reject or monitor condition.
C0920,L018,CMOS_C,PASS,PASS,0.1488180771343742,A_NO_STRONG_EVIDENCE,No strong lot-relative anomaly evidence detected.,PASS,0.0007,B_OK,All six parameters are predicted to stay within limits with margin.,IDDQ_uA,uA,0.94273,0.94167,1.00663,,,40.0,UPPER,38.99337,0.9993,LOW,NOMINAL,False,Final decision is PASS because neither Module A nor Module B identified a reject or monitor condition.
C0921,L018,CMOS_C,PASS,PASS,0.2553223654906553,A_NO_STRONG_EVIDENCE,No strong lot-relative anomaly evidence detected.,PASS,0.2143,B_OK,All six parameters are predicted to stay within limits with margin.,Supply_Current_ICC_uA,uA,304.299,305.633,315.59021,,,500.0,UPPER,184.40979,0.7857,LOW,NOMINAL,False,Final decision is PASS because neither Module A nor Module B identified a reject or monitor condition.
C0922,L018,CMOS_C,REJECT,REJECT,1.0,A_CROSS_TEMP_EXTREME,Strong lot-relative evidence in both measurement level and temporal change.,REJECT,1.0,B_LIMIT_CROSS_PREDICTED,Predicted 168 h Supply_Current_ICC_uA of 564.934 uA exceeds the 500.0 uA limit for CMOS_C.,Supply_Current_ICC_uA,uA,538.77,548.779,564.93373,,,500.0,UPPER,-64.93373,-0.2766,HIGH,LOW,True,Final decision is REJECT because at least one module identified a reject condition. Module A: Strong lot-relative evidence in both measurement level and temporal change. Module B: Predicted 168 h Supply_Current_ICC_uA of 564.934 uA exceeds the 500.0 uA limit for CMOS_C.
C0923,L018,CMOS_C,PASS,PASS,0.2960598778098867,A_NO_STRONG_EVIDENCE,No strong lot-relative anomaly evidence detected.,PASS,0.1399,B_OK,All six parameters are predicted to stay within limits with margin.,Propagation_Delay_ns,ns,3.69976,3.67625,3.76551,,,5.5,UPPER,1.73449,0.8601,LOW,NOMINAL,False,Final decision is PASS because neither Module A nor Module B identified a reject or monitor condition.
C0924,L018,CMOS_C,PASS,PASS,0.200464547325023,A_NO_STRONG_EVIDENCE,No strong lot-relative anomaly evidence detected.,PASS,0.1749,B_OK,All six parameters are predicted to stay within limits with margin.,Supply_Current_ICC_uA,uA,291.796,297.632,306.34142,,,500.0,UPPER,193.65858,0.8251,LOW,NOMINAL,False,Final decision is PASS because neither Module A nor Module B identified a reject or monitor condition.
C0925,L018,CMOS_C,PASS,PASS,0.2349045460127907,A_NO_STRONG_EVIDENCE,No strong lot-relative anomaly evidence detected.,PASS,0.0559,B_OK,All six parameters are predicted to stay within limits with margin.,Propagation_Delay_ns,ns,3.49324,3.53993,3.59618,,,5.5,UPPER,1.90382,0.9441,LOW,NOMINAL,False,Final decision is PASS because neither Module A nor Module B identified a reject or monitor condition.
C0926,L018,CMOS_C,PASS,PASS,0.1911163724839434,A_NO_STRONG_EVIDENCE,No strong lot-relative anomaly evidence detected.,PASS,0.2001,B_OK,All six parameters are predicted to stay within limits with margin.,Propagation_Delay_ns,ns,3.77218,3.85077,3.88691,,,5.5,UPPER,1.61309,0.7999,LOW,NOMINAL,False,Final decision is PASS because neither Module A nor Module B identified a reject or monitor condition.
C0927,L018,CMOS_C,PASS,PASS,0.2266948954732495,A_NO_STRONG_EVIDENCE,No strong lot-relative anomaly evidence detected.,PASS,0.027,B_OK,All six parameters are predicted to stay within limits with margin.,Propagation_Delay_ns,ns,3.42167,3.49342,3.53788,,,5.5,UPPER,1.96212,0.973,LOW,NOMINAL,False,Final decision is PASS because neither Module A nor Module B identified a reject or monitor condition.
C0928,L018,CMOS_C,PASS,PASS,0.2803535504607062,A_NO_STRONG_EVIDENCE,No strong lot-relative anomaly evidence detected.,PASS,0.0555,B_OK,All six parameters are predicted to stay within limits with margin.,Supply_Current_ICC_uA,uA,267.929,269.619,278.30043,,,500.0,UPPER,221.69957,0.9445,LOW,NOMINAL,False,Final decision is PASS because neither Module A nor Module B identified a reject or monitor condition.
C0929,L018,CMOS_C,PASS,PASS,0.2447791007184356,A_NO_STRONG_EVIDENCE,No strong lot-relative anomaly evidence detected.,PASS,0.1814,B_OK,All six parameters are predicted to stay within limits with margin.,Propagation_Delay_ns,ns,3.78119,3.76461,3.84924,,,5.5,UPPER,1.65076,0.8186,LOW,NOMINAL,False,Final decision is PASS because neither Module A nor Module B identified a reject or monitor condition.
C0930,L018,CMOS_C,PASS,PASS,0.1366786183257786,A_NO_STRONG_EVIDENCE,No strong lot-relative anomaly evidence detected.,PASS,0.039,B_OK,All six parameters are predicted to stay within limits with margin.,Output_Fall_Time_ns,ns,1.74099,1.78411,1.8181,,,4.5,UPPER,2.6819,0.961,LOW,NOMINAL,False,Final decision is PASS because neither Module A nor Module B identified a reject or monitor condition.
C0931,L018,CMOS_C,PASS,PASS,0.1591246336288831,A_NO_STRONG_EVIDENCE,No strong lot-relative anomaly evidence detected.,PASS,0.1619,B_OK,All six parameters are predicted to stay within limits with margin.,Propagation_Delay_ns,ns,3.74291,3.7231,3.80989,,,5.5,UPPER,1.69011,0.8381,LOW,NOMINAL,False,Final decision is PASS because neither Module A nor Module B identified a reject or monitor condition.
C0932,L018,CMOS_C,PASS,PASS,0.2641200761539156,A_NO_STRONG_EVIDENCE,No strong lot-relative anomaly evidence detected.,PASS,0.1384,B_OK,All six parameters are predicted to stay within limits with margin.,Propagation_Delay_ns,ns,3.71912,3.65033,3.76245,,,5.5,UPPER,1.73755,0.8616,LOW,NOMINAL,False,Final decision is PASS because neither Module A nor Module B identified a reject or monitor condition.
C0933,L018,CMOS_C,PASS,PASS,0.1604162553679851,A_NO_STRONG_EVIDENCE,No strong lot-relative anomaly evidence detected.,PASS,0.076,B_OK,All six parameters are predicted to stay within limits with margin.,Supply_Current_ICC_uA,uA,274.537,273.759,283.11627,,,500.0,UPPER,216.88373,0.924,LOW,NOMINAL,False,Final decision is PASS because neither Module A nor Module B identified a reject or monitor condition.
