component_id,lot_id,device_variant,parameter,unit,value_0h,value_24h,pred_168h,pred_168h_lo,pred_168h_hi,interval_method,interval_coverage,drift_abs,drift_pct,lot_median_0h,lot_median_24h,lot_iqr_0h,lot_median_pred_168h,spec_limit,limit_direction,limit_basis,headroom_abs,headroom_frac,margin_frac_used,margin_basis,disposition_B_param,reason_code_param,extrapolation_flag,model_name,model_version,contract_version,train_data_version
C0218,L005,CMOS_A,IDDQ_uA,uA,1.39895,1.44141,1.62688,,,NONE,,0.22793,16.293,2.07587,2.09863,0.30656,2.20062,40.0,UPPER,CALIBRATED_PROXY,38.37312,1.0118,0.2,TEAM_PLACEHOLDER_v0_UNVALIDATED,PASS,B_OK,False,GradBoost,b1-v0.3,b1-contract-0.6,SIH26170-MOCK-02
C0219,L005,CMOS_A,IDDQ_uA,uA,1.9109,1.95221,2.005,,,NONE,,0.0941,4.925,2.07587,2.09863,0.30656,2.20062,40.0,UPPER,CALIBRATED_PROXY,37.995,1.0019,0.2,TEAM_PLACEHOLDER_v0_UNVALIDATED,PASS,B_OK,False,GradBoost,b1-v0.3,b1-contract-0.6,SIH26170-MOCK-02
C0220,L005,CMOS_A,IDDQ_uA,uA,2.14513,2.09773,2.27102,,,NONE,,0.12589,5.869,2.07587,2.09863,0.30656,2.20062,40.0,UPPER,CALIBRATED_PROXY,37.72898,0.9949,0.2,TEAM_PLACEHOLDER_v0_UNVALIDATED,PASS,B_OK,False,GradBoost,b1-v0.3,b1-contract-0.6,SIH26170-MOCK-02
C0221,L005,CMOS_A,IDDQ_uA,uA,1.9236,1.95347,2.05872,,,NONE,,0.13512,7.024,2.07587,2.09863,0.30656,2.20062,40.0,UPPER,CALIBRATED_PROXY,37.94128,1.0005,0.2,TEAM_PLACEHOLDER_v0_UNVALIDATED,PASS,B_OK,False,GradBoost,b1-v0.3,b1-contract-0.6,SIH26170-MOCK-02
C0222,L005,CMOS_A,IDDQ_uA,uA,1.91865,1.83623,1.91875,,,NONE,,0.0001,0.005,2.07587,2.09863,0.30656,2.20062,40.0,UPPER,CALIBRATED_PROXY,38.08125,1.0041,0.2,TEAM_PLACEHOLDER_v0_UNVALIDATED,PASS,B_OK,False,GradBoost,b1-v0.3,b1-contract-0.6,SIH26170-MOCK-02
C0223,L005,CMOS_A,IDDQ_uA,uA,2.23162,2.2916,2.39956,,,NONE,,0.16794,7.526,2.07587,2.09863,0.30656,2.20062,40.0,UPPER,CALIBRATED_PROXY,37.60044,0.9915,0.2,TEAM_PLACEHOLDER_v0_UNVALIDATED,PASS,B_OK,False,GradBoost,b1-v0.3,b1-contract-0.6,SIH26170-MOCK-02
C0224,L005,CMOS_A,IDDQ_uA,uA,2.20287,2.21234,2.33085,,,NONE,,0.12798,5.81,2.07587,2.09863,0.30656,2.20062,40.0,UPPER,CALIBRATED_PROXY,37.66915,0.9933,0.2,TEAM_PLACEHOLDER_v0_UNVALIDATED,PASS,B_OK,False,GradBoost,b1-v0.3,b1-contract-0.6,SIH26170-MOCK-02
C0225,L005,CMOS_A,IDDQ_uA,uA,2.09127,2.11242,2.20216,,,NONE,,0.11089,5.303,2.07587,2.09863,0.30656,2.20062,40.0,UPPER,CALIBRATED_PROXY,37.79784,0.9967,0.2,TEAM_PLACEHOLDER_v0_UNVALIDATED,PASS,B_OK,False,GradBoost,b1-v0.3,b1-contract-0.6,SIH26170-MOCK-02
C0226,L005,CMOS_A,IDDQ_uA,uA,1.79223,1.84759,1.88345,,,NONE,,0.09122,5.089,2.07587,2.09863,0.30656,2.20062,40.0,UPPER,CALIBRATED_PROXY,38.11655,1.0051,0.2,TEAM_PLACEHOLDER_v0_UNVALIDATED,PASS,B_OK,False,GradBoost,b1-v0.3,b1-contract-0.6,SIH26170-MOCK-02
C0227,L005,CMOS_A,IDDQ_uA,uA,2.46465,2.41828,2.59325,,,NONE,,0.1286,5.218,2.07587,2.09863,0.30656,2.20062,40.0,UPPER,CALIBRATED_PROXY,37.40675,0.9864,0.2,TEAM_PLACEHOLDER_v0_UNVALIDATED,PASS,B_OK,False,GradBoost,b1-v0.3,b1-contract-0.6,SIH26170-MOCK-02
C0228,L005,CMOS_A,IDDQ_uA,uA,1.85619,1.85607,1.97273,,,NONE,,0.11654,6.278,2.07587,2.09863,0.30656,2.20062,40.0,UPPER,CALIBRATED_PROXY,38.02727,1.0027,0.2,TEAM_PLACEHOLDER_v0_UNVALIDATED,PASS,B_OK,False,GradBoost,b1-v0.3,b1-contract-0.6,SIH26170-MOCK-02
C0229,L005,CMOS_A,IDDQ_uA,uA,2.25373,2.327,2.39811,,,NONE,,0.14438,6.406,2.07587,2.09863,0.30656,2.20062,40.0,UPPER,CALIBRATED_PROXY,37.60189,0.9915,0.2,TEAM_PLACEHOLDER_v0_UNVALIDATED,PASS,B_OK,False,GradBoost,b1-v0.3,b1-contract-0.6,SIH26170-MOCK-02
C0230,L005,CMOS_A,IDDQ_uA,uA,2.10233,2.09709,2.21749,,,NONE,,0.11516,5.478,2.07587,2.09863,0.30656,2.20062,40.0,UPPER,CALIBRATED_PROXY,37.78251,0.9963,0.2,TEAM_PLACEHOLDER_v0_UNVALIDATED,PASS,B_OK,False,GradBoost,b1-v0.3,b1-contract-0.6,SIH26170-MOCK-02
C0231,L005,CMOS_A,IDDQ_uA,uA,2.30293,2.25992,2.4112,,,NONE,,0.10827,4.701,2.07587,2.09863,0.30656,2.20062,40.0,UPPER,CALIBRATED_PROXY,37.5888,0.9912,0.2,TEAM_PLACEHOLDER_v0_UNVALIDATED,PASS,B_OK,False,GradBoost,b1-v0.3,b1-contract-0.6,SIH26170-MOCK-02
C0232,L005,CMOS_A,IDDQ_uA,uA,1.74301,1.72105,1.76198,,,NONE,,0.01897,1.088,2.07587,2.09863,0.30656,2.20062,40.0,UPPER,CALIBRATED_PROXY,38.23802,1.0083,0.2,TEAM_PLACEHOLDER_v0_UNVALIDATED,PASS,B_OK,False,GradBoost,b1-v0.3,b1-contract-0.6,SIH26170-MOCK-02
C0233,L005,CMOS_A,IDDQ_uA,uA,1.93689,1.94301,2.02207,,,NONE,,0.08518,4.398,2.07587,2.09863,0.30656,2.20062,40.0,UPPER,CALIBRATED_PROXY,37.97793,1.0014,0.2,TEAM_PLACEHOLDER_v0_UNVALIDATED,PASS,B_OK,False,GradBoost,b1-v0.3,b1-contract-0.6,SIH26170-MOCK-02
C0234,L005,CMOS_A,IDDQ_uA,uA,2.03566,2.04456,2.06862,,,NONE,,0.03296,1.619,2.07587,2.09863,0.30656,2.20062,40.0,UPPER,CALIBRATED_PROXY,37.93138,1.0002,0.2,TEAM_PLACEHOLDER_v0_UNVALIDATED,PASS,B_OK,False,GradBoost,b1-v0.3,b1-contract-0.6,SIH26170-MOCK-02
C0235,L005,CMOS_A,IDDQ_uA,uA,2.30885,2.37425,2.46737,,,NONE,,0.15852,6.866,2.07587,2.09863,0.30656,2.20062,40.0,UPPER,CALIBRATED_PROXY,37.53263,0.9897,0.2,TEAM_PLACEHOLDER_v0_UNVALIDATED,PASS,B_OK,False,GradBoost,b1-v0.3,b1-contract-0.6,SIH26170-MOCK-02
C0236,L005,CMOS_A,IDDQ_uA,uA,2.15778,2.11714,2.3134,,,NONE,,0.15562,7.212,2.07587,2.09863,0.30656,2.20062,40.0,UPPER,CALIBRATED_PROXY,37.6866,0.9937,0.2,TEAM_PLACEHOLDER_v0_UNVALIDATED,PASS,B_OK,False,GradBoost,b1-v0.3,b1-contract-0.6,SIH26170-MOCK-02
C0237,L005,CMOS_A,IDDQ_uA,uA,2.07686,2.11297,2.2008,,,NONE,,0.12394,5.968,2.07587,2.09863,0.30656,2.20062,40.0,UPPER,CALIBRATED_PROXY,37.7992,0.9967,0.2,TEAM_PLACEHOLDER_v0_UNVALIDATED,PASS,B_OK,False,GradBoost,b1-v0.3,b1-contract-0.6,SIH26170-MOCK-02
C0238,L005,CMOS_A,IDDQ_uA,uA,1.95311,1.96546,1.99556,,,NONE,,0.04245,2.174,2.07587,2.09863,0.30656,2.20062,40.0,UPPER,CALIBRATED_PROXY,38.00444,1.0021,0.2,TEAM_PLACEHOLDER_v0_UNVALIDATED,PASS,B_OK,False,GradBoost,b1-v0.3,b1-contract-0.6,SIH26170-MOCK-02
C0239,L005,CMOS_A,IDDQ_uA,uA,2.06047,2.0127,2.08542,,,NONE,,0.02495,1.211,2.07587,2.09863,0.30656,2.20062,40.0,UPPER,CALIBRATED_PROXY,37.91458,0.9997,0.2,TEAM_PLACEHOLDER_v0_UNVALIDATED,PASS,B_OK,False,GradBoost,b1-v0.3,b1-contract-0.6,SIH26170-MOCK-02
C0240,L005,CMOS_A,IDDQ_uA,uA,2.0321,1.99805,2.05474,,,NONE,,0.02264,1.114,2.07587,2.09863,0.30656,2.20062,40.0,UPPER,CALIBRATED_PROXY,37.94526,1.0006,0.2,TEAM_PLACEHOLDER_v0_UNVALIDATED,PASS,B_OK,False,GradBoost,b1-v0.3,b1-contract-0.6,SIH26170-MOCK-02
C0241,L005,CMOS_A,IDDQ_uA,uA,2.07487,2.13546,2.176,,,NONE,,0.10113,4.874,2.07587,2.09863,0.30656,2.20062,40.0,UPPER,CALIBRATED_PROXY,37.824,0.9974,0.2,TEAM_PLACEHOLDER_v0_UNVALIDATED,PASS,B_OK,False,GradBoost,b1-v0.3,b1-contract-0.6,SIH26170-MOCK-02
C0242,L005,CMOS_A,IDDQ_uA,uA,1.90926,1.9068,1.94469,,,NONE,,0.03543,1.856,2.07587,2.09863,0.30656,2.20062,40.0,UPPER,CALIBRATED_PROXY,38.05531,1.0035,0.2,TEAM_PLACEHOLDER_v0_UNVALIDATED,PASS,B_OK,False,GradBoost,b1-v0.3,b1-contract-0.6,SIH26170-MOCK-02
C0243,L005,CMOS_A,IDDQ_uA,uA,2.69905,2.67989,2.67461,,,NONE,,-0.02444,-0.906,2.07587,2.09863,0.30656,2.20062,40.0,UPPER,CALIBRATED_PROXY,37.32539,0.9842,0.2,TEAM_PLACEHOLDER_v0_UNVALIDATED,PASS,B_OK,False,GradBoost,b1-v0.3,b1-contract-0.6,SIH26170-MOCK-02
C0244,L005,CMOS_A,IDDQ_uA,uA,2.00475,2.05353,2.05468,,,NONE,,0.04993,2.49,2.07587,2.09863,0.30656,2.20062,40.0,UPPER,CALIBRATED_PROXY,37.94532,1.0006,0.2,TEAM_PLACEHOLDER_v0_UNVALIDATED,PASS,B_OK,False,GradBoost,b1-v0.3,b1-contract-0.6,SIH26170-MOCK-02
C0245,L005,CMOS_A,IDDQ_uA,uA,2.01393,2.008,2.06699,,,NONE,,0.05306,2.634,2.07587,2.09863,0.30656,2.20062,40.0,UPPER,CALIBRATED_PROXY,37.93301,1.0002,0.2,TEAM_PLACEHOLDER_v0_UNVALIDATED,PASS,B_OK,False,GradBoost,b1-v0.3,b1-contract-0.6,SIH26170-MOCK-02
C0246,L005,CMOS_A,IDDQ_uA,uA,2.03789,2.09953,2.12638,,,NONE,,0.08849,4.342,2.07587,2.09863,0.30656,2.20062,40.0,UPPER,CALIBRATED_PROXY,37.87362,0.9987,0.2,TEAM_PLACEHOLDER_v0_UNVALIDATED,PASS,B_OK,False,GradBoost,b1-v0.3,b1-contract-0.6,SIH26170-MOCK-02
C0247,L005,CMOS_A,IDDQ_uA,uA,2.2935,2.24827,2.37351,,,NONE,,0.08001,3.488,2.07587,2.09863,0.30656,2.20062,40.0,UPPER,CALIBRATED_PROXY,37.62649,0.9922,0.2,TEAM_PLACEHOLDER_v0_UNVALIDATED,PASS,B_OK,False,GradBoost,b1-v0.3,b1-contract-0.6,SIH26170-MOCK-02
C0248,L005,CMOS_A,IDDQ_uA,uA,1.81515,1.86251,1.9216,,,NONE,,0.10645,5.865,2.07587,2.09863,0.30656,2.20062,40.0,UPPER,CALIBRATED_PROXY,38.0784,1.0041,0.2,TEAM_PLACEHOLDER_v0_UNVALIDATED,PASS,B_OK,False,GradBoost,b1-v0.3,b1-contract-0.6,SIH26170-MOCK-02
C0249,L005,CMOS_A,IDDQ_uA,uA,2.15354,2.14408,2.26539,,,NONE,,0.11185,5.194,2.07587,2.09863,0.30656,2.20062,40.0,UPPER,CALIBRATED_PROXY,37.73461,0.995,0.2,TEAM_PLACEHOLDER_v0_UNVALIDATED,PASS,B_OK,False,GradBoost,b1-v0.3,b1-contract-0.6,SIH26170-MOCK-02
C0250,L005,CMOS_A,IDDQ_uA,uA,2.18267,2.17239,2.26656,,,NONE,,0.08389,3.843,2.07587,2.09863,0.30656,2.20062,40.0,UPPER,CALIBRATED_PROXY,37.73344,0.995,0.2,TEAM_PLACEHOLDER_v0_UNVALIDATED,PASS,B_OK,False,GradBoost,b1-v0.3,b1-contract-0.6,SIH26170-MOCK-02
C0251,L005,CMOS_A,IDDQ_uA,uA,2.06637,2.11825,2.20045,,,NONE,,0.13408,6.489,2.07587,2.09863,0.30656,2.20062,40.0,UPPER,CALIBRATED_PROXY,37.79955,0.9967,0.2,TEAM_PLACEHOLDER_v0_UNVALIDATED,PASS,B_OK,False,GradBoost,b1-v0.3,b1-contract-0.6,SIH26170-MOCK-02
C0252,L005,CMOS_A,IDDQ_uA,uA,1.66058,1.68077,1.70986,,,NONE,,0.04928,2.968,2.07587,2.09863,0.30656,2.20062,40.0,UPPER,CALIBRATED_PROXY,38.29014,1.0097,0.2,TEAM_PLACEHOLDER_v0_UNVALIDATED,PASS,B_OK,False,GradBoost,b1-v0.3,b1-contract-0.6,SIH26170-MOCK-02
C0253,L005,CMOS_A,IDDQ_uA,uA,1.78395,1.74522,1.82917,,,NONE,,0.04522,2.535,2.07587,2.09863,0.30656,2.20062,40.0,UPPER,CALIBRATED_PROXY,38.17083,1.0065,0.2,TEAM_PLACEHOLDER_v0_UNVALIDATED,PASS,B_OK,False,GradBoost,b1-v0.3,b1-contract-0.6,SIH26170-MOCK-02
C0254,L005,CMOS_A,IDDQ_uA,uA,2.18022,2.11416,2.26313,,,NONE,,0.08291,3.803,2.07587,2.09863,0.30656,2.20062,40.0,UPPER,CALIBRATED_PROXY,37.73687,0.9951,0.2,TEAM_PLACEHOLDER_v0_UNVALIDATED,PASS,B_OK,False,GradBoost,b1-v0.3,b1-contract-0.6,SIH26170-MOCK-02
C0255,L005,CMOS_A,IDDQ_uA,uA,1.87745,1.84128,1.89718,,,NONE,,0.01973,1.051,2.07587,2.09863,0.30656,2.20062,40.0,UPPER,CALIBRATED_PROXY,38.10282,1.0047,0.2,TEAM_PLACEHOLDER_v0_UNVALIDATED,PASS,B_OK,False,GradBoost,b1-v0.3,b1-contract-0.6,SIH26170-MOCK-02
C0256,L005,CMOS_A,IDDQ_uA,uA,2.62227,2.6102,2.68589,,,NONE,,0.06362,2.426,2.07587,2.09863,0.30656,2.20062,40.0,UPPER,CALIBRATED_PROXY,37.31411,0.9839,0.2,TEAM_PLACEHOLDER_v0_UNVALIDATED,PASS,B_OK,False,GradBoost,b1-v0.3,b1-contract-0.6,SIH26170-MOCK-02
C0257,L005,CMOS_A,IDDQ_uA,uA,2.12727,2.0948,2.22972,,,NONE,,0.10245,4.816,2.07587,2.09863,0.30656,2.20062,40.0,UPPER,CALIBRATED_PROXY,37.77028,0.9959,0.2,TEAM_PLACEHOLDER_v0_UNVALIDATED,PASS,B_OK,False,GradBoost,b1-v0.3,b1-contract-0.6,SIH26170-MOCK-02
C0258,L005,CMOS_A,IDDQ_uA,uA,1.7277,1.71042,1.75799,,,NONE,,0.03029,1.753,2.07587,2.09863,0.30656,2.20062,40.0,UPPER,CALIBRATED_PROXY,38.24201,1.0084,0.2,TEAM_PLACEHOLDER_v0_UNVALIDATED,PASS,B_OK,False,GradBoost,b1-v0.3,b1-contract-0.6,SIH26170-MOCK-02
C0259,L005,CMOS_A,IDDQ_uA,uA,1.7328,1.73244,1.78727,,,NONE,,0.05447,3.143,2.07587,2.09863,0.30656,2.20062,40.0,UPPER,CALIBRATED_PROXY,38.21273,1.0076,0.2,TEAM_PLACEHOLDER_v0_UNVALIDATED,PASS,B_OK,False,GradBoost,b1-v0.3,b1-contract-0.6,SIH26170-MOCK-02
C0260,L005,CMOS_A,IDDQ_uA,uA,6.46506,6.40417,2.70066,,,NONE,,-3.7644,-58.227,2.07587,2.09863,0.30656,2.20062,40.0,UPPER,CALIBRATED_PROXY,37.29934,0.9835,0.2,TEAM_PLACEHOLDER_v0_UNVALIDATED,MONITOR,B_UNCERTAIN_EXTRAPOLATION,True,GradBoost,b1-v0.3,b1-contract-0.6,SIH26170-MOCK-02
C0261,L005,CMOS_A,IDDQ_uA,uA,2.0534,2.05976,2.06804,,,NONE,,0.01464,0.713,2.07587,2.09863,0.30656,2.20062,40.0,UPPER,CALIBRATED_PROXY,37.93196,1.0002,0.2,TEAM_PLACEHOLDER_v0_UNVALIDATED,PASS,B_OK,False,GradBoost,b1-v0.3,b1-contract-0.6,SIH26170-MOCK-02
C0262,L005,CMOS_A,IDDQ_uA,uA,2.14715,2.11007,2.2536,,,NONE,,0.10645,4.958,2.07587,2.09863,0.30656,2.20062,40.0,UPPER,CALIBRATED_PROXY,37.7464,0.9953,0.2,TEAM_PLACEHOLDER_v0_UNVALIDATED,PASS,B_OK,False,GradBoost,b1-v0.3,b1-contract-0.6,SIH26170-MOCK-02
C0263,L005,CMOS_A,IDDQ_uA,uA,2.22879,2.18497,2.30991,,,NONE,,0.08112,3.64,2.07587,2.09863,0.30656,2.20062,40.0,UPPER,CALIBRATED_PROXY,37.69009,0.9938,0.2,TEAM_PLACEHOLDER_v0_UNVALIDATED,PASS,B_OK,False,GradBoost,b1-v0.3,b1-contract-0.6,SIH26170-MOCK-02
C0264,L005,CMOS_A,IDDQ_uA,uA,1.94061,1.98168,1.99919,,,NONE,,0.05858,3.018,2.07587,2.09863,0.30656,2.20062,40.0,UPPER,CALIBRATED_PROXY,38.00081,1.002,0.2,TEAM_PLACEHOLDER_v0_UNVALIDATED,PASS,B_OK,False,GradBoost,b1-v0.3,b1-contract-0.6,SIH26170-MOCK-02
C0265,L005,CMOS_A,IDDQ_uA,uA,2.28472,2.27038,2.43247,,,NONE,,0.14775,6.467,2.07587,2.09863,0.30656,2.20062,40.0,UPPER,CALIBRATED_PROXY,37.56753,0.9906,0.2,TEAM_PLACEHOLDER_v0_UNVALIDATED,PASS,B_OK,False,GradBoost,b1-v0.3,b1-contract-0.6,SIH26170-MOCK-02
C0266,L005,CMOS_A,IDDQ_uA,uA,1.97323,1.97814,2.04184,,,NONE,,0.06861,3.477,2.07587,2.09863,0.30656,2.20062,40.0,UPPER,CALIBRATED_PROXY,37.95816,1.0009,0.2,TEAM_PLACEHOLDER_v0_UNVALIDATED,PASS,B_OK,False,GradBoost,b1-v0.3,b1-contract-0.6,SIH26170-MOCK-02
C0267,L005,CMOS_A,IDDQ_uA,uA,2.31128,2.31699,2.4167,,,NONE,,0.10542,4.561,2.07587,2.09863,0.30656,2.20062,40.0,UPPER,CALIBRATED_PROXY,37.5833,0.991,0.2,TEAM_PLACEHOLDER_v0_UNVALIDATED,PASS,B_OK,False,GradBoost,b1-v0.3,b1-contract-0.6,SIH26170-MOCK-02
C0268,L005,CMOS_A,IDDQ_uA,uA,1.92094,1.8831,1.95359,,,NONE,,0.03265,1.7,2.07587,2.09863,0.30656,2.20062,40.0,UPPER,CALIBRATED_PROXY,38.04641,1.0032,0.2,TEAM_PLACEHOLDER_v0_UNVALIDATED,PASS,B_OK,False,GradBoost,b1-v0.3,b1-contract-0.6,SIH26170-MOCK-02
C0269,L005,CMOS_A,IDDQ_uA,uA,2.3185,2.34862,2.48314,,,NONE,,0.16464,7.101,2.07587,2.09863,0.30656,2.20062,40.0,UPPER,CALIBRATED_PROXY,37.51686,0.9893,0.2,TEAM_PLACEHOLDER_v0_UNVALIDATED,PASS,B_OK,False,GradBoost,b1-v0.3,b1-contract-0.6,SIH26170-MOCK-02
C0270,L005,CMOS_A,IDDQ_uA,uA,2.24734,2.21788,2.34101,,,NONE,,0.09367,4.168,2.07587,2.09863,0.30656,2.20062,40.0,UPPER,CALIBRATED_PROXY,37.65899,0.993,0.2,TEAM_PLACEHOLDER_v0_UNVALIDATED,PASS,B_OK,False,GradBoost,b1-v0.3,b1-contract-0.6,SIH26170-MOCK-02
C0271,L005,CMOS_A,IDDQ_uA,uA,2.14683,2.1258,2.29356,,,NONE,,0.14673,6.835,2.07587,2.09863,0.30656,2.20062,40.0,UPPER,CALIBRATED_PROXY,37.70644,0.9943,0.2,TEAM_PLACEHOLDER_v0_UNVALIDATED,PASS,B_OK,False,GradBoost,b1-v0.3,b1-contract-0.6,SIH26170-MOCK-02
C0272,L005,CMOS_A,IDDQ_uA,uA,2.12798,2.12955,2.23313,,,NONE,,0.10515,4.941,2.07587,2.09863,0.30656,2.20062,40.0,UPPER,CALIBRATED_PROXY,37.76687,0.9959,0.2,TEAM_PLACEHOLDER_v0_UNVALIDATED,PASS,B_OK,False,GradBoost,b1-v0.3,b1-contract-0.6,SIH26170-MOCK-02
C0273,L005,CMOS_A,IDDQ_uA,uA,2.32277,2.41768,2.55571,,,NONE,,0.23294,10.028,2.07587,2.09863,0.30656,2.20062,40.0,UPPER,CALIBRATED_PROXY,37.44429,0.9873,0.2,TEAM_PLACEHOLDER_v0_UNVALIDATED,PASS,B_OK,False,GradBoost,b1-v0.3,b1-contract-0.6,SIH26170-MOCK-02
C0274,L006,CMOS_A,IDDQ_uA,uA,2.39474,2.4857,2.72034,,,NONE,,0.3256,13.597,2.12986,2.15765,0.26678,2.24377,40.0,UPPER,CALIBRATED_PROXY,37.27966,0.9844,0.2,TEAM_PLACEHOLDER_v0_UNVALIDATED,PASS,B_OK,False,GradBoost,b1-v0.3,b1-contract-0.6,SIH26170-MOCK-02
C0275,L006,CMOS_A,IDDQ_uA,uA,2.08466,2.13382,2.16692,,,NONE,,0.08226,3.946,2.12986,2.15765,0.26678,2.24377,40.0,UPPER,CALIBRATED_PROXY,37.83308,0.999,0.2,TEAM_PLACEHOLDER_v0_UNVALIDATED,PASS,B_OK,False,GradBoost,b1-v0.3,b1-contract-0.6,SIH26170-MOCK-02
C0276,L006,CMOS_A,IDDQ_uA,uA,2.12785,2.1446,2.19591,,,NONE,,0.06806,3.198,2.12986,2.15765,0.26678,2.24377,40.0,UPPER,CALIBRATED_PROXY,37.80409,0.9983,0.2,TEAM_PLACEHOLDER_v0_UNVALIDATED,PASS,B_OK,False,GradBoost,b1-v0.3,b1-contract-0.6,SIH26170-MOCK-02
C0277,L006,CMOS_A,IDDQ_uA,uA,1.79066,1.76068,1.82115,,,NONE,,0.03049,1.703,2.12986,2.15765,0.26678,2.24377,40.0,UPPER,CALIBRATED_PROXY,38.17885,1.0082,0.2,TEAM_PLACEHOLDER_v0_UNVALIDATED,PASS,B_OK,False,GradBoost,b1-v0.3,b1-contract-0.6,SIH26170-MOCK-02
C0278,L006,CMOS_A,IDDQ_uA,uA,2.37348,2.32726,2.46424,,,NONE,,0.09076,3.824,2.12986,2.15765,0.26678,2.24377,40.0,UPPER,CALIBRATED_PROXY,37.53576,0.9912,0.2,TEAM_PLACEHOLDER_v0_UNVALIDATED,PASS,B_OK,False,GradBoost,b1-v0.3,b1-contract-0.6,SIH26170-MOCK-02
C0279,L006,CMOS_A,IDDQ_uA,uA,1.93108,1.94285,1.98179,,,NONE,,0.05071,2.626,2.12986,2.15765,0.26678,2.24377,40.0,UPPER,CALIBRATED_PROXY,38.01821,1.0039,0.2,TEAM_PLACEHOLDER_v0_UNVALIDATED,PASS,B_OK,False,GradBoost,b1-v0.3,b1-contract-0.6,SIH26170-MOCK-02
C0280,L006,CMOS_A,IDDQ_uA,uA,2.7971,2.86662,2.70248,,,NONE,,-0.09462,-3.383,2.12986,2.15765,0.26678,2.24377,40.0,UPPER,CALIBRATED_PROXY,37.29752,0.9849,0.2,TEAM_PLACEHOLDER_v0_UNVALIDATED,PASS,B_OK,False,GradBoost,b1-v0.3,b1-contract-0.6,SIH26170-MOCK-02
C0281,L006,CMOS_A,IDDQ_uA,uA,1.92514,1.94208,1.97967,,,NONE,,0.05453,2.833,2.12986,2.15765,0.26678,2.24377,40.0,UPPER,CALIBRATED_PROXY,38.02033,1.004,0.2,TEAM_PLACEHOLDER_v0_UNVALIDATED,PASS,B_OK,False,GradBoost,b1-v0.3,b1-contract-0.6,SIH26170-MOCK-02
C0282,L006,CMOS_A,IDDQ_uA,uA,2.21055,2.22274,2.32068,,,NONE,,0.11013,4.982,2.12986,2.15765,0.26678,2.24377,40.0,UPPER,CALIBRATED_PROXY,37.67932,0.995,0.2,TEAM_PLACEHOLDER_v0_UNVALIDATED,PASS,B_OK,False,GradBoost,b1-v0.3,b1-contract-0.6,SIH26170-MOCK-02
C0283,L006,CMOS_A,IDDQ_uA,uA,2.05801,2.10276,2.1094,,,NONE,,0.05139,2.497,2.12986,2.15765,0.26678,2.24377,40.0,UPPER,CALIBRATED_PROXY,37.8906,1.0005,0.2,TEAM_PLACEHOLDER_v0_UNVALIDATED,PASS,B_OK,False,GradBoost,b1-v0.3,b1-contract-0.6,SIH26170-MOCK-02
C0284,L006,CMOS_A,IDDQ_uA,uA,2.08311,2.1015,2.14503,,,NONE,,0.06192,2.972,2.12986,2.15765,0.26678,2.24377,40.0,UPPER,CALIBRATED_PROXY,37.85497,0.9996,0.2,TEAM_PLACEHOLDER_v0_UNVALIDATED,PASS,B_OK,False,GradBoost,b1-v0.3,b1-contract-0.6,SIH26170-MOCK-02
C0285,L006,CMOS_A,IDDQ_uA,uA,2.03724,2.02366,2.05244,,,NONE,,0.0152,0.746,2.12986,2.15765,0.26678,2.24377,40.0,UPPER,CALIBRATED_PROXY,37.94756,1.002,0.2,TEAM_PLACEHOLDER_v0_UNVALIDATED,PASS,B_OK,False,GradBoost,b1-v0.3,b1-contract-0.6,SIH26170-MOCK-02
C0286,L006,CMOS_A,IDDQ_uA,uA,2.1329,2.20961,2.32554,,,NONE,,0.19264,9.032,2.12986,2.15765,0.26678,2.24377,40.0,UPPER,CALIBRATED_PROXY,37.67446,0.9948,0.2,TEAM_PLACEHOLDER_v0_UNVALIDATED,PASS,B_OK,False,GradBoost,b1-v0.3,b1-contract-0.6,SIH26170-MOCK-02
C0287,L006,CMOS_A,IDDQ_uA,uA,2.39801,2.34627,2.58803,,,NONE,,0.19002,7.924,2.12986,2.15765,0.26678,2.24377,40.0,UPPER,CALIBRATED_PROXY,37.41197,0.9879,0.2,TEAM_PLACEHOLDER_v0_UNVALIDATED,PASS,B_OK,False,GradBoost,b1-v0.3,b1-contract-0.6,SIH26170-MOCK-02
C0288,L006,CMOS_A,IDDQ_uA,uA,2.20588,2.23331,2.31672,,,NONE,,0.11084,5.025,2.12986,2.15765,0.26678,2.24377,40.0,UPPER,CALIBRATED_PROXY,37.68328,0.9951,0.2,TEAM_PLACEHOLDER_v0_UNVALIDATED,PASS,B_OK,False,GradBoost,b1-v0.3,b1-contract-0.6,SIH26170-MOCK-02
C0289,L006,CMOS_A,IDDQ_uA,uA,2.06302,2.06006,2.08102,,,NONE,,0.018,0.873,2.12986,2.15765,0.26678,2.24377,40.0,UPPER,CALIBRATED_PROXY,37.91898,1.0013,0.2,TEAM_PLACEHOLDER_v0_UNVALIDATED,PASS,B_OK,False,GradBoost,b1-v0.3,b1-contract-0.6,SIH26170-MOCK-02
C0290,L006,CMOS_A,IDDQ_uA,uA,2.10681,2.14356,2.17205,,,NONE,,0.06524,3.097,2.12986,2.15765,0.26678,2.24377,40.0,UPPER,CALIBRATED_PROXY,37.82795,0.9989,0.2,TEAM_PLACEHOLDER_v0_UNVALIDATED,PASS,B_OK,False,GradBoost,b1-v0.3,b1-contract-0.6,SIH26170-MOCK-02
C0291,L006,CMOS_A,IDDQ_uA,uA,2.31945,2.24659,2.39655,,,NONE,,0.0771,3.324,2.12986,2.15765,0.26678,2.24377,40.0,UPPER,CALIBRATED_PROXY,37.60345,0.993,0.2,TEAM_PLACEHOLDER_v0_UNVALIDATED,PASS,B_OK,False,GradBoost,b1-v0.3,b1-contract-0.6,SIH26170-MOCK-02
C0292,L006,CMOS_A,IDDQ_uA,uA,2.60373,2.58889,2.69913,,,NONE,,0.0954,3.664,2.12986,2.15765,0.26678,2.24377,40.0,UPPER,CALIBRATED_PROXY,37.30087,0.985,0.2,TEAM_PLACEHOLDER_v0_UNVALIDATED,PASS,B_OK,False,GradBoost,b1-v0.3,b1-contract-0.6,SIH26170-MOCK-02
C0293,L006,CMOS_A,IDDQ_uA,uA,1.86745,1.89165,1.91796,,,NONE,,0.05051,2.705,2.12986,2.15765,0.26678,2.24377,40.0,UPPER,CALIBRATED_PROXY,38.08204,1.0056,0.2,TEAM_PLACEHOLDER_v0_UNVALIDATED,PASS,B_OK,False,GradBoost,b1-v0.3,b1-contract-0.6,SIH26170-MOCK-02
C0294,L006,CMOS_A,IDDQ_uA,uA,2.08255,2.09797,2.14503,,,NONE,,0.06248,3.0,2.12986,2.15765,0.26678,2.24377,40.0,UPPER,CALIBRATED_PROXY,37.85497,0.9996,0.2,TEAM_PLACEHOLDER_v0_UNVALIDATED,PASS,B_OK,False,GradBoost,b1-v0.3,b1-contract-0.6,SIH26170-MOCK-02
C0295,L006,CMOS_A,IDDQ_uA,uA,2.14321,2.1707,2.22955,,,NONE,,0.08634,4.028,2.12986,2.15765,0.26678,2.24377,40.0,UPPER,CALIBRATED_PROXY,37.77045,0.9974,0.2,TEAM_PLACEHOLDER_v0_UNVALIDATED,PASS,B_OK,False,GradBoost,b1-v0.3,b1-contract-0.6,SIH26170-MOCK-02
C0296,L006,CMOS_A,IDDQ_uA,uA,2.17716,2.21565,2.31189,,,NONE,,0.13473,6.188,2.12986,2.15765,0.26678,2.24377,40.0,UPPER,CALIBRATED_PROXY,37.68811,0.9952,0.2,TEAM_PLACEHOLDER_v0_UNVALIDATED,PASS,B_OK,False,GradBoost,b1-v0.3,b1-contract-0.6,SIH26170-MOCK-02
C0297,L006,CMOS_A,IDDQ_uA,uA,2.29128,2.31682,2.39533,,,NONE,,0.10405,4.541,2.12986,2.15765,0.26678,2.24377,40.0,UPPER,CALIBRATED_PROXY,37.60467,0.993,0.2,TEAM_PLACEHOLDER_v0_UNVALIDATED,PASS,B_OK,False,GradBoost,b1-v0.3,b1-contract-0.6,SIH26170-MOCK-02
C0298,L006,CMOS_A,IDDQ_uA,uA,2.45967,2.50436,2.61074,,,NONE,,0.15107,6.142,2.12986,2.15765,0.26678,2.24377,40.0,UPPER,CALIBRATED_PROXY,37.38926,0.9873,0.2,TEAM_PLACEHOLDER_v0_UNVALIDATED,PASS,B_OK,False,GradBoost,b1-v0.3,b1-contract-0.6,SIH26170-MOCK-02
C0299,L006,CMOS_A,IDDQ_uA,uA,2.40497,2.37829,2.64538,,,NONE,,0.24041,9.996,2.12986,2.15765,0.26678,2.24377,40.0,UPPER,CALIBRATED_PROXY,37.35462,0.9864,0.2,TEAM_PLACEHOLDER_v0_UNVALIDATED,PASS,B_OK,False,GradBoost,b1-v0.3,b1-contract-0.6,SIH26170-MOCK-02
C0300,L006,CMOS_A,IDDQ_uA,uA,2.51515,2.63453,2.65228,,,NONE,,0.13713,5.452,2.12986,2.15765,0.26678,2.24377,40.0,UPPER,CALIBRATED_PROXY,37.34772,0.9862,0.2,TEAM_PLACEHOLDER_v0_UNVALIDATED,PASS,B_OK,False,GradBoost,b1-v0.3,b1-contract-0.6,SIH26170-MOCK-02
C0301,L006,CMOS_A,IDDQ_uA,uA,2.00655,1.98709,1.98046,,,NONE,,-0.02609,-1.3,2.12986,2.15765,0.26678,2.24377,40.0,UPPER,CALIBRATED_PROXY,38.01954,1.0039,0.2,TEAM_PLACEHOLDER_v0_UNVALIDATED,PASS,B_OK,False,GradBoost,b1-v0.3,b1-contract-0.6,SIH26170-MOCK-02
C0302,L006,CMOS_A,IDDQ_uA,uA,2.02423,1.99489,2.03578,,,NONE,,0.01155,0.57,2.12986,2.15765,0.26678,2.24377,40.0,UPPER,CALIBRATED_PROXY,37.96422,1.0025,0.2,TEAM_PLACEHOLDER_v0_UNVALIDATED,PASS,B_OK,False,GradBoost,b1-v0.3,b1-contract-0.6,SIH26170-MOCK-02
C0303,L006,CMOS_A,IDDQ_uA,uA,2.1907,2.17451,2.27106,,,NONE,,0.08036,3.668,2.12986,2.15765,0.26678,2.24377,40.0,UPPER,CALIBRATED_PROXY,37.72894,0.9963,0.2,TEAM_PLACEHOLDER_v0_UNVALIDATED,PASS,B_OK,False,GradBoost,b1-v0.3,b1-contract-0.6,SIH26170-MOCK-02
C0304,L006,CMOS_A,IDDQ_uA,uA,2.12052,2.13022,2.17744,,,NONE,,0.05692,2.684,2.12986,2.15765,0.26678,2.24377,40.0,UPPER,CALIBRATED_PROXY,37.82256,0.9987,0.2,TEAM_PLACEHOLDER_v0_UNVALIDATED,PASS,B_OK,False,GradBoost,b1-v0.3,b1-contract-0.6,SIH26170-MOCK-02
C0305,L006,CMOS_A,IDDQ_uA,uA,2.45672,2.47805,2.62895,,,NONE,,0.17223,7.011,2.12986,2.15765,0.26678,2.24377,40.0,UPPER,CALIBRATED_PROXY,37.37105,0.9868,0.2,TEAM_PLACEHOLDER_v0_UNVALIDATED,PASS,B_OK,False,GradBoost,b1-v0.3,b1-contract-0.6,SIH26170-MOCK-02
C0306,L006,CMOS_A,IDDQ_uA,uA,2.19367,2.18959,2.30988,,,NONE,,0.11621,5.297,2.12986,2.15765,0.26678,2.24377,40.0,UPPER,CALIBRATED_PROXY,37.69012,0.9952,0.2,TEAM_PLACEHOLDER_v0_UNVALIDATED,PASS,B_OK,False,GradBoost,b1-v0.3,b1-contract-0.6,SIH26170-MOCK-02
C0307,L006,CMOS_A,IDDQ_uA,uA,2.08378,2.09356,2.1343,,,NONE,,0.05052,2.424,2.12986,2.15765,0.26678,2.24377,40.0,UPPER,CALIBRATED_PROXY,37.8657,0.9999,0.2,TEAM_PLACEHOLDER_v0_UNVALIDATED,PASS,B_OK,False,GradBoost,b1-v0.3,b1-contract-0.6,SIH26170-MOCK-02
C0308,L006,CMOS_A,IDDQ_uA,uA,2.02654,2.02601,2.04845,,,NONE,,0.02191,1.081,2.12986,2.15765,0.26678,2.24377,40.0,UPPER,CALIBRATED_PROXY,37.95155,1.0021,0.2,TEAM_PLACEHOLDER_v0_UNVALIDATED,PASS,B_OK,False,GradBoost,b1-v0.3,b1-contract-0.6,SIH26170-MOCK-02
C0309,L006,CMOS_A,IDDQ_uA,uA,2.02629,2.05339,2.01293,,,NONE,,-0.01336,-0.659,2.12986,2.15765,0.26678,2.24377,40.0,UPPER,CALIBRATED_PROXY,37.98707,1.0031,0.2,TEAM_PLACEHOLDER_v0_UNVALIDATED,PASS,B_OK,False,GradBoost,b1-v0.3,b1-contract-0.6,SIH26170-MOCK-02
C0310,L006,CMOS_A,IDDQ_uA,uA,5.35143,5.52007,5.00229,,,NONE,,-0.34914,-6.524,2.12986,2.15765,0.26678,2.24377,40.0,UPPER,CALIBRATED_PROXY,34.99771,0.9242,0.2,TEAM_PLACEHOLDER_v0_UNVALIDATED,MONITOR,B_UNCERTAIN_EXTRAPOLATION,True,GradBoost,b1-v0.3,b1-contract-0.6,SIH26170-MOCK-02
C0311,L006,CMOS_A,IDDQ_uA,uA,1.86518,1.92524,1.97282,,,NONE,,0.10764,5.771,2.12986,2.15765,0.26678,2.24377,40.0,UPPER,CALIBRATED_PROXY,38.02718,1.0041,0.2,TEAM_PLACEHOLDER_v0_UNVALIDATED,PASS,B_OK,False,GradBoost,b1-v0.3,b1-contract-0.6,SIH26170-MOCK-02
C0312,L006,CMOS_A,IDDQ_uA,uA,2.30296,2.29489,2.39735,,,NONE,,0.09439,4.099,2.12986,2.15765,0.26678,2.24377,40.0,UPPER,CALIBRATED_PROXY,37.60265,0.9929,0.2,TEAM_PLACEHOLDER_v0_UNVALIDATED,PASS,B_OK,False,GradBoost,b1-v0.3,b1-contract-0.6,SIH26170-MOCK-02
C0313,L006,CMOS_A,IDDQ_uA,uA,1.99513,2.0154,2.00562,,,NONE,,0.01049,0.526,2.12986,2.15765,0.26678,2.24377,40.0,UPPER,CALIBRATED_PROXY,37.99438,1.0033,0.2,TEAM_PLACEHOLDER_v0_UNVALIDATED,PASS,B_OK,False,GradBoost,b1-v0.3,b1-contract-0.6,SIH26170-MOCK-02
C0314,L006,CMOS_A,IDDQ_uA,uA,2.14595,2.12577,2.258,,,NONE,,0.11205,5.222,2.12986,2.15765,0.26678,2.24377,40.0,UPPER,CALIBRATED_PROXY,37.742,0.9966,0.2,TEAM_PLACEHOLDER_v0_UNVALIDATED,PASS,B_OK,False,GradBoost,b1-v0.3,b1-contract-0.6,SIH26170-MOCK-02
C0315,L006,CMOS_A,IDDQ_uA,uA,2.02689,2.0464,2.04018,,,NONE,,0.01329,0.656,2.12986,2.15765,0.26678,2.24377,40.0,UPPER,CALIBRATED_PROXY,37.95982,1.0024,0.2,TEAM_PLACEHOLDER_v0_UNVALIDATED,PASS,B_OK,False,GradBoost,b1-v0.3,b1-contract-0.6,SIH26170-MOCK-02
C0316,L006,CMOS_A,IDDQ_uA,uA,2.18494,2.23474,2.33435,,,NONE,,0.14941,6.838,2.12986,2.15765,0.26678,2.24377,40.0,UPPER,CALIBRATED_PROXY,37.66565,0.9946,0.2,TEAM_PLACEHOLDER_v0_UNVALIDATED,PASS,B_OK,False,GradBoost,b1-v0.3,b1-contract-0.6,SIH26170-MOCK-02
C0317,L006,CMOS_A,IDDQ_uA,uA,2.51061,2.49999,2.60135,,,NONE,,0.09074,3.614,2.12986,2.15765,0.26678,2.24377,40.0,UPPER,CALIBRATED_PROXY,37.39865,0.9875,0.2,TEAM_PLACEHOLDER_v0_UNVALIDATED,PASS,B_OK,False,GradBoost,b1-v0.3,b1-contract-0.6,SIH26170-MOCK-02
C0318,L006,CMOS_A,IDDQ_uA,uA,2.06287,2.04902,2.08152,,,NONE,,0.01865,0.904,2.12986,2.15765,0.26678,2.24377,40.0,UPPER,CALIBRATED_PROXY,37.91848,1.0013,0.2,TEAM_PLACEHOLDER_v0_UNVALIDATED,PASS,B_OK,False,GradBoost,b1-v0.3,b1-contract-0.6,SIH26170-MOCK-02
C0319,L006,CMOS_A,IDDQ_uA,uA,2.09079,2.06114,2.07828,,,NONE,,-0.01251,-0.598,2.12986,2.15765,0.26678,2.24377,40.0,UPPER,CALIBRATED_PROXY,37.92172,1.0014,0.2,TEAM_PLACEHOLDER_v0_UNVALIDATED,PASS,B_OK,False,GradBoost,b1-v0.3,b1-contract-0.6,SIH26170-MOCK-02
C0320,L006,CMOS_A,IDDQ_uA,uA,2.30998,2.29605,2.39978,,,NONE,,0.0898,3.888,2.12986,2.15765,0.26678,2.24377,40.0,UPPER,CALIBRATED_PROXY,37.60022,0.9929,0.2,TEAM_PLACEHOLDER_v0_UNVALIDATED,PASS,B_OK,False,GradBoost,b1-v0.3,b1-contract-0.6,SIH26170-MOCK-02
C0321,L006,CMOS_A,IDDQ_uA,uA,2.42737,2.29328,2.57938,,,NONE,,0.15201,6.262,2.12986,2.15765,0.26678,2.24377,40.0,UPPER,CALIBRATED_PROXY,37.42062,0.9881,0.2,TEAM_PLACEHOLDER_v0_UNVALIDATED,PASS,B_OK,False,GradBoost,b1-v0.3,b1-contract-0.6,SIH26170-MOCK-02
C0322,L006,CMOS_A,IDDQ_uA,uA,2.40655,2.46657,2.65247,,,NONE,,0.24592,10.219,2.12986,2.15765,0.26678,2.24377,40.0,UPPER,CALIBRATED_PROXY,37.34753,0.9862,0.2,TEAM_PLACEHOLDER_v0_UNVALIDATED,PASS,B_OK,False,GradBoost,b1-v0.3,b1-contract-0.6,SIH26170-MOCK-02
C0323,L006,CMOS_A,IDDQ_uA,uA,2.13012,2.12945,2.21839,,,NONE,,0.08827,4.144,2.12986,2.15765,0.26678,2.24377,40.0,UPPER,CALIBRATED_PROXY,37.78161,0.9977,0.2,TEAM_PLACEHOLDER_v0_UNVALIDATED,PASS,B_OK,False,GradBoost,b1-v0.3,b1-contract-0.6,SIH26170-MOCK-02
C0324,L006,CMOS_A,IDDQ_uA,uA,2.1535,2.21885,2.31047,,,NONE,,0.15697,7.289,2.12986,2.15765,0.26678,2.24377,40.0,UPPER,CALIBRATED_PROXY,37.68953,0.9952,0.2,TEAM_PLACEHOLDER_v0_UNVALIDATED,PASS,B_OK,False,GradBoost,b1-v0.3,b1-contract-0.6,SIH26170-MOCK-02
C0325,L006,CMOS_A,IDDQ_uA,uA,1.91967,2.21116,6.71266,,,NONE,,4.79299,249.678,2.12986,2.15765,0.26678,2.24377,40.0,UPPER,CALIBRATED_PROXY,33.28734,0.879,0.2,TEAM_PLACEHOLDER_v0_UNVALIDATED,PASS,B_OK,False,GradBoost,b1-v0.3,b1-contract-0.6,SIH26170-MOCK-02
C0326,L006,CMOS_A,IDDQ_uA,uA,2.01751,2.04786,1.9859,,,NONE,,-0.03161,-1.567,2.12986,2.15765,0.26678,2.24377,40.0,UPPER,CALIBRATED_PROXY,38.0141,1.0038,0.2,TEAM_PLACEHOLDER_v0_UNVALIDATED,PASS,B_OK,False,GradBoost,b1-v0.3,b1-contract-0.6,SIH26170-MOCK-02
C0327,L006,CMOS_A,IDDQ_uA,uA,2.11582,2.21376,2.71944,,,NONE,,0.60362,28.529,2.12986,2.15765,0.26678,2.24377,40.0,UPPER,CALIBRATED_PROXY,37.28056,0.9844,0.2,TEAM_PLACEHOLDER_v0_UNVALIDATED,PASS,B_OK,False,GradBoost,b1-v0.3,b1-contract-0.6,SIH26170-MOCK-02
C0328,L006,CMOS_A,IDDQ_uA,uA,2.5454,2.53524,2.64887,,,NONE,,0.10347,4.065,2.12986,2.15765,0.26678,2.24377,40.0,UPPER,CALIBRATED_PROXY,37.35113,0.9863,0.2,TEAM_PLACEHOLDER_v0_UNVALIDATED,PASS,B_OK,False,GradBoost,b1-v0.3,b1-contract-0.6,SIH26170-MOCK-02
C0329,L006,CMOS_A,IDDQ_uA,uA,2.2101,2.17904,2.26793,,,NONE,,0.05783,2.617,2.12986,2.15765,0.26678,2.24377,40.0,UPPER,CALIBRATED_PROXY,37.73207,0.9964,0.2,TEAM_PLACEHOLDER_v0_UNVALIDATED,PASS,B_OK,False,GradBoost,b1-v0.3,b1-contract-0.6,SIH26170-MOCK-02
C0330,L006,CMOS_A,IDDQ_uA,uA,2.04835,2.11252,2.12716,,,NONE,,0.07881,3.848,2.12986,2.15765,0.26678,2.24377,40.0,UPPER,CALIBRATED_PROXY,37.87284,1.0001,0.2,TEAM_PLACEHOLDER_v0_UNVALIDATED,PASS,B_OK,False,GradBoost,b1-v0.3,b1-contract-0.6,SIH26170-MOCK-02
C0331,L006,CMOS_A,IDDQ_uA,uA,1.91858,1.88486,1.95787,,,NONE,,0.03929,2.048,2.12986,2.15765,0.26678,2.24377,40.0,UPPER,CALIBRATED_PROXY,38.04213,1.0045,0.2,TEAM_PLACEHOLDER_v0_UNVALIDATED,PASS,B_OK,False,GradBoost,b1-v0.3,b1-contract-0.6,SIH26170-MOCK-02
C0332,L006,CMOS_A,IDDQ_uA,uA,2.09659,2.09725,2.17433,,,NONE,,0.07774,3.708,2.12986,2.15765,0.26678,2.24377,40.0,UPPER,CALIBRATED_PROXY,37.82567,0.9988,0.2,TEAM_PLACEHOLDER_v0_UNVALIDATED,PASS,B_OK,False,GradBoost,b1-v0.3,b1-contract-0.6,SIH26170-MOCK-02
C0333,L006,CMOS_A,IDDQ_uA,uA,2.12961,2.1259,2.21187,,,NONE,,0.08226,3.863,2.12986,2.15765,0.26678,2.24377,40.0,UPPER,CALIBRATED_PROXY,37.78813,0.9978,0.2,TEAM_PLACEHOLDER_v0_UNVALIDATED,PASS,B_OK,False,GradBoost,b1-v0.3,b1-contract-0.6,SIH26170-MOCK-02
C0538,L011,CMOS_B,IDDQ_uA,uA,1.64904,1.64007,1.71562,,,NONE,,0.06658,4.038,1.80897,1.8173,0.32095,1.95551,20.0,UPPER,CALIBRATED_PROXY,18.28438,1.0051,0.2,TEAM_PLACEHOLDER_v0_UNVALIDATED,PASS,B_OK,False,GradBoost,b1-v0.3,b1-contract-0.6,SIH26170-MOCK-02
C0539,L011,CMOS_B,IDDQ_uA,uA,1.26771,1.2697,1.4489,,,NONE,,0.18119,14.292,1.80897,1.8173,0.32095,1.95551,20.0,UPPER,CALIBRATED_PROXY,18.5511,1.0198,0.2,TEAM_PLACEHOLDER_v0_UNVALIDATED,PASS,B_OK,False,GradBoost,b1-v0.3,b1-contract-0.6,SIH26170-MOCK-02
C0540,L011,CMOS_B,IDDQ_uA,uA,1.89945,1.92188,2.1124,,,NONE,,0.21295,11.211,1.80897,1.8173,0.32095,1.95551,20.0,UPPER,CALIBRATED_PROXY,17.8876,0.9833,0.2,TEAM_PLACEHOLDER_v0_UNVALIDATED,PASS,B_OK,False,GradBoost,b1-v0.3,b1-contract-0.6,SIH26170-MOCK-02
C0541,L011,CMOS_B,IDDQ_uA,uA,2.03338,2.04718,2.16336,,,NONE,,0.12998,6.392,1.80897,1.8173,0.32095,1.95551,20.0,UPPER,CALIBRATED_PROXY,17.83664,0.9805,0.2,TEAM_PLACEHOLDER_v0_UNVALIDATED,PASS,B_OK,False,GradBoost,b1-v0.3,b1-contract-0.6,SIH26170-MOCK-02
C0542,L011,CMOS_B,IDDQ_uA,uA,1.79205,1.81697,1.89418,,,NONE,,0.10213,5.699,1.80897,1.8173,0.32095,1.95551,20.0,UPPER,CALIBRATED_PROXY,18.10582,0.9953,0.2,TEAM_PLACEHOLDER_v0_UNVALIDATED,PASS,B_OK,False,GradBoost,b1-v0.3,b1-contract-0.6,SIH26170-MOCK-02
C0543,L011,CMOS_B,IDDQ_uA,uA,1.53586,1.61047,1.68482,,,NONE,,0.14896,9.699,1.80897,1.8173,0.32095,1.95551,20.0,UPPER,CALIBRATED_PROXY,18.31518,1.0068,0.2,TEAM_PLACEHOLDER_v0_UNVALIDATED,PASS,B_OK,False,GradBoost,b1-v0.3,b1-contract-0.6,SIH26170-MOCK-02
C0544,L011,CMOS_B,IDDQ_uA,uA,1.68155,1.71693,2.3718,,,NONE,,0.69025,41.049,1.80897,1.8173,0.32095,1.95551,20.0,UPPER,CALIBRATED_PROXY,17.6282,0.9691,0.2,TEAM_PLACEHOLDER_v0_UNVALIDATED,PASS,B_OK,False,GradBoost,b1-v0.3,b1-contract-0.6,SIH26170-MOCK-02
C0545,L011,CMOS_B,IDDQ_uA,uA,2.25341,2.23538,2.39145,,,NONE,,0.13804,6.126,1.80897,1.8173,0.32095,1.95551,20.0,UPPER,CALIBRATED_PROXY,17.60855,0.968,0.2,TEAM_PLACEHOLDER_v0_UNVALIDATED,PASS,B_OK,False,GradBoost,b1-v0.3,b1-contract-0.6,SIH26170-MOCK-02
C0546,L011,CMOS_B,IDDQ_uA,uA,1.97442,1.92788,2.10003,,,NONE,,0.12561,6.362,1.80897,1.8173,0.32095,1.95551,20.0,UPPER,CALIBRATED_PROXY,17.89997,0.984,0.2,TEAM_PLACEHOLDER_v0_UNVALIDATED,PASS,B_OK,False,GradBoost,b1-v0.3,b1-contract-0.6,SIH26170-MOCK-02
C0547,L011,CMOS_B,IDDQ_uA,uA,1.93052,1.95199,2.17279,,,NONE,,0.24227,12.55,1.80897,1.8173,0.32095,1.95551,20.0,UPPER,CALIBRATED_PROXY,17.82721,0.98,0.2,TEAM_PLACEHOLDER_v0_UNVALIDATED,PASS,B_OK,False,GradBoost,b1-v0.3,b1-contract-0.6,SIH26170-MOCK-02
C0548,L011,CMOS_B,IDDQ_uA,uA,1.83696,1.78902,1.91479,,,NONE,,0.07783,4.237,1.80897,1.8173,0.32095,1.95551,20.0,UPPER,CALIBRATED_PROXY,18.08521,0.9942,0.2,TEAM_PLACEHOLDER_v0_UNVALIDATED,PASS,B_OK,False,GradBoost,b1-v0.3,b1-contract-0.6,SIH26170-MOCK-02
C0549,L011,CMOS_B,IDDQ_uA,uA,1.76038,1.78802,1.83035,,,NONE,,0.06997,3.975,1.80897,1.8173,0.32095,1.95551,20.0,UPPER,CALIBRATED_PROXY,18.16965,0.9988,0.2,TEAM_PLACEHOLDER_v0_UNVALIDATED,PASS,B_OK,False,GradBoost,b1-v0.3,b1-contract-0.6,SIH26170-MOCK-02
C0550,L011,CMOS_B,IDDQ_uA,uA,1.64395,1.67683,1.77212,,,NONE,,0.12817,7.797,1.80897,1.8173,0.32095,1.95551,20.0,UPPER,CALIBRATED_PROXY,18.22788,1.002,0.2,TEAM_PLACEHOLDER_v0_UNVALIDATED,PASS,B_OK,False,GradBoost,b1-v0.3,b1-contract-0.6,SIH26170-MOCK-02
C0551,L011,CMOS_B,IDDQ_uA,uA,1.57887,1.57927,1.67242,,,NONE,,0.09355,5.925,1.80897,1.8173,0.32095,1.95551,20.0,UPPER,CALIBRATED_PROXY,18.32758,1.0075,0.2,TEAM_PLACEHOLDER_v0_UNVALIDATED,PASS,B_OK,False,GradBoost,b1-v0.3,b1-contract-0.6,SIH26170-MOCK-02
C0552,L011,CMOS_B,IDDQ_uA,uA,1.90648,2.20671,3.32485,,,NONE,,1.41837,74.397,1.80897,1.8173,0.32095,1.95551,20.0,UPPER,CALIBRATED_PROXY,16.67515,0.9167,0.2,TEAM_PLACEHOLDER_v0_UNVALIDATED,PASS,B_OK,False,GradBoost,b1-v0.3,b1-contract-0.6,SIH26170-MOCK-02
C0553,L011,CMOS_B,IDDQ_uA,uA,1.64551,1.62561,1.72393,,,NONE,,0.07842,4.766,1.80897,1.8173,0.32095,1.95551,20.0,UPPER,CALIBRATED_PROXY,18.27607,1.0047,0.2,TEAM_PLACEHOLDER_v0_UNVALIDATED,PASS,B_OK,False,GradBoost,b1-v0.3,b1-contract-0.6,SIH26170-MOCK-02
C0554,L011,CMOS_B,IDDQ_uA,uA,1.80362,1.81877,1.89553,,,NONE,,0.09191,5.096,1.80897,1.8173,0.32095,1.95551,20.0,UPPER,CALIBRATED_PROXY,18.10447,0.9952,0.2,TEAM_PLACEHOLDER_v0_UNVALIDATED,PASS,B_OK,False,GradBoost,b1-v0.3,b1-contract-0.6,SIH26170-MOCK-02
C0555,L011,CMOS_B,IDDQ_uA,uA,2.03258,2.02159,2.13923,,,NONE,,0.10665,5.247,1.80897,1.8173,0.32095,1.95551,20.0,UPPER,CALIBRATED_PROXY,17.86077,0.9818,0.2,TEAM_PLACEHOLDER_v0_UNVALIDATED,PASS,B_OK,False,GradBoost,b1-v0.3,b1-contract-0.6,SIH26170-MOCK-02
C0556,L011,CMOS_B,IDDQ_uA,uA,1.74085,1.72273,1.85834,,,NONE,,0.11749,6.749,1.80897,1.8173,0.32095,1.95551,20.0,UPPER,CALIBRATED_PROXY,18.14166,0.9973,0.2,TEAM_PLACEHOLDER_v0_UNVALIDATED,PASS,B_OK,False,GradBoost,b1-v0.3,b1-contract-0.6,SIH26170-MOCK-02
C0557,L011,CMOS_B,IDDQ_uA,uA,1.97143,2.1854,3.30636,,,NONE,,1.33493,67.714,1.80897,1.8173,0.32095,1.95551,20.0,UPPER,CALIBRATED_PROXY,16.69364,0.9177,0.2,TEAM_PLACEHOLDER_v0_UNVALIDATED,PASS,B_OK,False,GradBoost,b1-v0.3,b1-contract-0.6,SIH26170-MOCK-02
C0558,L011,CMOS_B,IDDQ_uA,uA,2.24394,2.19075,2.35189,,,NONE,,0.10795,4.811,1.80897,1.8173,0.32095,1.95551,20.0,UPPER,CALIBRATED_PROXY,17.64811,0.9702,0.2,TEAM_PLACEHOLDER_v0_UNVALIDATED,PASS,B_OK,False,GradBoost,b1-v0.3,b1-contract-0.6,SIH26170-MOCK-02
C0559,L011,CMOS_B,IDDQ_uA,uA,1.86686,2.01284,2.14044,,,NONE,,0.27358,14.655,1.80897,1.8173,0.32095,1.95551,20.0,UPPER,CALIBRATED_PROXY,17.85956,0.9818,0.2,TEAM_PLACEHOLDER_v0_UNVALIDATED,PASS,B_OK,False,GradBoost,b1-v0.3,b1-contract-0.6,SIH26170-MOCK-02
C0560,L011,CMOS_B,IDDQ_uA,uA,1.81431,1.80615,1.92689,,,NONE,,0.11258,6.205,1.80897,1.8173,0.32095,1.95551,20.0,UPPER,CALIBRATED_PROXY,18.07311,0.9935,0.2,TEAM_PLACEHOLDER_v0_UNVALIDATED,PASS,B_OK,False,GradBoost,b1-v0.3,b1-contract-0.6,SIH26170-MOCK-02
C0561,L011,CMOS_B,IDDQ_uA,uA,1.5243,1.54157,1.65706,,,NONE,,0.13276,8.709,1.80897,1.8173,0.32095,1.95551,20.0,UPPER,CALIBRATED_PROXY,18.34294,1.0084,0.2,TEAM_PLACEHOLDER_v0_UNVALIDATED,PASS,B_OK,False,GradBoost,b1-v0.3,b1-contract-0.6,SIH26170-MOCK-02
C0562,L011,CMOS_B,IDDQ_uA,uA,1.5279,1.58421,1.63891,,,NONE,,0.11101,7.265,1.80897,1.8173,0.32095,1.95551,20.0,UPPER,CALIBRATED_PROXY,18.36109,1.0093,0.2,TEAM_PLACEHOLDER_v0_UNVALIDATED,PASS,B_OK,False,GradBoost,b1-v0.3,b1-contract-0.6,SIH26170-MOCK-02
C0563,L011,CMOS_B,IDDQ_uA,uA,1.89424,1.95638,2.07706,,,NONE,,0.18282,9.651,1.80897,1.8173,0.32095,1.95551,20.0,UPPER,CALIBRATED_PROXY,17.92294,0.9853,0.2,TEAM_PLACEHOLDER_v0_UNVALIDATED,PASS,B_OK,False,GradBoost,b1-v0.3,b1-contract-0.6,SIH26170-MOCK-02
C0564,L011,CMOS_B,IDDQ_uA,uA,1.82218,1.91378,2.01121,,,NONE,,0.18903,10.374,1.80897,1.8173,0.32095,1.95551,20.0,UPPER,CALIBRATED_PROXY,17.98879,0.9889,0.2,TEAM_PLACEHOLDER_v0_UNVALIDATED,PASS,B_OK,False,GradBoost,b1-v0.3,b1-contract-0.6,SIH26170-MOCK-02
C0565,L011,CMOS_B,IDDQ_uA,uA,1.75945,1.76599,1.82443,,,NONE,,0.06498,3.693,1.80897,1.8173,0.32095,1.95551,20.0,UPPER,CALIBRATED_PROXY,18.17557,0.9991,0.2,TEAM_PLACEHOLDER_v0_UNVALIDATED,PASS,B_OK,False,GradBoost,b1-v0.3,b1-contract-0.6,SIH26170-MOCK-02
C0566,L011,CMOS_B,IDDQ_uA,uA,2.05541,2.03799,2.16139,,,NONE,,0.10598,5.156,1.80897,1.8173,0.32095,1.95551,20.0,UPPER,CALIBRATED_PROXY,17.83861,0.9806,0.2,TEAM_PLACEHOLDER_v0_UNVALIDATED,PASS,B_OK,False,GradBoost,b1-v0.3,b1-contract-0.6,SIH26170-MOCK-02
C0567,L011,CMOS_B,IDDQ_uA,uA,1.45945,1.45341,1.56657,,,NONE,,0.10712,7.339,1.80897,1.8173,0.32095,1.95551,20.0,UPPER,CALIBRATED_PROXY,18.43343,1.0133,0.2,TEAM_PLACEHOLDER_v0_UNVALIDATED,PASS,B_OK,False,GradBoost,b1-v0.3,b1-contract-0.6,SIH26170-MOCK-02
C0568,L011,CMOS_B,IDDQ_uA,uA,1.9672,1.95843,2.12088,,,NONE,,0.15368,7.812,1.80897,1.8173,0.32095,1.95551,20.0,UPPER,CALIBRATED_PROXY,17.87912,0.9829,0.2,TEAM_PLACEHOLDER_v0_UNVALIDATED,PASS,B_OK,False,GradBoost,b1-v0.3,b1-contract-0.6,SIH26170-MOCK-02
C0569,L011,CMOS_B,IDDQ_uA,uA,2.02567,2.08673,2.21195,,,NONE,,0.18628,9.196,1.80897,1.8173,0.32095,1.95551,20.0,UPPER,CALIBRATED_PROXY,17.78805,0.9778,0.2,TEAM_PLACEHOLDER_v0_UNVALIDATED,PASS,B_OK,False,GradBoost,b1-v0.3,b1-contract-0.6,SIH26170-MOCK-02
C0570,L011,CMOS_B,IDDQ_uA,uA,2.36072,2.3851,2.51035,,,NONE,,0.14963,6.338,1.80897,1.8173,0.32095,1.95551,20.0,UPPER,CALIBRATED_PROXY,17.48965,0.9614,0.2,TEAM_PLACEHOLDER_v0_UNVALIDATED,PASS,B_OK,False,GradBoost,b1-v0.3,b1-contract-0.6,SIH26170-MOCK-02
C0571,L011,CMOS_B,IDDQ_uA,uA,1.78098,1.81762,1.85222,,,NONE,,0.07124,4.0,1.80897,1.8173,0.32095,1.95551,20.0,UPPER,CALIBRATED_PROXY,18.14778,0.9976,0.2,TEAM_PLACEHOLDER_v0_UNVALIDATED,PASS,B_OK,False,GradBoost,b1-v0.3,b1-contract-0.6,SIH26170-MOCK-02
C0572,L011,CMOS_B,IDDQ_uA,uA,2.08039,2.10983,2.26181,,,NONE,,0.18142,8.721,1.80897,1.8173,0.32095,1.95551,20.0,UPPER,CALIBRATED_PROXY,17.73819,0.9751,0.2,TEAM_PLACEHOLDER_v0_UNVALIDATED,PASS,B_OK,False,GradBoost,b1-v0.3,b1-contract-0.6,SIH26170-MOCK-02
C0573,L011,CMOS_B,IDDQ_uA,uA,1.71834,1.75529,1.85237,,,NONE,,0.13403,7.8,1.80897,1.8173,0.32095,1.95551,20.0,UPPER,CALIBRATED_PROXY,18.14763,0.9976,0.2,TEAM_PLACEHOLDER_v0_UNVALIDATED,PASS,B_OK,False,GradBoost,b1-v0.3,b1-contract-0.6,SIH26170-MOCK-02
C0574,L011,CMOS_B,IDDQ_uA,uA,2.09144,2.17819,2.28496,,,NONE,,0.19352,9.253,1.80897,1.8173,0.32095,1.95551,20.0,UPPER,CALIBRATED_PROXY,17.71504,0.9738,0.2,TEAM_PLACEHOLDER_v0_UNVALIDATED,PASS,B_OK,False,GradBoost,b1-v0.3,b1-contract-0.6,SIH26170-MOCK-02
C0575,L011,CMOS_B,IDDQ_uA,uA,1.87643,1.89137,1.98413,,,NONE,,0.1077,5.74,1.80897,1.8173,0.32095,1.95551,20.0,UPPER,CALIBRATED_PROXY,18.01587,0.9904,0.2,TEAM_PLACEHOLDER_v0_UNVALIDATED,PASS,B_OK,False,GradBoost,b1-v0.3,b1-contract-0.6,SIH26170-MOCK-02
C0576,L011,CMOS_B,IDDQ_uA,uA,1.6823,1.73398,2.36855,,,NONE,,0.68625,40.792,1.80897,1.8173,0.32095,1.95551,20.0,UPPER,CALIBRATED_PROXY,17.63145,0.9692,0.2,TEAM_PLACEHOLDER_v0_UNVALIDATED,PASS,B_OK,False,GradBoost,b1-v0.3,b1-contract-0.6,SIH26170-MOCK-02
C0577,L011,CMOS_B,IDDQ_uA,uA,1.54521,1.7177,1.81559,,,NONE,,0.27038,17.498,1.80897,1.8173,0.32095,1.95551,20.0,UPPER,CALIBRATED_PROXY,18.18441,0.9996,0.2,TEAM_PLACEHOLDER_v0_UNVALIDATED,PASS,B_OK,False,GradBoost,b1-v0.3,b1-contract-0.6,SIH26170-MOCK-02
C0578,L011,CMOS_B,IDDQ_uA,uA,1.77341,1.78563,1.85842,,,NONE,,0.08501,4.794,1.80897,1.8173,0.32095,1.95551,20.0,UPPER,CALIBRATED_PROXY,18.14158,0.9973,0.2,TEAM_PLACEHOLDER_v0_UNVALIDATED,PASS,B_OK,False,GradBoost,b1-v0.3,b1-contract-0.6,SIH26170-MOCK-02
C0579,L011,CMOS_B,IDDQ_uA,uA,1.49291,1.52871,1.61507,,,NONE,,0.12216,8.183,1.80897,1.8173,0.32095,1.95551,20.0,UPPER,CALIBRATED_PROXY,18.38493,1.0107,0.2,TEAM_PLACEHOLDER_v0_UNVALIDATED,PASS,B_OK,False,GradBoost,b1-v0.3,b1-contract-0.6,SIH26170-MOCK-02
C0580,L011,CMOS_B,IDDQ_uA,uA,1.96727,1.97778,2.12855,,,NONE,,0.16128,8.198,1.80897,1.8173,0.32095,1.95551,20.0,UPPER,CALIBRATED_PROXY,17.87145,0.9824,0.2,TEAM_PLACEHOLDER_v0_UNVALIDATED,PASS,B_OK,False,GradBoost,b1-v0.3,b1-contract-0.6,SIH26170-MOCK-02
C0581,L011,CMOS_B,IDDQ_uA,uA,1.65066,1.68204,1.75611,,,NONE,,0.10545,6.388,1.80897,1.8173,0.32095,1.95551,20.0,UPPER,CALIBRATED_PROXY,18.24389,1.0029,0.2,TEAM_PLACEHOLDER_v0_UNVALIDATED,PASS,B_OK,False,GradBoost,b1-v0.3,b1-contract-0.6,SIH26170-MOCK-02
C0582,L011,CMOS_B,IDDQ_uA,uA,2.30735,2.35957,2.40886,,,NONE,,0.10151,4.399,1.80897,1.8173,0.32095,1.95551,20.0,UPPER,CALIBRATED_PROXY,17.59114,0.967,0.2,TEAM_PLACEHOLDER_v0_UNVALIDATED,PASS,B_OK,False,GradBoost,b1-v0.3,b1-contract-0.6,SIH26170-MOCK-02
C0583,L011,CMOS_B,IDDQ_uA,uA,1.56772,1.55276,1.69556,,,NONE,,0.12784,8.155,1.80897,1.8173,0.32095,1.95551,20.0,UPPER,CALIBRATED_PROXY,18.30444,1.0062,0.2,TEAM_PLACEHOLDER_v0_UNVALIDATED,PASS,B_OK,False,GradBoost,b1-v0.3,b1-contract-0.6,SIH26170-MOCK-02
C0584,L012,CMOS_B,IDDQ_uA,uA,1.94217,1.99016,2.07032,,,NONE,,0.12815,6.599,1.9756,1.99878,0.21059,2.0832,20.0,UPPER,CALIBRATED_PROXY,17.92968,0.9947,0.2,TEAM_PLACEHOLDER_v0_UNVALIDATED,PASS,B_OK,False,GradBoost,b1-v0.3,b1-contract-0.6,SIH26170-MOCK-02
C0585,L012,CMOS_B,IDDQ_uA,uA,1.65931,1.69138,1.75072,,,NONE,,0.09141,5.509,1.9756,1.99878,0.21059,2.0832,20.0,UPPER,CALIBRATED_PROXY,18.24928,1.0125,0.2,TEAM_PLACEHOLDER_v0_UNVALIDATED,PASS,B_OK,False,GradBoost,b1-v0.3,b1-contract-0.6,SIH26170-MOCK-02
C0586,L012,CMOS_B,IDDQ_uA,uA,1.86052,1.83996,1.95154,,,NONE,,0.09102,4.892,1.9756,1.99878,0.21059,2.0832,20.0,UPPER,CALIBRATED_PROXY,18.04846,1.0013,0.2,TEAM_PLACEHOLDER_v0_UNVALIDATED,PASS,B_OK,False,GradBoost,b1-v0.3,b1-contract-0.6,SIH26170-MOCK-02
C0587,L012,CMOS_B,IDDQ_uA,uA,2.02007,2.01988,2.0734,,,NONE,,0.05333,2.64,1.9756,1.99878,0.21059,2.0832,20.0,UPPER,CALIBRATED_PROXY,17.9266,0.9946,0.2,TEAM_PLACEHOLDER_v0_UNVALIDATED,PASS,B_OK,False,GradBoost,b1-v0.3,b1-contract-0.6,SIH26170-MOCK-02
C0588,L012,CMOS_B,IDDQ_uA,uA,2.01044,1.98818,2.09299,,,NONE,,0.08255,4.106,1.9756,1.99878,0.21059,2.0832,20.0,UPPER,CALIBRATED_PROXY,17.90701,0.9935,0.2,TEAM_PLACEHOLDER_v0_UNVALIDATED,PASS,B_OK,False,GradBoost,b1-v0.3,b1-contract-0.6,SIH26170-MOCK-02
C0589,L012,CMOS_B,IDDQ_uA,uA,1.77521,1.80253,1.82085,,,NONE,,0.04564,2.571,1.9756,1.99878,0.21059,2.0832,20.0,UPPER,CALIBRATED_PROXY,18.17915,1.0086,0.2,TEAM_PLACEHOLDER_v0_UNVALIDATED,PASS,B_OK,False,GradBoost,b1-v0.3,b1-contract-0.6,SIH26170-MOCK-02
C0590,L012,CMOS_B,IDDQ_uA,uA,1.88235,1.88651,1.91954,,,NONE,,0.03719,1.976,1.9756,1.99878,0.21059,2.0832,20.0,UPPER,CALIBRATED_PROXY,18.08046,1.0031,0.2,TEAM_PLACEHOLDER_v0_UNVALIDATED,PASS,B_OK,False,GradBoost,b1-v0.3,b1-contract-0.6,SIH26170-MOCK-02
C0591,L012,CMOS_B,IDDQ_uA,uA,2.0388,2.0425,2.10088,,,NONE,,0.06208,3.045,1.9756,1.99878,0.21059,2.0832,20.0,UPPER,CALIBRATED_PROXY,17.89912,0.993,0.2,TEAM_PLACEHOLDER_v0_UNVALIDATED,PASS,B_OK,False,GradBoost,b1-v0.3,b1-contract-0.6,SIH26170-MOCK-02
C0592,L012,CMOS_B,IDDQ_uA,uA,1.86029,1.86299,1.91871,,,NONE,,0.05842,3.14,1.9756,1.99878,0.21059,2.0832,20.0,UPPER,CALIBRATED_PROXY,18.08129,1.0032,0.2,TEAM_PLACEHOLDER_v0_UNVALIDATED,PASS,B_OK,False,GradBoost,b1-v0.3,b1-contract-0.6,SIH26170-MOCK-02
C0593,L012,CMOS_B,IDDQ_uA,uA,1.90739,1.89262,1.99787,,,NONE,,0.09048,4.744,1.9756,1.99878,0.21059,2.0832,20.0,UPPER,CALIBRATED_PROXY,18.00213,0.9988,0.2,TEAM_PLACEHOLDER_v0_UNVALIDATED,PASS,B_OK,False,GradBoost,b1-v0.3,b1-contract-0.6,SIH26170-MOCK-02
C0594,L012,CMOS_B,IDDQ_uA,uA,2.03539,2.05984,2.19439,,,NONE,,0.159,7.812,1.9756,1.99878,0.21059,2.0832,20.0,UPPER,CALIBRATED_PROXY,17.80561,0.9879,0.2,TEAM_PLACEHOLDER_v0_UNVALIDATED,PASS,B_OK,False,GradBoost,b1-v0.3,b1-contract-0.6,SIH26170-MOCK-02
C0595,L012,CMOS_B,IDDQ_uA,uA,1.71192,1.74102,1.81708,,,NONE,,0.10516,6.143,1.9756,1.99878,0.21059,2.0832,20.0,UPPER,CALIBRATED_PROXY,18.18292,1.0088,0.2,TEAM_PLACEHOLDER_v0_UNVALIDATED,PASS,B_OK,False,GradBoost,b1-v0.3,b1-contract-0.6,SIH26170-MOCK-02
C0596,L012,CMOS_B,IDDQ_uA,uA,2.08164,2.09633,2.22881,,,NONE,,0.14717,7.07,1.9756,1.99878,0.21059,2.0832,20.0,UPPER,CALIBRATED_PROXY,17.77119,0.986,0.2,TEAM_PLACEHOLDER_v0_UNVALIDATED,PASS,B_OK,False,GradBoost,b1-v0.3,b1-contract-0.6,SIH26170-MOCK-02
C0597,L012,CMOS_B,IDDQ_uA,uA,2.16774,2.17797,2.25005,,,NONE,,0.08231,3.797,1.9756,1.99878,0.21059,2.0832,20.0,UPPER,CALIBRATED_PROXY,17.74995,0.9848,0.2,TEAM_PLACEHOLDER_v0_UNVALIDATED,PASS,B_OK,False,GradBoost,b1-v0.3,b1-contract-0.6,SIH26170-MOCK-02
C0598,L012,CMOS_B,IDDQ_uA,uA,1.86463,1.82593,1.93588,,,NONE,,0.07125,3.821,1.9756,1.99878,0.21059,2.0832,20.0,UPPER,CALIBRATED_PROXY,18.06412,1.0022,0.2,TEAM_PLACEHOLDER_v0_UNVALIDATED,PASS,B_OK,False,GradBoost,b1-v0.3,b1-contract-0.6,SIH26170-MOCK-02
C0599,L012,CMOS_B,IDDQ_uA,uA,1.97633,2.04005,2.09615,,,NONE,,0.11982,6.063,1.9756,1.99878,0.21059,2.0832,20.0,UPPER,CALIBRATED_PROXY,17.90385,0.9933,0.2,TEAM_PLACEHOLDER_v0_UNVALIDATED,PASS,B_OK,False,GradBoost,b1-v0.3,b1-contract-0.6,SIH26170-MOCK-02
C0600,L012,CMOS_B,IDDQ_uA,uA,1.80552,1.78459,1.89382,,,NONE,,0.0883,4.891,1.9756,1.99878,0.21059,2.0832,20.0,UPPER,CALIBRATED_PROXY,18.10618,1.0045,0.2,TEAM_PLACEHOLDER_v0_UNVALIDATED,PASS,B_OK,False,GradBoost,b1-v0.3,b1-contract-0.6,SIH26170-MOCK-02
C0601,L012,CMOS_B,IDDQ_uA,uA,1.96183,1.91217,2.03424,,,NONE,,0.07241,3.691,1.9756,1.99878,0.21059,2.0832,20.0,UPPER,CALIBRATED_PROXY,17.96576,0.9967,0.2,TEAM_PLACEHOLDER_v0_UNVALIDATED,PASS,B_OK,False,GradBoost,b1-v0.3,b1-contract-0.6,SIH26170-MOCK-02
C0602,L012,CMOS_B,IDDQ_uA,uA,2.20993,2.31528,2.32835,,,NONE,,0.11842,5.358,1.9756,1.99878,0.21059,2.0832,20.0,UPPER,CALIBRATED_PROXY,17.67165,0.9804,0.2,TEAM_PLACEHOLDER_v0_UNVALIDATED,PASS,B_OK,False,GradBoost,b1-v0.3,b1-contract-0.6,SIH26170-MOCK-02
C0603,L012,CMOS_B,IDDQ_uA,uA,2.07863,2.16392,2.27221,,,NONE,,0.19358,9.313,1.9756,1.99878,0.21059,2.0832,20.0,UPPER,CALIBRATED_PROXY,17.72779,0.9835,0.2,TEAM_PLACEHOLDER_v0_UNVALIDATED,PASS,B_OK,False,GradBoost,b1-v0.3,b1-contract-0.6,SIH26170-MOCK-02
C0604,L012,CMOS_B,IDDQ_uA,uA,1.72596,1.82166,1.87326,,,NONE,,0.1473,8.534,1.9756,1.99878,0.21059,2.0832,20.0,UPPER,CALIBRATED_PROXY,18.12674,1.0057,0.2,TEAM_PLACEHOLDER_v0_UNVALIDATED,PASS,B_OK,False,GradBoost,b1-v0.3,b1-contract-0.6,SIH26170-MOCK-02
C0605,L012,CMOS_B,IDDQ_uA,uA,2.22195,2.20831,2.3713,,,NONE,,0.14935,6.721,1.9756,1.99878,0.21059,2.0832,20.0,UPPER,CALIBRATED_PROXY,17.6287,0.978,0.2,TEAM_PLACEHOLDER_v0_UNVALIDATED,PASS,B_OK,False,GradBoost,b1-v0.3,b1-contract-0.6,SIH26170-MOCK-02
C0606,L012,CMOS_B,IDDQ_uA,uA,2.10012,2.13962,2.26273,,,NONE,,0.16261,7.743,1.9756,1.99878,0.21059,2.0832,20.0,UPPER,CALIBRATED_PROXY,17.73727,0.9841,0.2,TEAM_PLACEHOLDER_v0_UNVALIDATED,PASS,B_OK,False,GradBoost,b1-v0.3,b1-contract-0.6,SIH26170-MOCK-02
C0607,L012,CMOS_B,IDDQ_uA,uA,2.10893,2.16542,2.25482,,,NONE,,0.14589,6.918,1.9756,1.99878,0.21059,2.0832,20.0,UPPER,CALIBRATED_PROXY,17.74518,0.9845,0.2,TEAM_PLACEHOLDER_v0_UNVALIDATED,PASS,B_OK,False,GradBoost,b1-v0.3,b1-contract-0.6,SIH26170-MOCK-02
C0608,L012,CMOS_B,IDDQ_uA,uA,2.01121,2.00104,2.09462,,,NONE,,0.08341,4.147,1.9756,1.99878,0.21059,2.0832,20.0,UPPER,CALIBRATED_PROXY,17.90538,0.9934,0.2,TEAM_PLACEHOLDER_v0_UNVALIDATED,PASS,B_OK,False,GradBoost,b1-v0.3,b1-contract-0.6,SIH26170-MOCK-02
C0609,L012,CMOS_B,IDDQ_uA,uA,2.18061,2.20964,2.32201,,,NONE,,0.1414,6.485,1.9756,1.99878,0.21059,2.0832,20.0,UPPER,CALIBRATED_PROXY,17.67799,0.9808,0.2,TEAM_PLACEHOLDER_v0_UNVALIDATED,PASS,B_OK,False,GradBoost,b1-v0.3,b1-contract-0.6,SIH26170-MOCK-02
C0610,L012,CMOS_B,IDDQ_uA,uA,2.18879,2.19158,2.28201,,,NONE,,0.09322,4.259,1.9756,1.99878,0.21059,2.0832,20.0,UPPER,CALIBRATED_PROXY,17.71799,0.983,0.2,TEAM_PLACEHOLDER_v0_UNVALIDATED,PASS,B_OK,False,GradBoost,b1-v0.3,b1-contract-0.6,SIH26170-MOCK-02
C0611,L012,CMOS_B,IDDQ_uA,uA,1.97488,1.99652,2.13994,,,NONE,,0.16506,8.358,1.9756,1.99878,0.21059,2.0832,20.0,UPPER,CALIBRATED_PROXY,17.86006,0.9909,0.2,TEAM_PLACEHOLDER_v0_UNVALIDATED,PASS,B_OK,False,GradBoost,b1-v0.3,b1-contract-0.6,SIH26170-MOCK-02
C0612,L012,CMOS_B,IDDQ_uA,uA,1.88806,1.87157,1.94823,,,NONE,,0.06017,3.187,1.9756,1.99878,0.21059,2.0832,20.0,UPPER,CALIBRATED_PROXY,18.05177,1.0015,0.2,TEAM_PLACEHOLDER_v0_UNVALIDATED,PASS,B_OK,False,GradBoost,b1-v0.3,b1-contract-0.6,SIH26170-MOCK-02
C0613,L012,CMOS_B,IDDQ_uA,uA,2.05689,2.01991,2.17812,,,NONE,,0.12123,5.894,1.9756,1.99878,0.21059,2.0832,20.0,UPPER,CALIBRATED_PROXY,17.82188,0.9888,0.2,TEAM_PLACEHOLDER_v0_UNVALIDATED,PASS,B_OK,False,GradBoost,b1-v0.3,b1-contract-0.6,SIH26170-MOCK-02
C0614,L012,CMOS_B,IDDQ_uA,uA,2.06413,2.07687,2.2315,,,NONE,,0.16737,8.109,1.9756,1.99878,0.21059,2.0832,20.0,UPPER,CALIBRATED_PROXY,17.7685,0.9858,0.2,TEAM_PLACEHOLDER_v0_UNVALIDATED,PASS,B_OK,False,GradBoost,b1-v0.3,b1-contract-0.6,SIH26170-MOCK-02
C0615,L012,CMOS_B,IDDQ_uA,uA,1.60702,1.63677,1.6881,,,NONE,,0.08108,5.045,1.9756,1.99878,0.21059,2.0832,20.0,UPPER,CALIBRATED_PROXY,18.3119,1.016,0.2,TEAM_PLACEHOLDER_v0_UNVALIDATED,PASS,B_OK,False,GradBoost,b1-v0.3,b1-contract-0.6,SIH26170-MOCK-02
C0616,L012,CMOS_B,IDDQ_uA,uA,2.14986,2.23853,2.27163,,,NONE,,0.12177,5.664,1.9756,1.99878,0.21059,2.0832,20.0,UPPER,CALIBRATED_PROXY,17.72837,0.9836,0.2,TEAM_PLACEHOLDER_v0_UNVALIDATED,PASS,B_OK,False,GradBoost,b1-v0.3,b1-contract-0.6,SIH26170-MOCK-02
C0617,L012,CMOS_B,IDDQ_uA,uA,1.87935,1.89887,1.96473,,,NONE,,0.08538,4.543,1.9756,1.99878,0.21059,2.0832,20.0,UPPER,CALIBRATED_PROXY,18.03527,1.0006,0.2,TEAM_PLACEHOLDER_v0_UNVALIDATED,PASS,B_OK,False,GradBoost,b1-v0.3,b1-contract-0.6,SIH26170-MOCK-02
C0618,L012,CMOS_B,IDDQ_uA,uA,1.92516,1.89349,1.98708,,,NONE,,0.06192,3.216,1.9756,1.99878,0.21059,2.0832,20.0,UPPER,CALIBRATED_PROXY,18.01292,0.9994,0.2,TEAM_PLACEHOLDER_v0_UNVALIDATED,PASS,B_OK,False,GradBoost,b1-v0.3,b1-contract-0.6,SIH26170-MOCK-02
C0619,L012,CMOS_B,IDDQ_uA,uA,2.4121,2.45961,2.57403,,,NONE,,0.16193,6.713,1.9756,1.99878,0.21059,2.0832,20.0,UPPER,CALIBRATED_PROXY,17.42597,0.9668,0.2,TEAM_PLACEHOLDER_v0_UNVALIDATED,PASS,B_OK,False,GradBoost,b1-v0.3,b1-contract-0.6,SIH26170-MOCK-02
C0620,L012,CMOS_B,IDDQ_uA,uA,1.6532,1.69792,1.76993,,,NONE,,0.11673,7.061,1.9756,1.99878,0.21059,2.0832,20.0,UPPER,CALIBRATED_PROXY,18.23007,1.0114,0.2,TEAM_PLACEHOLDER_v0_UNVALIDATED,PASS,B_OK,False,GradBoost,b1-v0.3,b1-contract-0.6,SIH26170-MOCK-02
C0621,L012,CMOS_B,IDDQ_uA,uA,1.92469,2.01719,2.1005,,,NONE,,0.17581,9.135,1.9756,1.99878,0.21059,2.0832,20.0,UPPER,CALIBRATED_PROXY,17.8995,0.9931,0.2,TEAM_PLACEHOLDER_v0_UNVALIDATED,PASS,B_OK,False,GradBoost,b1-v0.3,b1-contract-0.6,SIH26170-MOCK-02
C0622,L012,CMOS_B,IDDQ_uA,uA,2.25516,2.28019,2.50266,,,NONE,,0.2475,10.975,1.9756,1.99878,0.21059,2.0832,20.0,UPPER,CALIBRATED_PROXY,17.49734,0.9708,0.2,TEAM_PLACEHOLDER_v0_UNVALIDATED,PASS,B_OK,False,GradBoost,b1-v0.3,b1-contract-0.6,SIH26170-MOCK-02
C0623,L012,CMOS_B,IDDQ_uA,uA,1.92605,1.92637,2.0115,,,NONE,,0.08545,4.436,1.9756,1.99878,0.21059,2.0832,20.0,UPPER,CALIBRATED_PROXY,17.9885,0.998,0.2,TEAM_PLACEHOLDER_v0_UNVALIDATED,PASS,B_OK,False,GradBoost,b1-v0.3,b1-contract-0.6,SIH26170-MOCK-02
C0624,L012,CMOS_B,IDDQ_uA,uA,1.94567,1.91352,2.04601,,,NONE,,0.10034,5.157,1.9756,1.99878,0.21059,2.0832,20.0,UPPER,CALIBRATED_PROXY,17.95399,0.9961,0.2,TEAM_PLACEHOLDER_v0_UNVALIDATED,PASS,B_OK,False,GradBoost,b1-v0.3,b1-contract-0.6,SIH26170-MOCK-02
C0625,L012,CMOS_B,IDDQ_uA,uA,1.8308,1.81913,1.93284,,,NONE,,0.10204,5.574,1.9756,1.99878,0.21059,2.0832,20.0,UPPER,CALIBRATED_PROXY,18.06716,1.0024,0.2,TEAM_PLACEHOLDER_v0_UNVALIDATED,PASS,B_OK,False,GradBoost,b1-v0.3,b1-contract-0.6,SIH26170-MOCK-02
C0626,L012,CMOS_B,IDDQ_uA,uA,2.34899,2.4299,2.46212,,,NONE,,0.11313,4.816,1.9756,1.99878,0.21059,2.0832,20.0,UPPER,CALIBRATED_PROXY,17.53788,0.973,0.2,TEAM_PLACEHOLDER_v0_UNVALIDATED,PASS,B_OK,False,GradBoost,b1-v0.3,b1-contract-0.6,SIH26170-MOCK-02
C0627,L012,CMOS_B,IDDQ_uA,uA,2.0195,2.051,2.07291,,,NONE,,0.05341,2.645,1.9756,1.99878,0.21059,2.0832,20.0,UPPER,CALIBRATED_PROXY,17.92709,0.9946,0.2,TEAM_PLACEHOLDER_v0_UNVALIDATED,PASS,B_OK,False,GradBoost,b1-v0.3,b1-contract-0.6,SIH26170-MOCK-02
C0843,L017,CMOS_C,IDDQ_uA,uA,1.00508,1.0236,1.06691,,,NONE,,0.06183,6.152,0.95338,0.94545,0.13521,1.01039,40.0,UPPER,CALIBRATED_PROXY,38.93309,0.9971,0.2,TEAM_PLACEHOLDER_v0_UNVALIDATED,PASS,B_OK,False,GradBoost,b1-v0.3,b1-contract-0.6,SIH26170-MOCK-02
C0844,L017,CMOS_C,IDDQ_uA,uA,0.91205,0.93301,0.99613,,,NONE,,0.08408,9.219,0.95338,0.94545,0.13521,1.01039,40.0,UPPER,CALIBRATED_PROXY,39.00387,0.9989,0.2,TEAM_PLACEHOLDER_v0_UNVALIDATED,PASS,B_OK,False,GradBoost,b1-v0.3,b1-contract-0.6,SIH26170-MOCK-02
C0845,L017,CMOS_C,IDDQ_uA,uA,1.06078,1.06598,1.13832,,,NONE,,0.07754,7.31,0.95338,0.94545,0.13521,1.01039,40.0,UPPER,CALIBRATED_PROXY,38.86168,0.9953,0.2,TEAM_PLACEHOLDER_v0_UNVALIDATED,PASS,B_OK,False,GradBoost,b1-v0.3,b1-contract-0.6,SIH26170-MOCK-02
C0846,L017,CMOS_C,IDDQ_uA,uA,0.90672,0.89231,0.9242,,,NONE,,0.01748,1.928,0.95338,0.94545,0.13521,1.01039,40.0,UPPER,CALIBRATED_PROXY,39.0758,1.0007,0.2,TEAM_PLACEHOLDER_v0_UNVALIDATED,PASS,B_OK,False,GradBoost,b1-v0.3,b1-contract-0.6,SIH26170-MOCK-02
C0847,L017,CMOS_C,IDDQ_uA,uA,0.79211,0.77038,0.82996,,,NONE,,0.03785,4.779,0.95338,0.94545,0.13521,1.01039,40.0,UPPER,CALIBRATED_PROXY,39.17004,1.0032,0.2,TEAM_PLACEHOLDER_v0_UNVALIDATED,PASS,B_OK,False,GradBoost,b1-v0.3,b1-contract-0.6,SIH26170-MOCK-02
C0848,L017,CMOS_C,IDDQ_uA,uA,1.1516,1.17296,1.21003,,,NONE,,0.05843,5.073,0.95338,0.94545,0.13521,1.01039,40.0,UPPER,CALIBRATED_PROXY,38.78997,0.9934,0.2,TEAM_PLACEHOLDER_v0_UNVALIDATED,PASS,B_OK,False,GradBoost,b1-v0.3,b1-contract-0.6,SIH26170-MOCK-02
C0849,L017,CMOS_C,IDDQ_uA,uA,0.98261,1.02226,1.05525,,,NONE,,0.07264,7.393,0.95338,0.94545,0.13521,1.01039,40.0,UPPER,CALIBRATED_PROXY,38.94475,0.9974,0.2,TEAM_PLACEHOLDER_v0_UNVALIDATED,PASS,B_OK,False,GradBoost,b1-v0.3,b1-contract-0.6,SIH26170-MOCK-02
C0850,L017,CMOS_C,IDDQ_uA,uA,1.01848,0.98458,1.0535,,,NONE,,0.03502,3.439,0.95338,0.94545,0.13521,1.01039,40.0,UPPER,CALIBRATED_PROXY,38.9465,0.9974,0.2,TEAM_PLACEHOLDER_v0_UNVALIDATED,PASS,B_OK,False,GradBoost,b1-v0.3,b1-contract-0.6,SIH26170-MOCK-02
C0851,L017,CMOS_C,IDDQ_uA,uA,0.9544,0.93112,0.98596,,,NONE,,0.03156,3.306,0.95338,0.94545,0.13521,1.01039,40.0,UPPER,CALIBRATED_PROXY,39.01404,0.9992,0.2,TEAM_PLACEHOLDER_v0_UNVALIDATED,PASS,B_OK,False,GradBoost,b1-v0.3,b1-contract-0.6,SIH26170-MOCK-02
C0852,L017,CMOS_C,IDDQ_uA,uA,0.9584,0.986,1.01833,,,NONE,,0.05993,6.253,0.95338,0.94545,0.13521,1.01039,40.0,UPPER,CALIBRATED_PROXY,38.98167,0.9983,0.2,TEAM_PLACEHOLDER_v0_UNVALIDATED,PASS,B_OK,False,GradBoost,b1-v0.3,b1-contract-0.6,SIH26170-MOCK-02
C0853,L017,CMOS_C,IDDQ_uA,uA,0.71463,0.71224,0.75782,,,NONE,,0.04319,6.043,0.95338,0.94545,0.13521,1.01039,40.0,UPPER,CALIBRATED_PROXY,39.24218,1.005,0.2,TEAM_PLACEHOLDER_v0_UNVALIDATED,PASS,B_OK,False,GradBoost,b1-v0.3,b1-contract-0.6,SIH26170-MOCK-02
C0854,L017,CMOS_C,IDDQ_uA,uA,0.82143,0.80755,0.86556,,,NONE,,0.04413,5.373,0.95338,0.94545,0.13521,1.01039,40.0,UPPER,CALIBRATED_PROXY,39.13444,1.0022,0.2,TEAM_PLACEHOLDER_v0_UNVALIDATED,PASS,B_OK,False,GradBoost,b1-v0.3,b1-contract-0.6,SIH26170-MOCK-02
C0855,L017,CMOS_C,IDDQ_uA,uA,1.02146,1.06017,1.09384,,,NONE,,0.07238,7.086,0.95338,0.94545,0.13521,1.01039,40.0,UPPER,CALIBRATED_PROXY,38.90616,0.9964,0.2,TEAM_PLACEHOLDER_v0_UNVALIDATED,PASS,B_OK,False,GradBoost,b1-v0.3,b1-contract-0.6,SIH26170-MOCK-02
C0856,L017,CMOS_C,IDDQ_uA,uA,0.8092,0.81234,0.85505,,,NONE,,0.04585,5.667,0.95338,0.94545,0.13521,1.01039,40.0,UPPER,CALIBRATED_PROXY,39.14495,1.0025,0.2,TEAM_PLACEHOLDER_v0_UNVALIDATED,PASS,B_OK,False,GradBoost,b1-v0.3,b1-contract-0.6,SIH26170-MOCK-02
C0857,L017,CMOS_C,IDDQ_uA,uA,0.92265,0.92646,0.9655,,,NONE,,0.04285,4.644,0.95338,0.94545,0.13521,1.01039,40.0,UPPER,CALIBRATED_PROXY,39.0345,0.9997,0.2,TEAM_PLACEHOLDER_v0_UNVALIDATED,PASS,B_OK,False,GradBoost,b1-v0.3,b1-contract-0.6,SIH26170-MOCK-02
C0858,L017,CMOS_C,IDDQ_uA,uA,0.98799,1.02949,1.04134,,,NONE,,0.05335,5.4,0.95338,0.94545,0.13521,1.01039,40.0,UPPER,CALIBRATED_PROXY,38.95866,0.9977,0.2,TEAM_PLACEHOLDER_v0_UNVALIDATED,PASS,B_OK,False,GradBoost,b1-v0.3,b1-contract-0.6,SIH26170-MOCK-02
C0859,L017,CMOS_C,IDDQ_uA,uA,0.88134,0.92389,0.95392,,,NONE,,0.07258,8.235,0.95338,0.94545,0.13521,1.01039,40.0,UPPER,CALIBRATED_PROXY,39.04608,1.0,0.2,TEAM_PLACEHOLDER_v0_UNVALIDATED,PASS,B_OK,False,GradBoost,b1-v0.3,b1-contract-0.6,SIH26170-MOCK-02
C0860,L017,CMOS_C,IDDQ_uA,uA,0.79198,0.76893,0.82768,,,NONE,,0.0357,4.508,0.95338,0.94545,0.13521,1.01039,40.0,UPPER,CALIBRATED_PROXY,39.17232,1.0032,0.2,TEAM_PLACEHOLDER_v0_UNVALIDATED,PASS,B_OK,False,GradBoost,b1-v0.3,b1-contract-0.6,SIH26170-MOCK-02
C0861,L017,CMOS_C,IDDQ_uA,uA,1.03127,1.02957,1.07172,,,NONE,,0.04045,3.922,0.95338,0.94545,0.13521,1.01039,40.0,UPPER,CALIBRATED_PROXY,38.92828,0.997,0.2,TEAM_PLACEHOLDER_v0_UNVALIDATED,PASS,B_OK,False,GradBoost,b1-v0.3,b1-contract-0.6,SIH26170-MOCK-02
C0862,L017,CMOS_C,IDDQ_uA,uA,0.93244,0.92633,0.96169,,,NONE,,0.02925,3.137,0.95338,0.94545,0.13521,1.01039,40.0,UPPER,CALIBRATED_PROXY,39.03831,0.9998,0.2,TEAM_PLACEHOLDER_v0_UNVALIDATED,PASS,B_OK,False,GradBoost,b1-v0.3,b1-contract-0.6,SIH26170-MOCK-02
C0863,L017,CMOS_C,IDDQ_uA,uA,0.88986,0.91076,0.96302,,,NONE,,0.07316,8.222,0.95338,0.94545,0.13521,1.01039,40.0,UPPER,CALIBRATED_PROXY,39.03698,0.9998,0.2,TEAM_PLACEHOLDER_v0_UNVALIDATED,PASS,B_OK,False,GradBoost,b1-v0.3,b1-contract-0.6,SIH26170-MOCK-02
C0864,L017,CMOS_C,IDDQ_uA,uA,0.89736,0.91048,0.95508,,,NONE,,0.05772,6.432,0.95338,0.94545,0.13521,1.01039,40.0,UPPER,CALIBRATED_PROXY,39.04492,1.0,0.2,TEAM_PLACEHOLDER_v0_UNVALIDATED,PASS,B_OK,False,GradBoost,b1-v0.3,b1-contract-0.6,SIH26170-MOCK-02
C0865,L017,CMOS_C,IDDQ_uA,uA,0.92033,0.93813,1.00618,,,NONE,,0.08585,9.328,0.95338,0.94545,0.13521,1.01039,40.0,UPPER,CALIBRATED_PROXY,38.99382,0.9986,0.2,TEAM_PLACEHOLDER_v0_UNVALIDATED,PASS,B_OK,False,GradBoost,b1-v0.3,b1-contract-0.6,SIH26170-MOCK-02
C0866,L017,CMOS_C,IDDQ_uA,uA,1.24764,1.2338,1.29143,,,NONE,,0.04379,3.51,0.95338,0.94545,0.13521,1.01039,40.0,UPPER,CALIBRATED_PROXY,38.70857,0.9913,0.2,TEAM_PLACEHOLDER_v0_UNVALIDATED,PASS,B_OK,False,GradBoost,b1-v0.3,b1-contract-0.6,SIH26170-MOCK-02
C0867,L017,CMOS_C,IDDQ_uA,uA,1.0087,1.03701,1.03684,,,NONE,,0.02814,2.79,0.95338,0.94545,0.13521,1.01039,40.0,UPPER,CALIBRATED_PROXY,38.96316,0.9979,0.2,TEAM_PLACEHOLDER_v0_UNVALIDATED,PASS,B_OK,False,GradBoost,b1-v0.3,b1-contract-0.6,SIH26170-MOCK-02
C0868,L017,CMOS_C,IDDQ_uA,uA,1.04554,1.04383,1.08897,,,NONE,,0.04343,4.154,0.95338,0.94545,0.13521,1.01039,40.0,UPPER,CALIBRATED_PROXY,38.91103,0.9965,0.2,TEAM_PLACEHOLDER_v0_UNVALIDATED,PASS,B_OK,False,GradBoost,b1-v0.3,b1-contract-0.6,SIH26170-MOCK-02
C0869,L017,CMOS_C,IDDQ_uA,uA,0.95302,0.97824,1.0146,,,NONE,,0.06158,6.462,0.95338,0.94545,0.13521,1.01039,40.0,UPPER,CALIBRATED_PROXY,38.9854,0.9984,0.2,TEAM_PLACEHOLDER_v0_UNVALIDATED,PASS,B_OK,False,GradBoost,b1-v0.3,b1-contract-0.6,SIH26170-MOCK-02
C0870,L017,CMOS_C,IDDQ_uA,uA,0.77867,0.80683,0.83015,,,NONE,,0.05148,6.611,0.95338,0.94545,0.13521,1.01039,40.0,UPPER,CALIBRATED_PROXY,39.16985,1.0032,0.2,TEAM_PLACEHOLDER_v0_UNVALIDATED,PASS,B_OK,False,GradBoost,b1-v0.3,b1-contract-0.6,SIH26170-MOCK-02
C0871,L017,CMOS_C,IDDQ_uA,uA,0.81525,0.80182,0.85726,,,NONE,,0.04201,5.152,0.95338,0.94545,0.13521,1.01039,40.0,UPPER,CALIBRATED_PROXY,39.14274,1.0025,0.2,TEAM_PLACEHOLDER_v0_UNVALIDATED,PASS,B_OK,False,GradBoost,b1-v0.3,b1-contract-0.6,SIH26170-MOCK-02
C0872,L017,CMOS_C,IDDQ_uA,uA,1.04852,1.09027,1.29243,,,NONE,,0.24391,23.262,0.95338,0.94545,0.13521,1.01039,40.0,UPPER,CALIBRATED_PROXY,38.70757,0.9913,0.2,TEAM_PLACEHOLDER_v0_UNVALIDATED,PASS,B_OK,False,GradBoost,b1-v0.3,b1-contract-0.6,SIH26170-MOCK-02
C0873,L017,CMOS_C,IDDQ_uA,uA,0.96453,1.0092,1.04709,,,NONE,,0.08256,8.559,0.95338,0.94545,0.13521,1.01039,40.0,UPPER,CALIBRATED_PROXY,38.95291,0.9976,0.2,TEAM_PLACEHOLDER_v0_UNVALIDATED,PASS,B_OK,False,GradBoost,b1-v0.3,b1-contract-0.6,SIH26170-MOCK-02
C0874,L017,CMOS_C,IDDQ_uA,uA,0.8102,0.83349,0.85584,,,NONE,,0.04564,5.634,0.95338,0.94545,0.13521,1.01039,40.0,UPPER,CALIBRATED_PROXY,39.14416,1.0025,0.2,TEAM_PLACEHOLDER_v0_UNVALIDATED,PASS,B_OK,False,GradBoost,b1-v0.3,b1-contract-0.6,SIH26170-MOCK-02
C0875,L017,CMOS_C,IDDQ_uA,uA,1.01577,1.05134,1.08952,,,NONE,,0.07375,7.26,0.95338,0.94545,0.13521,1.01039,40.0,UPPER,CALIBRATED_PROXY,38.91048,0.9965,0.2,TEAM_PLACEHOLDER_v0_UNVALIDATED,PASS,B_OK,False,GradBoost,b1-v0.3,b1-contract-0.6,SIH26170-MOCK-02
C0876,L017,CMOS_C,IDDQ_uA,uA,0.9226,0.92748,0.9603,,,NONE,,0.0377,4.086,0.95338,0.94545,0.13521,1.01039,40.0,UPPER,CALIBRATED_PROXY,39.0397,0.9998,0.2,TEAM_PLACEHOLDER_v0_UNVALIDATED,PASS,B_OK,False,GradBoost,b1-v0.3,b1-contract-0.6,SIH26170-MOCK-02
C0877,L017,CMOS_C,IDDQ_uA,uA,0.96242,0.95277,1.01524,,,NONE,,0.05282,5.488,0.95338,0.94545,0.13521,1.01039,40.0,UPPER,CALIBRATED_PROXY,38.98476,0.9984,0.2,TEAM_PLACEHOLDER_v0_UNVALIDATED,PASS,B_OK,False,GradBoost,b1-v0.3,b1-contract-0.6,SIH26170-MOCK-02
C0878,L017,CMOS_C,IDDQ_uA,uA,0.86505,0.89227,0.91619,,,NONE,,0.05114,5.912,0.95338,0.94545,0.13521,1.01039,40.0,UPPER,CALIBRATED_PROXY,39.08381,1.001,0.2,TEAM_PLACEHOLDER_v0_UNVALIDATED,PASS,B_OK,False,GradBoost,b1-v0.3,b1-contract-0.6,SIH26170-MOCK-02
C0879,L017,CMOS_C,IDDQ_uA,uA,1.01461,1.01681,1.05984,,,NONE,,0.04523,4.458,0.95338,0.94545,0.13521,1.01039,40.0,UPPER,CALIBRATED_PROXY,38.94016,0.9973,0.2,TEAM_PLACEHOLDER_v0_UNVALIDATED,PASS,B_OK,False,GradBoost,b1-v0.3,b1-contract-0.6,SIH26170-MOCK-02
C0880,L017,CMOS_C,IDDQ_uA,uA,0.97152,1.00116,1.02776,,,NONE,,0.05624,5.789,0.95338,0.94545,0.13521,1.01039,40.0,UPPER,CALIBRATED_PROXY,38.97224,0.9981,0.2,TEAM_PLACEHOLDER_v0_UNVALIDATED,PASS,B_OK,False,GradBoost,b1-v0.3,b1-contract-0.6,SIH26170-MOCK-02
C0881,L017,CMOS_C,IDDQ_uA,uA,0.87268,0.85245,0.89551,,,NONE,,0.02283,2.616,0.95338,0.94545,0.13521,1.01039,40.0,UPPER,CALIBRATED_PROXY,39.10449,1.0015,0.2,TEAM_PLACEHOLDER_v0_UNVALIDATED,PASS,B_OK,False,GradBoost,b1-v0.3,b1-contract-0.6,SIH26170-MOCK-02
C0882,L017,CMOS_C,IDDQ_uA,uA,0.86062,0.86299,0.88428,,,NONE,,0.02366,2.749,0.95338,0.94545,0.13521,1.01039,40.0,UPPER,CALIBRATED_PROXY,39.11572,1.0018,0.2,TEAM_PLACEHOLDER_v0_UNVALIDATED,PASS,B_OK,False,GradBoost,b1-v0.3,b1-contract-0.6,SIH26170-MOCK-02
C0883,L017,CMOS_C,IDDQ_uA,uA,0.95374,0.96389,1.01686,,,NONE,,0.06312,6.618,0.95338,0.94545,0.13521,1.01039,40.0,UPPER,CALIBRATED_PROXY,38.98314,0.9984,0.2,TEAM_PLACEHOLDER_v0_UNVALIDATED,PASS,B_OK,False,GradBoost,b1-v0.3,b1-contract-0.6,SIH26170-MOCK-02
C0884,L017,CMOS_C,IDDQ_uA,uA,0.80487,0.82386,0.86383,,,NONE,,0.05896,7.326,0.95338,0.94545,0.13521,1.01039,40.0,UPPER,CALIBRATED_PROXY,39.13617,1.0023,0.2,TEAM_PLACEHOLDER_v0_UNVALIDATED,PASS,B_OK,False,GradBoost,b1-v0.3,b1-contract-0.6,SIH26170-MOCK-02
C0885,L017,CMOS_C,IDDQ_uA,uA,1.0007,0.98044,1.03733,,,NONE,,0.03663,3.661,0.95338,0.94545,0.13521,1.01039,40.0,UPPER,CALIBRATED_PROXY,38.96267,0.9978,0.2,TEAM_PLACEHOLDER_v0_UNVALIDATED,PASS,B_OK,False,GradBoost,b1-v0.3,b1-contract-0.6,SIH26170-MOCK-02
C0886,L017,CMOS_C,IDDQ_uA,uA,1.00199,0.97834,1.04219,,,NONE,,0.0402,4.012,0.95338,0.94545,0.13521,1.01039,40.0,UPPER,CALIBRATED_PROXY,38.95781,0.9977,0.2,TEAM_PLACEHOLDER_v0_UNVALIDATED,PASS,B_OK,False,GradBoost,b1-v0.3,b1-contract-0.6,SIH26170-MOCK-02
C0887,L018,CMOS_C,IDDQ_uA,uA,1.03283,1.02708,1.06792,,,NONE,,0.03509,3.398,0.97813,0.98779,0.13229,1.02929,40.0,UPPER,CALIBRATED_PROXY,38.93208,0.9977,0.2,TEAM_PLACEHOLDER_v0_UNVALIDATED,PASS,B_OK,False,GradBoost,b1-v0.3,b1-contract-0.6,SIH26170-MOCK-02
C0888,L018,CMOS_C,IDDQ_uA,uA,1.11321,1.1187,1.18496,,,NONE,,0.07175,6.445,0.97813,0.98779,0.13229,1.02929,40.0,UPPER,CALIBRATED_PROXY,38.81504,0.9947,0.2,TEAM_PLACEHOLDER_v0_UNVALIDATED,PASS,B_OK,False,GradBoost,b1-v0.3,b1-contract-0.6,SIH26170-MOCK-02
C0889,L018,CMOS_C,IDDQ_uA,uA,1.00789,1.02611,1.06838,,,NONE,,0.06049,6.002,0.97813,0.98779,0.13229,1.02929,40.0,UPPER,CALIBRATED_PROXY,38.93162,0.9977,0.2,TEAM_PLACEHOLDER_v0_UNVALIDATED,PASS,B_OK,False,GradBoost,b1-v0.3,b1-contract-0.6,SIH26170-MOCK-02
C0890,L018,CMOS_C,IDDQ_uA,uA,1.02044,1.06237,1.08516,,,NONE,,0.06472,6.343,0.97813,0.98779,0.13229,1.02929,40.0,UPPER,CALIBRATED_PROXY,38.91484,0.9973,0.2,TEAM_PLACEHOLDER_v0_UNVALIDATED,PASS,B_OK,False,GradBoost,b1-v0.3,b1-contract-0.6,SIH26170-MOCK-02
C0891,L018,CMOS_C,IDDQ_uA,uA,0.97813,0.96228,1.02396,,,NONE,,0.04583,4.685,0.97813,0.98779,0.13229,1.02929,40.0,UPPER,CALIBRATED_PROXY,38.97604,0.9988,0.2,TEAM_PLACEHOLDER_v0_UNVALIDATED,PASS,B_OK,False,GradBoost,b1-v0.3,b1-contract-0.6,SIH26170-MOCK-02
C0892,L018,CMOS_C,IDDQ_uA,uA,1.02042,1.02248,1.05829,,,NONE,,0.03787,3.711,0.97813,0.98779,0.13229,1.02929,40.0,UPPER,CALIBRATED_PROXY,38.94171,0.9979,0.2,TEAM_PLACEHOLDER_v0_UNVALIDATED,PASS,B_OK,False,GradBoost,b1-v0.3,b1-contract-0.6,SIH26170-MOCK-02
C0893,L018,CMOS_C,IDDQ_uA,uA,1.10397,1.11358,1.16425,,,NONE,,0.06028,5.46,0.97813,0.98779,0.13229,1.02929,40.0,UPPER,CALIBRATED_PROXY,38.83575,0.9952,0.2,TEAM_PLACEHOLDER_v0_UNVALIDATED,PASS,B_OK,False,GradBoost,b1-v0.3,b1-contract-0.6,SIH26170-MOCK-02
C0894,L018,CMOS_C,IDDQ_uA,uA,0.94109,0.9689,0.98966,,,NONE,,0.04857,5.161,0.97813,0.98779,0.13229,1.02929,40.0,UPPER,CALIBRATED_PROXY,39.01034,0.9997,0.2,TEAM_PLACEHOLDER_v0_UNVALIDATED,PASS,B_OK,False,GradBoost,b1-v0.3,b1-contract-0.6,SIH26170-MOCK-02
C0895,L018,CMOS_C,IDDQ_uA,uA,1.03069,1.04496,1.09847,,,NONE,,0.06778,6.576,0.97813,0.98779,0.13229,1.02929,40.0,UPPER,CALIBRATED_PROXY,38.90153,0.9969,0.2,TEAM_PLACEHOLDER_v0_UNVALIDATED,PASS,B_OK,False,GradBoost,b1-v0.3,b1-contract-0.6,SIH26170-MOCK-02
C0896,L018,CMOS_C,IDDQ_uA,uA,0.93021,0.95993,0.9879,,,NONE,,0.05769,6.202,0.97813,0.98779,0.13229,1.02929,40.0,UPPER,CALIBRATED_PROXY,39.0121,0.9997,0.2,TEAM_PLACEHOLDER_v0_UNVALIDATED,PASS,B_OK,False,GradBoost,b1-v0.3,b1-contract-0.6,SIH26170-MOCK-02
C0897,L018,CMOS_C,IDDQ_uA,uA,1.1576,1.18407,1.20848,,,NONE,,0.05088,4.395,0.97813,0.98779,0.13229,1.02929,40.0,UPPER,CALIBRATED_PROXY,38.79152,0.9941,0.2,TEAM_PLACEHOLDER_v0_UNVALIDATED,PASS,B_OK,False,GradBoost,b1-v0.3,b1-contract-0.6,SIH26170-MOCK-02
C0898,L018,CMOS_C,IDDQ_uA,uA,1.05934,1.07828,1.12283,,,NONE,,0.06349,5.994,0.97813,0.98779,0.13229,1.02929,40.0,UPPER,CALIBRATED_PROXY,38.87717,0.9963,0.2,TEAM_PLACEHOLDER_v0_UNVALIDATED,PASS,B_OK,False,GradBoost,b1-v0.3,b1-contract-0.6,SIH26170-MOCK-02
C0899,L018,CMOS_C,IDDQ_uA,uA,0.95851,0.97686,1.03172,,,NONE,,0.07321,7.637,0.97813,0.98779,0.13229,1.02929,40.0,UPPER,CALIBRATED_PROXY,38.96828,0.9986,0.2,TEAM_PLACEHOLDER_v0_UNVALIDATED,PASS,B_OK,False,GradBoost,b1-v0.3,b1-contract-0.6,SIH26170-MOCK-02
C0900,L018,CMOS_C,IDDQ_uA,uA,0.93771,0.93809,1.00342,,,NONE,,0.06571,7.008,0.97813,0.98779,0.13229,1.02929,40.0,UPPER,CALIBRATED_PROXY,38.99658,0.9994,0.2,TEAM_PLACEHOLDER_v0_UNVALIDATED,PASS,B_OK,False,GradBoost,b1-v0.3,b1-contract-0.6,SIH26170-MOCK-02
C0901,L018,CMOS_C,IDDQ_uA,uA,0.92746,0.92392,0.95822,,,NONE,,0.03076,3.317,0.97813,0.98779,0.13229,1.02929,40.0,UPPER,CALIBRATED_PROXY,39.04178,1.0005,0.2,TEAM_PLACEHOLDER_v0_UNVALIDATED,PASS,B_OK,False,GradBoost,b1-v0.3,b1-contract-0.6,SIH26170-MOCK-02
C0902,L018,CMOS_C,IDDQ_uA,uA,1.06483,1.06727,1.11421,,,NONE,,0.04938,4.637,0.97813,0.98779,0.13229,1.02929,40.0,UPPER,CALIBRATED_PROXY,38.88579,0.9965,0.2,TEAM_PLACEHOLDER_v0_UNVALIDATED,PASS,B_OK,False,GradBoost,b1-v0.3,b1-contract-0.6,SIH26170-MOCK-02
C0903,L018,CMOS_C,IDDQ_uA,uA,0.8433,0.84476,0.87424,,,NONE,,0.03094,3.669,0.97813,0.98779,0.13229,1.02929,40.0,UPPER,CALIBRATED_PROXY,39.12576,1.0027,0.2,TEAM_PLACEHOLDER_v0_UNVALIDATED,PASS,B_OK,False,GradBoost,b1-v0.3,b1-contract-0.6,SIH26170-MOCK-02
C0904,L018,CMOS_C,IDDQ_uA,uA,1.1748,1.16162,1.21408,,,NONE,,0.03928,3.343,0.97813,0.98779,0.13229,1.02929,40.0,UPPER,CALIBRATED_PROXY,38.78592,0.994,0.2,TEAM_PLACEHOLDER_v0_UNVALIDATED,PASS,B_OK,False,GradBoost,b1-v0.3,b1-contract-0.6,SIH26170-MOCK-02
C0905,L018,CMOS_C,IDDQ_uA,uA,0.9802,1.01411,1.05229,,,NONE,,0.07209,7.354,0.97813,0.98779,0.13229,1.02929,40.0,UPPER,CALIBRATED_PROXY,38.94771,0.9981,0.2,TEAM_PLACEHOLDER_v0_UNVALIDATED,PASS,B_OK,False,GradBoost,b1-v0.3,b1-contract-0.6,SIH26170-MOCK-02
C0906,L018,CMOS_C,IDDQ_uA,uA,0.86462,0.89805,0.92563,,,NONE,,0.06101,7.057,0.97813,0.98779,0.13229,1.02929,40.0,UPPER,CALIBRATED_PROXY,39.07437,1.0013,0.2,TEAM_PLACEHOLDER_v0_UNVALIDATED,PASS,B_OK,False,GradBoost,b1-v0.3,b1-contract-0.6,SIH26170-MOCK-02
C0907,L018,CMOS_C,IDDQ_uA,uA,0.82634,0.83198,0.88185,,,NONE,,0.05551,6.718,0.97813,0.98779,0.13229,1.02929,40.0,UPPER,CALIBRATED_PROXY,39.11815,1.0025,0.2,TEAM_PLACEHOLDER_v0_UNVALIDATED,PASS,B_OK,False,GradBoost,b1-v0.3,b1-contract-0.6,SIH26170-MOCK-02
C0908,L018,CMOS_C,IDDQ_uA,uA,0.89377,0.89851,0.94155,,,NONE,,0.04778,5.346,0.97813,0.98779,0.13229,1.02929,40.0,UPPER,CALIBRATED_PROXY,39.05845,1.0009,0.2,TEAM_PLACEHOLDER_v0_UNVALIDATED,PASS,B_OK,False,GradBoost,b1-v0.3,b1-contract-0.6,SIH26170-MOCK-02
C0909,L018,CMOS_C,IDDQ_uA,uA,1.28819,1.29818,1.38624,,,NONE,,0.09805,7.611,0.97813,0.98779,0.13229,1.02929,40.0,UPPER,CALIBRATED_PROXY,38.61376,0.9895,0.2,TEAM_PLACEHOLDER_v0_UNVALIDATED,PASS,B_OK,False,GradBoost,b1-v0.3,b1-contract-0.6,SIH26170-MOCK-02
C0910,L018,CMOS_C,IDDQ_uA,uA,0.89838,0.89582,0.92557,,,NONE,,0.02719,3.027,0.97813,0.98779,0.13229,1.02929,40.0,UPPER,CALIBRATED_PROXY,39.07443,1.0013,0.2,TEAM_PLACEHOLDER_v0_UNVALIDATED,PASS,B_OK,False,GradBoost,b1-v0.3,b1-contract-0.6,SIH26170-MOCK-02
C0911,L018,CMOS_C,IDDQ_uA,uA,1.08445,1.08624,1.13501,,,NONE,,0.05056,4.662,0.97813,0.98779,0.13229,1.02929,40.0,UPPER,CALIBRATED_PROXY,38.86499,0.996,0.2,TEAM_PLACEHOLDER_v0_UNVALIDATED,PASS,B_OK,False,GradBoost,b1-v0.3,b1-contract-0.6,SIH26170-MOCK-02
C0912,L018,CMOS_C,IDDQ_uA,uA,0.9512,0.99267,1.01464,,,NONE,,0.06344,6.67,0.97813,0.98779,0.13229,1.02929,40.0,UPPER,CALIBRATED_PROXY,38.98536,0.9991,0.2,TEAM_PLACEHOLDER_v0_UNVALIDATED,PASS,B_OK,False,GradBoost,b1-v0.3,b1-contract-0.6,SIH26170-MOCK-02
C0913,L018,CMOS_C,IDDQ_uA,uA,0.9395,0.9358,0.99637,,,NONE,,0.05687,6.053,0.97813,0.98779,0.13229,1.02929,40.0,UPPER,CALIBRATED_PROXY,39.00363,0.9995,0.2,TEAM_PLACEHOLDER_v0_UNVALIDATED,PASS,B_OK,False,GradBoost,b1-v0.3,b1-contract-0.6,SIH26170-MOCK-02
C0914,L018,CMOS_C,IDDQ_uA,uA,0.96412,0.97847,1.02728,,,NONE,,0.06316,6.551,0.97813,0.98779,0.13229,1.02929,40.0,UPPER,CALIBRATED_PROXY,38.97272,0.9987,0.2,TEAM_PLACEHOLDER_v0_UNVALIDATED,PASS,B_OK,False,GradBoost,b1-v0.3,b1-contract-0.6,SIH26170-MOCK-02
C0915,L018,CMOS_C,IDDQ_uA,uA,0.96049,0.99348,1.02929,,,NONE,,0.0688,7.163,0.97813,0.98779,0.13229,1.02929,40.0,UPPER,CALIBRATED_PROXY,38.97071,0.9987,0.2,TEAM_PLACEHOLDER_v0_UNVALIDATED,PASS,B_OK,False,GradBoost,b1-v0.3,b1-contract-0.6,SIH26170-MOCK-02
C0916,L018,CMOS_C,IDDQ_uA,uA,1.14573,1.15134,1.24299,,,NONE,,0.09726,8.489,0.97813,0.98779,0.13229,1.02929,40.0,UPPER,CALIBRATED_PROXY,38.75701,0.9932,0.2,TEAM_PLACEHOLDER_v0_UNVALIDATED,PASS,B_OK,False,GradBoost,b1-v0.3,b1-contract-0.6,SIH26170-MOCK-02
C0917,L018,CMOS_C,IDDQ_uA,uA,0.92609,0.97935,1.01421,,,NONE,,0.08812,9.516,0.97813,0.98779,0.13229,1.02929,40.0,UPPER,CALIBRATED_PROXY,38.98579,0.9991,0.2,TEAM_PLACEHOLDER_v0_UNVALIDATED,PASS,B_OK,False,GradBoost,b1-v0.3,b1-contract-0.6,SIH26170-MOCK-02
C0918,L018,CMOS_C,IDDQ_uA,uA,0.98356,0.95282,1.00877,,,NONE,,0.02521,2.563,0.97813,0.98779,0.13229,1.02929,40.0,UPPER,CALIBRATED_PROXY,38.99123,0.9992,0.2,TEAM_PLACEHOLDER_v0_UNVALIDATED,PASS,B_OK,False,GradBoost,b1-v0.3,b1-contract-0.6,SIH26170-MOCK-02
C0919,L018,CMOS_C,IDDQ_uA,uA,1.18719,1.18227,1.20859,,,NONE,,0.0214,1.803,0.97813,0.98779,0.13229,1.02929,40.0,UPPER,CALIBRATED_PROXY,38.79141,0.9941,0.2,TEAM_PLACEHOLDER_v0_UNVALIDATED,PASS,B_OK,False,GradBoost,b1-v0.3,b1-contract-0.6,SIH26170-MOCK-02
C0920,L018,CMOS_C,IDDQ_uA,uA,0.94273,0.94167,1.00663,,,NONE,,0.0639,6.778,0.97813,0.98779,0.13229,1.02929,40.0,UPPER,CALIBRATED_PROXY,38.99337,0.9993,0.2,TEAM_PLACEHOLDER_v0_UNVALIDATED,PASS,B_OK,False,GradBoost,b1-v0.3,b1-contract-0.6,SIH26170-MOCK-02
C0921,L018,CMOS_C,IDDQ_uA,uA,0.85342,0.89628,0.92561,,,NONE,,0.07219,8.458,0.97813,0.98779,0.13229,1.02929,40.0,UPPER,CALIBRATED_PROXY,39.07439,1.0013,0.2,TEAM_PLACEHOLDER_v0_UNVALIDATED,PASS,B_OK,False,GradBoost,b1-v0.3,b1-contract-0.6,SIH26170-MOCK-02
C0922,L018,CMOS_C,IDDQ_uA,uA,2.94526,2.99522,2.06102,,,NONE,,-0.88424,-30.022,0.97813,0.98779,0.13229,1.02929,40.0,UPPER,CALIBRATED_PROXY,37.93898,0.9722,0.2,TEAM_PLACEHOLDER_v0_UNVALIDATED,PASS,B_OK,False,GradBoost,b1-v0.3,b1-contract-0.6,SIH26170-MOCK-02
C0923,L018,CMOS_C,IDDQ_uA,uA,0.80033,0.80937,0.84564,,,NONE,,0.04531,5.661,0.97813,0.98779,0.13229,1.02929,40.0,UPPER,CALIBRATED_PROXY,39.15436,1.0034,0.2,TEAM_PLACEHOLDER_v0_UNVALIDATED,PASS,B_OK,False,GradBoost,b1-v0.3,b1-contract-0.6,SIH26170-MOCK-02
C0924,L018,CMOS_C,IDDQ_uA,uA,0.9187,0.89709,0.93906,,,NONE,,0.02036,2.216,0.97813,0.98779,0.13229,1.02929,40.0,UPPER,CALIBRATED_PROXY,39.06094,1.001,0.2,TEAM_PLACEHOLDER_v0_UNVALIDATED,PASS,B_OK,False,GradBoost,b1-v0.3,b1-contract-0.6,SIH26170-MOCK-02
C0925,L018,CMOS_C,IDDQ_uA,uA,0.88611,0.91028,0.95578,,,NONE,,0.06967,7.862,0.97813,0.98779,0.13229,1.02929,40.0,UPPER,CALIBRATED_PROXY,39.04422,1.0006,0.2,TEAM_PLACEHOLDER_v0_UNVALIDATED,PASS,B_OK,False,GradBoost,b1-v0.3,b1-contract-0.6,SIH26170-MOCK-02
C0926,L018,CMOS_C,IDDQ_uA,uA,1.04025,1.0503,1.1327,,,NONE,,0.09245,8.887,0.97813,0.98779,0.13229,1.02929,40.0,UPPER,CALIBRATED_PROXY,38.8673,0.996,0.2,TEAM_PLACEHOLDER_v0_UNVALIDATED,PASS,B_OK,False,GradBoost,b1-v0.3,b1-contract-0.6,SIH26170-MOCK-02
C0927,L018,CMOS_C,IDDQ_uA,uA,1.13346,1.13674,1.25386,,,NONE,,0.1204,10.622,0.97813,0.98779,0.13229,1.02929,40.0,UPPER,CALIBRATED_PROXY,38.74614,0.9929,0.2,TEAM_PLACEHOLDER_v0_UNVALIDATED,PASS,B_OK,False,GradBoost,b1-v0.3,b1-contract-0.6,SIH26170-MOCK-02
C0928,L018,CMOS_C,IDDQ_uA,uA,0.98983,0.98779,1.05415,,,NONE,,0.06432,6.498,0.97813,0.98779,0.13229,1.02929,40.0,UPPER,CALIBRATED_PROXY,38.94585,0.9981,0.2,TEAM_PLACEHOLDER_v0_UNVALIDATED,PASS,B_OK,False,GradBoost,b1-v0.3,b1-contract-0.6,SIH26170-MOCK-02
C0929,L018,CMOS_C,IDDQ_uA,uA,1.01205,0.99878,1.06273,,,NONE,,0.05068,5.008,0.97813,0.98779,0.13229,1.02929,40.0,UPPER,CALIBRATED_PROXY,38.93727,0.9978,0.2,TEAM_PLACEHOLDER_v0_UNVALIDATED,PASS,B_OK,False,GradBoost,b1-v0.3,b1-contract-0.6,SIH26170-MOCK-02
C0930,L018,CMOS_C,IDDQ_uA,uA,1.06292,1.0623,1.12664,,,NONE,,0.06372,5.995,0.97813,0.98779,0.13229,1.02929,40.0,UPPER,CALIBRATED_PROXY,38.87336,0.9962,0.2,TEAM_PLACEHOLDER_v0_UNVALIDATED,PASS,B_OK,False,GradBoost,b1-v0.3,b1-contract-0.6,SIH26170-MOCK-02
C0931,L018,CMOS_C,IDDQ_uA,uA,0.97555,0.96899,1.02344,,,NONE,,0.04789,4.909,0.97813,0.98779,0.13229,1.02929,40.0,UPPER,CALIBRATED_PROXY,38.97656,0.9988,0.2,TEAM_PLACEHOLDER_v0_UNVALIDATED,PASS,B_OK,False,GradBoost,b1-v0.3,b1-contract-0.6,SIH26170-MOCK-02
C0932,L018,CMOS_C,IDDQ_uA,uA,0.95434,0.98519,1.01775,,,NONE,,0.06341,6.645,0.97813,0.98779,0.13229,1.02929,40.0,UPPER,CALIBRATED_PROXY,38.98225,0.999,0.2,TEAM_PLACEHOLDER_v0_UNVALIDATED,PASS,B_OK,False,GradBoost,b1-v0.3,b1-contract-0.6,SIH26170-MOCK-02
C0933,L018,CMOS_C,IDDQ_uA,uA,0.92206,0.91365,0.95527,,,NONE,,0.03321,3.602,0.97813,0.98779,0.13229,1.02929,40.0,UPPER,CALIBRATED_PROXY,39.04473,1.0006,0.2,TEAM_PLACEHOLDER_v0_UNVALIDATED,PASS,B_OK,False,GradBoost,b1-v0.3,b1-contract-0.6,SIH26170-MOCK-02
C0218,L005,CMOS_A,Input_Leakage_Current_uA,uA,0.05719,0.05649,0.05942,,,NONE,,0.00223,3.902,0.08266,0.08256,0.01465,0.08684,1.0,UPPER,DATASHEET_BOUNDED_ASSUMPTION,0.94058,1.0253,0.2,TEAM_PLACEHOLDER_v0_UNVALIDATED,PASS,B_OK,False,median_ratio,b1-v0.3,b1-contract-0.6,SIH26170-MOCK-02
C0219,L005,CMOS_A,Input_Leakage_Current_uA,uA,0.07896,0.08276,0.08706,,,NONE,,0.0081,10.252,0.08266,0.08256,0.01465,0.08684,1.0,UPPER,DATASHEET_BOUNDED_ASSUMPTION,0.91294,0.9952,0.2,TEAM_PLACEHOLDER_v0_UNVALIDATED,PASS,B_OK,False,median_ratio,b1-v0.3,b1-contract-0.6,SIH26170-MOCK-02
C0220,L005,CMOS_A,Input_Leakage_Current_uA,uA,0.07396,0.07823,0.08229,,,NONE,,0.00833,11.263,0.08266,0.08256,0.01465,0.08684,1.0,UPPER,DATASHEET_BOUNDED_ASSUMPTION,0.91771,1.0004,0.2,TEAM_PLACEHOLDER_v0_UNVALIDATED,PASS,B_OK,False,median_ratio,b1-v0.3,b1-contract-0.6,SIH26170-MOCK-02
C0221,L005,CMOS_A,Input_Leakage_Current_uA,uA,0.07308,0.07554,0.07946,,,NONE,,0.00638,8.731,0.08266,0.08256,0.01465,0.08684,1.0,UPPER,DATASHEET_BOUNDED_ASSUMPTION,0.92054,1.0035,0.2,TEAM_PLACEHOLDER_v0_UNVALIDATED,PASS,B_OK,False,median_ratio,b1-v0.3,b1-contract-0.6,SIH26170-MOCK-02
C0222,L005,CMOS_A,Input_Leakage_Current_uA,uA,0.06868,0.06785,0.07137,,,NONE,,0.00269,3.919,0.08266,0.08256,0.01465,0.08684,1.0,UPPER,DATASHEET_BOUNDED_ASSUMPTION,0.92863,1.0123,0.2,TEAM_PLACEHOLDER_v0_UNVALIDATED,PASS,B_OK,False,median_ratio,b1-v0.3,b1-contract-0.6,SIH26170-MOCK-02
C0223,L005,CMOS_A,Input_Leakage_Current_uA,uA,0.08658,0.08908,0.0937,,,NONE,,0.00712,8.227,0.08266,0.08256,0.01465,0.08684,1.0,UPPER,DATASHEET_BOUNDED_ASSUMPTION,0.9063,0.988,0.2,TEAM_PLACEHOLDER_v0_UNVALIDATED,PASS,B_OK,False,median_ratio,b1-v0.3,b1-contract-0.6,SIH26170-MOCK-02
C0224,L005,CMOS_A,Input_Leakage_Current_uA,uA,0.07867,0.07497,0.07886,,,NONE,,0.00019,0.242,0.08266,0.08256,0.01465,0.08684,1.0,UPPER,DATASHEET_BOUNDED_ASSUMPTION,0.92114,1.0041,0.2,TEAM_PLACEHOLDER_v0_UNVALIDATED,PASS,B_OK,False,median_ratio,b1-v0.3,b1-contract-0.6,SIH26170-MOCK-02
C0225,L005,CMOS_A,Input_Leakage_Current_uA,uA,0.07318,0.07311,0.0769,,,NONE,,0.00372,5.089,0.08266,0.08256,0.01465,0.08684,1.0,UPPER,DATASHEET_BOUNDED_ASSUMPTION,0.9231,1.0063,0.2,TEAM_PLACEHOLDER_v0_UNVALIDATED,PASS,B_OK,False,median_ratio,b1-v0.3,b1-contract-0.6,SIH26170-MOCK-02
C0226,L005,CMOS_A,Input_Leakage_Current_uA,uA,0.09041,0.08918,0.09381,,,NONE,,0.0034,3.759,0.08266,0.08256,0.01465,0.08684,1.0,UPPER,DATASHEET_BOUNDED_ASSUMPTION,0.90619,0.9878,0.2,TEAM_PLACEHOLDER_v0_UNVALIDATED,PASS,B_OK,False,median_ratio,b1-v0.3,b1-contract-0.6,SIH26170-MOCK-02
C0227,L005,CMOS_A,Input_Leakage_Current_uA,uA,0.08374,0.0816,0.08583,,,NONE,,0.00209,2.502,0.08266,0.08256,0.01465,0.08684,1.0,UPPER,DATASHEET_BOUNDED_ASSUMPTION,0.91417,0.9965,0.2,TEAM_PLACEHOLDER_v0_UNVALIDATED,PASS,B_OK,False,median_ratio,b1-v0.3,b1-contract-0.6,SIH26170-MOCK-02
C0228,L005,CMOS_A,Input_Leakage_Current_uA,uA,0.0878,0.08626,0.09074,,,NONE,,0.00294,3.345,0.08266,0.08256,0.01465,0.08684,1.0,UPPER,DATASHEET_BOUNDED_ASSUMPTION,0.90926,0.9912,0.2,TEAM_PLACEHOLDER_v0_UNVALIDATED,PASS,B_OK,False,median_ratio,b1-v0.3,b1-contract-0.6,SIH26170-MOCK-02
C0229,L005,CMOS_A,Input_Leakage_Current_uA,uA,0.07729,0.0814,0.08562,,,NONE,,0.00833,10.783,0.08266,0.08256,0.01465,0.08684,1.0,UPPER,DATASHEET_BOUNDED_ASSUMPTION,0.91438,0.9968,0.2,TEAM_PLACEHOLDER_v0_UNVALIDATED,PASS,B_OK,False,median_ratio,b1-v0.3,b1-contract-0.6,SIH26170-MOCK-02
C0230,L005,CMOS_A,Input_Leakage_Current_uA,uA,0.07816,0.08146,0.08569,,,NONE,,0.00753,9.631,0.08266,0.08256,0.01465,0.08684,1.0,UPPER,DATASHEET_BOUNDED_ASSUMPTION,0.91431,0.9967,0.2,TEAM_PLACEHOLDER_v0_UNVALIDATED,PASS,B_OK,False,median_ratio,b1-v0.3,b1-contract-0.6,SIH26170-MOCK-02
C0231,L005,CMOS_A,Input_Leakage_Current_uA,uA,0.08451,0.0813,0.08552,,,NONE,,0.00101,1.194,0.08266,0.08256,0.01465,0.08684,1.0,UPPER,DATASHEET_BOUNDED_ASSUMPTION,0.91448,0.9969,0.2,TEAM_PLACEHOLDER_v0_UNVALIDATED,PASS,B_OK,False,median_ratio,b1-v0.3,b1-contract-0.6,SIH26170-MOCK-02
C0232,L005,CMOS_A,Input_Leakage_Current_uA,uA,0.06139,0.06344,0.06673,,,NONE,,0.00534,8.702,0.08266,0.08256,0.01465,0.08684,1.0,UPPER,DATASHEET_BOUNDED_ASSUMPTION,0.93327,1.0174,0.2,TEAM_PLACEHOLDER_v0_UNVALIDATED,PASS,B_OK,False,median_ratio,b1-v0.3,b1-contract-0.6,SIH26170-MOCK-02
C0233,L005,CMOS_A,Input_Leakage_Current_uA,uA,0.09577,0.09509,0.10002,,,NONE,,0.00425,4.443,0.08266,0.08256,0.01465,0.08684,1.0,UPPER,DATASHEET_BOUNDED_ASSUMPTION,0.89998,0.9811,0.2,TEAM_PLACEHOLDER_v0_UNVALIDATED,PASS,B_OK,False,median_ratio,b1-v0.3,b1-contract-0.6,SIH26170-MOCK-02
C0234,L005,CMOS_A,Input_Leakage_Current_uA,uA,0.07054,0.06827,0.07181,,,NONE,,0.00127,1.805,0.08266,0.08256,0.01465,0.08684,1.0,UPPER,DATASHEET_BOUNDED_ASSUMPTION,0.92819,1.0118,0.2,TEAM_PLACEHOLDER_v0_UNVALIDATED,PASS,B_OK,False,median_ratio,b1-v0.3,b1-contract-0.6,SIH26170-MOCK-02
C0235,L005,CMOS_A,Input_Leakage_Current_uA,uA,0.07009,0.07171,0.07543,,,NONE,,0.00534,7.621,0.08266,0.08256,0.01465,0.08684,1.0,UPPER,DATASHEET_BOUNDED_ASSUMPTION,0.92457,1.0079,0.2,TEAM_PLACEHOLDER_v0_UNVALIDATED,PASS,B_OK,False,median_ratio,b1-v0.3,b1-contract-0.6,SIH26170-MOCK-02
C0236,L005,CMOS_A,Input_Leakage_Current_uA,uA,0.09629,0.09422,0.09911,,,NONE,,0.00282,2.928,0.08266,0.08256,0.01465,0.08684,1.0,UPPER,DATASHEET_BOUNDED_ASSUMPTION,0.90089,0.9821,0.2,TEAM_PLACEHOLDER_v0_UNVALIDATED,PASS,B_OK,False,median_ratio,b1-v0.3,b1-contract-0.6,SIH26170-MOCK-02
C0237,L005,CMOS_A,Input_Leakage_Current_uA,uA,0.08281,0.0872,0.09173,,,NONE,,0.00892,10.766,0.08266,0.08256,0.01465,0.08684,1.0,UPPER,DATASHEET_BOUNDED_ASSUMPTION,0.90827,0.9901,0.2,TEAM_PLACEHOLDER_v0_UNVALIDATED,PASS,B_OK,False,median_ratio,b1-v0.3,b1-contract-0.6,SIH26170-MOCK-02
C0238,L005,CMOS_A,Input_Leakage_Current_uA,uA,0.08319,0.0849,0.08931,,,NONE,,0.00612,7.352,0.08266,0.08256,0.01465,0.08684,1.0,UPPER,DATASHEET_BOUNDED_ASSUMPTION,0.91069,0.9927,0.2,TEAM_PLACEHOLDER_v0_UNVALIDATED,PASS,B_OK,False,median_ratio,b1-v0.3,b1-contract-0.6,SIH26170-MOCK-02
C0239,L005,CMOS_A,Input_Leakage_Current_uA,uA,0.09505,0.09382,0.09869,,,NONE,,0.00364,3.829,0.08266,0.08256,0.01465,0.08684,1.0,UPPER,DATASHEET_BOUNDED_ASSUMPTION,0.90131,0.9825,0.2,TEAM_PLACEHOLDER_v0_UNVALIDATED,PASS,B_OK,False,median_ratio,b1-v0.3,b1-contract-0.6,SIH26170-MOCK-02
C0240,L005,CMOS_A,Input_Leakage_Current_uA,uA,0.08032,0.08625,0.09073,,,NONE,,0.01041,12.956,0.08266,0.08256,0.01465,0.08684,1.0,UPPER,DATASHEET_BOUNDED_ASSUMPTION,0.90927,0.9912,0.2,TEAM_PLACEHOLDER_v0_UNVALIDATED,PASS,B_OK,False,median_ratio,b1-v0.3,b1-contract-0.6,SIH26170-MOCK-02
C0241,L005,CMOS_A,Input_Leakage_Current_uA,uA,0.08764,0.08641,0.09089,,,NONE,,0.00325,3.713,0.08266,0.08256,0.01465,0.08684,1.0,UPPER,DATASHEET_BOUNDED_ASSUMPTION,0.90911,0.991,0.2,TEAM_PLACEHOLDER_v0_UNVALIDATED,PASS,B_OK,False,median_ratio,b1-v0.3,b1-contract-0.6,SIH26170-MOCK-02
C0242,L005,CMOS_A,Input_Leakage_Current_uA,uA,0.06886,0.07178,0.07551,,,NONE,,0.00665,9.65,0.08266,0.08256,0.01465,0.08684,1.0,UPPER,DATASHEET_BOUNDED_ASSUMPTION,0.92449,1.0078,0.2,TEAM_PLACEHOLDER_v0_UNVALIDATED,PASS,B_OK,False,median_ratio,b1-v0.3,b1-contract-0.6,SIH26170-MOCK-02
C0243,L005,CMOS_A,Input_Leakage_Current_uA,uA,0.08505,0.0839,0.08825,,,NONE,,0.0032,3.767,0.08266,0.08256,0.01465,0.08684,1.0,UPPER,DATASHEET_BOUNDED_ASSUMPTION,0.91175,0.9939,0.2,TEAM_PLACEHOLDER_v0_UNVALIDATED,PASS,B_OK,False,median_ratio,b1-v0.3,b1-contract-0.6,SIH26170-MOCK-02
C0244,L005,CMOS_A,Input_Leakage_Current_uA,uA,0.09309,0.0993,0.10445,,,NONE,,0.01136,12.207,0.08266,0.08256,0.01465,0.08684,1.0,UPPER,DATASHEET_BOUNDED_ASSUMPTION,0.89555,0.9762,0.2,TEAM_PLACEHOLDER_v0_UNVALIDATED,PASS,B_OK,False,median_ratio,b1-v0.3,b1-contract-0.6,SIH26170-MOCK-02
C0245,L005,CMOS_A,Input_Leakage_Current_uA,uA,0.07464,0.07718,0.08119,,,NONE,,0.00655,8.769,0.08266,0.08256,0.01465,0.08684,1.0,UPPER,DATASHEET_BOUNDED_ASSUMPTION,0.91881,1.0016,0.2,TEAM_PLACEHOLDER_v0_UNVALIDATED,PASS,B_OK,False,median_ratio,b1-v0.3,b1-contract-0.6,SIH26170-MOCK-02
C0246,L005,CMOS_A,Input_Leakage_Current_uA,uA,0.0848,0.08461,0.089,,,NONE,,0.0042,4.954,0.08266,0.08256,0.01465,0.08684,1.0,UPPER,DATASHEET_BOUNDED_ASSUMPTION,0.911,0.9931,0.2,TEAM_PLACEHOLDER_v0_UNVALIDATED,PASS,B_OK,False,median_ratio,b1-v0.3,b1-contract-0.6,SIH26170-MOCK-02
C0247,L005,CMOS_A,Input_Leakage_Current_uA,uA,0.0878,0.09279,0.09761,,,NONE,,0.00981,11.168,0.08266,0.08256,0.01465,0.08684,1.0,UPPER,DATASHEET_BOUNDED_ASSUMPTION,0.90239,0.9837,0.2,TEAM_PLACEHOLDER_v0_UNVALIDATED,PASS,B_OK,False,median_ratio,b1-v0.3,b1-contract-0.6,SIH26170-MOCK-02
C0248,L005,CMOS_A,Input_Leakage_Current_uA,uA,0.07571,0.07738,0.0814,,,NONE,,0.00569,7.51,0.08266,0.08256,0.01465,0.08684,1.0,UPPER,DATASHEET_BOUNDED_ASSUMPTION,0.9186,1.0014,0.2,TEAM_PLACEHOLDER_v0_UNVALIDATED,PASS,B_OK,False,median_ratio,b1-v0.3,b1-contract-0.6,SIH26170-MOCK-02
C0249,L005,CMOS_A,Input_Leakage_Current_uA,uA,0.09356,0.09639,0.10139,,,NONE,,0.00783,8.372,0.08266,0.08256,0.01465,0.08684,1.0,UPPER,DATASHEET_BOUNDED_ASSUMPTION,0.89861,0.9796,0.2,TEAM_PLACEHOLDER_v0_UNVALIDATED,PASS,B_OK,False,median_ratio,b1-v0.3,b1-contract-0.6,SIH26170-MOCK-02
C0250,L005,CMOS_A,Input_Leakage_Current_uA,uA,0.08011,0.07606,0.08001,,,NONE,,-0.0001,-0.128,0.08266,0.08256,0.01465,0.08684,1.0,UPPER,DATASHEET_BOUNDED_ASSUMPTION,0.91999,1.0029,0.2,TEAM_PLACEHOLDER_v0_UNVALIDATED,PASS,B_OK,False,median_ratio,b1-v0.3,b1-contract-0.6,SIH26170-MOCK-02
C0251,L005,CMOS_A,Input_Leakage_Current_uA,uA,0.06547,0.06359,0.06689,,,NONE,,0.00142,2.169,0.08266,0.08256,0.01465,0.08684,1.0,UPPER,DATASHEET_BOUNDED_ASSUMPTION,0.93311,1.0172,0.2,TEAM_PLACEHOLDER_v0_UNVALIDATED,PASS,B_OK,False,median_ratio,b1-v0.3,b1-contract-0.6,SIH26170-MOCK-02
C0252,L005,CMOS_A,Input_Leakage_Current_uA,uA,0.05622,0.05662,0.05956,,,NONE,,0.00334,5.938,0.08266,0.08256,0.01465,0.08684,1.0,UPPER,DATASHEET_BOUNDED_ASSUMPTION,0.94044,1.0252,0.2,TEAM_PLACEHOLDER_v0_UNVALIDATED,PASS,B_OK,False,median_ratio,b1-v0.3,b1-contract-0.6,SIH26170-MOCK-02
C0253,L005,CMOS_A,Input_Leakage_Current_uA,uA,0.06617,0.06614,0.06957,,,NONE,,0.0034,5.142,0.08266,0.08256,0.01465,0.08684,1.0,UPPER,DATASHEET_BOUNDED_ASSUMPTION,0.93043,1.0143,0.2,TEAM_PLACEHOLDER_v0_UNVALIDATED,PASS,B_OK,False,median_ratio,b1-v0.3,b1-contract-0.6,SIH26170-MOCK-02
C0254,L005,CMOS_A,Input_Leakage_Current_uA,uA,0.08211,0.08236,0.08663,,,NONE,,0.00452,5.51,0.08266,0.08256,0.01465,0.08684,1.0,UPPER,DATASHEET_BOUNDED_ASSUMPTION,0.91337,0.9957,0.2,TEAM_PLACEHOLDER_v0_UNVALIDATED,PASS,B_OK,False,median_ratio,b1-v0.3,b1-contract-0.6,SIH26170-MOCK-02
C0255,L005,CMOS_A,Input_Leakage_Current_uA,uA,0.10031,0.10509,0.11054,,,NONE,,0.01023,10.202,0.08266,0.08256,0.01465,0.08684,1.0,UPPER,DATASHEET_BOUNDED_ASSUMPTION,0.88946,0.9696,0.2,TEAM_PLACEHOLDER_v0_UNVALIDATED,PASS,B_OK,False,median_ratio,b1-v0.3,b1-contract-0.6,SIH26170-MOCK-02
C0256,L005,CMOS_A,Input_Leakage_Current_uA,uA,0.09071,0.08931,0.09394,,,NONE,,0.00323,3.566,0.08266,0.08256,0.01465,0.08684,1.0,UPPER,DATASHEET_BOUNDED_ASSUMPTION,0.90606,0.9877,0.2,TEAM_PLACEHOLDER_v0_UNVALIDATED,PASS,B_OK,False,median_ratio,b1-v0.3,b1-contract-0.6,SIH26170-MOCK-02
C0257,L005,CMOS_A,Input_Leakage_Current_uA,uA,0.0558,0.05403,0.05683,,,NONE,,0.00103,1.853,0.08266,0.08256,0.01465,0.08684,1.0,UPPER,DATASHEET_BOUNDED_ASSUMPTION,0.94317,1.0281,0.2,TEAM_PLACEHOLDER_v0_UNVALIDATED,PASS,B_OK,False,median_ratio,b1-v0.3,b1-contract-0.6,SIH26170-MOCK-02
C0258,L005,CMOS_A,Input_Leakage_Current_uA,uA,0.06731,0.07015,0.07379,,,NONE,,0.00648,9.628,0.08266,0.08256,0.01465,0.08684,1.0,UPPER,DATASHEET_BOUNDED_ASSUMPTION,0.92621,1.0097,0.2,TEAM_PLACEHOLDER_v0_UNVALIDATED,PASS,B_OK,False,median_ratio,b1-v0.3,b1-contract-0.6,SIH26170-MOCK-02
C0259,L005,CMOS_A,Input_Leakage_Current_uA,uA,0.08469,0.0857,0.09015,,,NONE,,0.00546,6.444,0.08266,0.08256,0.01465,0.08684,1.0,UPPER,DATASHEET_BOUNDED_ASSUMPTION,0.90985,0.9918,0.2,TEAM_PLACEHOLDER_v0_UNVALIDATED,PASS,B_OK,False,median_ratio,b1-v0.3,b1-contract-0.6,SIH26170-MOCK-02
C0260,L005,CMOS_A,Input_Leakage_Current_uA,uA,0.14491,0.14579,0.15336,,,NONE,,0.00845,5.829,0.08266,0.08256,0.01465,0.08684,1.0,UPPER,DATASHEET_BOUNDED_ASSUMPTION,0.84664,0.9229,0.2,TEAM_PLACEHOLDER_v0_UNVALIDATED,PASS,B_OK,False,median_ratio,b1-v0.3,b1-contract-0.6,SIH26170-MOCK-02
C0261,L005,CMOS_A,Input_Leakage_Current_uA,uA,0.08032,0.07868,0.08276,,,NONE,,0.00244,3.042,0.08266,0.08256,0.01465,0.08684,1.0,UPPER,DATASHEET_BOUNDED_ASSUMPTION,0.91724,0.9999,0.2,TEAM_PLACEHOLDER_v0_UNVALIDATED,PASS,B_OK,False,median_ratio,b1-v0.3,b1-contract-0.6,SIH26170-MOCK-02
C0262,L005,CMOS_A,Input_Leakage_Current_uA,uA,0.0837,0.08405,0.08841,,,NONE,,0.00471,5.63,0.08266,0.08256,0.01465,0.08684,1.0,UPPER,DATASHEET_BOUNDED_ASSUMPTION,0.91159,0.9937,0.2,TEAM_PLACEHOLDER_v0_UNVALIDATED,PASS,B_OK,False,median_ratio,b1-v0.3,b1-contract-0.6,SIH26170-MOCK-02
C0263,L005,CMOS_A,Input_Leakage_Current_uA,uA,0.06037,0.05971,0.06281,,,NONE,,0.00244,4.04,0.08266,0.08256,0.01465,0.08684,1.0,UPPER,DATASHEET_BOUNDED_ASSUMPTION,0.93719,1.0216,0.2,TEAM_PLACEHOLDER_v0_UNVALIDATED,PASS,B_OK,False,median_ratio,b1-v0.3,b1-contract-0.6,SIH26170-MOCK-02
C0264,L005,CMOS_A,Input_Leakage_Current_uA,uA,0.08457,0.08649,0.09098,,,NONE,,0.00641,7.578,0.08266,0.08256,0.01465,0.08684,1.0,UPPER,DATASHEET_BOUNDED_ASSUMPTION,0.90902,0.9909,0.2,TEAM_PLACEHOLDER_v0_UNVALIDATED,PASS,B_OK,False,median_ratio,b1-v0.3,b1-contract-0.6,SIH26170-MOCK-02
C0265,L005,CMOS_A,Input_Leakage_Current_uA,uA,0.12248,0.12104,0.12732,,,NONE,,0.00484,3.953,0.08266,0.08256,0.01465,0.08684,1.0,UPPER,DATASHEET_BOUNDED_ASSUMPTION,0.87268,0.9513,0.2,TEAM_PLACEHOLDER_v0_UNVALIDATED,PASS,B_OK,False,median_ratio,b1-v0.3,b1-contract-0.6,SIH26170-MOCK-02
C0266,L005,CMOS_A,Input_Leakage_Current_uA,uA,0.08783,0.08656,0.09105,,,NONE,,0.00322,3.669,0.08266,0.08256,0.01465,0.08684,1.0,UPPER,DATASHEET_BOUNDED_ASSUMPTION,0.90895,0.9908,0.2,TEAM_PLACEHOLDER_v0_UNVALIDATED,PASS,B_OK,False,median_ratio,b1-v0.3,b1-contract-0.6,SIH26170-MOCK-02
C0267,L005,CMOS_A,Input_Leakage_Current_uA,uA,0.11621,0.11984,0.12606,,,NONE,,0.00985,8.476,0.08266,0.08256,0.01465,0.08684,1.0,UPPER,DATASHEET_BOUNDED_ASSUMPTION,0.87394,0.9527,0.2,TEAM_PLACEHOLDER_v0_UNVALIDATED,PASS,B_OK,False,median_ratio,b1-v0.3,b1-contract-0.6,SIH26170-MOCK-02
C0268,L005,CMOS_A,Input_Leakage_Current_uA,uA,0.08261,0.07908,0.08318,,,NONE,,0.00057,0.695,0.08266,0.08256,0.01465,0.08684,1.0,UPPER,DATASHEET_BOUNDED_ASSUMPTION,0.91682,0.9994,0.2,TEAM_PLACEHOLDER_v0_UNVALIDATED,PASS,B_OK,False,median_ratio,b1-v0.3,b1-contract-0.6,SIH26170-MOCK-02
C0269,L005,CMOS_A,Input_Leakage_Current_uA,uA,0.08931,0.08965,0.0943,,,NONE,,0.00499,5.59,0.08266,0.08256,0.01465,0.08684,1.0,UPPER,DATASHEET_BOUNDED_ASSUMPTION,0.9057,0.9873,0.2,TEAM_PLACEHOLDER_v0_UNVALIDATED,PASS,B_OK,False,median_ratio,b1-v0.3,b1-contract-0.6,SIH26170-MOCK-02
C0270,L005,CMOS_A,Input_Leakage_Current_uA,uA,0.08384,0.08065,0.08484,,,NONE,,0.001,1.187,0.08266,0.08256,0.01465,0.08684,1.0,UPPER,DATASHEET_BOUNDED_ASSUMPTION,0.91516,0.9976,0.2,TEAM_PLACEHOLDER_v0_UNVALIDATED,PASS,B_OK,False,median_ratio,b1-v0.3,b1-contract-0.6,SIH26170-MOCK-02
C0271,L005,CMOS_A,Input_Leakage_Current_uA,uA,0.07882,0.0843,0.08867,,,NONE,,0.00985,12.503,0.08266,0.08256,0.01465,0.08684,1.0,UPPER,DATASHEET_BOUNDED_ASSUMPTION,0.91133,0.9934,0.2,TEAM_PLACEHOLDER_v0_UNVALIDATED,PASS,B_OK,False,median_ratio,b1-v0.3,b1-contract-0.6,SIH26170-MOCK-02
C0272,L005,CMOS_A,Input_Leakage_Current_uA,uA,0.06002,0.06045,0.06359,,,NONE,,0.00357,5.943,0.08266,0.08256,0.01465,0.08684,1.0,UPPER,DATASHEET_BOUNDED_ASSUMPTION,0.93641,1.0208,0.2,TEAM_PLACEHOLDER_v0_UNVALIDATED,PASS,B_OK,False,median_ratio,b1-v0.3,b1-contract-0.6,SIH26170-MOCK-02
C0273,L005,CMOS_A,Input_Leakage_Current_uA,uA,0.0827,0.08397,0.08833,,,NONE,,0.00563,6.805,0.08266,0.08256,0.01465,0.08684,1.0,UPPER,DATASHEET_BOUNDED_ASSUMPTION,0.91167,0.9938,0.2,TEAM_PLACEHOLDER_v0_UNVALIDATED,PASS,B_OK,False,median_ratio,b1-v0.3,b1-contract-0.6,SIH26170-MOCK-02
C0274,L006,CMOS_A,Input_Leakage_Current_uA,uA,0.07646,0.07673,0.08071,,,NONE,,0.00425,5.561,0.08542,0.08601,0.01915,0.09047,1.0,UPPER,DATASHEET_BOUNDED_ASSUMPTION,0.91929,1.0052,0.2,TEAM_PLACEHOLDER_v0_UNVALIDATED,PASS,B_OK,False,median_ratio,b1-v0.3,b1-contract-0.6,SIH26170-MOCK-02
C0275,L006,CMOS_A,Input_Leakage_Current_uA,uA,0.10464,0.10963,0.11532,,,NONE,,0.01068,10.206,0.08542,0.08601,0.01915,0.09047,1.0,UPPER,DATASHEET_BOUNDED_ASSUMPTION,0.88468,0.9673,0.2,TEAM_PLACEHOLDER_v0_UNVALIDATED,PASS,B_OK,False,median_ratio,b1-v0.3,b1-contract-0.6,SIH26170-MOCK-02
C0276,L006,CMOS_A,Input_Leakage_Current_uA,uA,0.06499,0.06761,0.07112,,,NONE,,0.00613,9.43,0.08542,0.08601,0.01915,0.09047,1.0,UPPER,DATASHEET_BOUNDED_ASSUMPTION,0.92888,1.0156,0.2,TEAM_PLACEHOLDER_v0_UNVALIDATED,PASS,B_OK,False,median_ratio,b1-v0.3,b1-contract-0.6,SIH26170-MOCK-02
C0277,L006,CMOS_A,Input_Leakage_Current_uA,uA,0.08068,0.08199,0.08625,,,NONE,,0.00557,6.898,0.08542,0.08601,0.01915,0.09047,1.0,UPPER,DATASHEET_BOUNDED_ASSUMPTION,0.91375,0.9991,0.2,TEAM_PLACEHOLDER_v0_UNVALIDATED,PASS,B_OK,False,median_ratio,b1-v0.3,b1-contract-0.6,SIH26170-MOCK-02
C0278,L006,CMOS_A,Input_Leakage_Current_uA,uA,0.08155,0.08352,0.08785,,,NONE,,0.0063,7.731,0.08542,0.08601,0.01915,0.09047,1.0,UPPER,DATASHEET_BOUNDED_ASSUMPTION,0.91215,0.9973,0.2,TEAM_PLACEHOLDER_v0_UNVALIDATED,PASS,B_OK,False,median_ratio,b1-v0.3,b1-contract-0.6,SIH26170-MOCK-02
C0279,L006,CMOS_A,Input_Leakage_Current_uA,uA,0.0842,0.08529,0.08972,,,NONE,,0.00552,6.551,0.08542,0.08601,0.01915,0.09047,1.0,UPPER,DATASHEET_BOUNDED_ASSUMPTION,0.91028,0.9953,0.2,TEAM_PLACEHOLDER_v0_UNVALIDATED,PASS,B_OK,False,median_ratio,b1-v0.3,b1-contract-0.6,SIH26170-MOCK-02
C0280,L006,CMOS_A,Input_Leakage_Current_uA,uA,0.09111,0.09529,0.10024,,,NONE,,0.00913,10.016,0.08542,0.08601,0.01915,0.09047,1.0,UPPER,DATASHEET_BOUNDED_ASSUMPTION,0.89976,0.9838,0.2,TEAM_PLACEHOLDER_v0_UNVALIDATED,PASS,B_OK,False,median_ratio,b1-v0.3,b1-contract-0.6,SIH26170-MOCK-02
C0281,L006,CMOS_A,Input_Leakage_Current_uA,uA,0.06169,0.06166,0.06486,,,NONE,,0.00317,5.139,0.08542,0.08601,0.01915,0.09047,1.0,UPPER,DATASHEET_BOUNDED_ASSUMPTION,0.93514,1.0225,0.2,TEAM_PLACEHOLDER_v0_UNVALIDATED,PASS,B_OK,False,median_ratio,b1-v0.3,b1-contract-0.6,SIH26170-MOCK-02
C0282,L006,CMOS_A,Input_Leakage_Current_uA,uA,0.07015,0.06912,0.07271,,,NONE,,0.00256,3.645,0.08542,0.08601,0.01915,0.09047,1.0,UPPER,DATASHEET_BOUNDED_ASSUMPTION,0.92729,1.0139,0.2,TEAM_PLACEHOLDER_v0_UNVALIDATED,PASS,B_OK,False,median_ratio,b1-v0.3,b1-contract-0.6,SIH26170-MOCK-02
C0283,L006,CMOS_A,Input_Leakage_Current_uA,uA,0.0962,0.09986,0.10504,,,NONE,,0.00884,9.192,0.08542,0.08601,0.01915,0.09047,1.0,UPPER,DATASHEET_BOUNDED_ASSUMPTION,0.89496,0.9786,0.2,TEAM_PLACEHOLDER_v0_UNVALIDATED,PASS,B_OK,False,median_ratio,b1-v0.3,b1-contract-0.6,SIH26170-MOCK-02
C0284,L006,CMOS_A,Input_Leakage_Current_uA,uA,0.07458,0.07726,0.08127,,,NONE,,0.00669,8.97,0.08542,0.08601,0.01915,0.09047,1.0,UPPER,DATASHEET_BOUNDED_ASSUMPTION,0.91873,1.0045,0.2,TEAM_PLACEHOLDER_v0_UNVALIDATED,PASS,B_OK,False,median_ratio,b1-v0.3,b1-contract-0.6,SIH26170-MOCK-02
C0285,L006,CMOS_A,Input_Leakage_Current_uA,uA,0.09224,0.09354,0.09839,,,NONE,,0.00615,6.672,0.08542,0.08601,0.01915,0.09047,1.0,UPPER,DATASHEET_BOUNDED_ASSUMPTION,0.90161,0.9858,0.2,TEAM_PLACEHOLDER_v0_UNVALIDATED,PASS,B_OK,False,median_ratio,b1-v0.3,b1-contract-0.6,SIH26170-MOCK-02
C0286,L006,CMOS_A,Input_Leakage_Current_uA,uA,0.07508,0.07781,0.08185,,,NONE,,0.00677,9.015,0.08542,0.08601,0.01915,0.09047,1.0,UPPER,DATASHEET_BOUNDED_ASSUMPTION,0.91815,1.0039,0.2,TEAM_PLACEHOLDER_v0_UNVALIDATED,PASS,B_OK,False,median_ratio,b1-v0.3,b1-contract-0.6,SIH26170-MOCK-02
C0287,L006,CMOS_A,Input_Leakage_Current_uA,uA,0.09524,0.09303,0.09786,,,NONE,,0.00262,2.749,0.08542,0.08601,0.01915,0.09047,1.0,UPPER,DATASHEET_BOUNDED_ASSUMPTION,0.90214,0.9864,0.2,TEAM_PLACEHOLDER_v0_UNVALIDATED,PASS,B_OK,False,median_ratio,b1-v0.3,b1-contract-0.6,SIH26170-MOCK-02
C0288,L006,CMOS_A,Input_Leakage_Current_uA,uA,0.09997,0.10655,0.11208,,,NONE,,0.01211,12.113,0.08542,0.08601,0.01915,0.09047,1.0,UPPER,DATASHEET_BOUNDED_ASSUMPTION,0.88792,0.9709,0.2,TEAM_PLACEHOLDER_v0_UNVALIDATED,PASS,B_OK,False,median_ratio,b1-v0.3,b1-contract-0.6,SIH26170-MOCK-02
C0289,L006,CMOS_A,Input_Leakage_Current_uA,uA,0.09594,0.09076,0.09547,,,NONE,,-0.00047,-0.49,0.08542,0.08601,0.01915,0.09047,1.0,UPPER,DATASHEET_BOUNDED_ASSUMPTION,0.90453,0.989,0.2,TEAM_PLACEHOLDER_v0_UNVALIDATED,PASS,B_OK,False,median_ratio,b1-v0.3,b1-contract-0.6,SIH26170-MOCK-02
C0290,L006,CMOS_A,Input_Leakage_Current_uA,uA,0.08642,0.08697,0.09148,,,NONE,,0.00506,5.859,0.08542,0.08601,0.01915,0.09047,1.0,UPPER,DATASHEET_BOUNDED_ASSUMPTION,0.90852,0.9934,0.2,TEAM_PLACEHOLDER_v0_UNVALIDATED,PASS,B_OK,False,median_ratio,b1-v0.3,b1-contract-0.6,SIH26170-MOCK-02
C0291,L006,CMOS_A,Input_Leakage_Current_uA,uA,0.07191,0.06705,0.07053,,,NONE,,-0.00138,-1.919,0.08542,0.08601,0.01915,0.09047,1.0,UPPER,DATASHEET_BOUNDED_ASSUMPTION,0.92947,1.0163,0.2,TEAM_PLACEHOLDER_v0_UNVALIDATED,PASS,B_OK,False,median_ratio,b1-v0.3,b1-contract-0.6,SIH26170-MOCK-02
C0292,L006,CMOS_A,Input_Leakage_Current_uA,uA,0.07282,0.06997,0.0736,,,NONE,,0.00078,1.073,0.08542,0.08601,0.01915,0.09047,1.0,UPPER,DATASHEET_BOUNDED_ASSUMPTION,0.9264,1.0129,0.2,TEAM_PLACEHOLDER_v0_UNVALIDATED,PASS,B_OK,False,median_ratio,b1-v0.3,b1-contract-0.6,SIH26170-MOCK-02
C0293,L006,CMOS_A,Input_Leakage_Current_uA,uA,0.08107,0.0811,0.08531,,,NONE,,0.00424,5.229,0.08542,0.08601,0.01915,0.09047,1.0,UPPER,DATASHEET_BOUNDED_ASSUMPTION,0.91469,1.0001,0.2,TEAM_PLACEHOLDER_v0_UNVALIDATED,PASS,B_OK,False,median_ratio,b1-v0.3,b1-contract-0.6,SIH26170-MOCK-02
C0294,L006,CMOS_A,Input_Leakage_Current_uA,uA,0.08393,0.08598,0.09044,,,NONE,,0.00651,7.759,0.08542,0.08601,0.01915,0.09047,1.0,UPPER,DATASHEET_BOUNDED_ASSUMPTION,0.90956,0.9945,0.2,TEAM_PLACEHOLDER_v0_UNVALIDATED,PASS,B_OK,False,median_ratio,b1-v0.3,b1-contract-0.6,SIH26170-MOCK-02
C0295,L006,CMOS_A,Input_Leakage_Current_uA,uA,0.09686,0.09425,0.09914,,,NONE,,0.00228,2.355,0.08542,0.08601,0.01915,0.09047,1.0,UPPER,DATASHEET_BOUNDED_ASSUMPTION,0.90086,0.985,0.2,TEAM_PLACEHOLDER_v0_UNVALIDATED,PASS,B_OK,False,median_ratio,b1-v0.3,b1-contract-0.6,SIH26170-MOCK-02
C0296,L006,CMOS_A,Input_Leakage_Current_uA,uA,0.09822,0.10018,0.10538,,,NONE,,0.00716,7.289,0.08542,0.08601,0.01915,0.09047,1.0,UPPER,DATASHEET_BOUNDED_ASSUMPTION,0.89462,0.9782,0.2,TEAM_PLACEHOLDER_v0_UNVALIDATED,PASS,B_OK,False,median_ratio,b1-v0.3,b1-contract-0.6,SIH26170-MOCK-02
C0297,L006,CMOS_A,Input_Leakage_Current_uA,uA,0.10118,0.10632,0.11184,,,NONE,,0.01066,10.533,0.08542,0.08601,0.01915,0.09047,1.0,UPPER,DATASHEET_BOUNDED_ASSUMPTION,0.88816,0.9711,0.2,TEAM_PLACEHOLDER_v0_UNVALIDATED,PASS,B_OK,False,median_ratio,b1-v0.3,b1-contract-0.6,SIH26170-MOCK-02
C0298,L006,CMOS_A,Input_Leakage_Current_uA,uA,0.11766,0.11354,0.11943,,,NONE,,0.00177,1.506,0.08542,0.08601,0.01915,0.09047,1.0,UPPER,DATASHEET_BOUNDED_ASSUMPTION,0.88057,0.9628,0.2,TEAM_PLACEHOLDER_v0_UNVALIDATED,PASS,B_OK,False,median_ratio,b1-v0.3,b1-contract-0.6,SIH26170-MOCK-02
C0299,L006,CMOS_A,Input_Leakage_Current_uA,uA,0.08878,0.0925,0.0973,,,NONE,,0.00852,9.597,0.08542,0.08601,0.01915,0.09047,1.0,UPPER,DATASHEET_BOUNDED_ASSUMPTION,0.9027,0.987,0.2,TEAM_PLACEHOLDER_v0_UNVALIDATED,PASS,B_OK,False,median_ratio,b1-v0.3,b1-contract-0.6,SIH26170-MOCK-02
C0300,L006,CMOS_A,Input_Leakage_Current_uA,uA,0.08079,0.08102,0.08522,,,NONE,,0.00443,5.489,0.08542,0.08601,0.01915,0.09047,1.0,UPPER,DATASHEET_BOUNDED_ASSUMPTION,0.91478,1.0002,0.2,TEAM_PLACEHOLDER_v0_UNVALIDATED,PASS,B_OK,False,median_ratio,b1-v0.3,b1-contract-0.6,SIH26170-MOCK-02
C0301,L006,CMOS_A,Input_Leakage_Current_uA,uA,0.07011,0.07233,0.07608,,,NONE,,0.00597,8.521,0.08542,0.08601,0.01915,0.09047,1.0,UPPER,DATASHEET_BOUNDED_ASSUMPTION,0.92392,1.0102,0.2,TEAM_PLACEHOLDER_v0_UNVALIDATED,PASS,B_OK,False,median_ratio,b1-v0.3,b1-contract-0.6,SIH26170-MOCK-02
C0302,L006,CMOS_A,Input_Leakage_Current_uA,uA,0.07635,0.07654,0.08051,,,NONE,,0.00416,5.452,0.08542,0.08601,0.01915,0.09047,1.0,UPPER,DATASHEET_BOUNDED_ASSUMPTION,0.91949,1.0054,0.2,TEAM_PLACEHOLDER_v0_UNVALIDATED,PASS,B_OK,False,median_ratio,b1-v0.3,b1-contract-0.6,SIH26170-MOCK-02
C0303,L006,CMOS_A,Input_Leakage_Current_uA,uA,0.08657,0.08252,0.0868,,,NONE,,0.00023,0.269,0.08542,0.08601,0.01915,0.09047,1.0,UPPER,DATASHEET_BOUNDED_ASSUMPTION,0.9132,0.9985,0.2,TEAM_PLACEHOLDER_v0_UNVALIDATED,PASS,B_OK,False,median_ratio,b1-v0.3,b1-contract-0.6,SIH26170-MOCK-02
C0304,L006,CMOS_A,Input_Leakage_Current_uA,uA,0.07097,0.07166,0.07538,,,NONE,,0.00441,6.212,0.08542,0.08601,0.01915,0.09047,1.0,UPPER,DATASHEET_BOUNDED_ASSUMPTION,0.92462,1.011,0.2,TEAM_PLACEHOLDER_v0_UNVALIDATED,PASS,B_OK,False,median_ratio,b1-v0.3,b1-contract-0.6,SIH26170-MOCK-02
C0305,L006,CMOS_A,Input_Leakage_Current_uA,uA,0.08443,0.08856,0.09316,,,NONE,,0.00873,10.335,0.08542,0.08601,0.01915,0.09047,1.0,UPPER,DATASHEET_BOUNDED_ASSUMPTION,0.90684,0.9915,0.2,TEAM_PLACEHOLDER_v0_UNVALIDATED,PASS,B_OK,False,median_ratio,b1-v0.3,b1-contract-0.6,SIH26170-MOCK-02
C0306,L006,CMOS_A,Input_Leakage_Current_uA,uA,0.07833,0.07603,0.07998,,,NONE,,0.00165,2.101,0.08542,0.08601,0.01915,0.09047,1.0,UPPER,DATASHEET_BOUNDED_ASSUMPTION,0.92002,1.006,0.2,TEAM_PLACEHOLDER_v0_UNVALIDATED,PASS,B_OK,False,median_ratio,b1-v0.3,b1-contract-0.6,SIH26170-MOCK-02
C0307,L006,CMOS_A,Input_Leakage_Current_uA,uA,0.10312,0.10563,0.11111,,,NONE,,0.00799,7.75,0.08542,0.08601,0.01915,0.09047,1.0,UPPER,DATASHEET_BOUNDED_ASSUMPTION,0.88889,0.9719,0.2,TEAM_PLACEHOLDER_v0_UNVALIDATED,PASS,B_OK,False,median_ratio,b1-v0.3,b1-contract-0.6,SIH26170-MOCK-02
C0308,L006,CMOS_A,Input_Leakage_Current_uA,uA,0.08682,0.08957,0.09422,,,NONE,,0.0074,8.522,0.08542,0.08601,0.01915,0.09047,1.0,UPPER,DATASHEET_BOUNDED_ASSUMPTION,0.90578,0.9904,0.2,TEAM_PLACEHOLDER_v0_UNVALIDATED,PASS,B_OK,False,median_ratio,b1-v0.3,b1-contract-0.6,SIH26170-MOCK-02
C0309,L006,CMOS_A,Input_Leakage_Current_uA,uA,0.07074,0.06976,0.07338,,,NONE,,0.00264,3.733,0.08542,0.08601,0.01915,0.09047,1.0,UPPER,DATASHEET_BOUNDED_ASSUMPTION,0.92662,1.0132,0.2,TEAM_PLACEHOLDER_v0_UNVALIDATED,PASS,B_OK,False,median_ratio,b1-v0.3,b1-contract-0.6,SIH26170-MOCK-02
C0310,L006,CMOS_A,Input_Leakage_Current_uA,uA,0.13707,0.14413,0.15161,,,NONE,,0.01454,10.608,0.08542,0.08601,0.01915,0.09047,1.0,UPPER,DATASHEET_BOUNDED_ASSUMPTION,0.84839,0.9276,0.2,TEAM_PLACEHOLDER_v0_UNVALIDATED,PASS,B_OK,False,median_ratio,b1-v0.3,b1-contract-0.6,SIH26170-MOCK-02
C0311,L006,CMOS_A,Input_Leakage_Current_uA,uA,0.08714,0.08499,0.0894,,,NONE,,0.00226,2.594,0.08542,0.08601,0.01915,0.09047,1.0,UPPER,DATASHEET_BOUNDED_ASSUMPTION,0.9106,0.9957,0.2,TEAM_PLACEHOLDER_v0_UNVALIDATED,PASS,B_OK,False,median_ratio,b1-v0.3,b1-contract-0.6,SIH26170-MOCK-02
C0312,L006,CMOS_A,Input_Leakage_Current_uA,uA,0.08928,0.0919,0.09667,,,NONE,,0.00739,8.277,0.08542,0.08601,0.01915,0.09047,1.0,UPPER,DATASHEET_BOUNDED_ASSUMPTION,0.90333,0.9877,0.2,TEAM_PLACEHOLDER_v0_UNVALIDATED,PASS,B_OK,False,median_ratio,b1-v0.3,b1-contract-0.6,SIH26170-MOCK-02
C0313,L006,CMOS_A,Input_Leakage_Current_uA,uA,0.09399,0.09088,0.0956,,,NONE,,0.00161,1.709,0.08542,0.08601,0.01915,0.09047,1.0,UPPER,DATASHEET_BOUNDED_ASSUMPTION,0.9044,0.9889,0.2,TEAM_PLACEHOLDER_v0_UNVALIDATED,PASS,B_OK,False,median_ratio,b1-v0.3,b1-contract-0.6,SIH26170-MOCK-02
C0314,L006,CMOS_A,Input_Leakage_Current_uA,uA,0.09529,0.09696,0.10199,,,NONE,,0.0067,7.033,0.08542,0.08601,0.01915,0.09047,1.0,UPPER,DATASHEET_BOUNDED_ASSUMPTION,0.89801,0.9819,0.2,TEAM_PLACEHOLDER_v0_UNVALIDATED,PASS,B_OK,False,median_ratio,b1-v0.3,b1-contract-0.6,SIH26170-MOCK-02
C0315,L006,CMOS_A,Input_Leakage_Current_uA,uA,0.07535,0.07756,0.08159,,,NONE,,0.00624,8.275,0.08542,0.08601,0.01915,0.09047,1.0,UPPER,DATASHEET_BOUNDED_ASSUMPTION,0.91841,1.0042,0.2,TEAM_PLACEHOLDER_v0_UNVALIDATED,PASS,B_OK,False,median_ratio,b1-v0.3,b1-contract-0.6,SIH26170-MOCK-02
C0316,L006,CMOS_A,Input_Leakage_Current_uA,uA,0.08399,0.08604,0.09051,,,NONE,,0.00652,7.757,0.08542,0.08601,0.01915,0.09047,1.0,UPPER,DATASHEET_BOUNDED_ASSUMPTION,0.90949,0.9944,0.2,TEAM_PLACEHOLDER_v0_UNVALIDATED,PASS,B_OK,False,median_ratio,b1-v0.3,b1-contract-0.6,SIH26170-MOCK-02
C0317,L006,CMOS_A,Input_Leakage_Current_uA,uA,0.06358,0.06324,0.06652,,,NONE,,0.00294,4.627,0.08542,0.08601,0.01915,0.09047,1.0,UPPER,DATASHEET_BOUNDED_ASSUMPTION,0.93348,1.0207,0.2,TEAM_PLACEHOLDER_v0_UNVALIDATED,PASS,B_OK,False,median_ratio,b1-v0.3,b1-contract-0.6,SIH26170-MOCK-02
C0318,L006,CMOS_A,Input_Leakage_Current_uA,uA,0.08438,0.08525,0.08967,,,NONE,,0.00529,6.274,0.08542,0.08601,0.01915,0.09047,1.0,UPPER,DATASHEET_BOUNDED_ASSUMPTION,0.91033,0.9954,0.2,TEAM_PLACEHOLDER_v0_UNVALIDATED,PASS,B_OK,False,median_ratio,b1-v0.3,b1-contract-0.6,SIH26170-MOCK-02
C0319,L006,CMOS_A,Input_Leakage_Current_uA,uA,0.09427,0.09056,0.09526,,,NONE,,0.00099,1.05,0.08542,0.08601,0.01915,0.09047,1.0,UPPER,DATASHEET_BOUNDED_ASSUMPTION,0.90474,0.9892,0.2,TEAM_PLACEHOLDER_v0_UNVALIDATED,PASS,B_OK,False,median_ratio,b1-v0.3,b1-contract-0.6,SIH26170-MOCK-02
C0320,L006,CMOS_A,Input_Leakage_Current_uA,uA,0.08841,0.08748,0.09202,,,NONE,,0.00361,4.083,0.08542,0.08601,0.01915,0.09047,1.0,UPPER,DATASHEET_BOUNDED_ASSUMPTION,0.90798,0.9928,0.2,TEAM_PLACEHOLDER_v0_UNVALIDATED,PASS,B_OK,False,median_ratio,b1-v0.3,b1-contract-0.6,SIH26170-MOCK-02
C0321,L006,CMOS_A,Input_Leakage_Current_uA,uA,0.07962,0.07681,0.0808,,,NONE,,0.00118,1.477,0.08542,0.08601,0.01915,0.09047,1.0,UPPER,DATASHEET_BOUNDED_ASSUMPTION,0.9192,1.0051,0.2,TEAM_PLACEHOLDER_v0_UNVALIDATED,PASS,B_OK,False,median_ratio,b1-v0.3,b1-contract-0.6,SIH26170-MOCK-02
C0322,L006,CMOS_A,Input_Leakage_Current_uA,uA,0.07476,0.07655,0.08052,,,NONE,,0.00576,7.708,0.08542,0.08601,0.01915,0.09047,1.0,UPPER,DATASHEET_BOUNDED_ASSUMPTION,0.91948,1.0054,0.2,TEAM_PLACEHOLDER_v0_UNVALIDATED,PASS,B_OK,False,median_ratio,b1-v0.3,b1-contract-0.6,SIH26170-MOCK-02
C0323,L006,CMOS_A,Input_Leakage_Current_uA,uA,0.11468,0.11969,0.1259,,,NONE,,0.01122,9.785,0.08542,0.08601,0.01915,0.09047,1.0,UPPER,DATASHEET_BOUNDED_ASSUMPTION,0.8741,0.9557,0.2,TEAM_PLACEHOLDER_v0_UNVALIDATED,PASS,B_OK,False,median_ratio,b1-v0.3,b1-contract-0.6,SIH26170-MOCK-02
C0324,L006,CMOS_A,Input_Leakage_Current_uA,uA,0.05217,0.05258,0.05531,,,NONE,,0.00314,6.016,0.08542,0.08601,0.01915,0.09047,1.0,UPPER,DATASHEET_BOUNDED_ASSUMPTION,0.94469,1.0329,0.2,TEAM_PLACEHOLDER_v0_UNVALIDATED,PASS,B_OK,False,median_ratio,b1-v0.3,b1-contract-0.6,SIH26170-MOCK-02
C0325,L006,CMOS_A,Input_Leakage_Current_uA,uA,0.10714,0.11899,0.12517,,,NONE,,0.01803,16.824,0.08542,0.08601,0.01915,0.09047,1.0,UPPER,DATASHEET_BOUNDED_ASSUMPTION,0.87483,0.9565,0.2,TEAM_PLACEHOLDER_v0_UNVALIDATED,PASS,B_OK,False,median_ratio,b1-v0.3,b1-contract-0.6,SIH26170-MOCK-02
C0326,L006,CMOS_A,Input_Leakage_Current_uA,uA,0.09055,0.09581,0.10078,,,NONE,,0.01023,11.3,0.08542,0.08601,0.01915,0.09047,1.0,UPPER,DATASHEET_BOUNDED_ASSUMPTION,0.89922,0.9832,0.2,TEAM_PLACEHOLDER_v0_UNVALIDATED,PASS,B_OK,False,median_ratio,b1-v0.3,b1-contract-0.6,SIH26170-MOCK-02
C0327,L006,CMOS_A,Input_Leakage_Current_uA,uA,0.07914,0.0797,0.08384,,,NONE,,0.0047,5.934,0.08542,0.08601,0.01915,0.09047,1.0,UPPER,DATASHEET_BOUNDED_ASSUMPTION,0.91616,1.0017,0.2,TEAM_PLACEHOLDER_v0_UNVALIDATED,PASS,B_OK,False,median_ratio,b1-v0.3,b1-contract-0.6,SIH26170-MOCK-02
C0328,L006,CMOS_A,Input_Leakage_Current_uA,uA,0.10676,0.10965,0.11534,,,NONE,,0.00858,8.037,0.08542,0.08601,0.01915,0.09047,1.0,UPPER,DATASHEET_BOUNDED_ASSUMPTION,0.88466,0.9673,0.2,TEAM_PLACEHOLDER_v0_UNVALIDATED,PASS,B_OK,False,median_ratio,b1-v0.3,b1-contract-0.6,SIH26170-MOCK-02
C0329,L006,CMOS_A,Input_Leakage_Current_uA,uA,0.11614,0.11565,0.12165,,,NONE,,0.00551,4.746,0.08542,0.08601,0.01915,0.09047,1.0,UPPER,DATASHEET_BOUNDED_ASSUMPTION,0.87835,0.9604,0.2,TEAM_PLACEHOLDER_v0_UNVALIDATED,PASS,B_OK,False,median_ratio,b1-v0.3,b1-contract-0.6,SIH26170-MOCK-02
C0330,L006,CMOS_A,Input_Leakage_Current_uA,uA,0.08262,0.08487,0.08927,,,NONE,,0.00665,8.054,0.08542,0.08601,0.01915,0.09047,1.0,UPPER,DATASHEET_BOUNDED_ASSUMPTION,0.91073,0.9958,0.2,TEAM_PLACEHOLDER_v0_UNVALIDATED,PASS,B_OK,False,median_ratio,b1-v0.3,b1-contract-0.6,SIH26170-MOCK-02
C0331,L006,CMOS_A,Input_Leakage_Current_uA,uA,0.0682,0.07146,0.07517,,,NONE,,0.00697,10.218,0.08542,0.08601,0.01915,0.09047,1.0,UPPER,DATASHEET_BOUNDED_ASSUMPTION,0.92483,1.0112,0.2,TEAM_PLACEHOLDER_v0_UNVALIDATED,PASS,B_OK,False,median_ratio,b1-v0.3,b1-contract-0.6,SIH26170-MOCK-02
C0332,L006,CMOS_A,Input_Leakage_Current_uA,uA,0.08924,0.08727,0.0918,,,NONE,,0.00256,2.868,0.08542,0.08601,0.01915,0.09047,1.0,UPPER,DATASHEET_BOUNDED_ASSUMPTION,0.9082,0.993,0.2,TEAM_PLACEHOLDER_v0_UNVALIDATED,PASS,B_OK,False,median_ratio,b1-v0.3,b1-contract-0.6,SIH26170-MOCK-02
C0333,L006,CMOS_A,Input_Leakage_Current_uA,uA,0.09139,0.09043,0.09512,,,NONE,,0.00373,4.085,0.08542,0.08601,0.01915,0.09047,1.0,UPPER,DATASHEET_BOUNDED_ASSUMPTION,0.90488,0.9894,0.2,TEAM_PLACEHOLDER_v0_UNVALIDATED,PASS,B_OK,False,median_ratio,b1-v0.3,b1-contract-0.6,SIH26170-MOCK-02
C0538,L011,CMOS_B,Input_Leakage_Current_uA,uA,0.04893,0.04968,0.05219,,,NONE,,0.00326,6.655,0.0546,0.05549,0.01245,0.05829,1.0,UPPER,DATASHEET_BOUNDED_ASSUMPTION,0.94781,1.0025,0.2,TEAM_PLACEHOLDER_v0_UNVALIDATED,PASS,B_OK,False,median_ratio,b1-v0.3,b1-contract-0.6,SIH26170-MOCK-02
C0539,L011,CMOS_B,Input_Leakage_Current_uA,uA,0.04424,0.04528,0.04756,,,NONE,,0.00332,7.514,0.0546,0.05549,0.01245,0.05829,1.0,UPPER,DATASHEET_BOUNDED_ASSUMPTION,0.95244,1.0074,0.2,TEAM_PLACEHOLDER_v0_UNVALIDATED,PASS,B_OK,False,median_ratio,b1-v0.3,b1-contract-0.6,SIH26170-MOCK-02
C0540,L011,CMOS_B,Input_Leakage_Current_uA,uA,0.04664,0.04596,0.04828,,,NONE,,0.00164,3.513,0.0546,0.05549,0.01245,0.05829,1.0,UPPER,DATASHEET_BOUNDED_ASSUMPTION,0.95172,1.0067,0.2,TEAM_PLACEHOLDER_v0_UNVALIDATED,PASS,B_OK,False,median_ratio,b1-v0.3,b1-contract-0.6,SIH26170-MOCK-02
C0541,L011,CMOS_B,Input_Leakage_Current_uA,uA,0.05298,0.05315,0.05583,,,NONE,,0.00285,5.382,0.0546,0.05549,0.01245,0.05829,1.0,UPPER,DATASHEET_BOUNDED_ASSUMPTION,0.94417,0.9987,0.2,TEAM_PLACEHOLDER_v0_UNVALIDATED,PASS,B_OK,False,median_ratio,b1-v0.3,b1-contract-0.6,SIH26170-MOCK-02
C0542,L011,CMOS_B,Input_Leakage_Current_uA,uA,0.06218,0.06033,0.06337,,,NONE,,0.00119,1.919,0.0546,0.05549,0.01245,0.05829,1.0,UPPER,DATASHEET_BOUNDED_ASSUMPTION,0.93663,0.9907,0.2,TEAM_PLACEHOLDER_v0_UNVALIDATED,PASS,B_OK,False,median_ratio,b1-v0.3,b1-contract-0.6,SIH26170-MOCK-02
C0543,L011,CMOS_B,Input_Leakage_Current_uA,uA,0.04069,0.04052,0.04256,,,NONE,,0.00187,4.606,0.0546,0.05549,0.01245,0.05829,1.0,UPPER,DATASHEET_BOUNDED_ASSUMPTION,0.95744,1.0127,0.2,TEAM_PLACEHOLDER_v0_UNVALIDATED,PASS,B_OK,False,median_ratio,b1-v0.3,b1-contract-0.6,SIH26170-MOCK-02
C0544,L011,CMOS_B,Input_Leakage_Current_uA,uA,0.05686,0.05818,0.06111,,,NONE,,0.00425,7.483,0.0546,0.05549,0.01245,0.05829,1.0,UPPER,DATASHEET_BOUNDED_ASSUMPTION,0.93889,0.9931,0.2,TEAM_PLACEHOLDER_v0_UNVALIDATED,PASS,B_OK,False,median_ratio,b1-v0.3,b1-contract-0.6,SIH26170-MOCK-02
C0545,L011,CMOS_B,Input_Leakage_Current_uA,uA,0.04959,0.04944,0.05193,,,NONE,,0.00234,4.727,0.0546,0.05549,0.01245,0.05829,1.0,UPPER,DATASHEET_BOUNDED_ASSUMPTION,0.94807,1.0028,0.2,TEAM_PLACEHOLDER_v0_UNVALIDATED,PASS,B_OK,False,median_ratio,b1-v0.3,b1-contract-0.6,SIH26170-MOCK-02
C0546,L011,CMOS_B,Input_Leakage_Current_uA,uA,0.06237,0.06506,0.06834,,,NONE,,0.00597,9.575,0.0546,0.05549,0.01245,0.05829,1.0,UPPER,DATASHEET_BOUNDED_ASSUMPTION,0.93166,0.9855,0.2,TEAM_PLACEHOLDER_v0_UNVALIDATED,PASS,B_OK,False,median_ratio,b1-v0.3,b1-contract-0.6,SIH26170-MOCK-02
C0547,L011,CMOS_B,Input_Leakage_Current_uA,uA,0.04722,0.04999,0.05251,,,NONE,,0.00529,11.207,0.0546,0.05549,0.01245,0.05829,1.0,UPPER,DATASHEET_BOUNDED_ASSUMPTION,0.94749,1.0022,0.2,TEAM_PLACEHOLDER_v0_UNVALIDATED,PASS,B_OK,False,median_ratio,b1-v0.3,b1-contract-0.6,SIH26170-MOCK-02
C0548,L011,CMOS_B,Input_Leakage_Current_uA,uA,0.0501,0.04768,0.05009,,,NONE,,-1e-05,-0.029,0.0546,0.05549,0.01245,0.05829,1.0,UPPER,DATASHEET_BOUNDED_ASSUMPTION,0.94991,1.0048,0.2,TEAM_PLACEHOLDER_v0_UNVALIDATED,PASS,B_OK,False,median_ratio,b1-v0.3,b1-contract-0.6,SIH26170-MOCK-02
C0549,L011,CMOS_B,Input_Leakage_Current_uA,uA,0.04195,0.0423,0.04443,,,NONE,,0.00248,5.921,0.0546,0.05549,0.01245,0.05829,1.0,UPPER,DATASHEET_BOUNDED_ASSUMPTION,0.95557,1.0107,0.2,TEAM_PLACEHOLDER_v0_UNVALIDATED,PASS,B_OK,False,median_ratio,b1-v0.3,b1-contract-0.6,SIH26170-MOCK-02
C0550,L011,CMOS_B,Input_Leakage_Current_uA,uA,0.05026,0.0474,0.04979,,,NONE,,-0.00047,-0.933,0.0546,0.05549,0.01245,0.05829,1.0,UPPER,DATASHEET_BOUNDED_ASSUMPTION,0.95021,1.0051,0.2,TEAM_PLACEHOLDER_v0_UNVALIDATED,PASS,B_OK,False,median_ratio,b1-v0.3,b1-contract-0.6,SIH26170-MOCK-02
C0551,L011,CMOS_B,Input_Leakage_Current_uA,uA,0.04675,0.04951,0.05201,,,NONE,,0.00526,11.246,0.0546,0.05549,0.01245,0.05829,1.0,UPPER,DATASHEET_BOUNDED_ASSUMPTION,0.94799,1.0027,0.2,TEAM_PLACEHOLDER_v0_UNVALIDATED,PASS,B_OK,False,median_ratio,b1-v0.3,b1-contract-0.6,SIH26170-MOCK-02
C0552,L011,CMOS_B,Input_Leakage_Current_uA,uA,0.05515,0.0618,0.06492,,,NONE,,0.00977,17.711,0.0546,0.05549,0.01245,0.05829,1.0,UPPER,DATASHEET_BOUNDED_ASSUMPTION,0.93508,0.9891,0.2,TEAM_PLACEHOLDER_v0_UNVALIDATED,PASS,B_OK,False,median_ratio,b1-v0.3,b1-contract-0.6,SIH26170-MOCK-02
C0553,L011,CMOS_B,Input_Leakage_Current_uA,uA,0.05616,0.05865,0.06161,,,NONE,,0.00545,9.702,0.0546,0.05549,0.01245,0.05829,1.0,UPPER,DATASHEET_BOUNDED_ASSUMPTION,0.93839,0.9926,0.2,TEAM_PLACEHOLDER_v0_UNVALIDATED,PASS,B_OK,False,median_ratio,b1-v0.3,b1-contract-0.6,SIH26170-MOCK-02
C0554,L011,CMOS_B,Input_Leakage_Current_uA,uA,0.05556,0.05758,0.06048,,,NONE,,0.00492,8.864,0.0546,0.05549,0.01245,0.05829,1.0,UPPER,DATASHEET_BOUNDED_ASSUMPTION,0.93952,0.9938,0.2,TEAM_PLACEHOLDER_v0_UNVALIDATED,PASS,B_OK,False,median_ratio,b1-v0.3,b1-contract-0.6,SIH26170-MOCK-02
C0555,L011,CMOS_B,Input_Leakage_Current_uA,uA,0.06525,0.0627,0.06586,,,NONE,,0.00061,0.939,0.0546,0.05549,0.01245,0.05829,1.0,UPPER,DATASHEET_BOUNDED_ASSUMPTION,0.93414,0.9881,0.2,TEAM_PLACEHOLDER_v0_UNVALIDATED,PASS,B_OK,False,median_ratio,b1-v0.3,b1-contract-0.6,SIH26170-MOCK-02
C0556,L011,CMOS_B,Input_Leakage_Current_uA,uA,0.06436,0.06092,0.06399,,,NONE,,-0.00037,-0.57,0.0546,0.05549,0.01245,0.05829,1.0,UPPER,DATASHEET_BOUNDED_ASSUMPTION,0.93601,0.9901,0.2,TEAM_PLACEHOLDER_v0_UNVALIDATED,PASS,B_OK,False,median_ratio,b1-v0.3,b1-contract-0.6,SIH26170-MOCK-02
C0557,L011,CMOS_B,Input_Leakage_Current_uA,uA,0.06554,0.08004,0.08408,,,NONE,,0.01854,28.285,0.0546,0.05549,0.01245,0.05829,1.0,UPPER,DATASHEET_BOUNDED_ASSUMPTION,0.91592,0.9688,0.2,TEAM_PLACEHOLDER_v0_UNVALIDATED,PASS,B_OK,False,median_ratio,b1-v0.3,b1-contract-0.6,SIH26170-MOCK-02
C0558,L011,CMOS_B,Input_Leakage_Current_uA,uA,0.05911,0.06062,0.06368,,,NONE,,0.00457,7.728,0.0546,0.05549,0.01245,0.05829,1.0,UPPER,DATASHEET_BOUNDED_ASSUMPTION,0.93632,0.9904,0.2,TEAM_PLACEHOLDER_v0_UNVALIDATED,PASS,B_OK,False,median_ratio,b1-v0.3,b1-contract-0.6,SIH26170-MOCK-02
C0559,L011,CMOS_B,Input_Leakage_Current_uA,uA,0.05404,0.05692,0.05979,,,NONE,,0.00575,10.643,0.0546,0.05549,0.01245,0.05829,1.0,UPPER,DATASHEET_BOUNDED_ASSUMPTION,0.94021,0.9945,0.2,TEAM_PLACEHOLDER_v0_UNVALIDATED,PASS,B_OK,False,median_ratio,b1-v0.3,b1-contract-0.6,SIH26170-MOCK-02
C0560,L011,CMOS_B,Input_Leakage_Current_uA,uA,0.05231,0.05333,0.05602,,,NONE,,0.00371,7.093,0.0546,0.05549,0.01245,0.05829,1.0,UPPER,DATASHEET_BOUNDED_ASSUMPTION,0.94398,0.9985,0.2,TEAM_PLACEHOLDER_v0_UNVALIDATED,PASS,B_OK,False,median_ratio,b1-v0.3,b1-contract-0.6,SIH26170-MOCK-02
C0561,L011,CMOS_B,Input_Leakage_Current_uA,uA,0.0651,0.06391,0.06713,,,NONE,,0.00203,3.125,0.0546,0.05549,0.01245,0.05829,1.0,UPPER,DATASHEET_BOUNDED_ASSUMPTION,0.93287,0.9867,0.2,TEAM_PLACEHOLDER_v0_UNVALIDATED,PASS,B_OK,False,median_ratio,b1-v0.3,b1-contract-0.6,SIH26170-MOCK-02
C0562,L011,CMOS_B,Input_Leakage_Current_uA,uA,0.0469,0.04629,0.04863,,,NONE,,0.00173,3.678,0.0546,0.05549,0.01245,0.05829,1.0,UPPER,DATASHEET_BOUNDED_ASSUMPTION,0.95137,1.0063,0.2,TEAM_PLACEHOLDER_v0_UNVALIDATED,PASS,B_OK,False,median_ratio,b1-v0.3,b1-contract-0.6,SIH26170-MOCK-02
C0563,L011,CMOS_B,Input_Leakage_Current_uA,uA,0.06398,0.06716,0.07055,,,NONE,,0.00657,10.266,0.0546,0.05549,0.01245,0.05829,1.0,UPPER,DATASHEET_BOUNDED_ASSUMPTION,0.92945,0.9831,0.2,TEAM_PLACEHOLDER_v0_UNVALIDATED,PASS,B_OK,False,median_ratio,b1-v0.3,b1-contract-0.6,SIH26170-MOCK-02
C0564,L011,CMOS_B,Input_Leakage_Current_uA,uA,0.06488,0.06401,0.06724,,,NONE,,0.00236,3.636,0.0546,0.05549,0.01245,0.05829,1.0,UPPER,DATASHEET_BOUNDED_ASSUMPTION,0.93276,0.9866,0.2,TEAM_PLACEHOLDER_v0_UNVALIDATED,PASS,B_OK,False,median_ratio,b1-v0.3,b1-contract-0.6,SIH26170-MOCK-02
C0565,L011,CMOS_B,Input_Leakage_Current_uA,uA,0.05826,0.05872,0.06168,,,NONE,,0.00342,5.874,0.0546,0.05549,0.01245,0.05829,1.0,UPPER,DATASHEET_BOUNDED_ASSUMPTION,0.93832,0.9925,0.2,TEAM_PLACEHOLDER_v0_UNVALIDATED,PASS,B_OK,False,median_ratio,b1-v0.3,b1-contract-0.6,SIH26170-MOCK-02
C0566,L011,CMOS_B,Input_Leakage_Current_uA,uA,0.05201,0.05351,0.05621,,,NONE,,0.0042,8.074,0.0546,0.05549,0.01245,0.05829,1.0,UPPER,DATASHEET_BOUNDED_ASSUMPTION,0.94379,0.9983,0.2,TEAM_PLACEHOLDER_v0_UNVALIDATED,PASS,B_OK,False,median_ratio,b1-v0.3,b1-contract-0.6,SIH26170-MOCK-02
C0567,L011,CMOS_B,Input_Leakage_Current_uA,uA,0.08014,0.08072,0.08479,,,NONE,,0.00465,5.805,0.0546,0.05549,0.01245,0.05829,1.0,UPPER,DATASHEET_BOUNDED_ASSUMPTION,0.91521,0.9681,0.2,TEAM_PLACEHOLDER_v0_UNVALIDATED,PASS,B_OK,False,median_ratio,b1-v0.3,b1-contract-0.6,SIH26170-MOCK-02
C0568,L011,CMOS_B,Input_Leakage_Current_uA,uA,0.04558,0.04652,0.04887,,,NONE,,0.00329,7.211,0.0546,0.05549,0.01245,0.05829,1.0,UPPER,DATASHEET_BOUNDED_ASSUMPTION,0.95113,1.0061,0.2,TEAM_PLACEHOLDER_v0_UNVALIDATED,PASS,B_OK,False,median_ratio,b1-v0.3,b1-contract-0.6,SIH26170-MOCK-02
C0569,L011,CMOS_B,Input_Leakage_Current_uA,uA,0.0603,0.0582,0.06114,,,NONE,,0.00084,1.386,0.0546,0.05549,0.01245,0.05829,1.0,UPPER,DATASHEET_BOUNDED_ASSUMPTION,0.93886,0.9931,0.2,TEAM_PLACEHOLDER_v0_UNVALIDATED,PASS,B_OK,False,median_ratio,b1-v0.3,b1-contract-0.6,SIH26170-MOCK-02
C0570,L011,CMOS_B,Input_Leakage_Current_uA,uA,0.06838,0.06638,0.06973,,,NONE,,0.00135,1.972,0.0546,0.05549,0.01245,0.05829,1.0,UPPER,DATASHEET_BOUNDED_ASSUMPTION,0.93027,0.984,0.2,TEAM_PLACEHOLDER_v0_UNVALIDATED,PASS,B_OK,False,median_ratio,b1-v0.3,b1-contract-0.6,SIH26170-MOCK-02
C0571,L011,CMOS_B,Input_Leakage_Current_uA,uA,0.05609,0.05406,0.05679,,,NONE,,0.0007,1.243,0.0546,0.05549,0.01245,0.05829,1.0,UPPER,DATASHEET_BOUNDED_ASSUMPTION,0.94321,0.9977,0.2,TEAM_PLACEHOLDER_v0_UNVALIDATED,PASS,B_OK,False,median_ratio,b1-v0.3,b1-contract-0.6,SIH26170-MOCK-02
C0572,L011,CMOS_B,Input_Leakage_Current_uA,uA,0.04895,0.04995,0.05247,,,NONE,,0.00352,7.191,0.0546,0.05549,0.01245,0.05829,1.0,UPPER,DATASHEET_BOUNDED_ASSUMPTION,0.94753,1.0022,0.2,TEAM_PLACEHOLDER_v0_UNVALIDATED,PASS,B_OK,False,median_ratio,b1-v0.3,b1-contract-0.6,SIH26170-MOCK-02
C0573,L011,CMOS_B,Input_Leakage_Current_uA,uA,0.0522,0.05258,0.05523,,,NONE,,0.00303,5.809,0.0546,0.05549,0.01245,0.05829,1.0,UPPER,DATASHEET_BOUNDED_ASSUMPTION,0.94477,0.9993,0.2,TEAM_PLACEHOLDER_v0_UNVALIDATED,PASS,B_OK,False,median_ratio,b1-v0.3,b1-contract-0.6,SIH26170-MOCK-02
C0574,L011,CMOS_B,Input_Leakage_Current_uA,uA,0.06559,0.06279,0.06596,,,NONE,,0.00037,0.56,0.0546,0.05549,0.01245,0.05829,1.0,UPPER,DATASHEET_BOUNDED_ASSUMPTION,0.93404,0.988,0.2,TEAM_PLACEHOLDER_v0_UNVALIDATED,PASS,B_OK,False,median_ratio,b1-v0.3,b1-contract-0.6,SIH26170-MOCK-02
C0575,L011,CMOS_B,Input_Leakage_Current_uA,uA,0.05821,0.05701,0.05989,,,NONE,,0.00168,2.879,0.0546,0.05549,0.01245,0.05829,1.0,UPPER,DATASHEET_BOUNDED_ASSUMPTION,0.94011,0.9944,0.2,TEAM_PLACEHOLDER_v0_UNVALIDATED,PASS,B_OK,False,median_ratio,b1-v0.3,b1-contract-0.6,SIH26170-MOCK-02
C0576,L011,CMOS_B,Input_Leakage_Current_uA,uA,0.04924,0.05013,0.05266,,,NONE,,0.00342,6.943,0.0546,0.05549,0.01245,0.05829,1.0,UPPER,DATASHEET_BOUNDED_ASSUMPTION,0.94734,1.002,0.2,TEAM_PLACEHOLDER_v0_UNVALIDATED,PASS,B_OK,False,median_ratio,b1-v0.3,b1-contract-0.6,SIH26170-MOCK-02
C0577,L011,CMOS_B,Input_Leakage_Current_uA,uA,0.05759,0.06384,0.06706,,,NONE,,0.00947,16.445,0.0546,0.05549,0.01245,0.05829,1.0,UPPER,DATASHEET_BOUNDED_ASSUMPTION,0.93294,0.9868,0.2,TEAM_PLACEHOLDER_v0_UNVALIDATED,PASS,B_OK,False,median_ratio,b1-v0.3,b1-contract-0.6,SIH26170-MOCK-02
C0578,L011,CMOS_B,Input_Leakage_Current_uA,uA,0.03772,0.03716,0.03903,,,NONE,,0.00131,3.485,0.0546,0.05549,0.01245,0.05829,1.0,UPPER,DATASHEET_BOUNDED_ASSUMPTION,0.96097,1.0165,0.2,TEAM_PLACEHOLDER_v0_UNVALIDATED,PASS,B_OK,False,median_ratio,b1-v0.3,b1-contract-0.6,SIH26170-MOCK-02
C0579,L011,CMOS_B,Input_Leakage_Current_uA,uA,0.04933,0.04878,0.05124,,,NONE,,0.00191,3.874,0.0546,0.05549,0.01245,0.05829,1.0,UPPER,DATASHEET_BOUNDED_ASSUMPTION,0.94876,1.0035,0.2,TEAM_PLACEHOLDER_v0_UNVALIDATED,PASS,B_OK,False,median_ratio,b1-v0.3,b1-contract-0.6,SIH26170-MOCK-02
C0580,L011,CMOS_B,Input_Leakage_Current_uA,uA,0.04995,0.05082,0.05338,,,NONE,,0.00343,6.874,0.0546,0.05549,0.01245,0.05829,1.0,UPPER,DATASHEET_BOUNDED_ASSUMPTION,0.94662,1.0013,0.2,TEAM_PLACEHOLDER_v0_UNVALIDATED,PASS,B_OK,False,median_ratio,b1-v0.3,b1-contract-0.6,SIH26170-MOCK-02
C0581,L011,CMOS_B,Input_Leakage_Current_uA,uA,0.05807,0.06204,0.06517,,,NONE,,0.0071,12.226,0.0546,0.05549,0.01245,0.05829,1.0,UPPER,DATASHEET_BOUNDED_ASSUMPTION,0.93483,0.9888,0.2,TEAM_PLACEHOLDER_v0_UNVALIDATED,PASS,B_OK,False,median_ratio,b1-v0.3,b1-contract-0.6,SIH26170-MOCK-02
C0582,L011,CMOS_B,Input_Leakage_Current_uA,uA,0.06412,0.06552,0.06883,,,NONE,,0.00471,7.338,0.0546,0.05549,0.01245,0.05829,1.0,UPPER,DATASHEET_BOUNDED_ASSUMPTION,0.93117,0.9849,0.2,TEAM_PLACEHOLDER_v0_UNVALIDATED,PASS,B_OK,False,median_ratio,b1-v0.3,b1-contract-0.6,SIH26170-MOCK-02
C0583,L011,CMOS_B,Input_Leakage_Current_uA,uA,0.04968,0.05045,0.053,,,NONE,,0.00332,6.673,0.0546,0.05549,0.01245,0.05829,1.0,UPPER,DATASHEET_BOUNDED_ASSUMPTION,0.947,1.0017,0.2,TEAM_PLACEHOLDER_v0_UNVALIDATED,PASS,B_OK,False,median_ratio,b1-v0.3,b1-contract-0.6,SIH26170-MOCK-02
C0584,L012,CMOS_B,Input_Leakage_Current_uA,uA,0.07576,0.07839,0.08234,,,NONE,,0.00658,8.691,0.06403,0.06398,0.01368,0.0672,1.0,UPPER,DATASHEET_BOUNDED_ASSUMPTION,0.91766,0.9804,0.2,TEAM_PLACEHOLDER_v0_UNVALIDATED,PASS,B_OK,False,median_ratio,b1-v0.3,b1-contract-0.6,SIH26170-MOCK-02
C0585,L012,CMOS_B,Input_Leakage_Current_uA,uA,0.05688,0.05722,0.06011,,,NONE,,0.00323,5.673,0.06403,0.06398,0.01368,0.0672,1.0,UPPER,DATASHEET_BOUNDED_ASSUMPTION,0.93989,1.0042,0.2,TEAM_PLACEHOLDER_v0_UNVALIDATED,PASS,B_OK,False,median_ratio,b1-v0.3,b1-contract-0.6,SIH26170-MOCK-02
C0586,L012,CMOS_B,Input_Leakage_Current_uA,uA,0.0759,0.07572,0.07954,,,NONE,,0.00364,4.796,0.06403,0.06398,0.01368,0.0672,1.0,UPPER,DATASHEET_BOUNDED_ASSUMPTION,0.92046,0.9834,0.2,TEAM_PLACEHOLDER_v0_UNVALIDATED,PASS,B_OK,False,median_ratio,b1-v0.3,b1-contract-0.6,SIH26170-MOCK-02
C0587,L012,CMOS_B,Input_Leakage_Current_uA,uA,0.08338,0.08613,0.09047,,,NONE,,0.00709,8.509,0.06403,0.06398,0.01368,0.0672,1.0,UPPER,DATASHEET_BOUNDED_ASSUMPTION,0.90953,0.9717,0.2,TEAM_PLACEHOLDER_v0_UNVALIDATED,PASS,B_OK,False,median_ratio,b1-v0.3,b1-contract-0.6,SIH26170-MOCK-02
C0588,L012,CMOS_B,Input_Leakage_Current_uA,uA,0.03861,0.03876,0.04072,,,NONE,,0.00211,5.453,0.06403,0.06398,0.01368,0.0672,1.0,UPPER,DATASHEET_BOUNDED_ASSUMPTION,0.95928,1.0249,0.2,TEAM_PLACEHOLDER_v0_UNVALIDATED,PASS,B_OK,False,median_ratio,b1-v0.3,b1-contract-0.6,SIH26170-MOCK-02
C0589,L012,CMOS_B,Input_Leakage_Current_uA,uA,0.06718,0.06576,0.06908,,,NONE,,0.0019,2.824,0.06403,0.06398,0.01368,0.0672,1.0,UPPER,DATASHEET_BOUNDED_ASSUMPTION,0.93092,0.9946,0.2,TEAM_PLACEHOLDER_v0_UNVALIDATED,PASS,B_OK,False,median_ratio,b1-v0.3,b1-contract-0.6,SIH26170-MOCK-02
C0590,L012,CMOS_B,Input_Leakage_Current_uA,uA,0.06709,0.06711,0.0705,,,NONE,,0.00341,5.076,0.06403,0.06398,0.01368,0.0672,1.0,UPPER,DATASHEET_BOUNDED_ASSUMPTION,0.9295,0.9931,0.2,TEAM_PLACEHOLDER_v0_UNVALIDATED,PASS,B_OK,False,median_ratio,b1-v0.3,b1-contract-0.6,SIH26170-MOCK-02
C0591,L012,CMOS_B,Input_Leakage_Current_uA,uA,0.08905,0.08641,0.09077,,,NONE,,0.00172,1.931,0.06403,0.06398,0.01368,0.0672,1.0,UPPER,DATASHEET_BOUNDED_ASSUMPTION,0.90923,0.9714,0.2,TEAM_PLACEHOLDER_v0_UNVALIDATED,PASS,B_OK,False,median_ratio,b1-v0.3,b1-contract-0.6,SIH26170-MOCK-02
C0592,L012,CMOS_B,Input_Leakage_Current_uA,uA,0.06418,0.06096,0.06404,,,NONE,,-0.00014,-0.226,0.06403,0.06398,0.01368,0.0672,1.0,UPPER,DATASHEET_BOUNDED_ASSUMPTION,0.93596,1.0,0.2,TEAM_PLACEHOLDER_v0_UNVALIDATED,PASS,B_OK,False,median_ratio,b1-v0.3,b1-contract-0.6,SIH26170-MOCK-02
C0593,L012,CMOS_B,Input_Leakage_Current_uA,uA,0.06078,0.05932,0.06231,,,NONE,,0.00153,2.521,0.06403,0.06398,0.01368,0.0672,1.0,UPPER,DATASHEET_BOUNDED_ASSUMPTION,0.93769,1.0018,0.2,TEAM_PLACEHOLDER_v0_UNVALIDATED,PASS,B_OK,False,median_ratio,b1-v0.3,b1-contract-0.6,SIH26170-MOCK-02
C0594,L012,CMOS_B,Input_Leakage_Current_uA,uA,0.06277,0.06468,0.06794,,,NONE,,0.00517,8.241,0.06403,0.06398,0.01368,0.0672,1.0,UPPER,DATASHEET_BOUNDED_ASSUMPTION,0.93206,0.9958,0.2,TEAM_PLACEHOLDER_v0_UNVALIDATED,PASS,B_OK,False,median_ratio,b1-v0.3,b1-contract-0.6,SIH26170-MOCK-02
C0595,L012,CMOS_B,Input_Leakage_Current_uA,uA,0.05739,0.0579,0.06082,,,NONE,,0.00343,5.978,0.06403,0.06398,0.01368,0.0672,1.0,UPPER,DATASHEET_BOUNDED_ASSUMPTION,0.93918,1.0034,0.2,TEAM_PLACEHOLDER_v0_UNVALIDATED,PASS,B_OK,False,median_ratio,b1-v0.3,b1-contract-0.6,SIH26170-MOCK-02
C0596,L012,CMOS_B,Input_Leakage_Current_uA,uA,0.0649,0.06397,0.0672,,,NONE,,0.0023,3.539,0.06403,0.06398,0.01368,0.0672,1.0,UPPER,DATASHEET_BOUNDED_ASSUMPTION,0.9328,0.9966,0.2,TEAM_PLACEHOLDER_v0_UNVALIDATED,PASS,B_OK,False,median_ratio,b1-v0.3,b1-contract-0.6,SIH26170-MOCK-02
C0597,L012,CMOS_B,Input_Leakage_Current_uA,uA,0.05772,0.05989,0.06291,,,NONE,,0.00519,8.994,0.06403,0.06398,0.01368,0.0672,1.0,UPPER,DATASHEET_BOUNDED_ASSUMPTION,0.93709,1.0012,0.2,TEAM_PLACEHOLDER_v0_UNVALIDATED,PASS,B_OK,False,median_ratio,b1-v0.3,b1-contract-0.6,SIH26170-MOCK-02
C0598,L012,CMOS_B,Input_Leakage_Current_uA,uA,0.04928,0.04474,0.047,,,NONE,,-0.00228,-4.633,0.06403,0.06398,0.01368,0.0672,1.0,UPPER,DATASHEET_BOUNDED_ASSUMPTION,0.953,1.0182,0.2,TEAM_PLACEHOLDER_v0_UNVALIDATED,PASS,B_OK,False,median_ratio,b1-v0.3,b1-contract-0.6,SIH26170-MOCK-02
C0599,L012,CMOS_B,Input_Leakage_Current_uA,uA,0.05552,0.05391,0.05663,,,NONE,,0.00111,1.999,0.06403,0.06398,0.01368,0.0672,1.0,UPPER,DATASHEET_BOUNDED_ASSUMPTION,0.94337,1.0079,0.2,TEAM_PLACEHOLDER_v0_UNVALIDATED,PASS,B_OK,False,median_ratio,b1-v0.3,b1-contract-0.6,SIH26170-MOCK-02
C0600,L012,CMOS_B,Input_Leakage_Current_uA,uA,0.06262,0.06294,0.06612,,,NONE,,0.0035,5.581,0.06403,0.06398,0.01368,0.0672,1.0,UPPER,DATASHEET_BOUNDED_ASSUMPTION,0.93388,0.9978,0.2,TEAM_PLACEHOLDER_v0_UNVALIDATED,PASS,B_OK,False,median_ratio,b1-v0.3,b1-contract-0.6,SIH26170-MOCK-02
C0601,L012,CMOS_B,Input_Leakage_Current_uA,uA,0.05587,0.0554,0.05819,,,NONE,,0.00232,4.161,0.06403,0.06398,0.01368,0.0672,1.0,UPPER,DATASHEET_BOUNDED_ASSUMPTION,0.94181,1.0062,0.2,TEAM_PLACEHOLDER_v0_UNVALIDATED,PASS,B_OK,False,median_ratio,b1-v0.3,b1-contract-0.6,SIH26170-MOCK-02
C0602,L012,CMOS_B,Input_Leakage_Current_uA,uA,0.07618,0.0739,0.07763,,,NONE,,0.00145,1.901,0.06403,0.06398,0.01368,0.0672,1.0,UPPER,DATASHEET_BOUNDED_ASSUMPTION,0.92237,0.9855,0.2,TEAM_PLACEHOLDER_v0_UNVALIDATED,PASS,B_OK,False,median_ratio,b1-v0.3,b1-contract-0.6,SIH26170-MOCK-02
C0603,L012,CMOS_B,Input_Leakage_Current_uA,uA,0.05058,0.04989,0.05241,,,NONE,,0.00183,3.612,0.06403,0.06398,0.01368,0.0672,1.0,UPPER,DATASHEET_BOUNDED_ASSUMPTION,0.94759,1.0124,0.2,TEAM_PLACEHOLDER_v0_UNVALIDATED,PASS,B_OK,False,median_ratio,b1-v0.3,b1-contract-0.6,SIH26170-MOCK-02
C0604,L012,CMOS_B,Input_Leakage_Current_uA,uA,0.04282,0.04304,0.04521,,,NONE,,0.00239,5.584,0.06403,0.06398,0.01368,0.0672,1.0,UPPER,DATASHEET_BOUNDED_ASSUMPTION,0.95479,1.0201,0.2,TEAM_PLACEHOLDER_v0_UNVALIDATED,PASS,B_OK,False,median_ratio,b1-v0.3,b1-contract-0.6,SIH26170-MOCK-02
C0605,L012,CMOS_B,Input_Leakage_Current_uA,uA,0.06745,0.05901,0.06199,,,NONE,,-0.00546,-8.1,0.06403,0.06398,0.01368,0.0672,1.0,UPPER,DATASHEET_BOUNDED_ASSUMPTION,0.93801,1.0022,0.2,TEAM_PLACEHOLDER_v0_UNVALIDATED,PASS,B_OK,False,median_ratio,b1-v0.3,b1-contract-0.6,SIH26170-MOCK-02
C0606,L012,CMOS_B,Input_Leakage_Current_uA,uA,0.0569,0.05738,0.06027,,,NONE,,0.00337,5.931,0.06403,0.06398,0.01368,0.0672,1.0,UPPER,DATASHEET_BOUNDED_ASSUMPTION,0.93973,1.004,0.2,TEAM_PLACEHOLDER_v0_UNVALIDATED,PASS,B_OK,False,median_ratio,b1-v0.3,b1-contract-0.6,SIH26170-MOCK-02
C0607,L012,CMOS_B,Input_Leakage_Current_uA,uA,0.05427,0.05948,0.06248,,,NONE,,0.00821,15.129,0.06403,0.06398,0.01368,0.0672,1.0,UPPER,DATASHEET_BOUNDED_ASSUMPTION,0.93752,1.0017,0.2,TEAM_PLACEHOLDER_v0_UNVALIDATED,PASS,B_OK,False,median_ratio,b1-v0.3,b1-contract-0.6,SIH26170-MOCK-02
C0608,L012,CMOS_B,Input_Leakage_Current_uA,uA,0.05109,0.05294,0.05561,,,NONE,,0.00452,8.848,0.06403,0.06398,0.01368,0.0672,1.0,UPPER,DATASHEET_BOUNDED_ASSUMPTION,0.94439,1.009,0.2,TEAM_PLACEHOLDER_v0_UNVALIDATED,PASS,B_OK,False,median_ratio,b1-v0.3,b1-contract-0.6,SIH26170-MOCK-02
C0609,L012,CMOS_B,Input_Leakage_Current_uA,uA,0.07837,0.08041,0.08447,,,NONE,,0.0061,7.779,0.06403,0.06398,0.01368,0.0672,1.0,UPPER,DATASHEET_BOUNDED_ASSUMPTION,0.91553,0.9782,0.2,TEAM_PLACEHOLDER_v0_UNVALIDATED,PASS,B_OK,False,median_ratio,b1-v0.3,b1-contract-0.6,SIH26170-MOCK-02
C0610,L012,CMOS_B,Input_Leakage_Current_uA,uA,0.08473,0.08356,0.08778,,,NONE,,0.00305,3.594,0.06403,0.06398,0.01368,0.0672,1.0,UPPER,DATASHEET_BOUNDED_ASSUMPTION,0.91222,0.9746,0.2,TEAM_PLACEHOLDER_v0_UNVALIDATED,PASS,B_OK,False,median_ratio,b1-v0.3,b1-contract-0.6,SIH26170-MOCK-02
C0611,L012,CMOS_B,Input_Leakage_Current_uA,uA,0.07025,0.07128,0.07488,,,NONE,,0.00463,6.585,0.06403,0.06398,0.01368,0.0672,1.0,UPPER,DATASHEET_BOUNDED_ASSUMPTION,0.92512,0.9884,0.2,TEAM_PLACEHOLDER_v0_UNVALIDATED,PASS,B_OK,False,median_ratio,b1-v0.3,b1-contract-0.6,SIH26170-MOCK-02
C0612,L012,CMOS_B,Input_Leakage_Current_uA,uA,0.0559,0.05875,0.06171,,,NONE,,0.00581,10.4,0.06403,0.06398,0.01368,0.0672,1.0,UPPER,DATASHEET_BOUNDED_ASSUMPTION,0.93829,1.0025,0.2,TEAM_PLACEHOLDER_v0_UNVALIDATED,PASS,B_OK,False,median_ratio,b1-v0.3,b1-contract-0.6,SIH26170-MOCK-02
C0613,L012,CMOS_B,Input_Leakage_Current_uA,uA,0.07323,0.06934,0.07284,,,NONE,,-0.00039,-0.535,0.06403,0.06398,0.01368,0.0672,1.0,UPPER,DATASHEET_BOUNDED_ASSUMPTION,0.92716,0.9906,0.2,TEAM_PLACEHOLDER_v0_UNVALIDATED,PASS,B_OK,False,median_ratio,b1-v0.3,b1-contract-0.6,SIH26170-MOCK-02
C0614,L012,CMOS_B,Input_Leakage_Current_uA,uA,0.08435,0.08208,0.08622,,,NONE,,0.00187,2.218,0.06403,0.06398,0.01368,0.0672,1.0,UPPER,DATASHEET_BOUNDED_ASSUMPTION,0.91378,0.9763,0.2,TEAM_PLACEHOLDER_v0_UNVALIDATED,PASS,B_OK,False,median_ratio,b1-v0.3,b1-contract-0.6,SIH26170-MOCK-02
C0615,L012,CMOS_B,Input_Leakage_Current_uA,uA,0.06594,0.0637,0.06691,,,NONE,,0.00097,1.476,0.06403,0.06398,0.01368,0.0672,1.0,UPPER,DATASHEET_BOUNDED_ASSUMPTION,0.93309,0.9969,0.2,TEAM_PLACEHOLDER_v0_UNVALIDATED,PASS,B_OK,False,median_ratio,b1-v0.3,b1-contract-0.6,SIH26170-MOCK-02
C0616,L012,CMOS_B,Input_Leakage_Current_uA,uA,0.06382,0.06398,0.06721,,,NONE,,0.00339,5.308,0.06403,0.06398,0.01368,0.0672,1.0,UPPER,DATASHEET_BOUNDED_ASSUMPTION,0.93279,0.9966,0.2,TEAM_PLACEHOLDER_v0_UNVALIDATED,PASS,B_OK,False,median_ratio,b1-v0.3,b1-contract-0.6,SIH26170-MOCK-02
C0617,L012,CMOS_B,Input_Leakage_Current_uA,uA,0.06349,0.06703,0.07041,,,NONE,,0.00692,10.902,0.06403,0.06398,0.01368,0.0672,1.0,UPPER,DATASHEET_BOUNDED_ASSUMPTION,0.92959,0.9932,0.2,TEAM_PLACEHOLDER_v0_UNVALIDATED,PASS,B_OK,False,median_ratio,b1-v0.3,b1-contract-0.6,SIH26170-MOCK-02
C0618,L012,CMOS_B,Input_Leakage_Current_uA,uA,0.0669,0.07119,0.07478,,,NONE,,0.00788,11.781,0.06403,0.06398,0.01368,0.0672,1.0,UPPER,DATASHEET_BOUNDED_ASSUMPTION,0.92522,0.9885,0.2,TEAM_PLACEHOLDER_v0_UNVALIDATED,PASS,B_OK,False,median_ratio,b1-v0.3,b1-contract-0.6,SIH26170-MOCK-02
C0619,L012,CMOS_B,Input_Leakage_Current_uA,uA,0.07892,0.07928,0.08328,,,NONE,,0.00436,5.524,0.06403,0.06398,0.01368,0.0672,1.0,UPPER,DATASHEET_BOUNDED_ASSUMPTION,0.91672,0.9794,0.2,TEAM_PLACEHOLDER_v0_UNVALIDATED,PASS,B_OK,False,median_ratio,b1-v0.3,b1-contract-0.6,SIH26170-MOCK-02
C0620,L012,CMOS_B,Input_Leakage_Current_uA,uA,0.06528,0.0702,0.07374,,,NONE,,0.00846,12.962,0.06403,0.06398,0.01368,0.0672,1.0,UPPER,DATASHEET_BOUNDED_ASSUMPTION,0.92626,0.9896,0.2,TEAM_PLACEHOLDER_v0_UNVALIDATED,PASS,B_OK,False,median_ratio,b1-v0.3,b1-contract-0.6,SIH26170-MOCK-02
C0621,L012,CMOS_B,Input_Leakage_Current_uA,uA,0.05067,0.05316,0.05584,,,NONE,,0.00517,10.207,0.06403,0.06398,0.01368,0.0672,1.0,UPPER,DATASHEET_BOUNDED_ASSUMPTION,0.94416,1.0087,0.2,TEAM_PLACEHOLDER_v0_UNVALIDATED,PASS,B_OK,False,median_ratio,b1-v0.3,b1-contract-0.6,SIH26170-MOCK-02
C0622,L012,CMOS_B,Input_Leakage_Current_uA,uA,0.05121,0.05226,0.0549,,,NONE,,0.00369,7.199,0.06403,0.06398,0.01368,0.0672,1.0,UPPER,DATASHEET_BOUNDED_ASSUMPTION,0.9451,1.0098,0.2,TEAM_PLACEHOLDER_v0_UNVALIDATED,PASS,B_OK,False,median_ratio,b1-v0.3,b1-contract-0.6,SIH26170-MOCK-02
C0623,L012,CMOS_B,Input_Leakage_Current_uA,uA,0.06388,0.06515,0.06844,,,NONE,,0.00456,7.133,0.06403,0.06398,0.01368,0.0672,1.0,UPPER,DATASHEET_BOUNDED_ASSUMPTION,0.93156,0.9953,0.2,TEAM_PLACEHOLDER_v0_UNVALIDATED,PASS,B_OK,False,median_ratio,b1-v0.3,b1-contract-0.6,SIH26170-MOCK-02
C0624,L012,CMOS_B,Input_Leakage_Current_uA,uA,0.06506,0.06577,0.06909,,,NONE,,0.00403,6.191,0.06403,0.06398,0.01368,0.0672,1.0,UPPER,DATASHEET_BOUNDED_ASSUMPTION,0.93091,0.9946,0.2,TEAM_PLACEHOLDER_v0_UNVALIDATED,PASS,B_OK,False,median_ratio,b1-v0.3,b1-contract-0.6,SIH26170-MOCK-02
C0625,L012,CMOS_B,Input_Leakage_Current_uA,uA,0.06434,0.06953,0.07304,,,NONE,,0.0087,13.518,0.06403,0.06398,0.01368,0.0672,1.0,UPPER,DATASHEET_BOUNDED_ASSUMPTION,0.92696,0.9904,0.2,TEAM_PLACEHOLDER_v0_UNVALIDATED,PASS,B_OK,False,median_ratio,b1-v0.3,b1-contract-0.6,SIH26170-MOCK-02
C0626,L012,CMOS_B,Input_Leakage_Current_uA,uA,0.05499,0.05669,0.05955,,,NONE,,0.00456,8.292,0.06403,0.06398,0.01368,0.0672,1.0,UPPER,DATASHEET_BOUNDED_ASSUMPTION,0.94045,1.0048,0.2,TEAM_PLACEHOLDER_v0_UNVALIDATED,PASS,B_OK,False,median_ratio,b1-v0.3,b1-contract-0.6,SIH26170-MOCK-02
C0627,L012,CMOS_B,Input_Leakage_Current_uA,uA,0.06934,0.06666,0.07002,,,NONE,,0.00068,0.985,0.06403,0.06398,0.01368,0.0672,1.0,UPPER,DATASHEET_BOUNDED_ASSUMPTION,0.92998,0.9936,0.2,TEAM_PLACEHOLDER_v0_UNVALIDATED,PASS,B_OK,False,median_ratio,b1-v0.3,b1-contract-0.6,SIH26170-MOCK-02
C0843,L017,CMOS_C,Input_Leakage_Current_uA,uA,0.20876,0.21186,0.22248,,,NONE,,0.01372,6.572,0.20093,0.20583,0.03421,0.21615,20.0,UPPER,DATASHEET_BOUNDED_ASSUMPTION,19.77752,0.9989,0.2,TEAM_PLACEHOLDER_v0_UNVALIDATED,PASS,B_OK,False,median_ratio,b1-v0.3,b1-contract-0.6,SIH26170-MOCK-02
C0844,L017,CMOS_C,Input_Leakage_Current_uA,uA,0.24698,0.24579,0.25811,,,NONE,,0.01113,4.506,0.20093,0.20583,0.03421,0.21615,20.0,UPPER,DATASHEET_BOUNDED_ASSUMPTION,19.74189,0.9971,0.2,TEAM_PLACEHOLDER_v0_UNVALIDATED,PASS,B_OK,False,median_ratio,b1-v0.3,b1-contract-0.6,SIH26170-MOCK-02
C0845,L017,CMOS_C,Input_Leakage_Current_uA,uA,0.26869,0.26647,0.27983,,,NONE,,0.01114,4.145,0.20093,0.20583,0.03421,0.21615,20.0,UPPER,DATASHEET_BOUNDED_ASSUMPTION,19.72017,0.996,0.2,TEAM_PLACEHOLDER_v0_UNVALIDATED,PASS,B_OK,False,median_ratio,b1-v0.3,b1-contract-0.6,SIH26170-MOCK-02
C0846,L017,CMOS_C,Input_Leakage_Current_uA,uA,0.21003,0.21747,0.22837,,,NONE,,0.01834,8.732,0.20093,0.20583,0.03421,0.21615,20.0,UPPER,DATASHEET_BOUNDED_ASSUMPTION,19.77163,0.9986,0.2,TEAM_PLACEHOLDER_v0_UNVALIDATED,PASS,B_OK,False,median_ratio,b1-v0.3,b1-contract-0.6,SIH26170-MOCK-02
C0847,L017,CMOS_C,Input_Leakage_Current_uA,uA,0.18755,0.1855,0.1948,,,NONE,,0.00725,3.864,0.20093,0.20583,0.03421,0.21615,20.0,UPPER,DATASHEET_BOUNDED_ASSUMPTION,19.8052,1.0003,0.2,TEAM_PLACEHOLDER_v0_UNVALIDATED,PASS,B_OK,False,median_ratio,b1-v0.3,b1-contract-0.6,SIH26170-MOCK-02
C0848,L017,CMOS_C,Input_Leakage_Current_uA,uA,0.19308,0.19369,0.2034,,,NONE,,0.01032,5.344,0.20093,0.20583,0.03421,0.21615,20.0,UPPER,DATASHEET_BOUNDED_ASSUMPTION,19.7966,0.9999,0.2,TEAM_PLACEHOLDER_v0_UNVALIDATED,PASS,B_OK,False,median_ratio,b1-v0.3,b1-contract-0.6,SIH26170-MOCK-02
C0849,L017,CMOS_C,Input_Leakage_Current_uA,uA,0.19992,0.21481,0.22558,,,NONE,,0.02566,12.833,0.20093,0.20583,0.03421,0.21615,20.0,UPPER,DATASHEET_BOUNDED_ASSUMPTION,19.77442,0.9988,0.2,TEAM_PLACEHOLDER_v0_UNVALIDATED,PASS,B_OK,False,median_ratio,b1-v0.3,b1-contract-0.6,SIH26170-MOCK-02
C0850,L017,CMOS_C,Input_Leakage_Current_uA,uA,0.19324,0.20005,0.21008,,,NONE,,0.01684,8.713,0.20093,0.20583,0.03421,0.21615,20.0,UPPER,DATASHEET_BOUNDED_ASSUMPTION,19.78992,0.9995,0.2,TEAM_PLACEHOLDER_v0_UNVALIDATED,PASS,B_OK,False,median_ratio,b1-v0.3,b1-contract-0.6,SIH26170-MOCK-02
C0851,L017,CMOS_C,Input_Leakage_Current_uA,uA,0.24119,0.24243,0.25458,,,NONE,,0.01339,5.552,0.20093,0.20583,0.03421,0.21615,20.0,UPPER,DATASHEET_BOUNDED_ASSUMPTION,19.74542,0.9973,0.2,TEAM_PLACEHOLDER_v0_UNVALIDATED,PASS,B_OK,False,median_ratio,b1-v0.3,b1-contract-0.6,SIH26170-MOCK-02
C0852,L017,CMOS_C,Input_Leakage_Current_uA,uA,0.22436,0.23708,0.24896,,,NONE,,0.0246,10.966,0.20093,0.20583,0.03421,0.21615,20.0,UPPER,DATASHEET_BOUNDED_ASSUMPTION,19.75104,0.9976,0.2,TEAM_PLACEHOLDER_v0_UNVALIDATED,PASS,B_OK,False,median_ratio,b1-v0.3,b1-contract-0.6,SIH26170-MOCK-02
C0853,L017,CMOS_C,Input_Leakage_Current_uA,uA,0.18067,0.18836,0.1978,,,NONE,,0.01713,9.482,0.20093,0.20583,0.03421,0.21615,20.0,UPPER,DATASHEET_BOUNDED_ASSUMPTION,19.8022,1.0002,0.2,TEAM_PLACEHOLDER_v0_UNVALIDATED,PASS,B_OK,False,median_ratio,b1-v0.3,b1-contract-0.6,SIH26170-MOCK-02
C0854,L017,CMOS_C,Input_Leakage_Current_uA,uA,0.16726,0.16506,0.17333,,,NONE,,0.00607,3.631,0.20093,0.20583,0.03421,0.21615,20.0,UPPER,DATASHEET_BOUNDED_ASSUMPTION,19.82667,1.0014,0.2,TEAM_PLACEHOLDER_v0_UNVALIDATED,PASS,B_OK,False,median_ratio,b1-v0.3,b1-contract-0.6,SIH26170-MOCK-02
C0855,L017,CMOS_C,Input_Leakage_Current_uA,uA,0.21976,0.21175,0.22236,,,NONE,,0.0026,1.185,0.20093,0.20583,0.03421,0.21615,20.0,UPPER,DATASHEET_BOUNDED_ASSUMPTION,19.77764,0.9989,0.2,TEAM_PLACEHOLDER_v0_UNVALIDATED,PASS,B_OK,False,median_ratio,b1-v0.3,b1-contract-0.6,SIH26170-MOCK-02
C0856,L017,CMOS_C,Input_Leakage_Current_uA,uA,0.18798,0.19289,0.20256,,,NONE,,0.01458,7.755,0.20093,0.20583,0.03421,0.21615,20.0,UPPER,DATASHEET_BOUNDED_ASSUMPTION,19.79744,0.9999,0.2,TEAM_PLACEHOLDER_v0_UNVALIDATED,PASS,B_OK,False,median_ratio,b1-v0.3,b1-contract-0.6,SIH26170-MOCK-02
C0857,L017,CMOS_C,Input_Leakage_Current_uA,uA,0.18682,0.19074,0.2003,,,NONE,,0.01348,7.216,0.20093,0.20583,0.03421,0.21615,20.0,UPPER,DATASHEET_BOUNDED_ASSUMPTION,19.7997,1.0,0.2,TEAM_PLACEHOLDER_v0_UNVALIDATED,PASS,B_OK,False,median_ratio,b1-v0.3,b1-contract-0.6,SIH26170-MOCK-02
C0858,L017,CMOS_C,Input_Leakage_Current_uA,uA,0.21488,0.21503,0.22581,,,NONE,,0.01093,5.086,0.20093,0.20583,0.03421,0.21615,20.0,UPPER,DATASHEET_BOUNDED_ASSUMPTION,19.77419,0.9987,0.2,TEAM_PLACEHOLDER_v0_UNVALIDATED,PASS,B_OK,False,median_ratio,b1-v0.3,b1-contract-0.6,SIH26170-MOCK-02
C0859,L017,CMOS_C,Input_Leakage_Current_uA,uA,0.19362,0.19659,0.20644,,,NONE,,0.01282,6.623,0.20093,0.20583,0.03421,0.21615,20.0,UPPER,DATASHEET_BOUNDED_ASSUMPTION,19.79356,0.9997,0.2,TEAM_PLACEHOLDER_v0_UNVALIDATED,PASS,B_OK,False,median_ratio,b1-v0.3,b1-contract-0.6,SIH26170-MOCK-02
C0860,L017,CMOS_C,Input_Leakage_Current_uA,uA,0.17245,0.16833,0.17677,,,NONE,,0.00432,2.503,0.20093,0.20583,0.03421,0.21615,20.0,UPPER,DATASHEET_BOUNDED_ASSUMPTION,19.82323,1.0012,0.2,TEAM_PLACEHOLDER_v0_UNVALIDATED,PASS,B_OK,False,median_ratio,b1-v0.3,b1-contract-0.6,SIH26170-MOCK-02
C0861,L017,CMOS_C,Input_Leakage_Current_uA,uA,0.17832,0.18685,0.19622,,,NONE,,0.0179,10.035,0.20093,0.20583,0.03421,0.21615,20.0,UPPER,DATASHEET_BOUNDED_ASSUMPTION,19.80378,1.0002,0.2,TEAM_PLACEHOLDER_v0_UNVALIDATED,PASS,B_OK,False,median_ratio,b1-v0.3,b1-contract-0.6,SIH26170-MOCK-02
C0862,L017,CMOS_C,Input_Leakage_Current_uA,uA,0.20951,0.20835,0.21879,,,NONE,,0.00928,4.431,0.20093,0.20583,0.03421,0.21615,20.0,UPPER,DATASHEET_BOUNDED_ASSUMPTION,19.78121,0.9991,0.2,TEAM_PLACEHOLDER_v0_UNVALIDATED,PASS,B_OK,False,median_ratio,b1-v0.3,b1-contract-0.6,SIH26170-MOCK-02
C0863,L017,CMOS_C,Input_Leakage_Current_uA,uA,0.17211,0.17686,0.18572,,,NONE,,0.01361,7.91,0.20093,0.20583,0.03421,0.21615,20.0,UPPER,DATASHEET_BOUNDED_ASSUMPTION,19.81428,1.0008,0.2,TEAM_PLACEHOLDER_v0_UNVALIDATED,PASS,B_OK,False,median_ratio,b1-v0.3,b1-contract-0.6,SIH26170-MOCK-02
C0864,L017,CMOS_C,Input_Leakage_Current_uA,uA,0.21495,0.21203,0.22266,,,NONE,,0.00771,3.586,0.20093,0.20583,0.03421,0.21615,20.0,UPPER,DATASHEET_BOUNDED_ASSUMPTION,19.77734,0.9989,0.2,TEAM_PLACEHOLDER_v0_UNVALIDATED,PASS,B_OK,False,median_ratio,b1-v0.3,b1-contract-0.6,SIH26170-MOCK-02
C0865,L017,CMOS_C,Input_Leakage_Current_uA,uA,0.23817,0.23002,0.24155,,,NONE,,0.00338,1.419,0.20093,0.20583,0.03421,0.21615,20.0,UPPER,DATASHEET_BOUNDED_ASSUMPTION,19.75845,0.9979,0.2,TEAM_PLACEHOLDER_v0_UNVALIDATED,PASS,B_OK,False,median_ratio,b1-v0.3,b1-contract-0.6,SIH26170-MOCK-02
C0866,L017,CMOS_C,Input_Leakage_Current_uA,uA,0.21941,0.21953,0.23053,,,NONE,,0.01112,5.07,0.20093,0.20583,0.03421,0.21615,20.0,UPPER,DATASHEET_BOUNDED_ASSUMPTION,19.76947,0.9985,0.2,TEAM_PLACEHOLDER_v0_UNVALIDATED,PASS,B_OK,False,median_ratio,b1-v0.3,b1-contract-0.6,SIH26170-MOCK-02
C0867,L017,CMOS_C,Input_Leakage_Current_uA,uA,0.25436,0.25135,0.26395,,,NONE,,0.00959,3.77,0.20093,0.20583,0.03421,0.21615,20.0,UPPER,DATASHEET_BOUNDED_ASSUMPTION,19.73605,0.9968,0.2,TEAM_PLACEHOLDER_v0_UNVALIDATED,PASS,B_OK,False,median_ratio,b1-v0.3,b1-contract-0.6,SIH26170-MOCK-02
C0868,L017,CMOS_C,Input_Leakage_Current_uA,uA,0.20352,0.20468,0.21494,,,NONE,,0.01142,5.611,0.20093,0.20583,0.03421,0.21615,20.0,UPPER,DATASHEET_BOUNDED_ASSUMPTION,19.78506,0.9993,0.2,TEAM_PLACEHOLDER_v0_UNVALIDATED,PASS,B_OK,False,median_ratio,b1-v0.3,b1-contract-0.6,SIH26170-MOCK-02
C0869,L017,CMOS_C,Input_Leakage_Current_uA,uA,0.21783,0.21521,0.226,,,NONE,,0.00817,3.749,0.20093,0.20583,0.03421,0.21615,20.0,UPPER,DATASHEET_BOUNDED_ASSUMPTION,19.774,0.9987,0.2,TEAM_PLACEHOLDER_v0_UNVALIDATED,PASS,B_OK,False,median_ratio,b1-v0.3,b1-contract-0.6,SIH26170-MOCK-02
C0870,L017,CMOS_C,Input_Leakage_Current_uA,uA,0.18927,0.19872,0.20868,,,NONE,,0.01941,10.255,0.20093,0.20583,0.03421,0.21615,20.0,UPPER,DATASHEET_BOUNDED_ASSUMPTION,19.79132,0.9996,0.2,TEAM_PLACEHOLDER_v0_UNVALIDATED,PASS,B_OK,False,median_ratio,b1-v0.3,b1-contract-0.6,SIH26170-MOCK-02
C0871,L017,CMOS_C,Input_Leakage_Current_uA,uA,0.23771,0.2383,0.25024,,,NONE,,0.01253,5.273,0.20093,0.20583,0.03421,0.21615,20.0,UPPER,DATASHEET_BOUNDED_ASSUMPTION,19.74976,0.9975,0.2,TEAM_PLACEHOLDER_v0_UNVALIDATED,PASS,B_OK,False,median_ratio,b1-v0.3,b1-contract-0.6,SIH26170-MOCK-02
C0872,L017,CMOS_C,Input_Leakage_Current_uA,uA,0.20195,0.21438,0.22513,,,NONE,,0.02318,11.476,0.20093,0.20583,0.03421,0.21615,20.0,UPPER,DATASHEET_BOUNDED_ASSUMPTION,19.77487,0.9988,0.2,TEAM_PLACEHOLDER_v0_UNVALIDATED,PASS,B_OK,False,median_ratio,b1-v0.3,b1-contract-0.6,SIH26170-MOCK-02
C0873,L017,CMOS_C,Input_Leakage_Current_uA,uA,0.17191,0.17419,0.18292,,,NONE,,0.01101,6.405,0.20093,0.20583,0.03421,0.21615,20.0,UPPER,DATASHEET_BOUNDED_ASSUMPTION,19.81708,1.0009,0.2,TEAM_PLACEHOLDER_v0_UNVALIDATED,PASS,B_OK,False,median_ratio,b1-v0.3,b1-contract-0.6,SIH26170-MOCK-02
C0874,L017,CMOS_C,Input_Leakage_Current_uA,uA,0.17579,0.17941,0.1884,,,NONE,,0.01261,7.175,0.20093,0.20583,0.03421,0.21615,20.0,UPPER,DATASHEET_BOUNDED_ASSUMPTION,19.8116,1.0006,0.2,TEAM_PLACEHOLDER_v0_UNVALIDATED,PASS,B_OK,False,median_ratio,b1-v0.3,b1-contract-0.6,SIH26170-MOCK-02
C0875,L017,CMOS_C,Input_Leakage_Current_uA,uA,0.16437,0.17181,0.18042,,,NONE,,0.01605,9.765,0.20093,0.20583,0.03421,0.21615,20.0,UPPER,DATASHEET_BOUNDED_ASSUMPTION,19.81958,1.001,0.2,TEAM_PLACEHOLDER_v0_UNVALIDATED,PASS,B_OK,False,median_ratio,b1-v0.3,b1-contract-0.6,SIH26170-MOCK-02
C0876,L017,CMOS_C,Input_Leakage_Current_uA,uA,0.18753,0.19333,0.20302,,,NONE,,0.01549,8.26,0.20093,0.20583,0.03421,0.21615,20.0,UPPER,DATASHEET_BOUNDED_ASSUMPTION,19.79698,0.9999,0.2,TEAM_PLACEHOLDER_v0_UNVALIDATED,PASS,B_OK,False,median_ratio,b1-v0.3,b1-contract-0.6,SIH26170-MOCK-02
C0877,L017,CMOS_C,Input_Leakage_Current_uA,uA,0.22512,0.22437,0.23562,,,NONE,,0.0105,4.662,0.20093,0.20583,0.03421,0.21615,20.0,UPPER,DATASHEET_BOUNDED_ASSUMPTION,19.76438,0.9982,0.2,TEAM_PLACEHOLDER_v0_UNVALIDATED,PASS,B_OK,False,median_ratio,b1-v0.3,b1-contract-0.6,SIH26170-MOCK-02
C0878,L017,CMOS_C,Input_Leakage_Current_uA,uA,0.20397,0.20698,0.21735,,,NONE,,0.01338,6.562,0.20093,0.20583,0.03421,0.21615,20.0,UPPER,DATASHEET_BOUNDED_ASSUMPTION,19.78265,0.9992,0.2,TEAM_PLACEHOLDER_v0_UNVALIDATED,PASS,B_OK,False,median_ratio,b1-v0.3,b1-contract-0.6,SIH26170-MOCK-02
C0879,L017,CMOS_C,Input_Leakage_Current_uA,uA,0.17311,0.17226,0.18089,,,NONE,,0.00778,4.497,0.20093,0.20583,0.03421,0.21615,20.0,UPPER,DATASHEET_BOUNDED_ASSUMPTION,19.81911,1.001,0.2,TEAM_PLACEHOLDER_v0_UNVALIDATED,PASS,B_OK,False,median_ratio,b1-v0.3,b1-contract-0.6,SIH26170-MOCK-02
C0880,L017,CMOS_C,Input_Leakage_Current_uA,uA,0.23016,0.24244,0.25459,,,NONE,,0.02443,10.615,0.20093,0.20583,0.03421,0.21615,20.0,UPPER,DATASHEET_BOUNDED_ASSUMPTION,19.74541,0.9973,0.2,TEAM_PLACEHOLDER_v0_UNVALIDATED,PASS,B_OK,False,median_ratio,b1-v0.3,b1-contract-0.6,SIH26170-MOCK-02
C0881,L017,CMOS_C,Input_Leakage_Current_uA,uA,0.21205,0.22697,0.23835,,,NONE,,0.0263,12.401,0.20093,0.20583,0.03421,0.21615,20.0,UPPER,DATASHEET_BOUNDED_ASSUMPTION,19.76165,0.9981,0.2,TEAM_PLACEHOLDER_v0_UNVALIDATED,PASS,B_OK,False,median_ratio,b1-v0.3,b1-contract-0.6,SIH26170-MOCK-02
C0882,L017,CMOS_C,Input_Leakage_Current_uA,uA,0.17566,0.17918,0.18816,,,NONE,,0.0125,7.117,0.20093,0.20583,0.03421,0.21615,20.0,UPPER,DATASHEET_BOUNDED_ASSUMPTION,19.81184,1.0006,0.2,TEAM_PLACEHOLDER_v0_UNVALIDATED,PASS,B_OK,False,median_ratio,b1-v0.3,b1-contract-0.6,SIH26170-MOCK-02
C0883,L017,CMOS_C,Input_Leakage_Current_uA,uA,0.17589,0.17414,0.18287,,,NONE,,0.00698,3.967,0.20093,0.20583,0.03421,0.21615,20.0,UPPER,DATASHEET_BOUNDED_ASSUMPTION,19.81713,1.0009,0.2,TEAM_PLACEHOLDER_v0_UNVALIDATED,PASS,B_OK,False,median_ratio,b1-v0.3,b1-contract-0.6,SIH26170-MOCK-02
C0884,L017,CMOS_C,Input_Leakage_Current_uA,uA,0.22889,0.22728,0.23867,,,NONE,,0.00978,4.274,0.20093,0.20583,0.03421,0.21615,20.0,UPPER,DATASHEET_BOUNDED_ASSUMPTION,19.76133,0.9981,0.2,TEAM_PLACEHOLDER_v0_UNVALIDATED,PASS,B_OK,False,median_ratio,b1-v0.3,b1-contract-0.6,SIH26170-MOCK-02
C0885,L017,CMOS_C,Input_Leakage_Current_uA,uA,0.18924,0.19172,0.20133,,,NONE,,0.01209,6.388,0.20093,0.20583,0.03421,0.21615,20.0,UPPER,DATASHEET_BOUNDED_ASSUMPTION,19.79867,1.0,0.2,TEAM_PLACEHOLDER_v0_UNVALIDATED,PASS,B_OK,False,median_ratio,b1-v0.3,b1-contract-0.6,SIH26170-MOCK-02
C0886,L017,CMOS_C,Input_Leakage_Current_uA,uA,0.18768,0.19512,0.2049,,,NONE,,0.01722,9.175,0.20093,0.20583,0.03421,0.21615,20.0,UPPER,DATASHEET_BOUNDED_ASSUMPTION,19.7951,0.9998,0.2,TEAM_PLACEHOLDER_v0_UNVALIDATED,PASS,B_OK,False,median_ratio,b1-v0.3,b1-contract-0.6,SIH26170-MOCK-02
C0887,L018,CMOS_C,Input_Leakage_Current_uA,uA,0.19118,0.19737,0.20726,,,NONE,,0.01608,8.412,0.18088,0.17939,0.02984,0.18838,20.0,UPPER,DATASHEET_BOUNDED_ASSUMPTION,19.79274,0.9987,0.2,TEAM_PLACEHOLDER_v0_UNVALIDATED,PASS,B_OK,False,median_ratio,b1-v0.3,b1-contract-0.6,SIH26170-MOCK-02
C0888,L018,CMOS_C,Input_Leakage_Current_uA,uA,0.19357,0.20088,0.21095,,,NONE,,0.01738,8.978,0.18088,0.17939,0.02984,0.18838,20.0,UPPER,DATASHEET_BOUNDED_ASSUMPTION,19.78905,0.9985,0.2,TEAM_PLACEHOLDER_v0_UNVALIDATED,PASS,B_OK,False,median_ratio,b1-v0.3,b1-contract-0.6,SIH26170-MOCK-02
C0889,L018,CMOS_C,Input_Leakage_Current_uA,uA,0.15016,0.15092,0.15848,,,NONE,,0.00832,5.544,0.18088,0.17939,0.02984,0.18838,20.0,UPPER,DATASHEET_BOUNDED_ASSUMPTION,19.84152,1.0011,0.2,TEAM_PLACEHOLDER_v0_UNVALIDATED,PASS,B_OK,False,median_ratio,b1-v0.3,b1-contract-0.6,SIH26170-MOCK-02
C0890,L018,CMOS_C,Input_Leakage_Current_uA,uA,0.16848,0.16245,0.17059,,,NONE,,0.00211,1.254,0.18088,0.17939,0.02984,0.18838,20.0,UPPER,DATASHEET_BOUNDED_ASSUMPTION,19.82941,1.0005,0.2,TEAM_PLACEHOLDER_v0_UNVALIDATED,PASS,B_OK,False,median_ratio,b1-v0.3,b1-contract-0.6,SIH26170-MOCK-02
C0891,L018,CMOS_C,Input_Leakage_Current_uA,uA,0.15256,0.15485,0.16261,,,NONE,,0.01005,6.588,0.18088,0.17939,0.02984,0.18838,20.0,UPPER,DATASHEET_BOUNDED_ASSUMPTION,19.83739,1.0009,0.2,TEAM_PLACEHOLDER_v0_UNVALIDATED,PASS,B_OK,False,median_ratio,b1-v0.3,b1-contract-0.6,SIH26170-MOCK-02
C0892,L018,CMOS_C,Input_Leakage_Current_uA,uA,0.23393,0.24145,0.25355,,,NONE,,0.01962,8.388,0.18088,0.17939,0.02984,0.18838,20.0,UPPER,DATASHEET_BOUNDED_ASSUMPTION,19.74645,0.9963,0.2,TEAM_PLACEHOLDER_v0_UNVALIDATED,PASS,B_OK,False,median_ratio,b1-v0.3,b1-contract-0.6,SIH26170-MOCK-02
C0893,L018,CMOS_C,Input_Leakage_Current_uA,uA,0.16669,0.16748,0.17587,,,NONE,,0.00918,5.51,0.18088,0.17939,0.02984,0.18838,20.0,UPPER,DATASHEET_BOUNDED_ASSUMPTION,19.82413,1.0003,0.2,TEAM_PLACEHOLDER_v0_UNVALIDATED,PASS,B_OK,False,median_ratio,b1-v0.3,b1-contract-0.6,SIH26170-MOCK-02
C0894,L018,CMOS_C,Input_Leakage_Current_uA,uA,0.18088,0.19143,0.20102,,,NONE,,0.02014,11.137,0.18088,0.17939,0.02984,0.18838,20.0,UPPER,DATASHEET_BOUNDED_ASSUMPTION,19.79898,0.999,0.2,TEAM_PLACEHOLDER_v0_UNVALIDATED,PASS,B_OK,False,median_ratio,b1-v0.3,b1-contract-0.6,SIH26170-MOCK-02
C0895,L018,CMOS_C,Input_Leakage_Current_uA,uA,0.16215,0.17024,0.17877,,,NONE,,0.01662,10.251,0.18088,0.17939,0.02984,0.18838,20.0,UPPER,DATASHEET_BOUNDED_ASSUMPTION,19.82123,1.0001,0.2,TEAM_PLACEHOLDER_v0_UNVALIDATED,PASS,B_OK,False,median_ratio,b1-v0.3,b1-contract-0.6,SIH26170-MOCK-02
C0896,L018,CMOS_C,Input_Leakage_Current_uA,uA,0.16353,0.17364,0.18234,,,NONE,,0.01881,11.504,0.18088,0.17939,0.02984,0.18838,20.0,UPPER,DATASHEET_BOUNDED_ASSUMPTION,19.81766,0.9999,0.2,TEAM_PLACEHOLDER_v0_UNVALIDATED,PASS,B_OK,False,median_ratio,b1-v0.3,b1-contract-0.6,SIH26170-MOCK-02
C0897,L018,CMOS_C,Input_Leakage_Current_uA,uA,0.18131,0.18241,0.19155,,,NONE,,0.01024,5.649,0.18088,0.17939,0.02984,0.18838,20.0,UPPER,DATASHEET_BOUNDED_ASSUMPTION,19.80845,0.9995,0.2,TEAM_PLACEHOLDER_v0_UNVALIDATED,PASS,B_OK,False,median_ratio,b1-v0.3,b1-contract-0.6,SIH26170-MOCK-02
C0898,L018,CMOS_C,Input_Leakage_Current_uA,uA,0.18472,0.17939,0.18838,,,NONE,,0.00366,1.982,0.18088,0.17939,0.02984,0.18838,20.0,UPPER,DATASHEET_BOUNDED_ASSUMPTION,19.81162,0.9996,0.2,TEAM_PLACEHOLDER_v0_UNVALIDATED,PASS,B_OK,False,median_ratio,b1-v0.3,b1-contract-0.6,SIH26170-MOCK-02
C0899,L018,CMOS_C,Input_Leakage_Current_uA,uA,0.18934,0.19369,0.2034,,,NONE,,0.01406,7.425,0.18088,0.17939,0.02984,0.18838,20.0,UPPER,DATASHEET_BOUNDED_ASSUMPTION,19.7966,0.9989,0.2,TEAM_PLACEHOLDER_v0_UNVALIDATED,PASS,B_OK,False,median_ratio,b1-v0.3,b1-contract-0.6,SIH26170-MOCK-02
C0900,L018,CMOS_C,Input_Leakage_Current_uA,uA,0.19764,0.20588,0.2162,,,NONE,,0.01856,9.39,0.18088,0.17939,0.02984,0.18838,20.0,UPPER,DATASHEET_BOUNDED_ASSUMPTION,19.7838,0.9982,0.2,TEAM_PLACEHOLDER_v0_UNVALIDATED,PASS,B_OK,False,median_ratio,b1-v0.3,b1-contract-0.6,SIH26170-MOCK-02
C0901,L018,CMOS_C,Input_Leakage_Current_uA,uA,0.19173,0.20422,0.21446,,,NONE,,0.02273,11.853,0.18088,0.17939,0.02984,0.18838,20.0,UPPER,DATASHEET_BOUNDED_ASSUMPTION,19.78554,0.9983,0.2,TEAM_PLACEHOLDER_v0_UNVALIDATED,PASS,B_OK,False,median_ratio,b1-v0.3,b1-contract-0.6,SIH26170-MOCK-02
C0902,L018,CMOS_C,Input_Leakage_Current_uA,uA,0.1717,0.17086,0.17942,,,NONE,,0.00772,4.498,0.18088,0.17939,0.02984,0.18838,20.0,UPPER,DATASHEET_BOUNDED_ASSUMPTION,19.82058,1.0001,0.2,TEAM_PLACEHOLDER_v0_UNVALIDATED,PASS,B_OK,False,median_ratio,b1-v0.3,b1-contract-0.6,SIH26170-MOCK-02
C0903,L018,CMOS_C,Input_Leakage_Current_uA,uA,0.15977,0.15923,0.16721,,,NONE,,0.00744,4.657,0.18088,0.17939,0.02984,0.18838,20.0,UPPER,DATASHEET_BOUNDED_ASSUMPTION,19.83279,1.0007,0.2,TEAM_PLACEHOLDER_v0_UNVALIDATED,PASS,B_OK,False,median_ratio,b1-v0.3,b1-contract-0.6,SIH26170-MOCK-02
C0904,L018,CMOS_C,Input_Leakage_Current_uA,uA,0.18891,0.18843,0.19787,,,NONE,,0.00896,4.745,0.18088,0.17939,0.02984,0.18838,20.0,UPPER,DATASHEET_BOUNDED_ASSUMPTION,19.80213,0.9991,0.2,TEAM_PLACEHOLDER_v0_UNVALIDATED,PASS,B_OK,False,median_ratio,b1-v0.3,b1-contract-0.6,SIH26170-MOCK-02
C0905,L018,CMOS_C,Input_Leakage_Current_uA,uA,0.16347,0.16881,0.17727,,,NONE,,0.0138,8.443,0.18088,0.17939,0.02984,0.18838,20.0,UPPER,DATASHEET_BOUNDED_ASSUMPTION,19.82273,1.0002,0.2,TEAM_PLACEHOLDER_v0_UNVALIDATED,PASS,B_OK,False,median_ratio,b1-v0.3,b1-contract-0.6,SIH26170-MOCK-02
C0906,L018,CMOS_C,Input_Leakage_Current_uA,uA,0.1642,0.16566,0.17396,,,NONE,,0.00976,5.946,0.18088,0.17939,0.02984,0.18838,20.0,UPPER,DATASHEET_BOUNDED_ASSUMPTION,19.82604,1.0003,0.2,TEAM_PLACEHOLDER_v0_UNVALIDATED,PASS,B_OK,False,median_ratio,b1-v0.3,b1-contract-0.6,SIH26170-MOCK-02
C0907,L018,CMOS_C,Input_Leakage_Current_uA,uA,0.12457,0.12112,0.12719,,,NONE,,0.00262,2.104,0.18088,0.17939,0.02984,0.18838,20.0,UPPER,DATASHEET_BOUNDED_ASSUMPTION,19.87281,1.0027,0.2,TEAM_PLACEHOLDER_v0_UNVALIDATED,PASS,B_OK,False,median_ratio,b1-v0.3,b1-contract-0.6,SIH26170-MOCK-02
C0908,L018,CMOS_C,Input_Leakage_Current_uA,uA,0.12947,0.13122,0.1378,,,NONE,,0.00833,6.432,0.18088,0.17939,0.02984,0.18838,20.0,UPPER,DATASHEET_BOUNDED_ASSUMPTION,19.8622,1.0022,0.2,TEAM_PLACEHOLDER_v0_UNVALIDATED,PASS,B_OK,False,median_ratio,b1-v0.3,b1-contract-0.6,SIH26170-MOCK-02
C0909,L018,CMOS_C,Input_Leakage_Current_uA,uA,0.21578,0.2055,0.2158,,,NONE,,2e-05,0.009,0.18088,0.17939,0.02984,0.18838,20.0,UPPER,DATASHEET_BOUNDED_ASSUMPTION,19.7842,0.9982,0.2,TEAM_PLACEHOLDER_v0_UNVALIDATED,PASS,B_OK,False,median_ratio,b1-v0.3,b1-contract-0.6,SIH26170-MOCK-02
C0910,L018,CMOS_C,Input_Leakage_Current_uA,uA,0.13028,0.13463,0.14138,,,NONE,,0.0111,8.519,0.18088,0.17939,0.02984,0.18838,20.0,UPPER,DATASHEET_BOUNDED_ASSUMPTION,19.85862,1.002,0.2,TEAM_PLACEHOLDER_v0_UNVALIDATED,PASS,B_OK,False,median_ratio,b1-v0.3,b1-contract-0.6,SIH26170-MOCK-02
C0911,L018,CMOS_C,Input_Leakage_Current_uA,uA,0.16714,0.17162,0.18022,,,NONE,,0.01308,7.827,0.18088,0.17939,0.02984,0.18838,20.0,UPPER,DATASHEET_BOUNDED_ASSUMPTION,19.81978,1.0,0.2,TEAM_PLACEHOLDER_v0_UNVALIDATED,PASS,B_OK,False,median_ratio,b1-v0.3,b1-contract-0.6,SIH26170-MOCK-02
C0912,L018,CMOS_C,Input_Leakage_Current_uA,uA,0.18765,0.18297,0.19214,,,NONE,,0.00449,2.393,0.18088,0.17939,0.02984,0.18838,20.0,UPPER,DATASHEET_BOUNDED_ASSUMPTION,19.80786,0.9994,0.2,TEAM_PLACEHOLDER_v0_UNVALIDATED,PASS,B_OK,False,median_ratio,b1-v0.3,b1-contract-0.6,SIH26170-MOCK-02
C0913,L018,CMOS_C,Input_Leakage_Current_uA,uA,0.18665,0.18788,0.1973,,,NONE,,0.01065,5.704,0.18088,0.17939,0.02984,0.18838,20.0,UPPER,DATASHEET_BOUNDED_ASSUMPTION,19.8027,0.9992,0.2,TEAM_PLACEHOLDER_v0_UNVALIDATED,PASS,B_OK,False,median_ratio,b1-v0.3,b1-contract-0.6,SIH26170-MOCK-02
C0914,L018,CMOS_C,Input_Leakage_Current_uA,uA,0.14748,0.16211,0.17024,,,NONE,,0.02276,15.429,0.18088,0.17939,0.02984,0.18838,20.0,UPPER,DATASHEET_BOUNDED_ASSUMPTION,19.82976,1.0005,0.2,TEAM_PLACEHOLDER_v0_UNVALIDATED,PASS,B_OK,False,median_ratio,b1-v0.3,b1-contract-0.6,SIH26170-MOCK-02
C0915,L018,CMOS_C,Input_Leakage_Current_uA,uA,0.19586,0.1924,0.20204,,,NONE,,0.00618,3.157,0.18088,0.17939,0.02984,0.18838,20.0,UPPER,DATASHEET_BOUNDED_ASSUMPTION,19.79796,0.9989,0.2,TEAM_PLACEHOLDER_v0_UNVALIDATED,PASS,B_OK,False,median_ratio,b1-v0.3,b1-contract-0.6,SIH26170-MOCK-02
C0916,L018,CMOS_C,Input_Leakage_Current_uA,uA,0.18871,0.18165,0.19075,,,NONE,,0.00204,1.083,0.18088,0.17939,0.02984,0.18838,20.0,UPPER,DATASHEET_BOUNDED_ASSUMPTION,19.80925,0.9995,0.2,TEAM_PLACEHOLDER_v0_UNVALIDATED,PASS,B_OK,False,median_ratio,b1-v0.3,b1-contract-0.6,SIH26170-MOCK-02
C0917,L018,CMOS_C,Input_Leakage_Current_uA,uA,0.15085,0.14681,0.15417,,,NONE,,0.00332,2.2,0.18088,0.17939,0.02984,0.18838,20.0,UPPER,DATASHEET_BOUNDED_ASSUMPTION,19.84583,1.0013,0.2,TEAM_PLACEHOLDER_v0_UNVALIDATED,PASS,B_OK,False,median_ratio,b1-v0.3,b1-contract-0.6,SIH26170-MOCK-02
C0918,L018,CMOS_C,Input_Leakage_Current_uA,uA,0.20833,0.21397,0.22469,,,NONE,,0.01636,7.855,0.18088,0.17939,0.02984,0.18838,20.0,UPPER,DATASHEET_BOUNDED_ASSUMPTION,19.77531,0.9978,0.2,TEAM_PLACEHOLDER_v0_UNVALIDATED,PASS,B_OK,False,median_ratio,b1-v0.3,b1-contract-0.6,SIH26170-MOCK-02
C0919,L018,CMOS_C,Input_Leakage_Current_uA,uA,0.14835,0.15073,0.15828,,,NONE,,0.00993,6.697,0.18088,0.17939,0.02984,0.18838,20.0,UPPER,DATASHEET_BOUNDED_ASSUMPTION,19.84172,1.0011,0.2,TEAM_PLACEHOLDER_v0_UNVALIDATED,PASS,B_OK,False,median_ratio,b1-v0.3,b1-contract-0.6,SIH26170-MOCK-02
C0920,L018,CMOS_C,Input_Leakage_Current_uA,uA,0.17607,0.17457,0.18332,,,NONE,,0.00725,4.118,0.18088,0.17939,0.02984,0.18838,20.0,UPPER,DATASHEET_BOUNDED_ASSUMPTION,19.81668,0.9999,0.2,TEAM_PLACEHOLDER_v0_UNVALIDATED,PASS,B_OK,False,median_ratio,b1-v0.3,b1-contract-0.6,SIH26170-MOCK-02
C0921,L018,CMOS_C,Input_Leakage_Current_uA,uA,0.23165,0.23706,0.24894,,,NONE,,0.01729,7.465,0.18088,0.17939,0.02984,0.18838,20.0,UPPER,DATASHEET_BOUNDED_ASSUMPTION,19.75106,0.9966,0.2,TEAM_PLACEHOLDER_v0_UNVALIDATED,PASS,B_OK,False,median_ratio,b1-v0.3,b1-contract-0.6,SIH26170-MOCK-02
C0922,L018,CMOS_C,Input_Leakage_Current_uA,uA,0.37119,0.37385,0.39259,,,NONE,,0.0214,5.765,0.18088,0.17939,0.02984,0.18838,20.0,UPPER,DATASHEET_BOUNDED_ASSUMPTION,19.60741,0.9893,0.2,TEAM_PLACEHOLDER_v0_UNVALIDATED,PASS,B_OK,False,median_ratio,b1-v0.3,b1-contract-0.6,SIH26170-MOCK-02
C0923,L018,CMOS_C,Input_Leakage_Current_uA,uA,0.18868,0.19119,0.20077,,,NONE,,0.01209,6.409,0.18088,0.17939,0.02984,0.18838,20.0,UPPER,DATASHEET_BOUNDED_ASSUMPTION,19.79923,0.999,0.2,TEAM_PLACEHOLDER_v0_UNVALIDATED,PASS,B_OK,False,median_ratio,b1-v0.3,b1-contract-0.6,SIH26170-MOCK-02
C0924,L018,CMOS_C,Input_Leakage_Current_uA,uA,0.2199,0.21161,0.22222,,,NONE,,0.00232,1.053,0.18088,0.17939,0.02984,0.18838,20.0,UPPER,DATASHEET_BOUNDED_ASSUMPTION,19.77778,0.9979,0.2,TEAM_PLACEHOLDER_v0_UNVALIDATED,PASS,B_OK,False,median_ratio,b1-v0.3,b1-contract-0.6,SIH26170-MOCK-02
C0925,L018,CMOS_C,Input_Leakage_Current_uA,uA,0.19078,0.19388,0.2036,,,NONE,,0.01282,6.719,0.18088,0.17939,0.02984,0.18838,20.0,UPPER,DATASHEET_BOUNDED_ASSUMPTION,19.7964,0.9989,0.2,TEAM_PLACEHOLDER_v0_UNVALIDATED,PASS,B_OK,False,median_ratio,b1-v0.3,b1-contract-0.6,SIH26170-MOCK-02
C0926,L018,CMOS_C,Input_Leakage_Current_uA,uA,0.17754,0.17538,0.18417,,,NONE,,0.00663,3.735,0.18088,0.17939,0.02984,0.18838,20.0,UPPER,DATASHEET_BOUNDED_ASSUMPTION,19.81583,0.9998,0.2,TEAM_PLACEHOLDER_v0_UNVALIDATED,PASS,B_OK,False,median_ratio,b1-v0.3,b1-contract-0.6,SIH26170-MOCK-02
C0927,L018,CMOS_C,Input_Leakage_Current_uA,uA,0.12455,0.12767,0.13407,,,NONE,,0.00952,7.643,0.18088,0.17939,0.02984,0.18838,20.0,UPPER,DATASHEET_BOUNDED_ASSUMPTION,19.86593,1.0024,0.2,TEAM_PLACEHOLDER_v0_UNVALIDATED,PASS,B_OK,False,median_ratio,b1-v0.3,b1-contract-0.6,SIH26170-MOCK-02
C0928,L018,CMOS_C,Input_Leakage_Current_uA,uA,0.21937,0.21617,0.227,,,NONE,,0.00763,3.48,0.18088,0.17939,0.02984,0.18838,20.0,UPPER,DATASHEET_BOUNDED_ASSUMPTION,19.773,0.9977,0.2,TEAM_PLACEHOLDER_v0_UNVALIDATED,PASS,B_OK,False,median_ratio,b1-v0.3,b1-contract-0.6,SIH26170-MOCK-02
C0929,L018,CMOS_C,Input_Leakage_Current_uA,uA,0.16704,0.17167,0.18027,,,NONE,,0.01323,7.923,0.18088,0.17939,0.02984,0.18838,20.0,UPPER,DATASHEET_BOUNDED_ASSUMPTION,19.81973,1.0,0.2,TEAM_PLACEHOLDER_v0_UNVALIDATED,PASS,B_OK,False,median_ratio,b1-v0.3,b1-contract-0.6,SIH26170-MOCK-02
C0930,L018,CMOS_C,Input_Leakage_Current_uA,uA,0.14771,0.14624,0.15357,,,NONE,,0.00586,3.967,0.18088,0.17939,0.02984,0.18838,20.0,UPPER,DATASHEET_BOUNDED_ASSUMPTION,19.84643,1.0014,0.2,TEAM_PLACEHOLDER_v0_UNVALIDATED,PASS,B_OK,False,median_ratio,b1-v0.3,b1-contract-0.6,SIH26170-MOCK-02
C0931,L018,CMOS_C,Input_Leakage_Current_uA,uA,0.19854,0.19478,0.20454,,,NONE,,0.006,3.023,0.18088,0.17939,0.02984,0.18838,20.0,UPPER,DATASHEET_BOUNDED_ASSUMPTION,19.79546,0.9988,0.2,TEAM_PLACEHOLDER_v0_UNVALIDATED,PASS,B_OK,False,median_ratio,b1-v0.3,b1-contract-0.6,SIH26170-MOCK-02
C0932,L018,CMOS_C,Input_Leakage_Current_uA,uA,0.16481,0.1701,0.17863,,,NONE,,0.01382,8.383,0.18088,0.17939,0.02984,0.18838,20.0,UPPER,DATASHEET_BOUNDED_ASSUMPTION,19.82137,1.0001,0.2,TEAM_PLACEHOLDER_v0_UNVALIDATED,PASS,B_OK,False,median_ratio,b1-v0.3,b1-contract-0.6,SIH26170-MOCK-02
C0933,L018,CMOS_C,Input_Leakage_Current_uA,uA,0.21169,0.21251,0.22316,,,NONE,,0.01147,5.419,0.18088,0.17939,0.02984,0.18838,20.0,UPPER,DATASHEET_BOUNDED_ASSUMPTION,19.77684,0.9979,0.2,TEAM_PLACEHOLDER_v0_UNVALIDATED,PASS,B_OK,False,median_ratio,b1-v0.3,b1-contract-0.6,SIH26170-MOCK-02
C0218,L005,CMOS_A,Supply_Current_ICC_uA,uA,338.573,330.582,343.21009,,,NONE,,4.63709,1.37,361.2485,361.796,42.332,372.63594,700.0,UPPER,DERIVED_MOCK_TEST,356.78991,1.0532,0.2,TEAM_PLACEHOLDER_v0_UNVALIDATED,PASS,B_OK,False,Huber,b1-v0.3,b1-contract-0.6,SIH26170-MOCK-02
C0219,L005,CMOS_A,Supply_Current_ICC_uA,uA,355.988,355.006,366.80211,,,NONE,,10.81411,3.038,361.2485,361.796,42.332,372.63594,700.0,UPPER,DERIVED_MOCK_TEST,333.19789,0.9836,0.2,TEAM_PLACEHOLDER_v0_UNVALIDATED,PASS,B_OK,False,Huber,b1-v0.3,b1-contract-0.6,SIH26170-MOCK-02
C0220,L005,CMOS_A,Supply_Current_ICC_uA,uA,341.892,352.97,361.47254,,,NONE,,19.58054,5.727,361.2485,361.796,42.332,372.63594,700.0,UPPER,DERIVED_MOCK_TEST,338.52746,0.9993,0.2,TEAM_PLACEHOLDER_v0_UNVALIDATED,PASS,B_OK,False,Huber,b1-v0.3,b1-contract-0.6,SIH26170-MOCK-02
C0221,L005,CMOS_A,Supply_Current_ICC_uA,uA,311.076,301.822,313.57292,,,NONE,,2.49692,0.803,361.2485,361.796,42.332,372.63594,700.0,UPPER,DERIVED_MOCK_TEST,386.42708,1.1407,0.2,TEAM_PLACEHOLDER_v0_UNVALIDATED,PASS,B_OK,False,Huber,b1-v0.3,b1-contract-0.6,SIH26170-MOCK-02
C0222,L005,CMOS_A,Supply_Current_ICC_uA,uA,352.934,355.046,366.02124,,,NONE,,13.08724,3.708,361.2485,361.796,42.332,372.63594,700.0,UPPER,DERIVED_MOCK_TEST,333.97876,0.9859,0.2,TEAM_PLACEHOLDER_v0_UNVALIDATED,PASS,B_OK,False,Huber,b1-v0.3,b1-contract-0.6,SIH26170-MOCK-02
C0223,L005,CMOS_A,Supply_Current_ICC_uA,uA,395.25,388.56,403.28997,,,NONE,,8.03997,2.034,361.2485,361.796,42.332,372.63594,700.0,UPPER,DERIVED_MOCK_TEST,296.71003,0.8759,0.2,TEAM_PLACEHOLDER_v0_UNVALIDATED,PASS,B_OK,False,Huber,b1-v0.3,b1-contract-0.6,SIH26170-MOCK-02
C0224,L005,CMOS_A,Supply_Current_ICC_uA,uA,407.548,392.093,409.29819,,,NONE,,1.75019,0.429,361.2485,361.796,42.332,372.63594,700.0,UPPER,DERIVED_MOCK_TEST,290.70181,0.8582,0.2,TEAM_PLACEHOLDER_v0_UNVALIDATED,PASS,B_OK,False,Huber,b1-v0.3,b1-contract-0.6,SIH26170-MOCK-02
C0225,L005,CMOS_A,Supply_Current_ICC_uA,uA,366.103,374.802,384.86228,,,NONE,,18.75928,5.124,361.2485,361.796,42.332,372.63594,700.0,UPPER,DERIVED_MOCK_TEST,315.13772,0.9303,0.2,TEAM_PLACEHOLDER_v0_UNVALIDATED,PASS,B_OK,False,Huber,b1-v0.3,b1-contract-0.6,SIH26170-MOCK-02
C0226,L005,CMOS_A,Supply_Current_ICC_uA,uA,353.247,351.683,363.49338,,,NONE,,10.24638,2.901,361.2485,361.796,42.332,372.63594,700.0,UPPER,DERIVED_MOCK_TEST,336.50662,0.9934,0.2,TEAM_PLACEHOLDER_v0_UNVALIDATED,PASS,B_OK,False,Huber,b1-v0.3,b1-contract-0.6,SIH26170-MOCK-02
C0227,L005,CMOS_A,Supply_Current_ICC_uA,uA,332.235,331.314,342.09244,,,NONE,,9.85744,2.967,361.2485,361.796,42.332,372.63594,700.0,UPPER,DERIVED_MOCK_TEST,357.90756,1.0565,0.2,TEAM_PLACEHOLDER_v0_UNVALIDATED,PASS,B_OK,False,Huber,b1-v0.3,b1-contract-0.6,SIH26170-MOCK-02
C0228,L005,CMOS_A,Supply_Current_ICC_uA,uA,334.895,329.653,341.51076,,,NONE,,6.61576,1.975,361.2485,361.796,42.332,372.63594,700.0,UPPER,DERIVED_MOCK_TEST,358.48924,1.0583,0.2,TEAM_PLACEHOLDER_v0_UNVALIDATED,PASS,B_OK,False,Huber,b1-v0.3,b1-contract-0.6,SIH26170-MOCK-02
C0229,L005,CMOS_A,Supply_Current_ICC_uA,uA,340.102,349.215,358.08126,,,NONE,,17.97926,5.286,361.2485,361.796,42.332,372.63594,700.0,UPPER,DERIVED_MOCK_TEST,341.91874,1.0093,0.2,TEAM_PLACEHOLDER_v0_UNVALIDATED,PASS,B_OK,False,Huber,b1-v0.3,b1-contract-0.6,SIH26170-MOCK-02
C0230,L005,CMOS_A,Supply_Current_ICC_uA,uA,371.882,356.048,371.83418,,,NONE,,-0.04782,-0.013,361.2485,361.796,42.332,372.63594,700.0,UPPER,DERIVED_MOCK_TEST,328.16582,0.9688,0.2,TEAM_PLACEHOLDER_v0_UNVALIDATED,PASS,B_OK,False,Huber,b1-v0.3,b1-contract-0.6,SIH26170-MOCK-02
C0231,L005,CMOS_A,Supply_Current_ICC_uA,uA,399.281,399.156,412.59086,,,NONE,,13.30986,3.333,361.2485,361.796,42.332,372.63594,700.0,UPPER,DERIVED_MOCK_TEST,287.40914,0.8484,0.2,TEAM_PLACEHOLDER_v0_UNVALIDATED,PASS,B_OK,False,Huber,b1-v0.3,b1-contract-0.6,SIH26170-MOCK-02
C0232,L005,CMOS_A,Supply_Current_ICC_uA,uA,322.349,332.129,340.09363,,,NONE,,17.74463,5.505,361.2485,361.796,42.332,372.63594,700.0,UPPER,DERIVED_MOCK_TEST,359.90637,1.0624,0.2,TEAM_PLACEHOLDER_v0_UNVALIDATED,PASS,B_OK,False,Huber,b1-v0.3,b1-contract-0.6,SIH26170-MOCK-02
C0233,L005,CMOS_A,Supply_Current_ICC_uA,uA,345.768,350.973,360.95336,,,NONE,,15.18536,4.392,361.2485,361.796,42.332,372.63594,700.0,UPPER,DERIVED_MOCK_TEST,339.04664,1.0009,0.2,TEAM_PLACEHOLDER_v0_UNVALIDATED,PASS,B_OK,False,Huber,b1-v0.3,b1-contract-0.6,SIH26170-MOCK-02
C0234,L005,CMOS_A,Supply_Current_ICC_uA,uA,357.662,367.581,377.01103,,,NONE,,19.34903,5.41,361.2485,361.796,42.332,372.63594,700.0,UPPER,DERIVED_MOCK_TEST,322.98897,0.9535,0.2,TEAM_PLACEHOLDER_v0_UNVALIDATED,PASS,B_OK,False,Huber,b1-v0.3,b1-contract-0.6,SIH26170-MOCK-02
C0235,L005,CMOS_A,Supply_Current_ICC_uA,uA,401.888,421.88,430.93525,,,NONE,,29.04725,7.228,361.2485,361.796,42.332,372.63594,700.0,UPPER,DERIVED_MOCK_TEST,269.06475,0.7943,0.2,TEAM_PLACEHOLDER_v0_UNVALIDATED,PASS,B_OK,False,Huber,b1-v0.3,b1-contract-0.6,SIH26170-MOCK-02
C0236,L005,CMOS_A,Supply_Current_ICC_uA,uA,370.671,377.966,388.53344,,,NONE,,17.86244,4.819,361.2485,361.796,42.332,372.63594,700.0,UPPER,DERIVED_MOCK_TEST,311.46656,0.9195,0.2,TEAM_PLACEHOLDER_v0_UNVALIDATED,PASS,B_OK,False,Huber,b1-v0.3,b1-contract-0.6,SIH26170-MOCK-02
C0237,L005,CMOS_A,Supply_Current_ICC_uA,uA,363.931,374.657,384.17228,,,NONE,,20.24128,5.562,361.2485,361.796,42.332,372.63594,700.0,UPPER,DERIVED_MOCK_TEST,315.82772,0.9323,0.2,TEAM_PLACEHOLDER_v0_UNVALIDATED,PASS,B_OK,False,Huber,b1-v0.3,b1-contract-0.6,SIH26170-MOCK-02
C0238,L005,CMOS_A,Supply_Current_ICC_uA,uA,340.857,341.041,351.9367,,,NONE,,11.0797,3.251,361.2485,361.796,42.332,372.63594,700.0,UPPER,DERIVED_MOCK_TEST,348.0633,1.0275,0.2,TEAM_PLACEHOLDER_v0_UNVALIDATED,PASS,B_OK,False,Huber,b1-v0.3,b1-contract-0.6,SIH26170-MOCK-02
C0239,L005,CMOS_A,Supply_Current_ICC_uA,uA,361.035,360.538,372.43905,,,NONE,,11.40405,3.159,361.2485,361.796,42.332,372.63594,700.0,UPPER,DERIVED_MOCK_TEST,327.56095,0.967,0.2,TEAM_PLACEHOLDER_v0_UNVALIDATED,PASS,B_OK,False,Huber,b1-v0.3,b1-contract-0.6,SIH26170-MOCK-02
C0240,L005,CMOS_A,Supply_Current_ICC_uA,uA,331.581,337.419,346.65714,,,NONE,,15.07614,4.547,361.2485,361.796,42.332,372.63594,700.0,UPPER,DERIVED_MOCK_TEST,353.34286,1.0431,0.2,TEAM_PLACEHOLDER_v0_UNVALIDATED,PASS,B_OK,False,Huber,b1-v0.3,b1-contract-0.6,SIH26170-MOCK-02
C0241,L005,CMOS_A,Supply_Current_ICC_uA,uA,361.462,360.797,372.75365,,,NONE,,11.29165,3.124,361.2485,361.796,42.332,372.63594,700.0,UPPER,DERIVED_MOCK_TEST,327.24635,0.966,0.2,TEAM_PLACEHOLDER_v0_UNVALIDATED,PASS,B_OK,False,Huber,b1-v0.3,b1-contract-0.6,SIH26170-MOCK-02
C0242,L005,CMOS_A,Supply_Current_ICC_uA,uA,329.977,335.117,344.44345,,,NONE,,14.46645,4.384,361.2485,361.796,42.332,372.63594,700.0,UPPER,DERIVED_MOCK_TEST,355.55655,1.0496,0.2,TEAM_PLACEHOLDER_v0_UNVALIDATED,PASS,B_OK,False,Huber,b1-v0.3,b1-contract-0.6,SIH26170-MOCK-02
C0243,L005,CMOS_A,Supply_Current_ICC_uA,uA,399.98,404.437,416.87871,,,NONE,,16.89871,4.225,361.2485,361.796,42.332,372.63594,700.0,UPPER,DERIVED_MOCK_TEST,283.12129,0.8358,0.2,TEAM_PLACEHOLDER_v0_UNVALIDATED,PASS,B_OK,False,Huber,b1-v0.3,b1-contract-0.6,SIH26170-MOCK-02
C0244,L005,CMOS_A,Supply_Current_ICC_uA,uA,400.461,405.168,417.57426,,,NONE,,17.11326,4.273,361.2485,361.796,42.332,372.63594,700.0,UPPER,DERIVED_MOCK_TEST,282.42574,0.8337,0.2,TEAM_PLACEHOLDER_v0_UNVALIDATED,PASS,B_OK,False,Huber,b1-v0.3,b1-contract-0.6,SIH26170-MOCK-02
C0245,L005,CMOS_A,Supply_Current_ICC_uA,uA,324.224,325.349,335.33077,,,NONE,,11.10677,3.426,361.2485,361.796,42.332,372.63594,700.0,UPPER,DERIVED_MOCK_TEST,364.66923,1.0765,0.2,TEAM_PLACEHOLDER_v0_UNVALIDATED,PASS,B_OK,False,Huber,b1-v0.3,b1-contract-0.6,SIH26170-MOCK-02
C0246,L005,CMOS_A,Supply_Current_ICC_uA,uA,375.058,370.463,383.87233,,,NONE,,8.81433,2.35,361.2485,361.796,42.332,372.63594,700.0,UPPER,DERIVED_MOCK_TEST,316.12767,0.9332,0.2,TEAM_PLACEHOLDER_v0_UNVALIDATED,PASS,B_OK,False,Huber,b1-v0.3,b1-contract-0.6,SIH26170-MOCK-02
C0247,L005,CMOS_A,Supply_Current_ICC_uA,uA,386.445,393.317,404.64674,,,NONE,,18.20174,4.71,361.2485,361.796,42.332,372.63594,700.0,UPPER,DERIVED_MOCK_TEST,295.35326,0.8719,0.2,TEAM_PLACEHOLDER_v0_UNVALIDATED,PASS,B_OK,False,Huber,b1-v0.3,b1-contract-0.6,SIH26170-MOCK-02
C0248,L005,CMOS_A,Supply_Current_ICC_uA,uA,349.109,341.872,354.7761,,,NONE,,5.6671,1.623,361.2485,361.796,42.332,372.63594,700.0,UPPER,DERIVED_MOCK_TEST,345.2239,1.0191,0.2,TEAM_PLACEHOLDER_v0_UNVALIDATED,PASS,B_OK,False,Huber,b1-v0.3,b1-contract-0.6,SIH26170-MOCK-02
C0249,L005,CMOS_A,Supply_Current_ICC_uA,uA,364.009,363.745,375.7197,,,NONE,,11.7107,3.217,361.2485,361.796,42.332,372.63594,700.0,UPPER,DERIVED_MOCK_TEST,324.2803,0.9573,0.2,TEAM_PLACEHOLDER_v0_UNVALIDATED,PASS,B_OK,False,Huber,b1-v0.3,b1-contract-0.6,SIH26170-MOCK-02
C0250,L005,CMOS_A,Supply_Current_ICC_uA,uA,419.4,427.382,439.85906,,,NONE,,20.45906,4.878,361.2485,361.796,42.332,372.63594,700.0,UPPER,DERIVED_MOCK_TEST,260.14094,0.7679,0.2,TEAM_PLACEHOLDER_v0_UNVALIDATED,PASS,B_OK,False,Huber,b1-v0.3,b1-contract-0.6,SIH26170-MOCK-02
C0251,L005,CMOS_A,Supply_Current_ICC_uA,uA,311.942,312.659,322.21274,,,NONE,,10.27074,3.293,361.2485,361.796,42.332,372.63594,700.0,UPPER,DERIVED_MOCK_TEST,377.78726,1.1152,0.2,TEAM_PLACEHOLDER_v0_UNVALIDATED,PASS,B_OK,False,Huber,b1-v0.3,b1-contract-0.6,SIH26170-MOCK-02
C0252,L005,CMOS_A,Supply_Current_ICC_uA,uA,300.704,315.972,321.78878,,,NONE,,21.08478,7.012,361.2485,361.796,42.332,372.63594,700.0,UPPER,DERIVED_MOCK_TEST,378.21122,1.1165,0.2,TEAM_PLACEHOLDER_v0_UNVALIDATED,PASS,B_OK,False,Huber,b1-v0.3,b1-contract-0.6,SIH26170-MOCK-02
C0253,L005,CMOS_A,Supply_Current_ICC_uA,uA,379.307,369.223,384.03782,,,NONE,,4.73082,1.247,361.2485,361.796,42.332,372.63594,700.0,UPPER,DERIVED_MOCK_TEST,315.96218,0.9327,0.2,TEAM_PLACEHOLDER_v0_UNVALIDATED,PASS,B_OK,False,Huber,b1-v0.3,b1-contract-0.6,SIH26170-MOCK-02
C0254,L005,CMOS_A,Supply_Current_ICC_uA,uA,363.405,365.467,376.89632,,,NONE,,13.49132,3.712,361.2485,361.796,42.332,372.63594,700.0,UPPER,DERIVED_MOCK_TEST,323.10368,0.9538,0.2,TEAM_PLACEHOLDER_v0_UNVALIDATED,PASS,B_OK,False,Huber,b1-v0.3,b1-contract-0.6,SIH26170-MOCK-02
C0255,L005,CMOS_A,Supply_Current_ICC_uA,uA,402.87,405.281,418.30161,,,NONE,,15.43161,3.83,361.2485,361.796,42.332,372.63594,700.0,UPPER,DERIVED_MOCK_TEST,281.69839,0.8316,0.2,TEAM_PLACEHOLDER_v0_UNVALIDATED,PASS,B_OK,False,Huber,b1-v0.3,b1-contract-0.6,SIH26170-MOCK-02
C0256,L005,CMOS_A,Supply_Current_ICC_uA,uA,399.229,402.777,415.38983,,,NONE,,16.16083,4.048,361.2485,361.796,42.332,372.63594,700.0,UPPER,DERIVED_MOCK_TEST,284.61017,0.8402,0.2,TEAM_PLACEHOLDER_v0_UNVALIDATED,PASS,B_OK,False,Huber,b1-v0.3,b1-contract-0.6,SIH26170-MOCK-02
C0257,L005,CMOS_A,Supply_Current_ICC_uA,uA,348.029,349.473,360.39015,,,NONE,,12.36115,3.552,361.2485,361.796,42.332,372.63594,700.0,UPPER,DERIVED_MOCK_TEST,339.60985,1.0025,0.2,TEAM_PLACEHOLDER_v0_UNVALIDATED,PASS,B_OK,False,Huber,b1-v0.3,b1-contract-0.6,SIH26170-MOCK-02
C0258,L005,CMOS_A,Supply_Current_ICC_uA,uA,318.87,324.168,332.98885,,,NONE,,14.11885,4.428,361.2485,361.796,42.332,372.63594,700.0,UPPER,DERIVED_MOCK_TEST,367.01115,1.0834,0.2,TEAM_PLACEHOLDER_v0_UNVALIDATED,PASS,B_OK,False,Huber,b1-v0.3,b1-contract-0.6,SIH26170-MOCK-02
C0259,L005,CMOS_A,Supply_Current_ICC_uA,uA,303.555,308.51,316.75924,,,NONE,,13.20424,4.35,361.2485,361.796,42.332,372.63594,700.0,UPPER,DERIVED_MOCK_TEST,383.24076,1.1313,0.2,TEAM_PLACEHOLDER_v0_UNVALIDATED,PASS,B_OK,False,Huber,b1-v0.3,b1-contract-0.6,SIH26170-MOCK-02
C0260,L005,CMOS_A,Supply_Current_ICC_uA,uA,644.334,661.32,681.31496,,,NONE,,36.98096,5.739,361.2485,361.796,42.332,372.63594,700.0,UPPER,DERIVED_MOCK_TEST,18.68504,0.0552,0.2,TEAM_PLACEHOLDER_v0_UNVALIDATED,MONITOR,B_MARGIN_LOW,True,Huber,b1-v0.3,b1-contract-0.6,SIH26170-MOCK-02
C0261,L005,CMOS_A,Supply_Current_ICC_uA,uA,352.515,344.555,357.76453,,,NONE,,5.24953,1.489,361.2485,361.796,42.332,372.63594,700.0,UPPER,DERIVED_MOCK_TEST,342.23547,1.0103,0.2,TEAM_PLACEHOLDER_v0_UNVALIDATED,PASS,B_OK,False,Huber,b1-v0.3,b1-contract-0.6,SIH26170-MOCK-02
C0262,L005,CMOS_A,Supply_Current_ICC_uA,uA,367.334,372.306,383.25124,,,NONE,,15.91724,4.333,361.2485,361.796,42.332,372.63594,700.0,UPPER,DERIVED_MOCK_TEST,316.74876,0.935,0.2,TEAM_PLACEHOLDER_v0_UNVALIDATED,PASS,B_OK,False,Huber,b1-v0.3,b1-contract-0.6,SIH26170-MOCK-02
C0263,L005,CMOS_A,Supply_Current_ICC_uA,uA,381.058,392.006,402.19734,,,NONE,,21.13934,5.548,361.2485,361.796,42.332,372.63594,700.0,UPPER,DERIVED_MOCK_TEST,297.80266,0.8791,0.2,TEAM_PLACEHOLDER_v0_UNVALIDATED,PASS,B_OK,False,Huber,b1-v0.3,b1-contract-0.6,SIH26170-MOCK-02
C0264,L005,CMOS_A,Supply_Current_ICC_uA,uA,335.514,338.517,348.55602,,,NONE,,13.04202,3.887,361.2485,361.796,42.332,372.63594,700.0,UPPER,DERIVED_MOCK_TEST,351.44398,1.0375,0.2,TEAM_PLACEHOLDER_v0_UNVALIDATED,PASS,B_OK,False,Huber,b1-v0.3,b1-contract-0.6,SIH26170-MOCK-02
C0265,L005,CMOS_A,Supply_Current_ICC_uA,uA,403.505,415.213,426.18562,,,NONE,,22.68062,5.621,361.2485,361.796,42.332,372.63594,700.0,UPPER,DERIVED_MOCK_TEST,273.81438,0.8083,0.2,TEAM_PLACEHOLDER_v0_UNVALIDATED,PASS,B_OK,False,Huber,b1-v0.3,b1-contract-0.6,SIH26170-MOCK-02
C0266,L005,CMOS_A,Supply_Current_ICC_uA,uA,355.273,351.573,363.94654,,,NONE,,8.67354,2.441,361.2485,361.796,42.332,372.63594,700.0,UPPER,DERIVED_MOCK_TEST,336.05346,0.992,0.2,TEAM_PLACEHOLDER_v0_UNVALIDATED,PASS,B_OK,False,Huber,b1-v0.3,b1-contract-0.6,SIH26170-MOCK-02
C0267,L005,CMOS_A,Supply_Current_ICC_uA,uA,385.923,389.783,401.76324,,,NONE,,15.84024,4.105,361.2485,361.796,42.332,372.63594,700.0,UPPER,DERIVED_MOCK_TEST,298.23676,0.8804,0.2,TEAM_PLACEHOLDER_v0_UNVALIDATED,PASS,B_OK,False,Huber,b1-v0.3,b1-contract-0.6,SIH26170-MOCK-02
C0268,L005,CMOS_A,Supply_Current_ICC_uA,uA,354.741,362.795,372.51822,,,NONE,,17.77722,5.011,361.2485,361.796,42.332,372.63594,700.0,UPPER,DERIVED_MOCK_TEST,327.48178,0.9667,0.2,TEAM_PLACEHOLDER_v0_UNVALIDATED,PASS,B_OK,False,Huber,b1-v0.3,b1-contract-0.6,SIH26170-MOCK-02
C0269,L005,CMOS_A,Supply_Current_ICC_uA,uA,423.652,435.973,447.66229,,,NONE,,24.01029,5.667,361.2485,361.796,42.332,372.63594,700.0,UPPER,DERIVED_MOCK_TEST,252.33771,0.7449,0.2,TEAM_PLACEHOLDER_v0_UNVALIDATED,PASS,B_OK,False,Huber,b1-v0.3,b1-contract-0.6,SIH26170-MOCK-02
C0270,L005,CMOS_A,Supply_Current_ICC_uA,uA,382.026,382.142,394.79353,,,NONE,,12.76753,3.342,361.2485,361.796,42.332,372.63594,700.0,UPPER,DERIVED_MOCK_TEST,305.20647,0.901,0.2,TEAM_PLACEHOLDER_v0_UNVALIDATED,PASS,B_OK,False,Huber,b1-v0.3,b1-contract-0.6,SIH26170-MOCK-02
C0271,L005,CMOS_A,Supply_Current_ICC_uA,uA,348.375,352.367,362.72898,,,NONE,,14.35398,4.12,361.2485,361.796,42.332,372.63594,700.0,UPPER,DERIVED_MOCK_TEST,337.27102,0.9956,0.2,TEAM_PLACEHOLDER_v0_UNVALIDATED,PASS,B_OK,False,Huber,b1-v0.3,b1-contract-0.6,SIH26170-MOCK-02
C0272,L005,CMOS_A,Supply_Current_ICC_uA,uA,377.163,372.259,385.82627,,,NONE,,8.66327,2.297,361.2485,361.796,42.332,372.63594,700.0,UPPER,DERIVED_MOCK_TEST,314.17373,0.9274,0.2,TEAM_PLACEHOLDER_v0_UNVALIDATED,PASS,B_OK,False,Huber,b1-v0.3,b1-contract-0.6,SIH26170-MOCK-02
C0273,L005,CMOS_A,Supply_Current_ICC_uA,uA,374.579,383.18,393.62115,,,NONE,,19.04215,5.084,361.2485,361.796,42.332,372.63594,700.0,UPPER,DERIVED_MOCK_TEST,306.37885,0.9044,0.2,TEAM_PLACEHOLDER_v0_UNVALIDATED,PASS,B_OK,False,Huber,b1-v0.3,b1-contract-0.6,SIH26170-MOCK-02
C0274,L006,CMOS_A,Supply_Current_ICC_uA,uA,355.803,371.696,379.8371,,,NONE,,24.0341,6.755,339.403,342.86,33.02725,352.87244,700.0,UPPER,DERIVED_MOCK_TEST,320.1629,0.8879,0.2,TEAM_PLACEHOLDER_v0_UNVALIDATED,PASS,B_OK,False,Huber,b1-v0.3,b1-contract-0.6,SIH26170-MOCK-02
C0275,L006,CMOS_A,Supply_Current_ICC_uA,uA,381.854,384.056,396.36848,,,NONE,,14.51448,3.801,339.403,342.86,33.02725,352.87244,700.0,UPPER,DERIVED_MOCK_TEST,303.63152,0.842,0.2,TEAM_PLACEHOLDER_v0_UNVALIDATED,PASS,B_OK,False,Huber,b1-v0.3,b1-contract-0.6,SIH26170-MOCK-02
C0276,L006,CMOS_A,Supply_Current_ICC_uA,uA,336.368,340.879,350.73562,,,NONE,,14.36762,4.271,339.403,342.86,33.02725,352.87244,700.0,UPPER,DERIVED_MOCK_TEST,349.26438,0.9686,0.2,TEAM_PLACEHOLDER_v0_UNVALIDATED,PASS,B_OK,False,Huber,b1-v0.3,b1-contract-0.6,SIH26170-MOCK-02
C0277,L006,CMOS_A,Supply_Current_ICC_uA,uA,325.672,332.736,341.5648,,,NONE,,15.8928,4.88,339.403,342.86,33.02725,352.87244,700.0,UPPER,DERIVED_MOCK_TEST,358.4352,0.994,0.2,TEAM_PLACEHOLDER_v0_UNVALIDATED,PASS,B_OK,False,Huber,b1-v0.3,b1-contract-0.6,SIH26170-MOCK-02
C0278,L006,CMOS_A,Supply_Current_ICC_uA,uA,399.516,383.497,400.62939,,,NONE,,1.11339,0.279,339.403,342.86,33.02725,352.87244,700.0,UPPER,DERIVED_MOCK_TEST,299.37061,0.8302,0.2,TEAM_PLACEHOLDER_v0_UNVALIDATED,PASS,B_OK,False,Huber,b1-v0.3,b1-contract-0.6,SIH26170-MOCK-02
C0279,L006,CMOS_A,Supply_Current_ICC_uA,uA,388.701,406.201,415.38957,,,NONE,,26.68857,6.866,339.403,342.86,33.02725,352.87244,700.0,UPPER,DERIVED_MOCK_TEST,284.61043,0.7893,0.2,TEAM_PLACEHOLDER_v0_UNVALIDATED,PASS,B_OK,False,Huber,b1-v0.3,b1-contract-0.6,SIH26170-MOCK-02
C0280,L006,CMOS_A,Supply_Current_ICC_uA,uA,376.702,387.804,397.90877,,,NONE,,21.20677,5.63,339.403,342.86,33.02725,352.87244,700.0,UPPER,DERIVED_MOCK_TEST,302.09123,0.8378,0.2,TEAM_PLACEHOLDER_v0_UNVALIDATED,PASS,B_OK,False,Huber,b1-v0.3,b1-contract-0.6,SIH26170-MOCK-02
C0281,L006,CMOS_A,Supply_Current_ICC_uA,uA,328.868,328.219,338.91062,,,NONE,,10.04262,3.054,339.403,342.86,33.02725,352.87244,700.0,UPPER,DERIVED_MOCK_TEST,361.08938,1.0014,0.2,TEAM_PLACEHOLDER_v0_UNVALIDATED,PASS,B_OK,False,Huber,b1-v0.3,b1-contract-0.6,SIH26170-MOCK-02
C0282,L006,CMOS_A,Supply_Current_ICC_uA,uA,328.69,331.309,341.26156,,,NONE,,12.57156,3.825,339.403,342.86,33.02725,352.87244,700.0,UPPER,DERIVED_MOCK_TEST,358.73844,0.9948,0.2,TEAM_PLACEHOLDER_v0_UNVALIDATED,PASS,B_OK,False,Huber,b1-v0.3,b1-contract-0.6,SIH26170-MOCK-02
C0283,L006,CMOS_A,Supply_Current_ICC_uA,uA,327.836,331.209,340.95637,,,NONE,,13.12037,4.002,339.403,342.86,33.02725,352.87244,700.0,UPPER,DERIVED_MOCK_TEST,359.04363,0.9957,0.2,TEAM_PLACEHOLDER_v0_UNVALIDATED,PASS,B_OK,False,Huber,b1-v0.3,b1-contract-0.6,SIH26170-MOCK-02
C0284,L006,CMOS_A,Supply_Current_ICC_uA,uA,333.485,339.699,349.05154,,,NONE,,15.56654,4.668,339.403,342.86,33.02725,352.87244,700.0,UPPER,DERIVED_MOCK_TEST,350.94846,0.9732,0.2,TEAM_PLACEHOLDER_v0_UNVALIDATED,PASS,B_OK,False,Huber,b1-v0.3,b1-contract-0.6,SIH26170-MOCK-02
C0285,L006,CMOS_A,Supply_Current_ICC_uA,uA,309.704,312.376,321.50706,,,NONE,,11.80306,3.811,339.403,342.86,33.02725,352.87244,700.0,UPPER,DERIVED_MOCK_TEST,378.49294,1.0496,0.2,TEAM_PLACEHOLDER_v0_UNVALIDATED,PASS,B_OK,False,Huber,b1-v0.3,b1-contract-0.6,SIH26170-MOCK-02
C0286,L006,CMOS_A,Supply_Current_ICC_uA,uA,304.007,303.714,313.26661,,,NONE,,9.25961,3.046,339.403,342.86,33.02725,352.87244,700.0,UPPER,DERIVED_MOCK_TEST,386.73339,1.0725,0.2,TEAM_PLACEHOLDER_v0_UNVALIDATED,PASS,B_OK,False,Huber,b1-v0.3,b1-contract-0.6,SIH26170-MOCK-02
C0287,L006,CMOS_A,Supply_Current_ICC_uA,uA,372.969,376.45,388.09795,,,NONE,,15.12895,4.056,339.403,342.86,33.02725,352.87244,700.0,UPPER,DERIVED_MOCK_TEST,311.90205,0.865,0.2,TEAM_PLACEHOLDER_v0_UNVALIDATED,PASS,B_OK,False,Huber,b1-v0.3,b1-contract-0.6,SIH26170-MOCK-02
C0288,L006,CMOS_A,Supply_Current_ICC_uA,uA,356.071,345.366,359.46475,,,NONE,,3.39375,0.953,339.403,342.86,33.02725,352.87244,700.0,UPPER,DERIVED_MOCK_TEST,340.53525,0.9444,0.2,TEAM_PLACEHOLDER_v0_UNVALIDATED,PASS,B_OK,False,Huber,b1-v0.3,b1-contract-0.6,SIH26170-MOCK-02
C0289,L006,CMOS_A,Supply_Current_ICC_uA,uA,339.59,338.32,349.60737,,,NONE,,10.01737,2.95,339.403,342.86,33.02725,352.87244,700.0,UPPER,DERIVED_MOCK_TEST,350.39263,0.9717,0.2,TEAM_PLACEHOLDER_v0_UNVALIDATED,PASS,B_OK,False,Huber,b1-v0.3,b1-contract-0.6,SIH26170-MOCK-02
C0290,L006,CMOS_A,Supply_Current_ICC_uA,uA,316.644,325.532,333.56685,,,NONE,,16.92285,5.344,339.403,342.86,33.02725,352.87244,700.0,UPPER,DERIVED_MOCK_TEST,366.43315,1.0162,0.2,TEAM_PLACEHOLDER_v0_UNVALIDATED,PASS,B_OK,False,Huber,b1-v0.3,b1-contract-0.6,SIH26170-MOCK-02
C0291,L006,CMOS_A,Supply_Current_ICC_uA,uA,296.345,292.595,302.59624,,,NONE,,6.25124,2.109,339.403,342.86,33.02725,352.87244,700.0,UPPER,DERIVED_MOCK_TEST,397.40376,1.1021,0.2,TEAM_PLACEHOLDER_v0_UNVALIDATED,PASS,B_OK,False,Huber,b1-v0.3,b1-contract-0.6,SIH26170-MOCK-02
C0292,L006,CMOS_A,Supply_Current_ICC_uA,uA,351.662,359.153,368.9957,,,NONE,,17.3337,4.929,339.403,342.86,33.02725,352.87244,700.0,UPPER,DERIVED_MOCK_TEST,331.0043,0.9179,0.2,TEAM_PLACEHOLDER_v0_UNVALIDATED,PASS,B_OK,False,Huber,b1-v0.3,b1-contract-0.6,SIH26170-MOCK-02
C0293,L006,CMOS_A,Supply_Current_ICC_uA,uA,345.258,346.225,357.25351,,,NONE,,11.99551,3.474,339.403,342.86,33.02725,352.87244,700.0,UPPER,DERIVED_MOCK_TEST,342.74649,0.9505,0.2,TEAM_PLACEHOLDER_v0_UNVALIDATED,PASS,B_OK,False,Huber,b1-v0.3,b1-contract-0.6,SIH26170-MOCK-02
C0294,L006,CMOS_A,Supply_Current_ICC_uA,uA,311.947,306.121,317.25143,,,NONE,,5.30443,1.7,339.403,342.86,33.02725,352.87244,700.0,UPPER,DERIVED_MOCK_TEST,382.74857,1.0614,0.2,TEAM_PLACEHOLDER_v0_UNVALIDATED,PASS,B_OK,False,Huber,b1-v0.3,b1-contract-0.6,SIH26170-MOCK-02
C0295,L006,CMOS_A,Supply_Current_ICC_uA,uA,352.929,361.544,371.18947,,,NONE,,18.26047,5.174,339.403,342.86,33.02725,352.87244,700.0,UPPER,DERIVED_MOCK_TEST,328.81053,0.9119,0.2,TEAM_PLACEHOLDER_v0_UNVALIDATED,PASS,B_OK,False,Huber,b1-v0.3,b1-contract-0.6,SIH26170-MOCK-02
C0296,L006,CMOS_A,Supply_Current_ICC_uA,uA,353.328,353.654,365.16979,,,NONE,,11.84179,3.351,339.403,342.86,33.02725,352.87244,700.0,UPPER,DERIVED_MOCK_TEST,334.83021,0.9285,0.2,TEAM_PLACEHOLDER_v0_UNVALIDATED,PASS,B_OK,False,Huber,b1-v0.3,b1-contract-0.6,SIH26170-MOCK-02
C0297,L006,CMOS_A,Supply_Current_ICC_uA,uA,370.463,373.494,385.13564,,,NONE,,14.67264,3.961,339.403,342.86,33.02725,352.87244,700.0,UPPER,DERIVED_MOCK_TEST,314.86436,0.8732,0.2,TEAM_PLACEHOLDER_v0_UNVALIDATED,PASS,B_OK,False,Huber,b1-v0.3,b1-contract-0.6,SIH26170-MOCK-02
C0298,L006,CMOS_A,Supply_Current_ICC_uA,uA,384.136,384.331,397.18896,,,NONE,,13.05296,3.398,339.403,342.86,33.02725,352.87244,700.0,UPPER,DERIVED_MOCK_TEST,302.81104,0.8397,0.2,TEAM_PLACEHOLDER_v0_UNVALIDATED,PASS,B_OK,False,Huber,b1-v0.3,b1-contract-0.6,SIH26170-MOCK-02
C0299,L006,CMOS_A,Supply_Current_ICC_uA,uA,339.216,345.407,355.00927,,,NONE,,15.79327,4.656,339.403,342.86,33.02725,352.87244,700.0,UPPER,DERIVED_MOCK_TEST,344.99073,0.9567,0.2,TEAM_PLACEHOLDER_v0_UNVALIDATED,PASS,B_OK,False,Huber,b1-v0.3,b1-contract-0.6,SIH26170-MOCK-02
C0300,L006,CMOS_A,Supply_Current_ICC_uA,uA,361.522,358.814,371.35711,,,NONE,,9.83511,2.72,339.403,342.86,33.02725,352.87244,700.0,UPPER,DERIVED_MOCK_TEST,328.64289,0.9114,0.2,TEAM_PLACEHOLDER_v0_UNVALIDATED,PASS,B_OK,False,Huber,b1-v0.3,b1-contract-0.6,SIH26170-MOCK-02
C0301,L006,CMOS_A,Supply_Current_ICC_uA,uA,343.433,346.223,356.76595,,,NONE,,13.33295,3.882,339.403,342.86,33.02725,352.87244,700.0,UPPER,DERIVED_MOCK_TEST,343.23405,0.9518,0.2,TEAM_PLACEHOLDER_v0_UNVALIDATED,PASS,B_OK,False,Huber,b1-v0.3,b1-contract-0.6,SIH26170-MOCK-02
C0302,L006,CMOS_A,Supply_Current_ICC_uA,uA,301.204,299.029,308.88402,,,NONE,,7.68002,2.55,339.403,342.86,33.02725,352.87244,700.0,UPPER,DERIVED_MOCK_TEST,391.11598,1.0846,0.2,TEAM_PLACEHOLDER_v0_UNVALIDATED,PASS,B_OK,False,Huber,b1-v0.3,b1-contract-0.6,SIH26170-MOCK-02
C0303,L006,CMOS_A,Supply_Current_ICC_uA,uA,293.837,304.286,310.99639,,,NONE,,17.15939,5.84,339.403,342.86,33.02725,352.87244,700.0,UPPER,DERIVED_MOCK_TEST,389.00361,1.0788,0.2,TEAM_PLACEHOLDER_v0_UNVALIDATED,PASS,B_OK,False,Huber,b1-v0.3,b1-contract-0.6,SIH26170-MOCK-02
C0304,L006,CMOS_A,Supply_Current_ICC_uA,uA,416.534,413.798,428.69046,,,NONE,,12.15646,2.918,339.403,342.86,33.02725,352.87244,700.0,UPPER,DERIVED_MOCK_TEST,271.30954,0.7524,0.2,TEAM_PLACEHOLDER_v0_UNVALIDATED,PASS,B_OK,False,Huber,b1-v0.3,b1-contract-0.6,SIH26170-MOCK-02
C0305,L006,CMOS_A,Supply_Current_ICC_uA,uA,376.481,374.738,387.70266,,,NONE,,11.22166,2.981,339.403,342.86,33.02725,352.87244,700.0,UPPER,DERIVED_MOCK_TEST,312.29734,0.8661,0.2,TEAM_PLACEHOLDER_v0_UNVALIDATED,PASS,B_OK,False,Huber,b1-v0.3,b1-contract-0.6,SIH26170-MOCK-02
C0306,L006,CMOS_A,Supply_Current_ICC_uA,uA,354.371,360.408,370.69141,,,NONE,,16.32041,4.605,339.403,342.86,33.02725,352.87244,700.0,UPPER,DERIVED_MOCK_TEST,329.30859,0.9132,0.2,TEAM_PLACEHOLDER_v0_UNVALIDATED,PASS,B_OK,False,Huber,b1-v0.3,b1-contract-0.6,SIH26170-MOCK-02
C0307,L006,CMOS_A,Supply_Current_ICC_uA,uA,360.116,365.378,376.07977,,,NONE,,15.96377,4.433,339.403,342.86,33.02725,352.87244,700.0,UPPER,DERIVED_MOCK_TEST,323.92023,0.8983,0.2,TEAM_PLACEHOLDER_v0_UNVALIDATED,PASS,B_OK,False,Huber,b1-v0.3,b1-contract-0.6,SIH26170-MOCK-02
C0308,L006,CMOS_A,Supply_Current_ICC_uA,uA,363.638,357.493,370.89436,,,NONE,,7.25636,1.995,339.403,342.86,33.02725,352.87244,700.0,UPPER,DERIVED_MOCK_TEST,329.10564,0.9127,0.2,TEAM_PLACEHOLDER_v0_UNVALIDATED,PASS,B_OK,False,Huber,b1-v0.3,b1-contract-0.6,SIH26170-MOCK-02
C0309,L006,CMOS_A,Supply_Current_ICC_uA,uA,307.93,300.762,312.02223,,,NONE,,4.09223,1.329,339.403,342.86,33.02725,352.87244,700.0,UPPER,DERIVED_MOCK_TEST,387.97777,1.0759,0.2,TEAM_PLACEHOLDER_v0_UNVALIDATED,PASS,B_OK,False,Huber,b1-v0.3,b1-contract-0.6,SIH26170-MOCK-02
C0310,L006,CMOS_A,Supply_Current_ICC_uA,uA,743.097,739.583,768.56067,,,NONE,,25.46367,3.427,339.403,342.86,33.02725,352.87244,700.0,UPPER,DERIVED_MOCK_TEST,-68.56067,-0.1901,0.2,TEAM_PLACEHOLDER_v0_UNVALIDATED,REJECT,B_LIMIT_CROSS_PREDICTED,True,Huber,b1-v0.3,b1-contract-0.6,SIH26170-MOCK-02
C0311,L006,CMOS_A,Supply_Current_ICC_uA,uA,343.289,334.347,347.50802,,,NONE,,4.21902,1.229,339.403,342.86,33.02725,352.87244,700.0,UPPER,DERIVED_MOCK_TEST,352.49198,0.9775,0.2,TEAM_PLACEHOLDER_v0_UNVALIDATED,PASS,B_OK,False,Huber,b1-v0.3,b1-contract-0.6,SIH26170-MOCK-02
C0312,L006,CMOS_A,Supply_Current_ICC_uA,uA,380.832,381.756,394.31034,,,NONE,,13.47834,3.539,339.403,342.86,33.02725,352.87244,700.0,UPPER,DERIVED_MOCK_TEST,305.68966,0.8477,0.2,TEAM_PLACEHOLDER_v0_UNVALIDATED,PASS,B_OK,False,Huber,b1-v0.3,b1-contract-0.6,SIH26170-MOCK-02
C0313,L006,CMOS_A,Supply_Current_ICC_uA,uA,310.652,315.408,324.1126,,,NONE,,13.4606,4.333,339.403,342.86,33.02725,352.87244,700.0,UPPER,DERIVED_MOCK_TEST,375.8874,1.0424,0.2,TEAM_PLACEHOLDER_v0_UNVALIDATED,PASS,B_OK,False,Huber,b1-v0.3,b1-contract-0.6,SIH26170-MOCK-02
C0314,L006,CMOS_A,Supply_Current_ICC_uA,uA,341.534,344.841,355.18733,,,NONE,,13.65333,3.998,339.403,342.86,33.02725,352.87244,700.0,UPPER,DERIVED_MOCK_TEST,344.81267,0.9562,0.2,TEAM_PLACEHOLDER_v0_UNVALIDATED,PASS,B_OK,False,Huber,b1-v0.3,b1-contract-0.6,SIH26170-MOCK-02
C0315,L006,CMOS_A,Supply_Current_ICC_uA,uA,325.364,324.696,335.24258,,,NONE,,9.87858,3.036,339.403,342.86,33.02725,352.87244,700.0,UPPER,DERIVED_MOCK_TEST,364.75742,1.0115,0.2,TEAM_PLACEHOLDER_v0_UNVALIDATED,PASS,B_OK,False,Huber,b1-v0.3,b1-contract-0.6,SIH26170-MOCK-02
C0316,L006,CMOS_A,Supply_Current_ICC_uA,uA,326.68,324.547,335.47759,,,NONE,,8.79759,2.693,339.403,342.86,33.02725,352.87244,700.0,UPPER,DERIVED_MOCK_TEST,364.52241,1.0109,0.2,TEAM_PLACEHOLDER_v0_UNVALIDATED,PASS,B_OK,False,Huber,b1-v0.3,b1-contract-0.6,SIH26170-MOCK-02
C0317,L006,CMOS_A,Supply_Current_ICC_uA,uA,349.284,349.288,360.70345,,,NONE,,11.41945,3.269,339.403,342.86,33.02725,352.87244,700.0,UPPER,DERIVED_MOCK_TEST,339.29655,0.9409,0.2,TEAM_PLACEHOLDER_v0_UNVALIDATED,PASS,B_OK,False,Huber,b1-v0.3,b1-contract-0.6,SIH26170-MOCK-02
C0318,L006,CMOS_A,Supply_Current_ICC_uA,uA,292.101,293.705,302.32485,,,NONE,,10.22385,3.5,339.403,342.86,33.02725,352.87244,700.0,UPPER,DERIVED_MOCK_TEST,397.67515,1.1028,0.2,TEAM_PLACEHOLDER_v0_UNVALIDATED,PASS,B_OK,False,Huber,b1-v0.3,b1-contract-0.6,SIH26170-MOCK-02
C0319,L006,CMOS_A,Supply_Current_ICC_uA,uA,310.154,311.25,320.75334,,,NONE,,10.59934,3.417,339.403,342.86,33.02725,352.87244,700.0,UPPER,DERIVED_MOCK_TEST,379.24666,1.0517,0.2,TEAM_PLACEHOLDER_v0_UNVALIDATED,PASS,B_OK,False,Huber,b1-v0.3,b1-contract-0.6,SIH26170-MOCK-02
C0320,L006,CMOS_A,Supply_Current_ICC_uA,uA,349.113,359.397,368.50632,,,NONE,,19.39332,5.555,339.403,342.86,33.02725,352.87244,700.0,UPPER,DERIVED_MOCK_TEST,331.49368,0.9193,0.2,TEAM_PLACEHOLDER_v0_UNVALIDATED,PASS,B_OK,False,Huber,b1-v0.3,b1-contract-0.6,SIH26170-MOCK-02
C0321,L006,CMOS_A,Supply_Current_ICC_uA,uA,334.209,332.223,343.44136,,,NONE,,9.23236,2.762,339.403,342.86,33.02725,352.87244,700.0,UPPER,DERIVED_MOCK_TEST,356.55864,0.9888,0.2,TEAM_PLACEHOLDER_v0_UNVALIDATED,PASS,B_OK,False,Huber,b1-v0.3,b1-contract-0.6,SIH26170-MOCK-02
C0322,L006,CMOS_A,Supply_Current_ICC_uA,uA,335.377,333.174,344.49066,,,NONE,,9.11366,2.717,339.403,342.86,33.02725,352.87244,700.0,UPPER,DERIVED_MOCK_TEST,355.50934,0.9859,0.2,TEAM_PLACEHOLDER_v0_UNVALIDATED,PASS,B_OK,False,Huber,b1-v0.3,b1-contract-0.6,SIH26170-MOCK-02
C0323,L006,CMOS_A,Supply_Current_ICC_uA,uA,336.784,348.818,357.00914,,,NONE,,20.22514,6.005,339.403,342.86,33.02725,352.87244,700.0,UPPER,DERIVED_MOCK_TEST,342.99086,0.9512,0.2,TEAM_PLACEHOLDER_v0_UNVALIDATED,PASS,B_OK,False,Huber,b1-v0.3,b1-contract-0.6,SIH26170-MOCK-02
C0324,L006,CMOS_A,Supply_Current_ICC_uA,uA,350.202,352.101,363.13183,,,NONE,,12.92983,3.692,339.403,342.86,33.02725,352.87244,700.0,UPPER,DERIVED_MOCK_TEST,336.86817,0.9342,0.2,TEAM_PLACEHOLDER_v0_UNVALIDATED,PASS,B_OK,False,Huber,b1-v0.3,b1-contract-0.6,SIH26170-MOCK-02
C0325,L006,CMOS_A,Supply_Current_ICC_uA,uA,305.733,357.793,355.68711,,,NONE,,49.95411,16.339,339.403,342.86,33.02725,352.87244,700.0,UPPER,DERIVED_MOCK_TEST,344.31289,0.9548,0.2,TEAM_PLACEHOLDER_v0_UNVALIDATED,PASS,B_OK,False,Huber,b1-v0.3,b1-contract-0.6,SIH26170-MOCK-02
C0326,L006,CMOS_A,Supply_Current_ICC_uA,uA,313.977,315.475,325.05125,,,NONE,,11.07425,3.527,339.403,342.86,33.02725,352.87244,700.0,UPPER,DERIVED_MOCK_TEST,374.94875,1.0398,0.2,TEAM_PLACEHOLDER_v0_UNVALIDATED,PASS,B_OK,False,Huber,b1-v0.3,b1-contract-0.6,SIH26170-MOCK-02
C0327,L006,CMOS_A,Supply_Current_ICC_uA,uA,330.51,335.976,345.36898,,,NONE,,14.85898,4.496,339.403,342.86,33.02725,352.87244,700.0,UPPER,DERIVED_MOCK_TEST,354.63102,0.9835,0.2,TEAM_PLACEHOLDER_v0_UNVALIDATED,PASS,B_OK,False,Huber,b1-v0.3,b1-contract-0.6,SIH26170-MOCK-02
C0328,L006,CMOS_A,Supply_Current_ICC_uA,uA,309.266,310.158,319.66919,,,NONE,,10.40319,3.364,339.403,342.86,33.02725,352.87244,700.0,UPPER,DERIVED_MOCK_TEST,380.33081,1.0547,0.2,TEAM_PLACEHOLDER_v0_UNVALIDATED,PASS,B_OK,False,Huber,b1-v0.3,b1-contract-0.6,SIH26170-MOCK-02
C0329,L006,CMOS_A,Supply_Current_ICC_uA,uA,368.465,368.953,381.07767,,,NONE,,12.61267,3.423,339.403,342.86,33.02725,352.87244,700.0,UPPER,DERIVED_MOCK_TEST,318.92233,0.8844,0.2,TEAM_PLACEHOLDER_v0_UNVALIDATED,PASS,B_OK,False,Huber,b1-v0.3,b1-contract-0.6,SIH26170-MOCK-02
C0330,L006,CMOS_A,Supply_Current_ICC_uA,uA,336.117,332.651,344.28178,,,NONE,,8.16478,2.429,339.403,342.86,33.02725,352.87244,700.0,UPPER,DERIVED_MOCK_TEST,355.71822,0.9865,0.2,TEAM_PLACEHOLDER_v0_UNVALIDATED,PASS,B_OK,False,Huber,b1-v0.3,b1-contract-0.6,SIH26170-MOCK-02
C0331,L006,CMOS_A,Supply_Current_ICC_uA,uA,320.128,317.84,328.52625,,,NONE,,8.39825,2.623,339.403,342.86,33.02725,352.87244,700.0,UPPER,DERIVED_MOCK_TEST,371.47375,1.0302,0.2,TEAM_PLACEHOLDER_v0_UNVALIDATED,PASS,B_OK,False,Huber,b1-v0.3,b1-contract-0.6,SIH26170-MOCK-02
C0332,L006,CMOS_A,Supply_Current_ICC_uA,uA,334.985,328.417,340.69369,,,NONE,,5.70869,1.704,339.403,342.86,33.02725,352.87244,700.0,UPPER,DERIVED_MOCK_TEST,359.30631,0.9964,0.2,TEAM_PLACEHOLDER_v0_UNVALIDATED,PASS,B_OK,False,Huber,b1-v0.3,b1-contract-0.6,SIH26170-MOCK-02
C0333,L006,CMOS_A,Supply_Current_ICC_uA,uA,340.403,339.063,350.40067,,,NONE,,9.99767,2.937,339.403,342.86,33.02725,352.87244,700.0,UPPER,DERIVED_MOCK_TEST,349.59933,0.9695,0.2,TEAM_PLACEHOLDER_v0_UNVALIDATED,PASS,B_OK,False,Huber,b1-v0.3,b1-contract-0.6,SIH26170-MOCK-02
C0538,L011,CMOS_B,Supply_Current_ICC_uA,uA,165.635,168.523,173.66616,,,NONE,,8.03116,4.849,196.37,197.8095,22.94025,204.10272,400.0,UPPER,DERIVED_MOCK_TEST,226.33384,1.1115,0.2,TEAM_PLACEHOLDER_v0_UNVALIDATED,PASS,B_OK,False,Huber,b1-v0.3,b1-contract-0.6,SIH26170-MOCK-02
C0539,L011,CMOS_B,Supply_Current_ICC_uA,uA,174.288,169.885,177.4446,,,NONE,,3.1566,1.811,196.37,197.8095,22.94025,204.10272,400.0,UPPER,DERIVED_MOCK_TEST,222.5554,1.0929,0.2,TEAM_PLACEHOLDER_v0_UNVALIDATED,PASS,B_OK,False,Huber,b1-v0.3,b1-contract-0.6,SIH26170-MOCK-02
C0540,L011,CMOS_B,Supply_Current_ICC_uA,uA,180.563,181.545,187.48949,,,NONE,,6.92649,3.836,196.37,197.8095,22.94025,204.10272,400.0,UPPER,DERIVED_MOCK_TEST,212.51051,1.0436,0.2,TEAM_PLACEHOLDER_v0_UNVALIDATED,PASS,B_OK,False,Huber,b1-v0.3,b1-contract-0.6,SIH26170-MOCK-02
C0541,L011,CMOS_B,Supply_Current_ICC_uA,uA,182.06,185.372,190.60064,,,NONE,,8.54064,4.691,196.37,197.8095,22.94025,204.10272,400.0,UPPER,DERIVED_MOCK_TEST,209.39936,1.0283,0.2,TEAM_PLACEHOLDER_v0_UNVALIDATED,PASS,B_OK,False,Huber,b1-v0.3,b1-contract-0.6,SIH26170-MOCK-02
C0542,L011,CMOS_B,Supply_Current_ICC_uA,uA,197.861,197.701,204.23922,,,NONE,,6.37822,3.224,196.37,197.8095,22.94025,204.10272,400.0,UPPER,DERIVED_MOCK_TEST,195.76078,0.9614,0.2,TEAM_PLACEHOLDER_v0_UNVALIDATED,PASS,B_OK,False,Huber,b1-v0.3,b1-contract-0.6,SIH26170-MOCK-02
C0543,L011,CMOS_B,Supply_Current_ICC_uA,uA,171.243,171.46,177.52063,,,NONE,,6.27763,3.666,196.37,197.8095,22.94025,204.10272,400.0,UPPER,DERIVED_MOCK_TEST,222.47937,1.0926,0.2,TEAM_PLACEHOLDER_v0_UNVALIDATED,PASS,B_OK,False,Huber,b1-v0.3,b1-contract-0.6,SIH26170-MOCK-02
C0544,L011,CMOS_B,Supply_Current_ICC_uA,uA,196.083,192.506,200.10113,,,NONE,,4.01813,2.049,196.37,197.8095,22.94025,204.10272,400.0,UPPER,DERIVED_MOCK_TEST,199.89887,0.9817,0.2,TEAM_PLACEHOLDER_v0_UNVALIDATED,PASS,B_OK,False,Huber,b1-v0.3,b1-contract-0.6,SIH26170-MOCK-02
C0545,L011,CMOS_B,Supply_Current_ICC_uA,uA,209.935,213.336,218.9091,,,NONE,,8.9741,4.275,196.37,197.8095,22.94025,204.10272,400.0,UPPER,DERIVED_MOCK_TEST,181.0909,0.8893,0.2,TEAM_PLACEHOLDER_v0_UNVALIDATED,PASS,B_OK,False,Huber,b1-v0.3,b1-contract-0.6,SIH26170-MOCK-02
C0546,L011,CMOS_B,Supply_Current_ICC_uA,uA,201.568,201.114,207.79522,,,NONE,,6.22722,3.089,196.37,197.8095,22.94025,204.10272,400.0,UPPER,DERIVED_MOCK_TEST,192.20478,0.9439,0.2,TEAM_PLACEHOLDER_v0_UNVALIDATED,PASS,B_OK,False,Huber,b1-v0.3,b1-contract-0.6,SIH26170-MOCK-02
C0547,L011,CMOS_B,Supply_Current_ICC_uA,uA,190.587,202.093,204.84503,,,NONE,,14.25803,7.481,196.37,197.8095,22.94025,204.10272,400.0,UPPER,DERIVED_MOCK_TEST,195.15497,0.9584,0.2,TEAM_PLACEHOLDER_v0_UNVALIDATED,PASS,B_OK,False,Huber,b1-v0.3,b1-contract-0.6,SIH26170-MOCK-02
C0548,L011,CMOS_B,Supply_Current_ICC_uA,uA,194.651,194.166,200.76376,,,NONE,,6.11276,3.14,196.37,197.8095,22.94025,204.10272,400.0,UPPER,DERIVED_MOCK_TEST,199.23624,0.9784,0.2,TEAM_PLACEHOLDER_v0_UNVALIDATED,PASS,B_OK,False,Huber,b1-v0.3,b1-contract-0.6,SIH26170-MOCK-02
C0549,L011,CMOS_B,Supply_Current_ICC_uA,uA,193.513,187.43,195.78273,,,NONE,,2.26973,1.173,196.37,197.8095,22.94025,204.10272,400.0,UPPER,DERIVED_MOCK_TEST,204.21727,1.0029,0.2,TEAM_PLACEHOLDER_v0_UNVALIDATED,PASS,B_OK,False,Huber,b1-v0.3,b1-contract-0.6,SIH26170-MOCK-02
C0550,L011,CMOS_B,Supply_Current_ICC_uA,uA,201.181,202.59,208.67642,,,NONE,,7.49542,3.726,196.37,197.8095,22.94025,204.10272,400.0,UPPER,DERIVED_MOCK_TEST,191.32358,0.9396,0.2,TEAM_PLACEHOLDER_v0_UNVALIDATED,PASS,B_OK,False,Huber,b1-v0.3,b1-contract-0.6,SIH26170-MOCK-02
C0551,L011,CMOS_B,Supply_Current_ICC_uA,uA,176.942,174.745,181.64439,,,NONE,,4.70239,2.658,196.37,197.8095,22.94025,204.10272,400.0,UPPER,DERIVED_MOCK_TEST,218.35561,1.0723,0.2,TEAM_PLACEHOLDER_v0_UNVALIDATED,PASS,B_OK,False,Huber,b1-v0.3,b1-contract-0.6,SIH26170-MOCK-02
C0552,L011,CMOS_B,Supply_Current_ICC_uA,uA,184.725,197.122,199.51577,,,NONE,,14.79077,8.007,196.37,197.8095,22.94025,204.10272,400.0,UPPER,DERIVED_MOCK_TEST,200.48423,0.9846,0.2,TEAM_PLACEHOLDER_v0_UNVALIDATED,PASS,B_OK,False,Huber,b1-v0.3,b1-contract-0.6,SIH26170-MOCK-02
C0553,L011,CMOS_B,Supply_Current_ICC_uA,uA,230.023,227.6,235.28935,,,NONE,,5.26635,2.289,196.37,197.8095,22.94025,204.10272,400.0,UPPER,DERIVED_MOCK_TEST,164.71065,0.8089,0.2,TEAM_PLACEHOLDER_v0_UNVALIDATED,PASS,B_OK,False,Huber,b1-v0.3,b1-contract-0.6,SIH26170-MOCK-02
C0554,L011,CMOS_B,Supply_Current_ICC_uA,uA,197.902,197.837,204.34572,,,NONE,,6.44372,3.256,196.37,197.8095,22.94025,204.10272,400.0,UPPER,DERIVED_MOCK_TEST,195.65428,0.9608,0.2,TEAM_PLACEHOLDER_v0_UNVALIDATED,PASS,B_OK,False,Huber,b1-v0.3,b1-contract-0.6,SIH26170-MOCK-02
C0555,L011,CMOS_B,Supply_Current_ICC_uA,uA,197.244,197.782,204.0911,,,NONE,,6.8471,3.471,196.37,197.8095,22.94025,204.10272,400.0,UPPER,DERIVED_MOCK_TEST,195.9089,0.9621,0.2,TEAM_PLACEHOLDER_v0_UNVALIDATED,PASS,B_OK,False,Huber,b1-v0.3,b1-contract-0.6,SIH26170-MOCK-02
C0556,L011,CMOS_B,Supply_Current_ICC_uA,uA,180.091,180.876,186.87636,,,NONE,,6.78536,3.768,196.37,197.8095,22.94025,204.10272,400.0,UPPER,DERIVED_MOCK_TEST,213.12364,1.0466,0.2,TEAM_PLACEHOLDER_v0_UNVALIDATED,PASS,B_OK,False,Huber,b1-v0.3,b1-contract-0.6,SIH26170-MOCK-02
C0557,L011,CMOS_B,Supply_Current_ICC_uA,uA,205.357,212.308,216.69598,,,NONE,,11.33898,5.522,196.37,197.8095,22.94025,204.10272,400.0,UPPER,DERIVED_MOCK_TEST,183.30402,0.9002,0.2,TEAM_PLACEHOLDER_v0_UNVALIDATED,PASS,B_OK,False,Huber,b1-v0.3,b1-contract-0.6,SIH26170-MOCK-02
C0558,L011,CMOS_B,Supply_Current_ICC_uA,uA,227.719,231.246,237.01721,,,NONE,,9.29821,4.083,196.37,197.8095,22.94025,204.10272,400.0,UPPER,DERIVED_MOCK_TEST,162.98279,0.8004,0.2,TEAM_PLACEHOLDER_v0_UNVALIDATED,PASS,B_OK,False,Huber,b1-v0.3,b1-contract-0.6,SIH26170-MOCK-02
C0559,L011,CMOS_B,Supply_Current_ICC_uA,uA,194.729,195.568,201.74806,,,NONE,,7.01906,3.605,196.37,197.8095,22.94025,204.10272,400.0,UPPER,DERIVED_MOCK_TEST,198.25194,0.9736,0.2,TEAM_PLACEHOLDER_v0_UNVALIDATED,PASS,B_OK,False,Huber,b1-v0.3,b1-contract-0.6,SIH26170-MOCK-02
C0560,L011,CMOS_B,Supply_Current_ICC_uA,uA,192.922,191.651,198.474,,,NONE,,5.552,2.878,196.37,197.8095,22.94025,204.10272,400.0,UPPER,DERIVED_MOCK_TEST,201.526,0.9897,0.2,TEAM_PLACEHOLDER_v0_UNVALIDATED,PASS,B_OK,False,Huber,b1-v0.3,b1-contract-0.6,SIH26170-MOCK-02
C0561,L011,CMOS_B,Supply_Current_ICC_uA,uA,178.281,183.787,188.27248,,,NONE,,9.99148,5.604,196.37,197.8095,22.94025,204.10272,400.0,UPPER,DERIVED_MOCK_TEST,211.72752,1.0398,0.2,TEAM_PLACEHOLDER_v0_UNVALIDATED,PASS,B_OK,False,Huber,b1-v0.3,b1-contract-0.6,SIH26170-MOCK-02
C0562,L011,CMOS_B,Supply_Current_ICC_uA,uA,190.821,200.115,203.56943,,,NONE,,12.74843,6.681,196.37,197.8095,22.94025,204.10272,400.0,UPPER,DERIVED_MOCK_TEST,196.43057,0.9646,0.2,TEAM_PLACEHOLDER_v0_UNVALIDATED,PASS,B_OK,False,Huber,b1-v0.3,b1-contract-0.6,SIH26170-MOCK-02
C0563,L011,CMOS_B,Supply_Current_ICC_uA,uA,214.157,213.365,220.32301,,,NONE,,6.16601,2.879,196.37,197.8095,22.94025,204.10272,400.0,UPPER,DERIVED_MOCK_TEST,179.67699,0.8824,0.2,TEAM_PLACEHOLDER_v0_UNVALIDATED,PASS,B_OK,False,Huber,b1-v0.3,b1-contract-0.6,SIH26170-MOCK-02
C0564,L011,CMOS_B,Supply_Current_ICC_uA,uA,210.019,211.854,217.9242,,,NONE,,7.9052,3.764,196.37,197.8095,22.94025,204.10272,400.0,UPPER,DERIVED_MOCK_TEST,182.0758,0.8942,0.2,TEAM_PLACEHOLDER_v0_UNVALIDATED,PASS,B_OK,False,Huber,b1-v0.3,b1-contract-0.6,SIH26170-MOCK-02
C0565,L011,CMOS_B,Supply_Current_ICC_uA,uA,196.657,197.523,203.72044,,,NONE,,7.06344,3.592,196.37,197.8095,22.94025,204.10272,400.0,UPPER,DERIVED_MOCK_TEST,196.27956,0.9639,0.2,TEAM_PLACEHOLDER_v0_UNVALIDATED,PASS,B_OK,False,Huber,b1-v0.3,b1-contract-0.6,SIH26170-MOCK-02
C0566,L011,CMOS_B,Supply_Current_ICC_uA,uA,198.041,198.29,204.70125,,,NONE,,6.66025,3.363,196.37,197.8095,22.94025,204.10272,400.0,UPPER,DERIVED_MOCK_TEST,195.29875,0.9591,0.2,TEAM_PLACEHOLDER_v0_UNVALIDATED,PASS,B_OK,False,Huber,b1-v0.3,b1-contract-0.6,SIH26170-MOCK-02
C0567,L011,CMOS_B,Supply_Current_ICC_uA,uA,192.027,200.331,204.11435,,,NONE,,12.08735,6.295,196.37,197.8095,22.94025,204.10272,400.0,UPPER,DERIVED_MOCK_TEST,195.88565,0.962,0.2,TEAM_PLACEHOLDER_v0_UNVALIDATED,PASS,B_OK,False,Huber,b1-v0.3,b1-contract-0.6,SIH26170-MOCK-02
C0568,L011,CMOS_B,Supply_Current_ICC_uA,uA,205.041,205.252,211.76951,,,NONE,,6.72851,3.282,196.37,197.8095,22.94025,204.10272,400.0,UPPER,DERIVED_MOCK_TEST,188.23049,0.9244,0.2,TEAM_PLACEHOLDER_v0_UNVALIDATED,PASS,B_OK,False,Huber,b1-v0.3,b1-contract-0.6,SIH26170-MOCK-02
C0569,L011,CMOS_B,Supply_Current_ICC_uA,uA,209.523,207.286,214.63913,,,NONE,,5.11613,2.442,196.37,197.8095,22.94025,204.10272,400.0,UPPER,DERIVED_MOCK_TEST,185.36087,0.9103,0.2,TEAM_PLACEHOLDER_v0_UNVALIDATED,PASS,B_OK,False,Huber,b1-v0.3,b1-contract-0.6,SIH26170-MOCK-02
C0570,L011,CMOS_B,Supply_Current_ICC_uA,uA,205.332,207.768,213.58503,,,NONE,,8.25303,4.019,196.37,197.8095,22.94025,204.10272,400.0,UPPER,DERIVED_MOCK_TEST,186.41497,0.9155,0.2,TEAM_PLACEHOLDER_v0_UNVALIDATED,PASS,B_OK,False,Huber,b1-v0.3,b1-contract-0.6,SIH26170-MOCK-02
C0571,L011,CMOS_B,Supply_Current_ICC_uA,uA,176.271,179.398,184.60775,,,NONE,,8.33675,4.73,196.37,197.8095,22.94025,204.10272,400.0,UPPER,DERIVED_MOCK_TEST,215.39225,1.0578,0.2,TEAM_PLACEHOLDER_v0_UNVALIDATED,PASS,B_OK,False,Huber,b1-v0.3,b1-contract-0.6,SIH26170-MOCK-02
C0572,L011,CMOS_B,Supply_Current_ICC_uA,uA,195.39,189.1,197.54384,,,NONE,,2.15384,1.102,196.37,197.8095,22.94025,204.10272,400.0,UPPER,DERIVED_MOCK_TEST,202.45616,0.9942,0.2,TEAM_PLACEHOLDER_v0_UNVALIDATED,PASS,B_OK,False,Huber,b1-v0.3,b1-contract-0.6,SIH26170-MOCK-02
C0573,L011,CMOS_B,Supply_Current_ICC_uA,uA,227.131,227.053,233.95958,,,NONE,,6.82858,3.006,196.37,197.8095,22.94025,204.10272,400.0,UPPER,DERIVED_MOCK_TEST,166.04042,0.8154,0.2,TEAM_PLACEHOLDER_v0_UNVALIDATED,PASS,B_OK,False,Huber,b1-v0.3,b1-contract-0.6,SIH26170-MOCK-02
C0574,L011,CMOS_B,Supply_Current_ICC_uA,uA,215.662,213.23,220.72796,,,NONE,,5.06596,2.349,196.37,197.8095,22.94025,204.10272,400.0,UPPER,DERIVED_MOCK_TEST,179.27204,0.8804,0.2,TEAM_PLACEHOLDER_v0_UNVALIDATED,PASS,B_OK,False,Huber,b1-v0.3,b1-contract-0.6,SIH26170-MOCK-02
C0575,L011,CMOS_B,Supply_Current_ICC_uA,uA,200.292,204.47,209.66825,,,NONE,,9.37625,4.681,196.37,197.8095,22.94025,204.10272,400.0,UPPER,DERIVED_MOCK_TEST,190.33175,0.9347,0.2,TEAM_PLACEHOLDER_v0_UNVALIDATED,PASS,B_OK,False,Huber,b1-v0.3,b1-contract-0.6,SIH26170-MOCK-02
C0576,L011,CMOS_B,Supply_Current_ICC_uA,uA,203.785,209.506,214.26246,,,NONE,,10.47746,5.141,196.37,197.8095,22.94025,204.10272,400.0,UPPER,DERIVED_MOCK_TEST,185.73754,0.9121,0.2,TEAM_PLACEHOLDER_v0_UNVALIDATED,PASS,B_OK,False,Huber,b1-v0.3,b1-contract-0.6,SIH26170-MOCK-02
C0577,L011,CMOS_B,Supply_Current_ICC_uA,uA,183.096,189.252,193.59605,,,NONE,,10.50005,5.735,196.37,197.8095,22.94025,204.10272,400.0,UPPER,DERIVED_MOCK_TEST,206.40395,1.0136,0.2,TEAM_PLACEHOLDER_v0_UNVALIDATED,PASS,B_OK,False,Huber,b1-v0.3,b1-contract-0.6,SIH26170-MOCK-02
C0578,L011,CMOS_B,Supply_Current_ICC_uA,uA,171.844,171.066,177.44863,,,NONE,,5.60463,3.261,196.37,197.8095,22.94025,204.10272,400.0,UPPER,DERIVED_MOCK_TEST,222.55137,1.0929,0.2,TEAM_PLACEHOLDER_v0_UNVALIDATED,PASS,B_OK,False,Huber,b1-v0.3,b1-contract-0.6,SIH26170-MOCK-02
C0579,L011,CMOS_B,Supply_Current_ICC_uA,uA,175.676,177.604,183.18425,,,NONE,,7.50825,4.274,196.37,197.8095,22.94025,204.10272,400.0,UPPER,DERIVED_MOCK_TEST,216.81575,1.0648,0.2,TEAM_PLACEHOLDER_v0_UNVALIDATED,PASS,B_OK,False,Huber,b1-v0.3,b1-contract-0.6,SIH26170-MOCK-02
C0580,L011,CMOS_B,Supply_Current_ICC_uA,uA,174.583,179.992,184.45904,,,NONE,,9.87604,5.657,196.37,197.8095,22.94025,204.10272,400.0,UPPER,DERIVED_MOCK_TEST,215.54096,1.0585,0.2,TEAM_PLACEHOLDER_v0_UNVALIDATED,PASS,B_OK,False,Huber,b1-v0.3,b1-contract-0.6,SIH26170-MOCK-02
C0581,L011,CMOS_B,Supply_Current_ICC_uA,uA,219.237,213.242,221.91759,,,NONE,,2.68059,1.223,196.37,197.8095,22.94025,204.10272,400.0,UPPER,DERIVED_MOCK_TEST,178.08241,0.8745,0.2,TEAM_PLACEHOLDER_v0_UNVALIDATED,PASS,B_OK,False,Huber,b1-v0.3,b1-contract-0.6,SIH26170-MOCK-02
C0582,L011,CMOS_B,Supply_Current_ICC_uA,uA,205.908,206.316,212.78282,,,NONE,,6.87482,3.339,196.37,197.8095,22.94025,204.10272,400.0,UPPER,DERIVED_MOCK_TEST,187.21718,0.9194,0.2,TEAM_PLACEHOLDER_v0_UNVALIDATED,PASS,B_OK,False,Huber,b1-v0.3,b1-contract-0.6,SIH26170-MOCK-02
C0583,L011,CMOS_B,Supply_Current_ICC_uA,uA,198.821,200.829,206.6942,,,NONE,,7.8732,3.96,196.37,197.8095,22.94025,204.10272,400.0,UPPER,DERIVED_MOCK_TEST,193.3058,0.9493,0.2,TEAM_PLACEHOLDER_v0_UNVALIDATED,PASS,B_OK,False,Huber,b1-v0.3,b1-contract-0.6,SIH26170-MOCK-02
C0584,L012,CMOS_B,Supply_Current_ICC_uA,uA,210.224,208.98,215.29199,,,NONE,,5.06799,2.411,185.6975,185.786,18.1205,191.97447,400.0,UPPER,DERIVED_MOCK_TEST,184.70801,0.8619,0.2,TEAM_PLACEHOLDER_v0_UNVALIDATED,PASS,B_OK,False,Huber,b1-v0.3,b1-contract-0.6,SIH26170-MOCK-02
C0585,L012,CMOS_B,Supply_Current_ICC_uA,uA,166.628,167.707,172.84988,,,NONE,,6.22188,3.734,185.6975,185.786,18.1205,191.97447,400.0,UPPER,DERIVED_MOCK_TEST,227.15012,1.06,0.2,TEAM_PLACEHOLDER_v0_UNVALIDATED,PASS,B_OK,False,Huber,b1-v0.3,b1-contract-0.6,SIH26170-MOCK-02
C0586,L012,CMOS_B,Supply_Current_ICC_uA,uA,173.1,168.036,175.18149,,,NONE,,2.08149,1.202,185.6975,185.786,18.1205,191.97447,400.0,UPPER,DERIVED_MOCK_TEST,224.81851,1.0491,0.2,TEAM_PLACEHOLDER_v0_UNVALIDATED,PASS,B_OK,False,Huber,b1-v0.3,b1-contract-0.6,SIH26170-MOCK-02
C0587,L012,CMOS_B,Supply_Current_ICC_uA,uA,185.052,192.652,195.91752,,,NONE,,10.86552,5.872,185.6975,185.786,18.1205,191.97447,400.0,UPPER,DERIVED_MOCK_TEST,204.08248,0.9523,0.2,TEAM_PLACEHOLDER_v0_UNVALIDATED,PASS,B_OK,False,Huber,b1-v0.3,b1-contract-0.6,SIH26170-MOCK-02
C0588,L012,CMOS_B,Supply_Current_ICC_uA,uA,183.681,182.33,188.40999,,,NONE,,4.72899,2.575,185.6975,185.786,18.1205,191.97447,400.0,UPPER,DERIVED_MOCK_TEST,211.59001,0.9873,0.2,TEAM_PLACEHOLDER_v0_UNVALIDATED,PASS,B_OK,False,Huber,b1-v0.3,b1-contract-0.6,SIH26170-MOCK-02
C0589,L012,CMOS_B,Supply_Current_ICC_uA,uA,189.348,192.094,196.93569,,,NONE,,7.58769,4.007,185.6975,185.786,18.1205,191.97447,400.0,UPPER,DERIVED_MOCK_TEST,203.06431,0.9476,0.2,TEAM_PLACEHOLDER_v0_UNVALIDATED,PASS,B_OK,False,Huber,b1-v0.3,b1-contract-0.6,SIH26170-MOCK-02
C0590,L012,CMOS_B,Supply_Current_ICC_uA,uA,200.559,202.809,207.91856,,,NONE,,7.35956,3.67,185.6975,185.786,18.1205,191.97447,400.0,UPPER,DERIVED_MOCK_TEST,192.08144,0.8963,0.2,TEAM_PLACEHOLDER_v0_UNVALIDATED,PASS,B_OK,False,Huber,b1-v0.3,b1-contract-0.6,SIH26170-MOCK-02
C0591,L012,CMOS_B,Supply_Current_ICC_uA,uA,198.844,200.159,205.54739,,,NONE,,6.70339,3.371,185.6975,185.786,18.1205,191.97447,400.0,UPPER,DERIVED_MOCK_TEST,194.45261,0.9074,0.2,TEAM_PLACEHOLDER_v0_UNVALIDATED,PASS,B_OK,False,Huber,b1-v0.3,b1-contract-0.6,SIH26170-MOCK-02
C0592,L012,CMOS_B,Supply_Current_ICC_uA,uA,184.882,185.086,190.68671,,,NONE,,5.80471,3.14,185.6975,185.786,18.1205,191.97447,400.0,UPPER,DERIVED_MOCK_TEST,209.31329,0.9767,0.2,TEAM_PLACEHOLDER_v0_UNVALIDATED,PASS,B_OK,False,Huber,b1-v0.3,b1-contract-0.6,SIH26170-MOCK-02
C0593,L012,CMOS_B,Supply_Current_ICC_uA,uA,179.284,176.338,182.87756,,,NONE,,3.59356,2.004,185.6975,185.786,18.1205,191.97447,400.0,UPPER,DERIVED_MOCK_TEST,217.12244,1.0132,0.2,TEAM_PLACEHOLDER_v0_UNVALIDATED,PASS,B_OK,False,Huber,b1-v0.3,b1-contract-0.6,SIH26170-MOCK-02
C0594,L012,CMOS_B,Supply_Current_ICC_uA,uA,188.174,185.089,191.76209,,,NONE,,3.58809,1.907,185.6975,185.786,18.1205,191.97447,400.0,UPPER,DERIVED_MOCK_TEST,208.23791,0.9717,0.2,TEAM_PLACEHOLDER_v0_UNVALIDATED,PASS,B_OK,False,Huber,b1-v0.3,b1-contract-0.6,SIH26170-MOCK-02
C0595,L012,CMOS_B,Supply_Current_ICC_uA,uA,190.082,190.748,196.2545,,,NONE,,6.1725,3.247,185.6975,185.786,18.1205,191.97447,400.0,UPPER,DERIVED_MOCK_TEST,203.7455,0.9507,0.2,TEAM_PLACEHOLDER_v0_UNVALIDATED,PASS,B_OK,False,Huber,b1-v0.3,b1-contract-0.6,SIH26170-MOCK-02
C0596,L012,CMOS_B,Supply_Current_ICC_uA,uA,201.125,205.636,210.03563,,,NONE,,8.91063,4.43,185.6975,185.786,18.1205,191.97447,400.0,UPPER,DERIVED_MOCK_TEST,189.96437,0.8864,0.2,TEAM_PLACEHOLDER_v0_UNVALIDATED,PASS,B_OK,False,Huber,b1-v0.3,b1-contract-0.6,SIH26170-MOCK-02
C0597,L012,CMOS_B,Supply_Current_ICC_uA,uA,180.439,178.675,184.85293,,,NONE,,4.41393,2.446,185.6975,185.786,18.1205,191.97447,400.0,UPPER,DERIVED_MOCK_TEST,215.14707,1.0039,0.2,TEAM_PLACEHOLDER_v0_UNVALIDATED,PASS,B_OK,False,Huber,b1-v0.3,b1-contract-0.6,SIH26170-MOCK-02
C0598,L012,CMOS_B,Supply_Current_ICC_uA,uA,176.061,179.93,184.28593,,,NONE,,8.22493,4.672,185.6975,185.786,18.1205,191.97447,400.0,UPPER,DERIVED_MOCK_TEST,215.71407,1.0066,0.2,TEAM_PLACEHOLDER_v0_UNVALIDATED,PASS,B_OK,False,Huber,b1-v0.3,b1-contract-0.6,SIH26170-MOCK-02
C0599,L012,CMOS_B,Supply_Current_ICC_uA,uA,186.343,190.189,194.65337,,,NONE,,8.31037,4.46,185.6975,185.786,18.1205,191.97447,400.0,UPPER,DERIVED_MOCK_TEST,205.34663,0.9582,0.2,TEAM_PLACEHOLDER_v0_UNVALIDATED,PASS,B_OK,False,Huber,b1-v0.3,b1-contract-0.6,SIH26170-MOCK-02
C0600,L012,CMOS_B,Supply_Current_ICC_uA,uA,178.399,177.439,183.34259,,,NONE,,4.94359,2.771,185.6975,185.786,18.1205,191.97447,400.0,UPPER,DERIVED_MOCK_TEST,216.65741,1.011,0.2,TEAM_PLACEHOLDER_v0_UNVALIDATED,PASS,B_OK,False,Huber,b1-v0.3,b1-contract-0.6,SIH26170-MOCK-02
C0601,L012,CMOS_B,Supply_Current_ICC_uA,uA,173.562,170.535,177.04241,,,NONE,,3.48041,2.005,185.6975,185.786,18.1205,191.97447,400.0,UPPER,DERIVED_MOCK_TEST,222.95759,1.0404,0.2,TEAM_PLACEHOLDER_v0_UNVALIDATED,PASS,B_OK,False,Huber,b1-v0.3,b1-contract-0.6,SIH26170-MOCK-02
C0602,L012,CMOS_B,Supply_Current_ICC_uA,uA,176.293,175.597,181.39618,,,NONE,,5.10318,2.895,185.6975,185.786,18.1205,191.97447,400.0,UPPER,DERIVED_MOCK_TEST,218.60382,1.0201,0.2,TEAM_PLACEHOLDER_v0_UNVALIDATED,PASS,B_OK,False,Huber,b1-v0.3,b1-contract-0.6,SIH26170-MOCK-02
C0603,L012,CMOS_B,Supply_Current_ICC_uA,uA,199.015,198.386,204.39119,,,NONE,,5.37619,2.701,185.6975,185.786,18.1205,191.97447,400.0,UPPER,DERIVED_MOCK_TEST,195.60881,0.9128,0.2,TEAM_PLACEHOLDER_v0_UNVALIDATED,PASS,B_OK,False,Huber,b1-v0.3,b1-contract-0.6,SIH26170-MOCK-02
C0604,L012,CMOS_B,Supply_Current_ICC_uA,uA,159.014,155.467,161.99119,,,NONE,,2.97719,1.872,185.6975,185.786,18.1205,191.97447,400.0,UPPER,DERIVED_MOCK_TEST,238.00881,1.1106,0.2,TEAM_PLACEHOLDER_v0_UNVALIDATED,PASS,B_OK,False,Huber,b1-v0.3,b1-contract-0.6,SIH26170-MOCK-02
C0605,L012,CMOS_B,Supply_Current_ICC_uA,uA,187.958,186.569,192.70387,,,NONE,,4.74587,2.525,185.6975,185.786,18.1205,191.97447,400.0,UPPER,DERIVED_MOCK_TEST,207.29613,0.9673,0.2,TEAM_PLACEHOLDER_v0_UNVALIDATED,PASS,B_OK,False,Huber,b1-v0.3,b1-contract-0.6,SIH26170-MOCK-02
C0606,L012,CMOS_B,Supply_Current_ICC_uA,uA,187.97,186.832,192.88766,,,NONE,,4.91766,2.616,185.6975,185.786,18.1205,191.97447,400.0,UPPER,DERIVED_MOCK_TEST,207.11234,0.9664,0.2,TEAM_PLACEHOLDER_v0_UNVALIDATED,PASS,B_OK,False,Huber,b1-v0.3,b1-contract-0.6,SIH26170-MOCK-02
C0607,L012,CMOS_B,Supply_Current_ICC_uA,uA,155.445,162.603,165.72133,,,NONE,,10.27633,6.611,185.6975,185.786,18.1205,191.97447,400.0,UPPER,DERIVED_MOCK_TEST,234.27867,1.0932,0.2,TEAM_PLACEHOLDER_v0_UNVALIDATED,PASS,B_OK,False,Huber,b1-v0.3,b1-contract-0.6,SIH26170-MOCK-02
C0608,L012,CMOS_B,Supply_Current_ICC_uA,uA,184.748,188.903,193.25403,,,NONE,,8.50603,4.604,185.6975,185.786,18.1205,191.97447,400.0,UPPER,DERIVED_MOCK_TEST,206.74597,0.9647,0.2,TEAM_PLACEHOLDER_v0_UNVALIDATED,PASS,B_OK,False,Huber,b1-v0.3,b1-contract-0.6,SIH26170-MOCK-02
C0609,L012,CMOS_B,Supply_Current_ICC_uA,uA,171.837,174.379,179.11206,,,NONE,,7.27506,4.234,185.6975,185.786,18.1205,191.97447,400.0,UPPER,DERIVED_MOCK_TEST,220.88794,1.0307,0.2,TEAM_PLACEHOLDER_v0_UNVALIDATED,PASS,B_OK,False,Huber,b1-v0.3,b1-contract-0.6,SIH26170-MOCK-02
C0610,L012,CMOS_B,Supply_Current_ICC_uA,uA,195.414,194.116,200.2968,,,NONE,,4.8828,2.499,185.6975,185.786,18.1205,191.97447,400.0,UPPER,DERIVED_MOCK_TEST,199.7032,0.9319,0.2,TEAM_PLACEHOLDER_v0_UNVALIDATED,PASS,B_OK,False,Huber,b1-v0.3,b1-contract-0.6,SIH26170-MOCK-02
C0611,L012,CMOS_B,Supply_Current_ICC_uA,uA,182.482,184.521,189.51815,,,NONE,,7.03615,3.856,185.6975,185.786,18.1205,191.97447,400.0,UPPER,DERIVED_MOCK_TEST,210.48185,0.9822,0.2,TEAM_PLACEHOLDER_v0_UNVALIDATED,PASS,B_OK,False,Huber,b1-v0.3,b1-contract-0.6,SIH26170-MOCK-02
C0612,L012,CMOS_B,Supply_Current_ICC_uA,uA,183.497,185.624,190.6034,,,NONE,,7.1064,3.873,185.6975,185.786,18.1205,191.97447,400.0,UPPER,DERIVED_MOCK_TEST,209.3966,0.9771,0.2,TEAM_PLACEHOLDER_v0_UNVALIDATED,PASS,B_OK,False,Huber,b1-v0.3,b1-contract-0.6,SIH26170-MOCK-02
C0613,L012,CMOS_B,Supply_Current_ICC_uA,uA,198.192,195.777,202.33902,,,NONE,,4.14702,2.092,185.6975,185.786,18.1205,191.97447,400.0,UPPER,DERIVED_MOCK_TEST,197.66098,0.9223,0.2,TEAM_PLACEHOLDER_v0_UNVALIDATED,PASS,B_OK,False,Huber,b1-v0.3,b1-contract-0.6,SIH26170-MOCK-02
C0614,L012,CMOS_B,Supply_Current_ICC_uA,uA,212.109,210.765,217.12753,,,NONE,,5.01853,2.366,185.6975,185.786,18.1205,191.97447,400.0,UPPER,DERIVED_MOCK_TEST,182.87247,0.8533,0.2,TEAM_PLACEHOLDER_v0_UNVALIDATED,PASS,B_OK,False,Huber,b1-v0.3,b1-contract-0.6,SIH26170-MOCK-02
C0615,L012,CMOS_B,Supply_Current_ICC_uA,uA,162.03,166.381,170.44728,,,NONE,,8.41728,5.195,185.6975,185.786,18.1205,191.97447,400.0,UPPER,DERIVED_MOCK_TEST,229.55272,1.0712,0.2,TEAM_PLACEHOLDER_v0_UNVALIDATED,PASS,B_OK,False,Huber,b1-v0.3,b1-contract-0.6,SIH26170-MOCK-02
C0616,L012,CMOS_B,Supply_Current_ICC_uA,uA,209.241,209.805,215.53457,,,NONE,,6.29357,3.008,185.6975,185.786,18.1205,191.97447,400.0,UPPER,DERIVED_MOCK_TEST,184.46543,0.8608,0.2,TEAM_PLACEHOLDER_v0_UNVALIDATED,PASS,B_OK,False,Huber,b1-v0.3,b1-contract-0.6,SIH26170-MOCK-02
C0617,L012,CMOS_B,Supply_Current_ICC_uA,uA,187.675,185.948,192.18686,,,NONE,,4.51186,2.404,185.6975,185.786,18.1205,191.97447,400.0,UPPER,DERIVED_MOCK_TEST,207.81314,0.9697,0.2,TEAM_PLACEHOLDER_v0_UNVALIDATED,PASS,B_OK,False,Huber,b1-v0.3,b1-contract-0.6,SIH26170-MOCK-02
C0618,L012,CMOS_B,Supply_Current_ICC_uA,uA,208.236,208.824,214.53596,,,NONE,,6.29996,3.025,185.6975,185.786,18.1205,191.97447,400.0,UPPER,DERIVED_MOCK_TEST,185.46404,0.8654,0.2,TEAM_PLACEHOLDER_v0_UNVALIDATED,PASS,B_OK,False,Huber,b1-v0.3,b1-contract-0.6,SIH26170-MOCK-02
C0619,L012,CMOS_B,Supply_Current_ICC_uA,uA,197.73,199.883,204.99521,,,NONE,,7.26521,3.674,185.6975,185.786,18.1205,191.97447,400.0,UPPER,DERIVED_MOCK_TEST,195.00479,0.91,0.2,TEAM_PLACEHOLDER_v0_UNVALIDATED,PASS,B_OK,False,Huber,b1-v0.3,b1-contract-0.6,SIH26170-MOCK-02
C0620,L012,CMOS_B,Supply_Current_ICC_uA,uA,187.3,181.607,189.09552,,,NONE,,1.79552,0.959,185.6975,185.786,18.1205,191.97447,400.0,UPPER,DERIVED_MOCK_TEST,210.90448,0.9841,0.2,TEAM_PLACEHOLDER_v0_UNVALIDATED,PASS,B_OK,False,Huber,b1-v0.3,b1-contract-0.6,SIH26170-MOCK-02
C0621,L012,CMOS_B,Supply_Current_ICC_uA,uA,180.175,184.406,188.68807,,,NONE,,8.51307,4.725,185.6975,185.786,18.1205,191.97447,400.0,UPPER,DERIVED_MOCK_TEST,211.31193,0.986,0.2,TEAM_PLACEHOLDER_v0_UNVALIDATED,PASS,B_OK,False,Huber,b1-v0.3,b1-contract-0.6,SIH26170-MOCK-02
C0622,L012,CMOS_B,Supply_Current_ICC_uA,uA,181.585,179.029,185.46858,,,NONE,,3.88358,2.139,185.6975,185.786,18.1205,191.97447,400.0,UPPER,DERIVED_MOCK_TEST,214.53142,1.0011,0.2,TEAM_PLACEHOLDER_v0_UNVALIDATED,PASS,B_OK,False,Huber,b1-v0.3,b1-contract-0.6,SIH26170-MOCK-02
C0623,L012,CMOS_B,Supply_Current_ICC_uA,uA,192.849,195.386,200.3284,,,NONE,,7.4794,3.878,185.6975,185.786,18.1205,191.97447,400.0,UPPER,DERIVED_MOCK_TEST,199.6716,0.9317,0.2,TEAM_PLACEHOLDER_v0_UNVALIDATED,PASS,B_OK,False,Huber,b1-v0.3,b1-contract-0.6,SIH26170-MOCK-02
C0624,L012,CMOS_B,Supply_Current_ICC_uA,uA,166.077,163.269,169.63179,,,NONE,,3.55479,2.14,185.6975,185.786,18.1205,191.97447,400.0,UPPER,DERIVED_MOCK_TEST,230.36821,1.075,0.2,TEAM_PLACEHOLDER_v0_UNVALIDATED,PASS,B_OK,False,Huber,b1-v0.3,b1-contract-0.6,SIH26170-MOCK-02
C0625,L012,CMOS_B,Supply_Current_ICC_uA,uA,176.192,177.051,182.35833,,,NONE,,6.16633,3.5,185.6975,185.786,18.1205,191.97447,400.0,UPPER,DERIVED_MOCK_TEST,217.64167,1.0156,0.2,TEAM_PLACEHOLDER_v0_UNVALIDATED,PASS,B_OK,False,Huber,b1-v0.3,b1-contract-0.6,SIH26170-MOCK-02
C0626,L012,CMOS_B,Supply_Current_ICC_uA,uA,209.977,212.837,217.84674,,,NONE,,7.86974,3.748,185.6975,185.786,18.1205,191.97447,400.0,UPPER,DERIVED_MOCK_TEST,182.15326,0.85,0.2,TEAM_PLACEHOLDER_v0_UNVALIDATED,PASS,B_OK,False,Huber,b1-v0.3,b1-contract-0.6,SIH26170-MOCK-02
C0627,L012,CMOS_B,Supply_Current_ICC_uA,uA,190.04,192.81,197.65094,,,NONE,,7.61094,4.005,185.6975,185.786,18.1205,191.97447,400.0,UPPER,DERIVED_MOCK_TEST,202.34906,0.9442,0.2,TEAM_PLACEHOLDER_v0_UNVALIDATED,PASS,B_OK,False,Huber,b1-v0.3,b1-contract-0.6,SIH26170-MOCK-02
C0843,L017,CMOS_C,Supply_Current_ICC_uA,uA,295.509,300.508,309.49532,,,NONE,,13.98632,4.733,266.948,269.326,27.33625,278.2839,500.0,UPPER,DERIVED_MOCK_TEST,190.50468,0.8174,0.2,TEAM_PLACEHOLDER_v0_UNVALIDATED,PASS,B_OK,False,Huber,b1-v0.3,b1-contract-0.6,SIH26170-MOCK-02
C0844,L017,CMOS_C,Supply_Current_ICC_uA,uA,267.804,269.279,277.99576,,,NONE,,10.19176,3.806,266.948,269.326,27.33625,278.2839,500.0,UPPER,DERIVED_MOCK_TEST,222.00424,0.9526,0.2,TEAM_PLACEHOLDER_v0_UNVALIDATED,PASS,B_OK,False,Huber,b1-v0.3,b1-contract-0.6,SIH26170-MOCK-02
C0845,L017,CMOS_C,Supply_Current_ICC_uA,uA,288.849,286.788,296.85822,,,NONE,,8.00922,2.773,266.948,269.326,27.33625,278.2839,500.0,UPPER,DERIVED_MOCK_TEST,203.14178,0.8717,0.2,TEAM_PLACEHOLDER_v0_UNVALIDATED,PASS,B_OK,False,Huber,b1-v0.3,b1-contract-0.6,SIH26170-MOCK-02
C0846,L017,CMOS_C,Supply_Current_ICC_uA,uA,259.122,260.545,268.98253,,,NONE,,9.86053,3.805,266.948,269.326,27.33625,278.2839,500.0,UPPER,DERIVED_MOCK_TEST,231.01747,0.9913,0.2,TEAM_PLACEHOLDER_v0_UNVALIDATED,PASS,B_OK,False,Huber,b1-v0.3,b1-contract-0.6,SIH26170-MOCK-02
C0847,L017,CMOS_C,Supply_Current_ICC_uA,uA,256.267,258.662,266.82497,,,NONE,,10.55797,4.12,266.948,269.326,27.33625,278.2839,500.0,UPPER,DERIVED_MOCK_TEST,233.17503,1.0005,0.2,TEAM_PLACEHOLDER_v0_UNVALIDATED,PASS,B_OK,False,Huber,b1-v0.3,b1-contract-0.6,SIH26170-MOCK-02
C0848,L017,CMOS_C,Supply_Current_ICC_uA,uA,283.405,284.545,293.84267,,,NONE,,10.43767,3.683,266.948,269.326,27.33625,278.2839,500.0,UPPER,DERIVED_MOCK_TEST,206.15733,0.8846,0.2,TEAM_PLACEHOLDER_v0_UNVALIDATED,PASS,B_OK,False,Huber,b1-v0.3,b1-contract-0.6,SIH26170-MOCK-02
C0849,L017,CMOS_C,Supply_Current_ICC_uA,uA,284.173,280.265,290.52091,,,NONE,,6.34791,2.234,266.948,269.326,27.33625,278.2839,500.0,UPPER,DERIVED_MOCK_TEST,209.47909,0.8989,0.2,TEAM_PLACEHOLDER_v0_UNVALIDATED,PASS,B_OK,False,Huber,b1-v0.3,b1-contract-0.6,SIH26170-MOCK-02
C0850,L017,CMOS_C,Supply_Current_ICC_uA,uA,274.397,279.179,287.50408,,,NONE,,13.10708,4.777,266.948,269.326,27.33625,278.2839,500.0,UPPER,DERIVED_MOCK_TEST,212.49592,0.9118,0.2,TEAM_PLACEHOLDER_v0_UNVALIDATED,PASS,B_OK,False,Huber,b1-v0.3,b1-contract-0.6,SIH26170-MOCK-02
C0851,L017,CMOS_C,Supply_Current_ICC_uA,uA,281.957,283.285,292.49976,,,NONE,,10.54276,3.739,266.948,269.326,27.33625,278.2839,500.0,UPPER,DERIVED_MOCK_TEST,207.50024,0.8904,0.2,TEAM_PLACEHOLDER_v0_UNVALIDATED,PASS,B_OK,False,Huber,b1-v0.3,b1-contract-0.6,SIH26170-MOCK-02
C0852,L017,CMOS_C,Supply_Current_ICC_uA,uA,304.237,307.575,317.15958,,,NONE,,12.92258,4.248,266.948,269.326,27.33625,278.2839,500.0,UPPER,DERIVED_MOCK_TEST,182.84042,0.7845,0.2,TEAM_PLACEHOLDER_v0_UNVALIDATED,PASS,B_OK,False,Huber,b1-v0.3,b1-contract-0.6,SIH26170-MOCK-02
C0853,L017,CMOS_C,Supply_Current_ICC_uA,uA,261.306,266.667,274.44961,,,NONE,,13.14361,5.03,266.948,269.326,27.33625,278.2839,500.0,UPPER,DERIVED_MOCK_TEST,225.55039,0.9678,0.2,TEAM_PLACEHOLDER_v0_UNVALIDATED,PASS,B_OK,False,Huber,b1-v0.3,b1-contract-0.6,SIH26170-MOCK-02
C0854,L017,CMOS_C,Supply_Current_ICC_uA,uA,235.958,232.93,241.41923,,,NONE,,5.46123,2.314,266.948,269.326,27.33625,278.2839,500.0,UPPER,DERIVED_MOCK_TEST,258.58077,1.1095,0.2,TEAM_PLACEHOLDER_v0_UNVALIDATED,PASS,B_OK,False,Huber,b1-v0.3,b1-contract-0.6,SIH26170-MOCK-02
C0855,L017,CMOS_C,Supply_Current_ICC_uA,uA,257.456,254.232,263.47267,,,NONE,,6.01667,2.337,266.948,269.326,27.33625,278.2839,500.0,UPPER,DERIVED_MOCK_TEST,236.52733,1.0149,0.2,TEAM_PLACEHOLDER_v0_UNVALIDATED,PASS,B_OK,False,Huber,b1-v0.3,b1-contract-0.6,SIH26170-MOCK-02
C0856,L017,CMOS_C,Supply_Current_ICC_uA,uA,238.67,240.214,247.94879,,,NONE,,9.27879,3.888,266.948,269.326,27.33625,278.2839,500.0,UPPER,DERIVED_MOCK_TEST,252.05121,1.0815,0.2,TEAM_PLACEHOLDER_v0_UNVALIDATED,PASS,B_OK,False,Huber,b1-v0.3,b1-contract-0.6,SIH26170-MOCK-02
C0857,L017,CMOS_C,Supply_Current_ICC_uA,uA,282.542,284.329,293.47841,,,NONE,,10.93641,3.871,266.948,269.326,27.33625,278.2839,500.0,UPPER,DERIVED_MOCK_TEST,206.52159,0.8862,0.2,TEAM_PLACEHOLDER_v0_UNVALIDATED,PASS,B_OK,False,Huber,b1-v0.3,b1-contract-0.6,SIH26170-MOCK-02
C0858,L017,CMOS_C,Supply_Current_ICC_uA,uA,291.309,287.436,297.92286,,,NONE,,6.61386,2.27,266.948,269.326,27.33625,278.2839,500.0,UPPER,DERIVED_MOCK_TEST,202.07714,0.8671,0.2,TEAM_PLACEHOLDER_v0_UNVALIDATED,PASS,B_OK,False,Huber,b1-v0.3,b1-contract-0.6,SIH26170-MOCK-02
C0859,L017,CMOS_C,Supply_Current_ICC_uA,uA,236.886,241.119,248.29765,,,NONE,,11.41165,4.817,266.948,269.326,27.33625,278.2839,500.0,UPPER,DERIVED_MOCK_TEST,251.70235,1.08,0.2,TEAM_PLACEHOLDER_v0_UNVALIDATED,PASS,B_OK,False,Huber,b1-v0.3,b1-contract-0.6,SIH26170-MOCK-02
C0860,L017,CMOS_C,Supply_Current_ICC_uA,uA,261.893,259.131,268.43393,,,NONE,,6.54093,2.498,266.948,269.326,27.33625,278.2839,500.0,UPPER,DERIVED_MOCK_TEST,231.56607,0.9936,0.2,TEAM_PLACEHOLDER_v0_UNVALIDATED,PASS,B_OK,False,Huber,b1-v0.3,b1-contract-0.6,SIH26170-MOCK-02
C0861,L017,CMOS_C,Supply_Current_ICC_uA,uA,266.972,275.443,282.8395,,,NONE,,15.8675,5.944,266.948,269.326,27.33625,278.2839,500.0,UPPER,DERIVED_MOCK_TEST,217.1605,0.9318,0.2,TEAM_PLACEHOLDER_v0_UNVALIDATED,PASS,B_OK,False,Huber,b1-v0.3,b1-contract-0.6,SIH26170-MOCK-02
C0862,L017,CMOS_C,Supply_Current_ICC_uA,uA,252.036,259.635,266.69576,,,NONE,,14.65976,5.817,266.948,269.326,27.33625,278.2839,500.0,UPPER,DERIVED_MOCK_TEST,233.30424,1.0011,0.2,TEAM_PLACEHOLDER_v0_UNVALIDATED,PASS,B_OK,False,Huber,b1-v0.3,b1-contract-0.6,SIH26170-MOCK-02
C0863,L017,CMOS_C,Supply_Current_ICC_uA,uA,266.924,262.033,271.89666,,,NONE,,4.97266,1.863,266.948,269.326,27.33625,278.2839,500.0,UPPER,DERIVED_MOCK_TEST,228.10334,0.9788,0.2,TEAM_PLACEHOLDER_v0_UNVALIDATED,PASS,B_OK,False,Huber,b1-v0.3,b1-contract-0.6,SIH26170-MOCK-02
C0864,L017,CMOS_C,Supply_Current_ICC_uA,uA,273.478,277.85,286.22026,,,NONE,,12.74226,4.659,266.948,269.326,27.33625,278.2839,500.0,UPPER,DERIVED_MOCK_TEST,213.77974,0.9173,0.2,TEAM_PLACEHOLDER_v0_UNVALIDATED,PASS,B_OK,False,Huber,b1-v0.3,b1-contract-0.6,SIH26170-MOCK-02
C0865,L017,CMOS_C,Supply_Current_ICC_uA,uA,273.977,276.892,285.54806,,,NONE,,11.57106,4.223,266.948,269.326,27.33625,278.2839,500.0,UPPER,DERIVED_MOCK_TEST,214.45194,0.9202,0.2,TEAM_PLACEHOLDER_v0_UNVALIDATED,PASS,B_OK,False,Huber,b1-v0.3,b1-contract-0.6,SIH26170-MOCK-02
C0866,L017,CMOS_C,Supply_Current_ICC_uA,uA,307.444,313.671,322.82846,,,NONE,,15.38446,5.004,266.948,269.326,27.33625,278.2839,500.0,UPPER,DERIVED_MOCK_TEST,177.17154,0.7602,0.2,TEAM_PLACEHOLDER_v0_UNVALIDATED,PASS,B_OK,False,Huber,b1-v0.3,b1-contract-0.6,SIH26170-MOCK-02
C0867,L017,CMOS_C,Supply_Current_ICC_uA,uA,259.333,262.933,270.97534,,,NONE,,11.64234,4.489,266.948,269.326,27.33625,278.2839,500.0,UPPER,DERIVED_MOCK_TEST,229.02466,0.9827,0.2,TEAM_PLACEHOLDER_v0_UNVALIDATED,PASS,B_OK,False,Huber,b1-v0.3,b1-contract-0.6,SIH26170-MOCK-02
C0868,L017,CMOS_C,Supply_Current_ICC_uA,uA,295.353,296.292,306.02429,,,NONE,,10.67129,3.613,266.948,269.326,27.33625,278.2839,500.0,UPPER,DERIVED_MOCK_TEST,193.97571,0.8323,0.2,TEAM_PLACEHOLDER_v0_UNVALIDATED,PASS,B_OK,False,Huber,b1-v0.3,b1-contract-0.6,SIH26170-MOCK-02
C0869,L017,CMOS_C,Supply_Current_ICC_uA,uA,258.931,262.619,270.63171,,,NONE,,11.70071,4.519,266.948,269.326,27.33625,278.2839,500.0,UPPER,DERIVED_MOCK_TEST,229.36829,0.9842,0.2,TEAM_PLACEHOLDER_v0_UNVALIDATED,PASS,B_OK,False,Huber,b1-v0.3,b1-contract-0.6,SIH26170-MOCK-02
C0870,L017,CMOS_C,Supply_Current_ICC_uA,uA,287.36,287.569,297.17026,,,NONE,,9.81026,3.414,266.948,269.326,27.33625,278.2839,500.0,UPPER,DERIVED_MOCK_TEST,202.82974,0.8703,0.2,TEAM_PLACEHOLDER_v0_UNVALIDATED,PASS,B_OK,False,Huber,b1-v0.3,b1-contract-0.6,SIH26170-MOCK-02
C0871,L017,CMOS_C,Supply_Current_ICC_uA,uA,247.491,253.522,260.72126,,,NONE,,13.23026,5.346,266.948,269.326,27.33625,278.2839,500.0,UPPER,DERIVED_MOCK_TEST,239.27874,1.0267,0.2,TEAM_PLACEHOLDER_v0_UNVALIDATED,PASS,B_OK,False,Huber,b1-v0.3,b1-contract-0.6,SIH26170-MOCK-02
C0872,L017,CMOS_C,Supply_Current_ICC_uA,uA,259.859,257.994,267.06353,,,NONE,,7.20453,2.772,266.948,269.326,27.33625,278.2839,500.0,UPPER,DERIVED_MOCK_TEST,232.93647,0.9995,0.2,TEAM_PLACEHOLDER_v0_UNVALIDATED,PASS,B_OK,False,Huber,b1-v0.3,b1-contract-0.6,SIH26170-MOCK-02
C0873,L017,CMOS_C,Supply_Current_ICC_uA,uA,293.592,300.509,309.07816,,,NONE,,15.48616,5.275,266.948,269.326,27.33625,278.2839,500.0,UPPER,DERIVED_MOCK_TEST,190.92184,0.8192,0.2,TEAM_PLACEHOLDER_v0_UNVALIDATED,PASS,B_OK,False,Huber,b1-v0.3,b1-contract-0.6,SIH26170-MOCK-02
C0874,L017,CMOS_C,Supply_Current_ICC_uA,uA,236.825,241.464,248.56561,,,NONE,,11.74061,4.958,266.948,269.326,27.33625,278.2839,500.0,UPPER,DERIVED_MOCK_TEST,251.43439,1.0789,0.2,TEAM_PLACEHOLDER_v0_UNVALIDATED,PASS,B_OK,False,Huber,b1-v0.3,b1-contract-0.6,SIH26170-MOCK-02
C0875,L017,CMOS_C,Supply_Current_ICC_uA,uA,240.946,243.969,251.50626,,,NONE,,10.56026,4.383,266.948,269.326,27.33625,278.2839,500.0,UPPER,DERIVED_MOCK_TEST,248.49374,1.0663,0.2,TEAM_PLACEHOLDER_v0_UNVALIDATED,PASS,B_OK,False,Huber,b1-v0.3,b1-contract-0.6,SIH26170-MOCK-02
C0876,L017,CMOS_C,Supply_Current_ICC_uA,uA,282.556,282.682,292.13877,,,NONE,,9.58277,3.391,266.948,269.326,27.33625,278.2839,500.0,UPPER,DERIVED_MOCK_TEST,207.86123,0.8919,0.2,TEAM_PLACEHOLDER_v0_UNVALIDATED,PASS,B_OK,False,Huber,b1-v0.3,b1-contract-0.6,SIH26170-MOCK-02
C0877,L017,CMOS_C,Supply_Current_ICC_uA,uA,274.276,268.255,278.57204,,,NONE,,4.29604,1.566,266.948,269.326,27.33625,278.2839,500.0,UPPER,DERIVED_MOCK_TEST,221.42796,0.9501,0.2,TEAM_PLACEHOLDER_v0_UNVALIDATED,PASS,B_OK,False,Huber,b1-v0.3,b1-contract-0.6,SIH26170-MOCK-02
C0878,L017,CMOS_C,Supply_Current_ICC_uA,uA,237.733,242.526,249.62937,,,NONE,,11.89637,5.004,266.948,269.326,27.33625,278.2839,500.0,UPPER,DERIVED_MOCK_TEST,250.37063,1.0743,0.2,TEAM_PLACEHOLDER_v0_UNVALIDATED,PASS,B_OK,False,Huber,b1-v0.3,b1-contract-0.6,SIH26170-MOCK-02
C0879,L017,CMOS_C,Supply_Current_ICC_uA,uA,240.764,243.546,251.12173,,,NONE,,10.35773,4.302,266.948,269.326,27.33625,278.2839,500.0,UPPER,DERIVED_MOCK_TEST,248.87827,1.0679,0.2,TEAM_PLACEHOLDER_v0_UNVALIDATED,PASS,B_OK,False,Huber,b1-v0.3,b1-contract-0.6,SIH26170-MOCK-02
C0880,L017,CMOS_C,Supply_Current_ICC_uA,uA,263.983,272.273,279.60351,,,NONE,,15.62051,5.917,266.948,269.326,27.33625,278.2839,500.0,UPPER,DERIVED_MOCK_TEST,220.39649,0.9457,0.2,TEAM_PLACEHOLDER_v0_UNVALIDATED,PASS,B_OK,False,Huber,b1-v0.3,b1-contract-0.6,SIH26170-MOCK-02
C0881,L017,CMOS_C,Supply_Current_ICC_uA,uA,275.641,278.88,287.53156,,,NONE,,11.89056,4.314,266.948,269.326,27.33625,278.2839,500.0,UPPER,DERIVED_MOCK_TEST,212.46844,0.9117,0.2,TEAM_PLACEHOLDER_v0_UNVALIDATED,PASS,B_OK,False,Huber,b1-v0.3,b1-contract-0.6,SIH26170-MOCK-02
C0882,L017,CMOS_C,Supply_Current_ICC_uA,uA,232.111,234.276,241.67786,,,NONE,,9.56686,4.122,266.948,269.326,27.33625,278.2839,500.0,UPPER,DERIVED_MOCK_TEST,258.32214,1.1084,0.2,TEAM_PLACEHOLDER_v0_UNVALIDATED,PASS,B_OK,False,Huber,b1-v0.3,b1-contract-0.6,SIH26170-MOCK-02
C0883,L017,CMOS_C,Supply_Current_ICC_uA,uA,271.856,275.455,283.91412,,,NONE,,12.05812,4.435,266.948,269.326,27.33625,278.2839,500.0,UPPER,DERIVED_MOCK_TEST,216.08588,0.9272,0.2,TEAM_PLACEHOLDER_v0_UNVALIDATED,PASS,B_OK,False,Huber,b1-v0.3,b1-contract-0.6,SIH26170-MOCK-02
C0884,L017,CMOS_C,Supply_Current_ICC_uA,uA,250.346,251.722,259.87626,,,NONE,,9.53026,3.807,266.948,269.326,27.33625,278.2839,500.0,UPPER,DERIVED_MOCK_TEST,240.12374,1.0303,0.2,TEAM_PLACEHOLDER_v0_UNVALIDATED,PASS,B_OK,False,Huber,b1-v0.3,b1-contract-0.6,SIH26170-MOCK-02
C0885,L017,CMOS_C,Supply_Current_ICC_uA,uA,277.59,278.887,287.9622,,,NONE,,10.3722,3.737,266.948,269.326,27.33625,278.2839,500.0,UPPER,DERIVED_MOCK_TEST,212.0378,0.9098,0.2,TEAM_PLACEHOLDER_v0_UNVALIDATED,PASS,B_OK,False,Huber,b1-v0.3,b1-contract-0.6,SIH26170-MOCK-02
C0886,L017,CMOS_C,Supply_Current_ICC_uA,uA,256.386,269.373,275.583,,,NONE,,19.197,7.488,266.948,269.326,27.33625,278.2839,500.0,UPPER,DERIVED_MOCK_TEST,224.417,0.9629,0.2,TEAM_PLACEHOLDER_v0_UNVALIDATED,PASS,B_OK,False,Huber,b1-v0.3,b1-contract-0.6,SIH26170-MOCK-02
C0887,L018,CMOS_C,Supply_Current_ICC_uA,uA,272.931,278.189,286.37762,,,NONE,,13.44662,4.927,265.279,265.524,22.3085,274.12617,500.0,UPPER,DERIVED_MOCK_TEST,213.62238,0.9101,0.2,TEAM_PLACEHOLDER_v0_UNVALIDATED,PASS,B_OK,False,Huber,b1-v0.3,b1-contract-0.6,SIH26170-MOCK-02
C0888,L018,CMOS_C,Supply_Current_ICC_uA,uA,270.747,278.021,285.76448,,,NONE,,15.01748,5.547,265.279,265.524,22.3085,274.12617,500.0,UPPER,DERIVED_MOCK_TEST,214.23552,0.9127,0.2,TEAM_PLACEHOLDER_v0_UNVALIDATED,PASS,B_OK,False,Huber,b1-v0.3,b1-contract-0.6,SIH26170-MOCK-02
C0889,L018,CMOS_C,Supply_Current_ICC_uA,uA,250.843,256.708,264.04965,,,NONE,,13.20665,5.265,265.279,265.524,22.3085,274.12617,500.0,UPPER,DERIVED_MOCK_TEST,235.95035,1.0052,0.2,TEAM_PLACEHOLDER_v0_UNVALIDATED,PASS,B_OK,False,Huber,b1-v0.3,b1-contract-0.6,SIH26170-MOCK-02
C0890,L018,CMOS_C,Supply_Current_ICC_uA,uA,274.332,281.265,289.19075,,,NONE,,14.85875,5.416,265.279,265.524,22.3085,274.12617,500.0,UPPER,DERIVED_MOCK_TEST,210.80925,0.8981,0.2,TEAM_PLACEHOLDER_v0_UNVALIDATED,PASS,B_OK,False,Huber,b1-v0.3,b1-contract-0.6,SIH26170-MOCK-02
C0891,L018,CMOS_C,Supply_Current_ICC_uA,uA,250.539,252.519,260.56831,,,NONE,,10.02931,4.003,265.279,265.524,22.3085,274.12617,500.0,UPPER,DERIVED_MOCK_TEST,239.43169,1.0201,0.2,TEAM_PLACEHOLDER_v0_UNVALIDATED,PASS,B_OK,False,Huber,b1-v0.3,b1-contract-0.6,SIH26170-MOCK-02
C0892,L018,CMOS_C,Supply_Current_ICC_uA,uA,267.36,266.229,275.41271,,,NONE,,8.05271,3.012,265.279,265.524,22.3085,274.12617,500.0,UPPER,DERIVED_MOCK_TEST,224.58729,0.9568,0.2,TEAM_PLACEHOLDER_v0_UNVALIDATED,PASS,B_OK,False,Huber,b1-v0.3,b1-contract-0.6,SIH26170-MOCK-02
C0893,L018,CMOS_C,Supply_Current_ICC_uA,uA,245.92,250.504,257.91854,,,NONE,,11.99854,4.879,265.279,265.524,22.3085,274.12617,500.0,UPPER,DERIVED_MOCK_TEST,242.08146,1.0314,0.2,TEAM_PLACEHOLDER_v0_UNVALIDATED,PASS,B_OK,False,Huber,b1-v0.3,b1-contract-0.6,SIH26170-MOCK-02
C0894,L018,CMOS_C,Supply_Current_ICC_uA,uA,258.416,256.286,265.35671,,,NONE,,6.94071,2.686,265.279,265.524,22.3085,274.12617,500.0,UPPER,DERIVED_MOCK_TEST,234.64329,0.9997,0.2,TEAM_PLACEHOLDER_v0_UNVALIDATED,PASS,B_OK,False,Huber,b1-v0.3,b1-contract-0.6,SIH26170-MOCK-02
C0895,L018,CMOS_C,Supply_Current_ICC_uA,uA,266.145,257.424,267.96961,,,NONE,,1.82461,0.686,265.279,265.524,22.3085,274.12617,500.0,UPPER,DERIVED_MOCK_TEST,232.03039,0.9885,0.2,TEAM_PLACEHOLDER_v0_UNVALIDATED,PASS,B_OK,False,Huber,b1-v0.3,b1-contract-0.6,SIH26170-MOCK-02
C0896,L018,CMOS_C,Supply_Current_ICC_uA,uA,265.279,276.14,283.03884,,,NONE,,17.75984,6.695,265.279,265.524,22.3085,274.12617,500.0,UPPER,DERIVED_MOCK_TEST,216.96116,0.9243,0.2,TEAM_PLACEHOLDER_v0_UNVALIDATED,PASS,B_OK,False,Huber,b1-v0.3,b1-contract-0.6,SIH26170-MOCK-02
C0897,L018,CMOS_C,Supply_Current_ICC_uA,uA,273.068,274.699,283.5623,,,NONE,,10.4943,3.843,265.279,265.524,22.3085,274.12617,500.0,UPPER,DERIVED_MOCK_TEST,216.4377,0.9221,0.2,TEAM_PLACEHOLDER_v0_UNVALIDATED,PASS,B_OK,False,Huber,b1-v0.3,b1-contract-0.6,SIH26170-MOCK-02
C0898,L018,CMOS_C,Supply_Current_ICC_uA,uA,284.082,280.146,290.40432,,,NONE,,6.32232,2.226,265.279,265.524,22.3085,274.12617,500.0,UPPER,DERIVED_MOCK_TEST,209.59568,0.893,0.2,TEAM_PLACEHOLDER_v0_UNVALIDATED,PASS,B_OK,False,Huber,b1-v0.3,b1-contract-0.6,SIH26170-MOCK-02
C0899,L018,CMOS_C,Supply_Current_ICC_uA,uA,260.913,265.524,273.43234,,,NONE,,12.51934,4.798,265.279,265.524,22.3085,274.12617,500.0,UPPER,DERIVED_MOCK_TEST,226.56766,0.9653,0.2,TEAM_PLACEHOLDER_v0_UNVALIDATED,PASS,B_OK,False,Huber,b1-v0.3,b1-contract-0.6,SIH26170-MOCK-02
C0900,L018,CMOS_C,Supply_Current_ICC_uA,uA,259.765,267.343,274.66497,,,NONE,,14.89997,5.736,265.279,265.524,22.3085,274.12617,500.0,UPPER,DERIVED_MOCK_TEST,225.33503,0.96,0.2,TEAM_PLACEHOLDER_v0_UNVALIDATED,PASS,B_OK,False,Huber,b1-v0.3,b1-contract-0.6,SIH26170-MOCK-02
C0901,L018,CMOS_C,Supply_Current_ICC_uA,uA,277.954,278.436,287.67415,,,NONE,,9.72015,3.497,265.279,265.524,22.3085,274.12617,500.0,UPPER,DERIVED_MOCK_TEST,212.32585,0.9046,0.2,TEAM_PLACEHOLDER_v0_UNVALIDATED,PASS,B_OK,False,Huber,b1-v0.3,b1-contract-0.6,SIH26170-MOCK-02
C0902,L018,CMOS_C,Supply_Current_ICC_uA,uA,248.093,246.696,255.28784,,,NONE,,7.19484,2.9,265.279,265.524,22.3085,274.12617,500.0,UPPER,DERIVED_MOCK_TEST,244.71216,1.0426,0.2,TEAM_PLACEHOLDER_v0_UNVALIDATED,PASS,B_OK,False,Huber,b1-v0.3,b1-contract-0.6,SIH26170-MOCK-02
C0903,L018,CMOS_C,Supply_Current_ICC_uA,uA,251.726,251.271,259.80967,,,NONE,,8.08367,3.211,265.279,265.524,22.3085,274.12617,500.0,UPPER,DERIVED_MOCK_TEST,240.19033,1.0233,0.2,TEAM_PLACEHOLDER_v0_UNVALIDATED,PASS,B_OK,False,Huber,b1-v0.3,b1-contract-0.6,SIH26170-MOCK-02
C0904,L018,CMOS_C,Supply_Current_ICC_uA,uA,298.126,293.321,304.20714,,,NONE,,6.08114,2.04,265.279,265.524,22.3085,274.12617,500.0,UPPER,DERIVED_MOCK_TEST,195.79286,0.8342,0.2,TEAM_PLACEHOLDER_v0_UNVALIDATED,PASS,B_OK,False,Huber,b1-v0.3,b1-contract-0.6,SIH26170-MOCK-02
C0905,L018,CMOS_C,Supply_Current_ICC_uA,uA,233.078,234.96,242.4465,,,NONE,,9.3685,4.019,265.279,265.524,22.3085,274.12617,500.0,UPPER,DERIVED_MOCK_TEST,257.5535,1.0973,0.2,TEAM_PLACEHOLDER_v0_UNVALIDATED,PASS,B_OK,False,Huber,b1-v0.3,b1-contract-0.6,SIH26170-MOCK-02
C0906,L018,CMOS_C,Supply_Current_ICC_uA,uA,260.051,266.126,273.73518,,,NONE,,13.68418,5.262,265.279,265.524,22.3085,274.12617,500.0,UPPER,DERIVED_MOCK_TEST,226.26482,0.964,0.2,TEAM_PLACEHOLDER_v0_UNVALIDATED,PASS,B_OK,False,Huber,b1-v0.3,b1-contract-0.6,SIH26170-MOCK-02
C0907,L018,CMOS_C,Supply_Current_ICC_uA,uA,246.142,249.19,256.89571,,,NONE,,10.75371,4.369,265.279,265.524,22.3085,274.12617,500.0,UPPER,DERIVED_MOCK_TEST,243.10429,1.0357,0.2,TEAM_PLACEHOLDER_v0_UNVALIDATED,PASS,B_OK,False,Huber,b1-v0.3,b1-contract-0.6,SIH26170-MOCK-02
C0908,L018,CMOS_C,Supply_Current_ICC_uA,uA,229.556,240.769,246.41448,,,NONE,,16.85848,7.344,265.279,265.524,22.3085,274.12617,500.0,UPPER,DERIVED_MOCK_TEST,253.58552,1.0804,0.2,TEAM_PLACEHOLDER_v0_UNVALIDATED,PASS,B_OK,False,Huber,b1-v0.3,b1-contract-0.6,SIH26170-MOCK-02
C0909,L018,CMOS_C,Supply_Current_ICC_uA,uA,295.74,306.347,314.3061,,,NONE,,18.5661,6.278,265.279,265.524,22.3085,274.12617,500.0,UPPER,DERIVED_MOCK_TEST,185.6939,0.7911,0.2,TEAM_PLACEHOLDER_v0_UNVALIDATED,PASS,B_OK,False,Huber,b1-v0.3,b1-contract-0.6,SIH26170-MOCK-02
C0910,L018,CMOS_C,Supply_Current_ICC_uA,uA,235.076,235.028,242.93754,,,NONE,,7.86154,3.344,265.279,265.524,22.3085,274.12617,500.0,UPPER,DERIVED_MOCK_TEST,257.06246,1.0952,0.2,TEAM_PLACEHOLDER_v0_UNVALIDATED,PASS,B_OK,False,Huber,b1-v0.3,b1-contract-0.6,SIH26170-MOCK-02
C0911,L018,CMOS_C,Supply_Current_ICC_uA,uA,242.267,248.517,255.50222,,,NONE,,13.23522,5.463,265.279,265.524,22.3085,274.12617,500.0,UPPER,DERIVED_MOCK_TEST,244.49778,1.0417,0.2,TEAM_PLACEHOLDER_v0_UNVALIDATED,PASS,B_OK,False,Huber,b1-v0.3,b1-contract-0.6,SIH26170-MOCK-02
C0912,L018,CMOS_C,Supply_Current_ICC_uA,uA,254.943,260.496,268.03169,,,NONE,,13.08869,5.134,265.279,265.524,22.3085,274.12617,500.0,UPPER,DERIVED_MOCK_TEST,231.96831,0.9883,0.2,TEAM_PLACEHOLDER_v0_UNVALIDATED,PASS,B_OK,False,Huber,b1-v0.3,b1-contract-0.6,SIH26170-MOCK-02
C0913,L018,CMOS_C,Supply_Current_ICC_uA,uA,274.952,275.494,284.62119,,,NONE,,9.66919,3.517,265.279,265.524,22.3085,274.12617,500.0,UPPER,DERIVED_MOCK_TEST,215.37881,0.9176,0.2,TEAM_PLACEHOLDER_v0_UNVALIDATED,PASS,B_OK,False,Huber,b1-v0.3,b1-contract-0.6,SIH26170-MOCK-02
C0914,L018,CMOS_C,Supply_Current_ICC_uA,uA,230.501,230.228,238.0269,,,NONE,,7.5259,3.265,265.279,265.524,22.3085,274.12617,500.0,UPPER,DERIVED_MOCK_TEST,261.9731,1.1161,0.2,TEAM_PLACEHOLDER_v0_UNVALIDATED,PASS,B_OK,False,Huber,b1-v0.3,b1-contract-0.6,SIH26170-MOCK-02
C0915,L018,CMOS_C,Supply_Current_ICC_uA,uA,270.228,271.433,280.28053,,,NONE,,10.05253,3.72,265.279,265.524,22.3085,274.12617,500.0,UPPER,DERIVED_MOCK_TEST,219.71947,0.9361,0.2,TEAM_PLACEHOLDER_v0_UNVALIDATED,PASS,B_OK,False,Huber,b1-v0.3,b1-contract-0.6,SIH26170-MOCK-02
C0916,L018,CMOS_C,Supply_Current_ICC_uA,uA,308.408,306.181,316.93289,,,NONE,,8.52489,2.764,265.279,265.524,22.3085,274.12617,500.0,UPPER,DERIVED_MOCK_TEST,183.06711,0.7799,0.2,TEAM_PLACEHOLDER_v0_UNVALIDATED,PASS,B_OK,False,Huber,b1-v0.3,b1-contract-0.6,SIH26170-MOCK-02
C0917,L018,CMOS_C,Supply_Current_ICC_uA,uA,267.647,264.782,274.29563,,,NONE,,6.64863,2.484,265.279,265.524,22.3085,274.12617,500.0,UPPER,DERIVED_MOCK_TEST,225.70437,0.9616,0.2,TEAM_PLACEHOLDER_v0_UNVALIDATED,PASS,B_OK,False,Huber,b1-v0.3,b1-contract-0.6,SIH26170-MOCK-02
C0918,L018,CMOS_C,Supply_Current_ICC_uA,uA,246.553,246.367,254.68387,,,NONE,,8.13087,3.298,265.279,265.524,22.3085,274.12617,500.0,UPPER,DERIVED_MOCK_TEST,245.31613,1.0451,0.2,TEAM_PLACEHOLDER_v0_UNVALIDATED,PASS,B_OK,False,Huber,b1-v0.3,b1-contract-0.6,SIH26170-MOCK-02
C0919,L018,CMOS_C,Supply_Current_ICC_uA,uA,270.344,266.909,276.61768,,,NONE,,6.27368,2.321,265.279,265.524,22.3085,274.12617,500.0,UPPER,DERIVED_MOCK_TEST,223.38232,0.9517,0.2,TEAM_PLACEHOLDER_v0_UNVALIDATED,PASS,B_OK,False,Huber,b1-v0.3,b1-contract-0.6,SIH26170-MOCK-02
C0920,L018,CMOS_C,Supply_Current_ICC_uA,uA,255.867,249.219,259.03963,,,NONE,,3.17263,1.24,265.279,265.524,22.3085,274.12617,500.0,UPPER,DERIVED_MOCK_TEST,240.96037,1.0266,0.2,TEAM_PLACEHOLDER_v0_UNVALIDATED,PASS,B_OK,False,Huber,b1-v0.3,b1-contract-0.6,SIH26170-MOCK-02
C0921,L018,CMOS_C,Supply_Current_ICC_uA,uA,304.299,305.633,315.59021,,,NONE,,11.29121,3.711,265.279,265.524,22.3085,274.12617,500.0,UPPER,DERIVED_MOCK_TEST,184.40979,0.7857,0.2,TEAM_PLACEHOLDER_v0_UNVALIDATED,PASS,B_OK,False,Huber,b1-v0.3,b1-contract-0.6,SIH26170-MOCK-02
C0922,L018,CMOS_C,Supply_Current_ICC_uA,uA,538.77,548.779,564.93373,,,NONE,,26.16373,4.856,265.279,265.524,22.3085,274.12617,500.0,UPPER,DERIVED_MOCK_TEST,-64.93373,-0.2766,0.2,TEAM_PLACEHOLDER_v0_UNVALIDATED,REJECT,B_LIMIT_CROSS_PREDICTED,True,Huber,b1-v0.3,b1-contract-0.6,SIH26170-MOCK-02
C0923,L018,CMOS_C,Supply_Current_ICC_uA,uA,265.124,267.129,275.65891,,,NONE,,10.53491,3.974,265.279,265.524,22.3085,274.12617,500.0,UPPER,DERIVED_MOCK_TEST,224.34109,0.9558,0.2,TEAM_PLACEHOLDER_v0_UNVALIDATED,PASS,B_OK,False,Huber,b1-v0.3,b1-contract-0.6,SIH26170-MOCK-02
C0924,L018,CMOS_C,Supply_Current_ICC_uA,uA,291.796,297.632,306.34142,,,NONE,,14.54542,4.985,265.279,265.524,22.3085,274.12617,500.0,UPPER,DERIVED_MOCK_TEST,193.65858,0.8251,0.2,TEAM_PLACEHOLDER_v0_UNVALIDATED,PASS,B_OK,False,Huber,b1-v0.3,b1-contract-0.6,SIH26170-MOCK-02
C0925,L018,CMOS_C,Supply_Current_ICC_uA,uA,269.36,264.116,274.12617,,,NONE,,4.76617,1.769,265.279,265.524,22.3085,274.12617,500.0,UPPER,DERIVED_MOCK_TEST,225.87383,0.9623,0.2,TEAM_PLACEHOLDER_v0_UNVALIDATED,PASS,B_OK,False,Huber,b1-v0.3,b1-contract-0.6,SIH26170-MOCK-02
C0926,L018,CMOS_C,Supply_Current_ICC_uA,uA,267.65,269.683,278.29178,,,NONE,,10.64178,3.976,265.279,265.524,22.3085,274.12617,500.0,UPPER,DERIVED_MOCK_TEST,221.70822,0.9446,0.2,TEAM_PLACEHOLDER_v0_UNVALIDATED,PASS,B_OK,False,Huber,b1-v0.3,b1-contract-0.6,SIH26170-MOCK-02
C0927,L018,CMOS_C,Supply_Current_ICC_uA,uA,254.971,263.589,270.55935,,,NONE,,15.58835,6.114,265.279,265.524,22.3085,274.12617,500.0,UPPER,DERIVED_MOCK_TEST,229.44065,0.9775,0.2,TEAM_PLACEHOLDER_v0_UNVALIDATED,PASS,B_OK,False,Huber,b1-v0.3,b1-contract-0.6,SIH26170-MOCK-02
C0928,L018,CMOS_C,Supply_Current_ICC_uA,uA,267.929,269.619,278.30043,,,NONE,,10.37143,3.871,265.279,265.524,22.3085,274.12617,500.0,UPPER,DERIVED_MOCK_TEST,221.69957,0.9445,0.2,TEAM_PLACEHOLDER_v0_UNVALIDATED,PASS,B_OK,False,Huber,b1-v0.3,b1-contract-0.6,SIH26170-MOCK-02
C0929,L018,CMOS_C,Supply_Current_ICC_uA,uA,266.596,263.998,273.42733,,,NONE,,6.83133,2.562,265.279,265.524,22.3085,274.12617,500.0,UPPER,DERIVED_MOCK_TEST,226.57267,0.9653,0.2,TEAM_PLACEHOLDER_v0_UNVALIDATED,PASS,B_OK,False,Huber,b1-v0.3,b1-contract-0.6,SIH26170-MOCK-02
C0930,L018,CMOS_C,Supply_Current_ICC_uA,uA,259.249,258.302,267.18186,,,NONE,,7.93286,3.06,265.279,265.524,22.3085,274.12617,500.0,UPPER,DERIVED_MOCK_TEST,232.81814,0.9919,0.2,TEAM_PLACEHOLDER_v0_UNVALIDATED,PASS,B_OK,False,Huber,b1-v0.3,b1-contract-0.6,SIH26170-MOCK-02
C0931,L018,CMOS_C,Supply_Current_ICC_uA,uA,248.813,250.221,258.31856,,,NONE,,9.50556,3.82,265.279,265.524,22.3085,274.12617,500.0,UPPER,DERIVED_MOCK_TEST,241.68144,1.0297,0.2,TEAM_PLACEHOLDER_v0_UNVALIDATED,PASS,B_OK,False,Huber,b1-v0.3,b1-contract-0.6,SIH26170-MOCK-02
C0932,L018,CMOS_C,Supply_Current_ICC_uA,uA,227.795,227.681,235.36049,,,NONE,,7.56549,3.321,265.279,265.524,22.3085,274.12617,500.0,UPPER,DERIVED_MOCK_TEST,264.63951,1.1275,0.2,TEAM_PLACEHOLDER_v0_UNVALIDATED,PASS,B_OK,False,Huber,b1-v0.3,b1-contract-0.6,SIH26170-MOCK-02
C0933,L018,CMOS_C,Supply_Current_ICC_uA,uA,274.537,273.759,283.11627,,,NONE,,8.57927,3.125,265.279,265.524,22.3085,274.12617,500.0,UPPER,DERIVED_MOCK_TEST,216.88373,0.924,0.2,TEAM_PLACEHOLDER_v0_UNVALIDATED,PASS,B_OK,False,Huber,b1-v0.3,b1-contract-0.6,SIH26170-MOCK-02
C0218,L005,CMOS_A,Propagation_Delay_ns,ns,8.47251,8.65602,8.78885,,,NONE,,0.31634,3.734,9.14325,9.26828,0.64179,9.38897,27.0,UPPER,DATASHEET_CALIBRATED,18.21115,1.0198,0.2,TEAM_PLACEHOLDER_v0_UNVALIDATED,PASS,B_OK,False,Huber,b1-v0.3,b1-contract-0.6,SIH26170-MOCK-02
C0219,L005,CMOS_A,Propagation_Delay_ns,ns,8.96706,8.88647,9.12523,,,NONE,,0.15817,1.764,9.14325,9.26828,0.64179,9.38897,27.0,UPPER,DATASHEET_CALIBRATED,17.87477,1.001,0.2,TEAM_PLACEHOLDER_v0_UNVALIDATED,PASS,B_OK,False,Huber,b1-v0.3,b1-contract-0.6,SIH26170-MOCK-02
C0220,L005,CMOS_A,Propagation_Delay_ns,ns,8.69181,8.82292,8.97344,,,NONE,,0.28163,3.24,9.14325,9.26828,0.64179,9.38897,27.0,UPPER,DATASHEET_CALIBRATED,18.02656,1.0095,0.2,TEAM_PLACEHOLDER_v0_UNVALIDATED,PASS,B_OK,False,Huber,b1-v0.3,b1-contract-0.6,SIH26170-MOCK-02
C0221,L005,CMOS_A,Propagation_Delay_ns,ns,9.32734,9.32984,9.52122,,,NONE,,0.19388,2.079,9.14325,9.26828,0.64179,9.38897,27.0,UPPER,DATASHEET_CALIBRATED,17.47878,0.9788,0.2,TEAM_PLACEHOLDER_v0_UNVALIDATED,PASS,B_OK,False,Huber,b1-v0.3,b1-contract-0.6,SIH26170-MOCK-02
C0222,L005,CMOS_A,Propagation_Delay_ns,ns,9.04218,9.30772,9.38785,,,NONE,,0.34567,3.823,9.14325,9.26828,0.64179,9.38897,27.0,UPPER,DATASHEET_CALIBRATED,17.61215,0.9863,0.2,TEAM_PLACEHOLDER_v0_UNVALIDATED,PASS,B_OK,False,Huber,b1-v0.3,b1-contract-0.6,SIH26170-MOCK-02
C0223,L005,CMOS_A,Propagation_Delay_ns,ns,9.2581,9.14411,9.3901,,,NONE,,0.132,1.426,9.14325,9.26828,0.64179,9.38897,27.0,UPPER,DATASHEET_CALIBRATED,17.6099,0.9862,0.2,TEAM_PLACEHOLDER_v0_UNVALIDATED,PASS,B_OK,False,Huber,b1-v0.3,b1-contract-0.6,SIH26170-MOCK-02
C0224,L005,CMOS_A,Propagation_Delay_ns,ns,8.67524,8.55037,8.81705,,,NONE,,0.14181,1.635,9.14325,9.26828,0.64179,9.38897,27.0,UPPER,DATASHEET_CALIBRATED,18.18295,1.0183,0.2,TEAM_PLACEHOLDER_v0_UNVALIDATED,PASS,B_OK,False,Huber,b1-v0.3,b1-contract-0.6,SIH26170-MOCK-02
C0225,L005,CMOS_A,Propagation_Delay_ns,ns,8.52026,8.50902,8.72854,,,NONE,,0.20828,2.445,9.14325,9.26828,0.64179,9.38897,27.0,UPPER,DATASHEET_CALIBRATED,18.27146,1.0232,0.2,TEAM_PLACEHOLDER_v0_UNVALIDATED,PASS,B_OK,False,Huber,b1-v0.3,b1-contract-0.6,SIH26170-MOCK-02
C0226,L005,CMOS_A,Propagation_Delay_ns,ns,9.58769,9.44041,9.69256,,,NONE,,0.10487,1.094,9.14325,9.26828,0.64179,9.38897,27.0,UPPER,DATASHEET_CALIBRATED,17.30744,0.9692,0.2,TEAM_PLACEHOLDER_v0_UNVALIDATED,PASS,B_OK,False,Huber,b1-v0.3,b1-contract-0.6,SIH26170-MOCK-02
C0227,L005,CMOS_A,Propagation_Delay_ns,ns,9.06016,9.23356,9.35488,,,NONE,,0.29472,3.253,9.14325,9.26828,0.64179,9.38897,27.0,UPPER,DATASHEET_CALIBRATED,17.64512,0.9881,0.2,TEAM_PLACEHOLDER_v0_UNVALIDATED,PASS,B_OK,False,Huber,b1-v0.3,b1-contract-0.6,SIH26170-MOCK-02
C0228,L005,CMOS_A,Propagation_Delay_ns,ns,9.36119,9.39211,9.56971,,,NONE,,0.20852,2.227,9.14325,9.26828,0.64179,9.38897,27.0,UPPER,DATASHEET_CALIBRATED,17.43029,0.9761,0.2,TEAM_PLACEHOLDER_v0_UNVALIDATED,PASS,B_OK,False,Huber,b1-v0.3,b1-contract-0.6,SIH26170-MOCK-02
C0229,L005,CMOS_A,Propagation_Delay_ns,ns,9.59876,9.81157,9.90031,,,NONE,,0.30155,3.142,9.14325,9.26828,0.64179,9.38897,27.0,UPPER,DATASHEET_CALIBRATED,17.09969,0.9576,0.2,TEAM_PLACEHOLDER_v0_UNVALIDATED,PASS,B_OK,False,Huber,b1-v0.3,b1-contract-0.6,SIH26170-MOCK-02
C0230,L005,CMOS_A,Propagation_Delay_ns,ns,9.48665,9.36626,9.60897,,,NONE,,0.12232,1.289,9.14325,9.26828,0.64179,9.38897,27.0,UPPER,DATASHEET_CALIBRATED,17.39103,0.9739,0.2,TEAM_PLACEHOLDER_v0_UNVALIDATED,PASS,B_OK,False,Huber,b1-v0.3,b1-contract-0.6,SIH26170-MOCK-02
C0231,L005,CMOS_A,Propagation_Delay_ns,ns,9.67653,9.75747,9.90383,,,NONE,,0.2273,2.349,9.14325,9.26828,0.64179,9.38897,27.0,UPPER,DATASHEET_CALIBRATED,17.09617,0.9574,0.2,TEAM_PLACEHOLDER_v0_UNVALIDATED,PASS,B_OK,False,Huber,b1-v0.3,b1-contract-0.6,SIH26170-MOCK-02
C0232,L005,CMOS_A,Propagation_Delay_ns,ns,9.46984,9.6068,9.73342,,,NONE,,0.26358,2.783,9.14325,9.26828,0.64179,9.38897,27.0,UPPER,DATASHEET_CALIBRATED,17.26658,0.9669,0.2,TEAM_PLACEHOLDER_v0_UNVALIDATED,PASS,B_OK,False,Huber,b1-v0.3,b1-contract-0.6,SIH26170-MOCK-02
C0233,L005,CMOS_A,Propagation_Delay_ns,ns,9.73322,9.86879,9.98885,,,NONE,,0.25563,2.626,9.14325,9.26828,0.64179,9.38897,27.0,UPPER,DATASHEET_CALIBRATED,17.01115,0.9526,0.2,TEAM_PLACEHOLDER_v0_UNVALIDATED,PASS,B_OK,False,Huber,b1-v0.3,b1-contract-0.6,SIH26170-MOCK-02
C0234,L005,CMOS_A,Propagation_Delay_ns,ns,9.42719,9.59619,9.70947,,,NONE,,0.28228,2.994,9.14325,9.26828,0.64179,9.38897,27.0,UPPER,DATASHEET_CALIBRATED,17.29053,0.9683,0.2,TEAM_PLACEHOLDER_v0_UNVALIDATED,PASS,B_OK,False,Huber,b1-v0.3,b1-contract-0.6,SIH26170-MOCK-02
C0235,L005,CMOS_A,Propagation_Delay_ns,ns,9.35091,9.67921,9.72245,,,NONE,,0.37154,3.973,9.14325,9.26828,0.64179,9.38897,27.0,UPPER,DATASHEET_CALIBRATED,17.27755,0.9676,0.2,TEAM_PLACEHOLDER_v0_UNVALIDATED,PASS,B_OK,False,Huber,b1-v0.3,b1-contract-0.6,SIH26170-MOCK-02
C0236,L005,CMOS_A,Propagation_Delay_ns,ns,9.04658,9.51023,9.5006,,,NONE,,0.45402,5.019,9.14325,9.26828,0.64179,9.38897,27.0,UPPER,DATASHEET_CALIBRATED,17.4994,0.98,0.2,TEAM_PLACEHOLDER_v0_UNVALIDATED,PASS,B_OK,False,Huber,b1-v0.3,b1-contract-0.6,SIH26170-MOCK-02
C0237,L005,CMOS_A,Propagation_Delay_ns,ns,9.11943,9.14736,9.33289,,,NONE,,0.21346,2.341,9.14325,9.26828,0.64179,9.38897,27.0,UPPER,DATASHEET_CALIBRATED,17.66711,0.9894,0.2,TEAM_PLACEHOLDER_v0_UNVALIDATED,PASS,B_OK,False,Huber,b1-v0.3,b1-contract-0.6,SIH26170-MOCK-02
C0238,L005,CMOS_A,Propagation_Delay_ns,ns,8.47303,8.51059,8.70935,,,NONE,,0.23632,2.789,9.14325,9.26828,0.64179,9.38897,27.0,UPPER,DATASHEET_CALIBRATED,18.29065,1.0243,0.2,TEAM_PLACEHOLDER_v0_UNVALIDATED,PASS,B_OK,False,Huber,b1-v0.3,b1-contract-0.6,SIH26170-MOCK-02
C0239,L005,CMOS_A,Propagation_Delay_ns,ns,9.09108,9.16454,9.33024,,,NONE,,0.23916,2.631,9.14325,9.26828,0.64179,9.38897,27.0,UPPER,DATASHEET_CALIBRATED,17.66976,0.9895,0.2,TEAM_PLACEHOLDER_v0_UNVALIDATED,PASS,B_OK,False,Huber,b1-v0.3,b1-contract-0.6,SIH26170-MOCK-02
C0240,L005,CMOS_A,Propagation_Delay_ns,ns,8.96706,8.94517,9.15738,,,NONE,,0.19032,2.122,9.14325,9.26828,0.64179,9.38897,27.0,UPPER,DATASHEET_CALIBRATED,17.84262,0.9992,0.2,TEAM_PLACEHOLDER_v0_UNVALIDATED,PASS,B_OK,False,Huber,b1-v0.3,b1-contract-0.6,SIH26170-MOCK-02
C0241,L005,CMOS_A,Propagation_Delay_ns,ns,8.52018,8.50725,8.72754,,,NONE,,0.20736,2.434,9.14325,9.26828,0.64179,9.38897,27.0,UPPER,DATASHEET_CALIBRATED,18.27246,1.0233,0.2,TEAM_PLACEHOLDER_v0_UNVALIDATED,PASS,B_OK,False,Huber,b1-v0.3,b1-contract-0.6,SIH26170-MOCK-02
C0242,L005,CMOS_A,Propagation_Delay_ns,ns,9.31843,9.42775,9.57102,,,NONE,,0.25259,2.711,9.14325,9.26828,0.64179,9.38897,27.0,UPPER,DATASHEET_CALIBRATED,17.42898,0.976,0.2,TEAM_PLACEHOLDER_v0_UNVALIDATED,PASS,B_OK,False,Huber,b1-v0.3,b1-contract-0.6,SIH26170-MOCK-02
C0243,L005,CMOS_A,Propagation_Delay_ns,ns,8.82708,8.79109,9.01347,,,NONE,,0.18639,2.112,9.14325,9.26828,0.64179,9.38897,27.0,UPPER,DATASHEET_CALIBRATED,17.98653,1.0073,0.2,TEAM_PLACEHOLDER_v0_UNVALIDATED,PASS,B_OK,False,Huber,b1-v0.3,b1-contract-0.6,SIH26170-MOCK-02
C0244,L005,CMOS_A,Propagation_Delay_ns,ns,9.09284,9.1061,9.29899,,,NONE,,0.20615,2.267,9.14325,9.26828,0.64179,9.38897,27.0,UPPER,DATASHEET_CALIBRATED,17.70101,0.9913,0.2,TEAM_PLACEHOLDER_v0_UNVALIDATED,PASS,B_OK,False,Huber,b1-v0.3,b1-contract-0.6,SIH26170-MOCK-02
C0245,L005,CMOS_A,Propagation_Delay_ns,ns,8.62025,8.68371,8.86676,,,NONE,,0.24651,2.86,9.14325,9.26828,0.64179,9.38897,27.0,UPPER,DATASHEET_CALIBRATED,18.13324,1.0155,0.2,TEAM_PLACEHOLDER_v0_UNVALIDATED,PASS,B_OK,False,Huber,b1-v0.3,b1-contract-0.6,SIH26170-MOCK-02
C0246,L005,CMOS_A,Propagation_Delay_ns,ns,8.29799,8.36758,8.55664,,,NONE,,0.25865,3.117,9.14325,9.26828,0.64179,9.38897,27.0,UPPER,DATASHEET_CALIBRATED,18.44336,1.0329,0.2,TEAM_PLACEHOLDER_v0_UNVALIDATED,PASS,B_OK,False,Huber,b1-v0.3,b1-contract-0.6,SIH26170-MOCK-02
C0247,L005,CMOS_A,Propagation_Delay_ns,ns,9.30241,9.42643,9.56348,,,NONE,,0.26107,2.806,9.14325,9.26828,0.64179,9.38897,27.0,UPPER,DATASHEET_CALIBRATED,17.43652,0.9765,0.2,TEAM_PLACEHOLDER_v0_UNVALIDATED,PASS,B_OK,False,Huber,b1-v0.3,b1-contract-0.6,SIH26170-MOCK-02
C0248,L005,CMOS_A,Propagation_Delay_ns,ns,8.48497,8.50529,8.71151,,,NONE,,0.22654,2.67,9.14325,9.26828,0.64179,9.38897,27.0,UPPER,DATASHEET_CALIBRATED,18.28849,1.0242,0.2,TEAM_PLACEHOLDER_v0_UNVALIDATED,PASS,B_OK,False,Huber,b1-v0.3,b1-contract-0.6,SIH26170-MOCK-02
C0249,L005,CMOS_A,Propagation_Delay_ns,ns,8.86136,8.97451,9.12852,,,NONE,,0.26716,3.015,9.14325,9.26828,0.64179,9.38897,27.0,UPPER,DATASHEET_CALIBRATED,17.87148,1.0008,0.2,TEAM_PLACEHOLDER_v0_UNVALIDATED,PASS,B_OK,False,Huber,b1-v0.3,b1-contract-0.6,SIH26170-MOCK-02
C0250,L005,CMOS_A,Propagation_Delay_ns,ns,8.95037,9.03833,9.2013,,,NONE,,0.25093,2.804,9.14325,9.26828,0.64179,9.38897,27.0,UPPER,DATASHEET_CALIBRATED,17.7987,0.9967,0.2,TEAM_PLACEHOLDER_v0_UNVALIDATED,PASS,B_OK,False,Huber,b1-v0.3,b1-contract-0.6,SIH26170-MOCK-02
C0251,L005,CMOS_A,Propagation_Delay_ns,ns,8.703,8.48209,8.79143,,,NONE,,0.08843,1.016,9.14325,9.26828,0.64179,9.38897,27.0,UPPER,DATASHEET_CALIBRATED,18.20857,1.0197,0.2,TEAM_PLACEHOLDER_v0_UNVALIDATED,PASS,B_OK,False,Huber,b1-v0.3,b1-contract-0.6,SIH26170-MOCK-02
C0252,L005,CMOS_A,Propagation_Delay_ns,ns,9.4096,9.54951,9.67644,,,NONE,,0.26684,2.836,9.14325,9.26828,0.64179,9.38897,27.0,UPPER,DATASHEET_CALIBRATED,17.32356,0.9701,0.2,TEAM_PLACEHOLDER_v0_UNVALIDATED,PASS,B_OK,False,Huber,b1-v0.3,b1-contract-0.6,SIH26170-MOCK-02
C0253,L005,CMOS_A,Propagation_Delay_ns,ns,8.59393,8.65326,8.83889,,,NONE,,0.24496,2.85,9.14325,9.26828,0.64179,9.38897,27.0,UPPER,DATASHEET_CALIBRATED,18.16111,1.017,0.2,TEAM_PLACEHOLDER_v0_UNVALIDATED,PASS,B_OK,False,Huber,b1-v0.3,b1-contract-0.6,SIH26170-MOCK-02
C0254,L005,CMOS_A,Propagation_Delay_ns,ns,9.36109,9.36956,9.55732,,,NONE,,0.19623,2.096,9.14325,9.26828,0.64179,9.38897,27.0,UPPER,DATASHEET_CALIBRATED,17.44268,0.9768,0.2,TEAM_PLACEHOLDER_v0_UNVALIDATED,PASS,B_OK,False,Huber,b1-v0.3,b1-contract-0.6,SIH26170-MOCK-02
C0255,L005,CMOS_A,Propagation_Delay_ns,ns,9.07542,9.20438,9.34539,,,NONE,,0.26997,2.975,9.14325,9.26828,0.64179,9.38897,27.0,UPPER,DATASHEET_CALIBRATED,17.65461,0.9887,0.2,TEAM_PLACEHOLDER_v0_UNVALIDATED,PASS,B_OK,False,Huber,b1-v0.3,b1-contract-0.6,SIH26170-MOCK-02
C0256,L005,CMOS_A,Propagation_Delay_ns,ns,9.18872,9.11126,9.3426,,,NONE,,0.15388,1.675,9.14325,9.26828,0.64179,9.38897,27.0,UPPER,DATASHEET_CALIBRATED,17.6574,0.9888,0.2,TEAM_PLACEHOLDER_v0_UNVALIDATED,PASS,B_OK,False,Huber,b1-v0.3,b1-contract-0.6,SIH26170-MOCK-02
C0257,L005,CMOS_A,Propagation_Delay_ns,ns,9.58212,9.48766,9.71604,,,NONE,,0.13392,1.398,9.14325,9.26828,0.64179,9.38897,27.0,UPPER,DATASHEET_CALIBRATED,17.28396,0.9679,0.2,TEAM_PLACEHOLDER_v0_UNVALIDATED,PASS,B_OK,False,Huber,b1-v0.3,b1-contract-0.6,SIH26170-MOCK-02
C0258,L005,CMOS_A,Propagation_Delay_ns,ns,9.58153,9.39301,9.66401,,,NONE,,0.08248,0.861,9.14325,9.26828,0.64179,9.38897,27.0,UPPER,DATASHEET_CALIBRATED,17.33599,0.9708,0.2,TEAM_PLACEHOLDER_v0_UNVALIDATED,PASS,B_OK,False,Huber,b1-v0.3,b1-contract-0.6,SIH26170-MOCK-02
C0259,L005,CMOS_A,Propagation_Delay_ns,ns,8.62834,8.59198,8.81992,,,NONE,,0.19158,2.22,9.14325,9.26828,0.64179,9.38897,27.0,UPPER,DATASHEET_CALIBRATED,18.18008,1.0181,0.2,TEAM_PLACEHOLDER_v0_UNVALIDATED,PASS,B_OK,False,Huber,b1-v0.3,b1-contract-0.6,SIH26170-MOCK-02
C0260,L005,CMOS_A,Propagation_Delay_ns,ns,9.64121,9.76127,9.89087,,,NONE,,0.24966,2.589,9.14325,9.26828,0.64179,9.38897,27.0,UPPER,DATASHEET_CALIBRATED,17.10913,0.9581,0.2,TEAM_PLACEHOLDER_v0_UNVALIDATED,PASS,B_OK,False,Huber,b1-v0.3,b1-contract-0.6,SIH26170-MOCK-02
C0261,L005,CMOS_A,Propagation_Delay_ns,ns,8.9863,9.11009,9.25587,,,NONE,,0.26957,3.0,9.14325,9.26828,0.64179,9.38897,27.0,UPPER,DATASHEET_CALIBRATED,17.74413,0.9937,0.2,TEAM_PLACEHOLDER_v0_UNVALIDATED,PASS,B_OK,False,Huber,b1-v0.3,b1-contract-0.6,SIH26170-MOCK-02
C0262,L005,CMOS_A,Propagation_Delay_ns,ns,8.69224,8.77206,8.94575,,,NONE,,0.25351,2.916,9.14325,9.26828,0.64179,9.38897,27.0,UPPER,DATASHEET_CALIBRATED,18.05425,1.0111,0.2,TEAM_PLACEHOLDER_v0_UNVALIDATED,PASS,B_OK,False,Huber,b1-v0.3,b1-contract-0.6,SIH26170-MOCK-02
C0263,L005,CMOS_A,Propagation_Delay_ns,ns,9.76592,9.99417,10.07134,,,NONE,,0.30542,3.127,9.14325,9.26828,0.64179,9.38897,27.0,UPPER,DATASHEET_CALIBRATED,16.92866,0.948,0.2,TEAM_PLACEHOLDER_v0_UNVALIDATED,PASS,B_OK,False,Huber,b1-v0.3,b1-contract-0.6,SIH26170-MOCK-02
C0264,L005,CMOS_A,Propagation_Delay_ns,ns,8.83767,8.62916,8.92927,,,NONE,,0.0916,1.036,9.14325,9.26828,0.64179,9.38897,27.0,UPPER,DATASHEET_CALIBRATED,18.07073,1.012,0.2,TEAM_PLACEHOLDER_v0_UNVALIDATED,PASS,B_OK,False,Huber,b1-v0.3,b1-contract-0.6,SIH26170-MOCK-02
C0265,L005,CMOS_A,Propagation_Delay_ns,ns,9.61184,9.63159,9.80743,,,NONE,,0.19559,2.035,9.14325,9.26828,0.64179,9.38897,27.0,UPPER,DATASHEET_CALIBRATED,17.19257,0.9628,0.2,TEAM_PLACEHOLDER_v0_UNVALIDATED,PASS,B_OK,False,Huber,b1-v0.3,b1-contract-0.6,SIH26170-MOCK-02
C0266,L005,CMOS_A,Propagation_Delay_ns,ns,9.36338,9.52813,9.64508,,,NONE,,0.2817,3.008,9.14325,9.26828,0.64179,9.38897,27.0,UPPER,DATASHEET_CALIBRATED,17.35492,0.9719,0.2,TEAM_PLACEHOLDER_v0_UNVALIDATED,PASS,B_OK,False,Huber,b1-v0.3,b1-contract-0.6,SIH26170-MOCK-02
C0267,L005,CMOS_A,Propagation_Delay_ns,ns,9.78241,9.84237,9.99535,,,NONE,,0.21294,2.177,9.14325,9.26828,0.64179,9.38897,27.0,UPPER,DATASHEET_CALIBRATED,17.00465,0.9523,0.2,TEAM_PLACEHOLDER_v0_UNVALIDATED,PASS,B_OK,False,Huber,b1-v0.3,b1-contract-0.6,SIH26170-MOCK-02
C0268,L005,CMOS_A,Propagation_Delay_ns,ns,9.29895,9.33203,9.51034,,,NONE,,0.21139,2.273,9.14325,9.26828,0.64179,9.38897,27.0,UPPER,DATASHEET_CALIBRATED,17.48966,0.9794,0.2,TEAM_PLACEHOLDER_v0_UNVALIDATED,PASS,B_OK,False,Huber,b1-v0.3,b1-contract-0.6,SIH26170-MOCK-02
C0269,L005,CMOS_A,Propagation_Delay_ns,ns,8.30522,8.52722,8.64725,,,NONE,,0.34203,4.118,9.14325,9.26828,0.64179,9.38897,27.0,UPPER,DATASHEET_CALIBRATED,18.35275,1.0278,0.2,TEAM_PLACEHOLDER_v0_UNVALIDATED,PASS,B_OK,False,Huber,b1-v0.3,b1-contract-0.6,SIH26170-MOCK-02
C0270,L005,CMOS_A,Propagation_Delay_ns,ns,9.22048,9.31459,9.46741,,,NONE,,0.24693,2.678,9.14325,9.26828,0.64179,9.38897,27.0,UPPER,DATASHEET_CALIBRATED,17.53259,0.9818,0.2,TEAM_PLACEHOLDER_v0_UNVALIDATED,PASS,B_OK,False,Huber,b1-v0.3,b1-contract-0.6,SIH26170-MOCK-02
C0271,L005,CMOS_A,Propagation_Delay_ns,ns,9.48689,9.58755,9.73014,,,NONE,,0.24325,2.564,9.14325,9.26828,0.64179,9.38897,27.0,UPPER,DATASHEET_CALIBRATED,17.26986,0.9671,0.2,TEAM_PLACEHOLDER_v0_UNVALIDATED,PASS,B_OK,False,Huber,b1-v0.3,b1-contract-0.6,SIH26170-MOCK-02
C0272,L005,CMOS_A,Propagation_Delay_ns,ns,9.70149,9.77041,9.92153,,,NONE,,0.22004,2.268,9.14325,9.26828,0.64179,9.38897,27.0,UPPER,DATASHEET_CALIBRATED,17.07847,0.9564,0.2,TEAM_PLACEHOLDER_v0_UNVALIDATED,PASS,B_OK,False,Huber,b1-v0.3,b1-contract-0.6,SIH26170-MOCK-02
C0273,L005,CMOS_A,Propagation_Delay_ns,ns,9.16707,9.303,9.43835,,,NONE,,0.27128,2.959,9.14325,9.26828,0.64179,9.38897,27.0,UPPER,DATASHEET_CALIBRATED,17.56165,0.9835,0.2,TEAM_PLACEHOLDER_v0_UNVALIDATED,PASS,B_OK,False,Huber,b1-v0.3,b1-contract-0.6,SIH26170-MOCK-02
C0274,L006,CMOS_A,Propagation_Delay_ns,ns,8.68634,8.73414,8.87875,,,NONE,,0.19241,2.215,8.72984,8.76379,0.69276,8.89783,27.0,UPPER,DATASHEET_CALIBRATED,18.12125,0.9918,0.2,TEAM_PLACEHOLDER_v0_UNVALIDATED,PASS,B_OK,False,Huber,b1-v0.3,b1-contract-0.6,SIH26170-MOCK-02
C0275,L006,CMOS_A,Propagation_Delay_ns,ns,8.32396,8.47189,8.58295,,,NONE,,0.25899,3.111,8.72984,8.76379,0.69276,8.89783,27.0,UPPER,DATASHEET_CALIBRATED,18.41705,1.008,0.2,TEAM_PLACEHOLDER_v0_UNVALIDATED,PASS,B_OK,False,Huber,b1-v0.3,b1-contract-0.6,SIH26170-MOCK-02
C0276,L006,CMOS_A,Propagation_Delay_ns,ns,9.21458,9.46841,9.50277,,,NONE,,0.28819,3.128,8.72984,8.76379,0.69276,8.89783,27.0,UPPER,DATASHEET_CALIBRATED,17.49723,0.9577,0.2,TEAM_PLACEHOLDER_v0_UNVALIDATED,PASS,B_OK,False,Huber,b1-v0.3,b1-contract-0.6,SIH26170-MOCK-02
C0277,L006,CMOS_A,Propagation_Delay_ns,ns,9.19257,9.19255,9.34251,,,NONE,,0.14994,1.631,8.72984,8.76379,0.69276,8.89783,27.0,UPPER,DATASHEET_CALIBRATED,17.65749,0.9665,0.2,TEAM_PLACEHOLDER_v0_UNVALIDATED,PASS,B_OK,False,Huber,b1-v0.3,b1-contract-0.6,SIH26170-MOCK-02
C0278,L006,CMOS_A,Propagation_Delay_ns,ns,9.67082,9.65093,9.79452,,,NONE,,0.1237,1.279,8.72984,8.76379,0.69276,8.89783,27.0,UPPER,DATASHEET_CALIBRATED,17.20548,0.9417,0.2,TEAM_PLACEHOLDER_v0_UNVALIDATED,PASS,B_OK,False,Huber,b1-v0.3,b1-contract-0.6,SIH26170-MOCK-02
C0279,L006,CMOS_A,Propagation_Delay_ns,ns,8.07492,8.22448,8.34285,,,NONE,,0.26793,3.318,8.72984,8.76379,0.69276,8.89783,27.0,UPPER,DATASHEET_CALIBRATED,18.65715,1.0212,0.2,TEAM_PLACEHOLDER_v0_UNVALIDATED,PASS,B_OK,False,Huber,b1-v0.3,b1-contract-0.6,SIH26170-MOCK-02
C0280,L006,CMOS_A,Propagation_Delay_ns,ns,8.89772,8.73154,8.96612,,,NONE,,0.0684,0.769,8.72984,8.76379,0.69276,8.89783,27.0,UPPER,DATASHEET_CALIBRATED,18.03388,0.9871,0.2,TEAM_PLACEHOLDER_v0_UNVALIDATED,PASS,B_OK,False,Huber,b1-v0.3,b1-contract-0.6,SIH26170-MOCK-02
C0281,L006,CMOS_A,Propagation_Delay_ns,ns,8.68313,8.69282,8.85476,,,NONE,,0.17163,1.977,8.72984,8.76379,0.69276,8.89783,27.0,UPPER,DATASHEET_CALIBRATED,18.14524,0.9932,0.2,TEAM_PLACEHOLDER_v0_UNVALIDATED,PASS,B_OK,False,Huber,b1-v0.3,b1-contract-0.6,SIH26170-MOCK-02
C0282,L006,CMOS_A,Propagation_Delay_ns,ns,8.41847,8.61514,8.70112,,,NONE,,0.28265,3.358,8.72984,8.76379,0.69276,8.89783,27.0,UPPER,DATASHEET_CALIBRATED,18.29888,1.0016,0.2,TEAM_PLACEHOLDER_v0_UNVALIDATED,PASS,B_OK,False,Huber,b1-v0.3,b1-contract-0.6,SIH26170-MOCK-02
C0283,L006,CMOS_A,Propagation_Delay_ns,ns,8.19279,8.35375,8.46316,,,NONE,,0.27037,3.3,8.72984,8.76379,0.69276,8.89783,27.0,UPPER,DATASHEET_CALIBRATED,18.53684,1.0146,0.2,TEAM_PLACEHOLDER_v0_UNVALIDATED,PASS,B_OK,False,Huber,b1-v0.3,b1-contract-0.6,SIH26170-MOCK-02
C0284,L006,CMOS_A,Propagation_Delay_ns,ns,8.70199,8.69458,8.86364,,,NONE,,0.16165,1.858,8.72984,8.76379,0.69276,8.89783,27.0,UPPER,DATASHEET_CALIBRATED,18.13636,0.9927,0.2,TEAM_PLACEHOLDER_v0_UNVALIDATED,PASS,B_OK,False,Huber,b1-v0.3,b1-contract-0.6,SIH26170-MOCK-02
C0285,L006,CMOS_A,Propagation_Delay_ns,ns,8.78267,8.6393,8.86725,,,NONE,,0.08458,0.963,8.72984,8.76379,0.69276,8.89783,27.0,UPPER,DATASHEET_CALIBRATED,18.13275,0.9925,0.2,TEAM_PLACEHOLDER_v0_UNVALIDATED,PASS,B_OK,False,Huber,b1-v0.3,b1-contract-0.6,SIH26170-MOCK-02
C0286,L006,CMOS_A,Propagation_Delay_ns,ns,8.76024,8.75649,8.92203,,,NONE,,0.16179,1.847,8.72984,8.76379,0.69276,8.89783,27.0,UPPER,DATASHEET_CALIBRATED,18.07797,0.9895,0.2,TEAM_PLACEHOLDER_v0_UNVALIDATED,PASS,B_OK,False,Huber,b1-v0.3,b1-contract-0.6,SIH26170-MOCK-02
C0287,L006,CMOS_A,Propagation_Delay_ns,ns,8.7468,9.01787,9.05959,,,NONE,,0.31279,3.576,8.72984,8.76379,0.69276,8.89783,27.0,UPPER,DATASHEET_CALIBRATED,17.94041,0.982,0.2,TEAM_PLACEHOLDER_v0_UNVALIDATED,PASS,B_OK,False,Huber,b1-v0.3,b1-contract-0.6,SIH26170-MOCK-02
C0288,L006,CMOS_A,Propagation_Delay_ns,ns,8.50754,8.59255,8.7261,,,NONE,,0.21856,2.569,8.72984,8.76379,0.69276,8.89783,27.0,UPPER,DATASHEET_CALIBRATED,18.2739,1.0002,0.2,TEAM_PLACEHOLDER_v0_UNVALIDATED,PASS,B_OK,False,Huber,b1-v0.3,b1-contract-0.6,SIH26170-MOCK-02
C0289,L006,CMOS_A,Propagation_Delay_ns,ns,8.30884,8.55391,8.62159,,,NONE,,0.31275,3.764,8.72984,8.76379,0.69276,8.89783,27.0,UPPER,DATASHEET_CALIBRATED,18.37841,1.0059,0.2,TEAM_PLACEHOLDER_v0_UNVALIDATED,PASS,B_OK,False,Huber,b1-v0.3,b1-contract-0.6,SIH26170-MOCK-02
C0290,L006,CMOS_A,Propagation_Delay_ns,ns,9.23991,9.26911,9.40432,,,NONE,,0.16441,1.779,8.72984,8.76379,0.69276,8.89783,27.0,UPPER,DATASHEET_CALIBRATED,17.59568,0.9631,0.2,TEAM_PLACEHOLDER_v0_UNVALIDATED,PASS,B_OK,False,Huber,b1-v0.3,b1-contract-0.6,SIH26170-MOCK-02
C0291,L006,CMOS_A,Propagation_Delay_ns,ns,8.82189,8.93536,9.04591,,,NONE,,0.22402,2.539,8.72984,8.76379,0.69276,8.89783,27.0,UPPER,DATASHEET_CALIBRATED,17.95409,0.9827,0.2,TEAM_PLACEHOLDER_v0_UNVALIDATED,PASS,B_OK,False,Huber,b1-v0.3,b1-contract-0.6,SIH26170-MOCK-02
C0292,L006,CMOS_A,Propagation_Delay_ns,ns,7.87987,7.92296,8.09566,,,NONE,,0.21579,2.738,8.72984,8.76379,0.69276,8.89783,27.0,UPPER,DATASHEET_CALIBRATED,18.90434,1.0347,0.2,TEAM_PLACEHOLDER_v0_UNVALIDATED,PASS,B_OK,False,Huber,b1-v0.3,b1-contract-0.6,SIH26170-MOCK-02
C0293,L006,CMOS_A,Propagation_Delay_ns,ns,8.71287,8.71142,8.87744,,,NONE,,0.16457,1.889,8.72984,8.76379,0.69276,8.89783,27.0,UPPER,DATASHEET_CALIBRATED,18.12256,0.9919,0.2,TEAM_PLACEHOLDER_v0_UNVALIDATED,PASS,B_OK,False,Huber,b1-v0.3,b1-contract-0.6,SIH26170-MOCK-02
C0294,L006,CMOS_A,Propagation_Delay_ns,ns,8.58886,10.05476,9.56163,,,NONE,,0.97277,11.326,8.72984,8.76379,0.69276,8.89783,27.0,UPPER,DATASHEET_CALIBRATED,17.43837,0.9545,0.2,TEAM_PLACEHOLDER_v0_UNVALIDATED,PASS,B_OK,False,Huber,b1-v0.3,b1-contract-0.6,SIH26170-MOCK-02
C0295,L006,CMOS_A,Propagation_Delay_ns,ns,9.36101,9.42187,9.53885,,,NONE,,0.17784,1.9,8.72984,8.76379,0.69276,8.89783,27.0,UPPER,DATASHEET_CALIBRATED,17.46115,0.9557,0.2,TEAM_PLACEHOLDER_v0_UNVALIDATED,PASS,B_OK,False,Huber,b1-v0.3,b1-contract-0.6,SIH26170-MOCK-02
C0296,L006,CMOS_A,Propagation_Delay_ns,ns,8.37438,8.43059,8.58144,,,NONE,,0.20706,2.473,8.72984,8.76379,0.69276,8.89783,27.0,UPPER,DATASHEET_CALIBRATED,18.41856,1.0081,0.2,TEAM_PLACEHOLDER_v0_UNVALIDATED,PASS,B_OK,False,Huber,b1-v0.3,b1-contract-0.6,SIH26170-MOCK-02
C0297,L006,CMOS_A,Propagation_Delay_ns,ns,10.22496,10.26409,10.36311,,,NONE,,0.13815,1.351,8.72984,8.76379,0.69276,8.89783,27.0,UPPER,DATASHEET_CALIBRATED,16.63689,0.9106,0.2,TEAM_PLACEHOLDER_v0_UNVALIDATED,PASS,B_OK,False,Huber,b1-v0.3,b1-contract-0.6,SIH26170-MOCK-02
C0298,L006,CMOS_A,Propagation_Delay_ns,ns,9.47014,9.3045,9.52054,,,NONE,,0.0504,0.532,8.72984,8.76379,0.69276,8.89783,27.0,UPPER,DATASHEET_CALIBRATED,17.47946,0.9567,0.2,TEAM_PLACEHOLDER_v0_UNVALIDATED,PASS,B_OK,False,Huber,b1-v0.3,b1-contract-0.6,SIH26170-MOCK-02
C0299,L006,CMOS_A,Propagation_Delay_ns,ns,8.45284,8.4329,8.61563,,,NONE,,0.16279,1.926,8.72984,8.76379,0.69276,8.89783,27.0,UPPER,DATASHEET_CALIBRATED,18.38437,1.0063,0.2,TEAM_PLACEHOLDER_v0_UNVALIDATED,PASS,B_OK,False,Huber,b1-v0.3,b1-contract-0.6,SIH26170-MOCK-02
C0300,L006,CMOS_A,Propagation_Delay_ns,ns,8.56213,8.57951,8.74186,,,NONE,,0.17973,2.099,8.72984,8.76379,0.69276,8.89783,27.0,UPPER,DATASHEET_CALIBRATED,18.25814,0.9993,0.2,TEAM_PLACEHOLDER_v0_UNVALIDATED,PASS,B_OK,False,Huber,b1-v0.3,b1-contract-0.6,SIH26170-MOCK-02
C0301,L006,CMOS_A,Propagation_Delay_ns,ns,20.8346,21.19027,20.80327,,,NONE,,-0.03133,-0.15,8.72984,8.76379,0.69276,8.89783,27.0,UPPER,DATASHEET_CALIBRATED,6.19673,0.3392,0.2,TEAM_PLACEHOLDER_v0_UNVALIDATED,MONITOR,B_UNCERTAIN_EXTRAPOLATION,True,Huber,b1-v0.3,b1-contract-0.6,SIH26170-MOCK-02
C0302,L006,CMOS_A,Propagation_Delay_ns,ns,8.29595,8.34119,8.49952,,,NONE,,0.20357,2.454,8.72984,8.76379,0.69276,8.89783,27.0,UPPER,DATASHEET_CALIBRATED,18.50048,1.0126,0.2,TEAM_PLACEHOLDER_v0_UNVALIDATED,PASS,B_OK,False,Huber,b1-v0.3,b1-contract-0.6,SIH26170-MOCK-02
C0303,L006,CMOS_A,Propagation_Delay_ns,ns,8.43059,8.53027,8.65968,,,NONE,,0.22909,2.717,8.72984,8.76379,0.69276,8.89783,27.0,UPPER,DATASHEET_CALIBRATED,18.34032,1.0038,0.2,TEAM_PLACEHOLDER_v0_UNVALIDATED,PASS,B_OK,False,Huber,b1-v0.3,b1-contract-0.6,SIH26170-MOCK-02
C0304,L006,CMOS_A,Propagation_Delay_ns,ns,9.80302,9.88677,9.97915,,,NONE,,0.17613,1.797,8.72984,8.76379,0.69276,8.89783,27.0,UPPER,DATASHEET_CALIBRATED,17.02085,0.9316,0.2,TEAM_PLACEHOLDER_v0_UNVALIDATED,PASS,B_OK,False,Huber,b1-v0.3,b1-contract-0.6,SIH26170-MOCK-02
C0305,L006,CMOS_A,Propagation_Delay_ns,ns,9.14758,9.12176,9.28484,,,NONE,,0.13726,1.5,8.72984,8.76379,0.69276,8.89783,27.0,UPPER,DATASHEET_CALIBRATED,17.71516,0.9696,0.2,TEAM_PLACEHOLDER_v0_UNVALIDATED,PASS,B_OK,False,Huber,b1-v0.3,b1-contract-0.6,SIH26170-MOCK-02
C0306,L006,CMOS_A,Propagation_Delay_ns,ns,8.80359,8.77569,8.95075,,,NONE,,0.14716,1.672,8.72984,8.76379,0.69276,8.89783,27.0,UPPER,DATASHEET_CALIBRATED,18.04925,0.9879,0.2,TEAM_PLACEHOLDER_v0_UNVALIDATED,PASS,B_OK,False,Huber,b1-v0.3,b1-contract-0.6,SIH26170-MOCK-02
C0307,L006,CMOS_A,Propagation_Delay_ns,ns,8.61367,8.52158,8.73175,,,NONE,,0.11808,1.371,8.72984,8.76379,0.69276,8.89783,27.0,UPPER,DATASHEET_CALIBRATED,18.26825,0.9999,0.2,TEAM_PLACEHOLDER_v0_UNVALIDATED,PASS,B_OK,False,Huber,b1-v0.3,b1-contract-0.6,SIH26170-MOCK-02
C0308,L006,CMOS_A,Propagation_Delay_ns,ns,8.96015,8.99458,9.13642,,,NONE,,0.17627,1.967,8.72984,8.76379,0.69276,8.89783,27.0,UPPER,DATASHEET_CALIBRATED,17.86358,0.9777,0.2,TEAM_PLACEHOLDER_v0_UNVALIDATED,PASS,B_OK,False,Huber,b1-v0.3,b1-contract-0.6,SIH26170-MOCK-02
C0309,L006,CMOS_A,Propagation_Delay_ns,ns,9.69642,9.65148,9.8056,,,NONE,,0.10918,1.126,8.72984,8.76379,0.69276,8.89783,27.0,UPPER,DATASHEET_CALIBRATED,17.1944,0.9411,0.2,TEAM_PLACEHOLDER_v0_UNVALIDATED,PASS,B_OK,False,Huber,b1-v0.3,b1-contract-0.6,SIH26170-MOCK-02
C0310,L006,CMOS_A,Propagation_Delay_ns,ns,9.86077,9.84678,9.98159,,,NONE,,0.12082,1.225,8.72984,8.76379,0.69276,8.89783,27.0,UPPER,DATASHEET_CALIBRATED,17.01841,0.9315,0.2,TEAM_PLACEHOLDER_v0_UNVALIDATED,PASS,B_OK,False,Huber,b1-v0.3,b1-contract-0.6,SIH26170-MOCK-02
C0311,L006,CMOS_A,Propagation_Delay_ns,ns,8.41239,8.3607,8.55907,,,NONE,,0.14668,1.744,8.72984,8.76379,0.69276,8.89783,27.0,UPPER,DATASHEET_CALIBRATED,18.44093,1.0093,0.2,TEAM_PLACEHOLDER_v0_UNVALIDATED,PASS,B_OK,False,Huber,b1-v0.3,b1-contract-0.6,SIH26170-MOCK-02
C0312,L006,CMOS_A,Propagation_Delay_ns,ns,8.58243,8.47462,8.6929,,,NONE,,0.11047,1.287,8.72984,8.76379,0.69276,8.89783,27.0,UPPER,DATASHEET_CALIBRATED,18.3071,1.002,0.2,TEAM_PLACEHOLDER_v0_UNVALIDATED,PASS,B_OK,False,Huber,b1-v0.3,b1-contract-0.6,SIH26170-MOCK-02
C0313,L006,CMOS_A,Propagation_Delay_ns,ns,9.20209,9.20835,9.35516,,,NONE,,0.15307,1.663,8.72984,8.76379,0.69276,8.89783,27.0,UPPER,DATASHEET_CALIBRATED,17.64484,0.9658,0.2,TEAM_PLACEHOLDER_v0_UNVALIDATED,PASS,B_OK,False,Huber,b1-v0.3,b1-contract-0.6,SIH26170-MOCK-02
C0314,L006,CMOS_A,Propagation_Delay_ns,ns,9.9721,9.87392,10.04332,,,NONE,,0.07122,0.714,8.72984,8.76379,0.69276,8.89783,27.0,UPPER,DATASHEET_CALIBRATED,16.95668,0.9281,0.2,TEAM_PLACEHOLDER_v0_UNVALIDATED,PASS,B_OK,False,Huber,b1-v0.3,b1-contract-0.6,SIH26170-MOCK-02
C0315,L006,CMOS_A,Propagation_Delay_ns,ns,9.13752,9.12334,9.28147,,,NONE,,0.14395,1.575,8.72984,8.76379,0.69276,8.89783,27.0,UPPER,DATASHEET_CALIBRATED,17.71853,0.9698,0.2,TEAM_PLACEHOLDER_v0_UNVALIDATED,PASS,B_OK,False,Huber,b1-v0.3,b1-contract-0.6,SIH26170-MOCK-02
C0316,L006,CMOS_A,Propagation_Delay_ns,ns,7.90501,8.07859,8.19162,,,NONE,,0.28661,3.626,8.72984,8.76379,0.69276,8.89783,27.0,UPPER,DATASHEET_CALIBRATED,18.80838,1.0295,0.2,TEAM_PLACEHOLDER_v0_UNVALIDATED,PASS,B_OK,False,Huber,b1-v0.3,b1-contract-0.6,SIH26170-MOCK-02
C0317,L006,CMOS_A,Propagation_Delay_ns,ns,9.67945,9.92088,9.9458,,,NONE,,0.26635,2.752,8.72984,8.76379,0.69276,8.89783,27.0,UPPER,DATASHEET_CALIBRATED,17.0542,0.9334,0.2,TEAM_PLACEHOLDER_v0_UNVALIDATED,PASS,B_OK,False,Huber,b1-v0.3,b1-contract-0.6,SIH26170-MOCK-02
C0318,L006,CMOS_A,Propagation_Delay_ns,ns,8.32417,8.43288,8.56164,,,NONE,,0.23747,2.853,8.72984,8.76379,0.69276,8.89783,27.0,UPPER,DATASHEET_CALIBRATED,18.43836,1.0092,0.2,TEAM_PLACEHOLDER_v0_UNVALIDATED,PASS,B_OK,False,Huber,b1-v0.3,b1-contract-0.6,SIH26170-MOCK-02
C0319,L006,CMOS_A,Propagation_Delay_ns,ns,9.12847,9.22969,9.3359,,,NONE,,0.20743,2.272,8.72984,8.76379,0.69276,8.89783,27.0,UPPER,DATASHEET_CALIBRATED,17.6641,0.9668,0.2,TEAM_PLACEHOLDER_v0_UNVALIDATED,PASS,B_OK,False,Huber,b1-v0.3,b1-contract-0.6,SIH26170-MOCK-02
C0320,L006,CMOS_A,Propagation_Delay_ns,ns,8.47398,8.32207,8.56374,,,NONE,,0.08976,1.059,8.72984,8.76379,0.69276,8.89783,27.0,UPPER,DATASHEET_CALIBRATED,18.43626,1.0091,0.2,TEAM_PLACEHOLDER_v0_UNVALIDATED,PASS,B_OK,False,Huber,b1-v0.3,b1-contract-0.6,SIH26170-MOCK-02
C0321,L006,CMOS_A,Propagation_Delay_ns,ns,8.93003,9.06762,9.16377,,,NONE,,0.23374,2.617,8.72984,8.76379,0.69276,8.89783,27.0,UPPER,DATASHEET_CALIBRATED,17.83623,0.9762,0.2,TEAM_PLACEHOLDER_v0_UNVALIDATED,PASS,B_OK,False,Huber,b1-v0.3,b1-contract-0.6,SIH26170-MOCK-02
C0322,L006,CMOS_A,Propagation_Delay_ns,ns,8.95175,9.04774,9.16201,,,NONE,,0.21026,2.349,8.72984,8.76379,0.69276,8.89783,27.0,UPPER,DATASHEET_CALIBRATED,17.83799,0.9763,0.2,TEAM_PLACEHOLDER_v0_UNVALIDATED,PASS,B_OK,False,Huber,b1-v0.3,b1-contract-0.6,SIH26170-MOCK-02
C0323,L006,CMOS_A,Propagation_Delay_ns,ns,8.91532,9.06485,9.15608,,,NONE,,0.24076,2.7,8.72984,8.76379,0.69276,8.89783,27.0,UPPER,DATASHEET_CALIBRATED,17.84392,0.9767,0.2,TEAM_PLACEHOLDER_v0_UNVALIDATED,PASS,B_OK,False,Huber,b1-v0.3,b1-contract-0.6,SIH26170-MOCK-02
C0324,L006,CMOS_A,Propagation_Delay_ns,ns,7.9329,8.04826,8.18665,,,NONE,,0.25375,3.199,8.72984,8.76379,0.69276,8.89783,27.0,UPPER,DATASHEET_CALIBRATED,18.81335,1.0297,0.2,TEAM_PLACEHOLDER_v0_UNVALIDATED,PASS,B_OK,False,Huber,b1-v0.3,b1-contract-0.6,SIH26170-MOCK-02
C0325,L006,CMOS_A,Propagation_Delay_ns,ns,8.96804,9.04184,9.16562,,,NONE,,0.19758,2.203,8.72984,8.76379,0.69276,8.89783,27.0,UPPER,DATASHEET_CALIBRATED,17.83438,0.9761,0.2,TEAM_PLACEHOLDER_v0_UNVALIDATED,PASS,B_OK,False,Huber,b1-v0.3,b1-contract-0.6,SIH26170-MOCK-02
C0326,L006,CMOS_A,Propagation_Delay_ns,ns,8.23947,8.14297,8.36712,,,NONE,,0.12765,1.549,8.72984,8.76379,0.69276,8.89783,27.0,UPPER,DATASHEET_CALIBRATED,18.63288,1.0199,0.2,TEAM_PLACEHOLDER_v0_UNVALIDATED,PASS,B_OK,False,Huber,b1-v0.3,b1-contract-0.6,SIH26170-MOCK-02
C0327,L006,CMOS_A,Propagation_Delay_ns,ns,8.17994,7.95039,8.23651,,,NONE,,0.05657,0.692,8.72984,8.76379,0.69276,8.89783,27.0,UPPER,DATASHEET_CALIBRATED,18.76349,1.027,0.2,TEAM_PLACEHOLDER_v0_UNVALIDATED,PASS,B_OK,False,Huber,b1-v0.3,b1-contract-0.6,SIH26170-MOCK-02
C0328,L006,CMOS_A,Propagation_Delay_ns,ns,8.6536,8.77109,8.88525,,,NONE,,0.23165,2.677,8.72984,8.76379,0.69276,8.89783,27.0,UPPER,DATASHEET_CALIBRATED,18.11475,0.9915,0.2,TEAM_PLACEHOLDER_v0_UNVALIDATED,PASS,B_OK,False,Huber,b1-v0.3,b1-contract-0.6,SIH26170-MOCK-02
C0329,L006,CMOS_A,Propagation_Delay_ns,ns,8.7017,8.78016,8.91042,,,NONE,,0.20872,2.399,8.72984,8.76379,0.69276,8.89783,27.0,UPPER,DATASHEET_CALIBRATED,18.08958,0.9901,0.2,TEAM_PLACEHOLDER_v0_UNVALIDATED,PASS,B_OK,False,Huber,b1-v0.3,b1-contract-0.6,SIH26170-MOCK-02
C0330,L006,CMOS_A,Propagation_Delay_ns,ns,8.9393,8.91919,9.08637,,,NONE,,0.14707,1.645,8.72984,8.76379,0.69276,8.89783,27.0,UPPER,DATASHEET_CALIBRATED,17.91363,0.9805,0.2,TEAM_PLACEHOLDER_v0_UNVALIDATED,PASS,B_OK,False,Huber,b1-v0.3,b1-contract-0.6,SIH26170-MOCK-02
C0331,L006,CMOS_A,Propagation_Delay_ns,ns,8.57024,8.80747,8.87021,,,NONE,,0.29997,3.5,8.72984,8.76379,0.69276,8.89783,27.0,UPPER,DATASHEET_CALIBRATED,18.12979,0.9923,0.2,TEAM_PLACEHOLDER_v0_UNVALIDATED,PASS,B_OK,False,Huber,b1-v0.3,b1-contract-0.6,SIH26170-MOCK-02
C0332,L006,CMOS_A,Propagation_Delay_ns,ns,8.54669,8.75377,8.8309,,,NONE,,0.28421,3.325,8.72984,8.76379,0.69276,8.89783,27.0,UPPER,DATASHEET_CALIBRATED,18.1691,0.9945,0.2,TEAM_PLACEHOLDER_v0_UNVALIDATED,PASS,B_OK,False,Huber,b1-v0.3,b1-contract-0.6,SIH26170-MOCK-02
C0333,L006,CMOS_A,Propagation_Delay_ns,ns,8.74924,8.48678,8.76964,,,NONE,,0.0204,0.233,8.72984,8.76379,0.69276,8.89783,27.0,UPPER,DATASHEET_CALIBRATED,18.23036,0.9978,0.2,TEAM_PLACEHOLDER_v0_UNVALIDATED,PASS,B_OK,False,Huber,b1-v0.3,b1-contract-0.6,SIH26170-MOCK-02
C0538,L011,CMOS_B,Propagation_Delay_ns,ns,4.23278,4.32793,4.42454,,,NONE,,0.19176,4.53,4.87378,4.93495,0.38581,5.046,8.5,UPPER,DATASHEET_CALIBRATED,4.07546,1.1239,0.2,TEAM_PLACEHOLDER_v0_UNVALIDATED,PASS,B_OK,False,Huber,b1-v0.3,b1-contract-0.6,SIH26170-MOCK-02
C0539,L011,CMOS_B,Propagation_Delay_ns,ns,5.196,5.1823,5.31308,,,NONE,,0.11708,2.253,4.87378,4.93495,0.38581,5.046,8.5,UPPER,DATASHEET_CALIBRATED,3.18692,0.8789,0.2,TEAM_PLACEHOLDER_v0_UNVALIDATED,PASS,B_OK,False,Huber,b1-v0.3,b1-contract-0.6,SIH26170-MOCK-02
C0540,L011,CMOS_B,Propagation_Delay_ns,ns,5.00088,4.95608,5.09204,,,NONE,,0.09116,1.823,4.87378,4.93495,0.38581,5.046,8.5,UPPER,DATASHEET_CALIBRATED,3.40796,0.9398,0.2,TEAM_PLACEHOLDER_v0_UNVALIDATED,PASS,B_OK,False,Huber,b1-v0.3,b1-contract-0.6,SIH26170-MOCK-02
C0541,L011,CMOS_B,Propagation_Delay_ns,ns,4.86453,4.91382,5.02349,,,NONE,,0.15896,3.268,4.87378,4.93495,0.38581,5.046,8.5,UPPER,DATASHEET_CALIBRATED,3.47651,0.9587,0.2,TEAM_PLACEHOLDER_v0_UNVALIDATED,PASS,B_OK,False,Huber,b1-v0.3,b1-contract-0.6,SIH26170-MOCK-02
C0542,L011,CMOS_B,Propagation_Delay_ns,ns,5.13871,5.14557,5.26968,,,NONE,,0.13097,2.549,4.87378,4.93495,0.38581,5.046,8.5,UPPER,DATASHEET_CALIBRATED,3.23032,0.8908,0.2,TEAM_PLACEHOLDER_v0_UNVALIDATED,PASS,B_OK,False,Huber,b1-v0.3,b1-contract-0.6,SIH26170-MOCK-02
C0543,L011,CMOS_B,Propagation_Delay_ns,ns,5.22852,5.20874,5.34179,,,NONE,,0.11327,2.166,4.87378,4.93495,0.38581,5.046,8.5,UPPER,DATASHEET_CALIBRATED,3.15821,0.8709,0.2,TEAM_PLACEHOLDER_v0_UNVALIDATED,PASS,B_OK,False,Huber,b1-v0.3,b1-contract-0.6,SIH26170-MOCK-02
C0544,L011,CMOS_B,Propagation_Delay_ns,ns,5.0613,5.37763,5.41642,,,NONE,,0.35512,7.016,4.87378,4.93495,0.38581,5.046,8.5,UPPER,DATASHEET_CALIBRATED,3.08358,0.8504,0.2,TEAM_PLACEHOLDER_v0_UNVALIDATED,PASS,B_OK,False,Huber,b1-v0.3,b1-contract-0.6,SIH26170-MOCK-02
C0545,L011,CMOS_B,Propagation_Delay_ns,ns,4.65402,4.57162,4.70936,,,NONE,,0.05534,1.189,4.87378,4.93495,0.38581,5.046,8.5,UPPER,DATASHEET_CALIBRATED,3.79064,1.0453,0.2,TEAM_PLACEHOLDER_v0_UNVALIDATED,PASS,B_OK,False,Huber,b1-v0.3,b1-contract-0.6,SIH26170-MOCK-02
C0546,L011,CMOS_B,Propagation_Delay_ns,ns,5.03016,5.03214,5.15607,,,NONE,,0.12591,2.503,4.87378,4.93495,0.38581,5.046,8.5,UPPER,DATASHEET_CALIBRATED,3.34393,0.9222,0.2,TEAM_PLACEHOLDER_v0_UNVALIDATED,PASS,B_OK,False,Huber,b1-v0.3,b1-contract-0.6,SIH26170-MOCK-02
C0547,L011,CMOS_B,Propagation_Delay_ns,ns,5.08695,5.01673,5.16132,,,NONE,,0.07437,1.462,4.87378,4.93495,0.38581,5.046,8.5,UPPER,DATASHEET_CALIBRATED,3.33868,0.9207,0.2,TEAM_PLACEHOLDER_v0_UNVALIDATED,PASS,B_OK,False,Huber,b1-v0.3,b1-contract-0.6,SIH26170-MOCK-02
C0548,L011,CMOS_B,Propagation_Delay_ns,ns,6.98131,7.19141,7.25716,,,NONE,,0.27585,3.951,4.87378,4.93495,0.38581,5.046,8.5,UPPER,DATASHEET_CALIBRATED,1.24284,0.3427,0.2,TEAM_PLACEHOLDER_v0_UNVALIDATED,PASS,B_OK,False,Huber,b1-v0.3,b1-contract-0.6,SIH26170-MOCK-02
C0549,L011,CMOS_B,Propagation_Delay_ns,ns,4.79275,4.79194,4.91317,,,NONE,,0.12042,2.512,4.87378,4.93495,0.38581,5.046,8.5,UPPER,DATASHEET_CALIBRATED,3.58683,0.9891,0.2,TEAM_PLACEHOLDER_v0_UNVALIDATED,PASS,B_OK,False,Huber,b1-v0.3,b1-contract-0.6,SIH26170-MOCK-02
C0550,L011,CMOS_B,Propagation_Delay_ns,ns,4.69805,4.73346,4.84489,,,NONE,,0.14684,3.125,4.87378,4.93495,0.38581,5.046,8.5,UPPER,DATASHEET_CALIBRATED,3.65511,1.008,0.2,TEAM_PLACEHOLDER_v0_UNVALIDATED,PASS,B_OK,False,Huber,b1-v0.3,b1-contract-0.6,SIH26170-MOCK-02
C0551,L011,CMOS_B,Propagation_Delay_ns,ns,4.70557,4.74168,4.85302,,,NONE,,0.14745,3.134,4.87378,4.93495,0.38581,5.046,8.5,UPPER,DATASHEET_CALIBRATED,3.64698,1.0057,0.2,TEAM_PLACEHOLDER_v0_UNVALIDATED,PASS,B_OK,False,Huber,b1-v0.3,b1-contract-0.6,SIH26170-MOCK-02
C0552,L011,CMOS_B,Propagation_Delay_ns,ns,4.76518,4.79193,4.90613,,,NONE,,0.14095,2.958,4.87378,4.93495,0.38581,5.046,8.5,UPPER,DATASHEET_CALIBRATED,3.59387,0.9911,0.2,TEAM_PLACEHOLDER_v0_UNVALIDATED,PASS,B_OK,False,Huber,b1-v0.3,b1-contract-0.6,SIH26170-MOCK-02
C0553,L011,CMOS_B,Propagation_Delay_ns,ns,4.88554,4.96674,5.06851,,,NONE,,0.18297,3.745,4.87378,4.93495,0.38581,5.046,8.5,UPPER,DATASHEET_CALIBRATED,3.43149,0.9463,0.2,TEAM_PLACEHOLDER_v0_UNVALIDATED,PASS,B_OK,False,Huber,b1-v0.3,b1-contract-0.6,SIH26170-MOCK-02
C0554,L011,CMOS_B,Propagation_Delay_ns,ns,5.06836,5.08726,5.20712,,,NONE,,0.13876,2.738,4.87378,4.93495,0.38581,5.046,8.5,UPPER,DATASHEET_CALIBRATED,3.29288,0.9081,0.2,TEAM_PLACEHOLDER_v0_UNVALIDATED,PASS,B_OK,False,Huber,b1-v0.3,b1-contract-0.6,SIH26170-MOCK-02
C0555,L011,CMOS_B,Propagation_Delay_ns,ns,4.98709,5.00807,5.12636,,,NONE,,0.13927,2.793,4.87378,4.93495,0.38581,5.046,8.5,UPPER,DATASHEET_CALIBRATED,3.37364,0.9303,0.2,TEAM_PLACEHOLDER_v0_UNVALIDATED,PASS,B_OK,False,Huber,b1-v0.3,b1-contract-0.6,SIH26170-MOCK-02
C0556,L011,CMOS_B,Propagation_Delay_ns,ns,4.75302,4.72814,4.85454,,,NONE,,0.10152,2.136,4.87378,4.93495,0.38581,5.046,8.5,UPPER,DATASHEET_CALIBRATED,3.64546,1.0053,0.2,TEAM_PLACEHOLDER_v0_UNVALIDATED,PASS,B_OK,False,Huber,b1-v0.3,b1-contract-0.6,SIH26170-MOCK-02
C0557,L011,CMOS_B,Propagation_Delay_ns,ns,4.86197,4.97578,5.06923,,,NONE,,0.20726,4.263,4.87378,4.93495,0.38581,5.046,8.5,UPPER,DATASHEET_CALIBRATED,3.43077,0.9461,0.2,TEAM_PLACEHOLDER_v0_UNVALIDATED,PASS,B_OK,False,Huber,b1-v0.3,b1-contract-0.6,SIH26170-MOCK-02
C0558,L011,CMOS_B,Propagation_Delay_ns,ns,4.60945,4.61469,4.7319,,,NONE,,0.12245,2.657,4.87378,4.93495,0.38581,5.046,8.5,UPPER,DATASHEET_CALIBRATED,3.7681,1.0391,0.2,TEAM_PLACEHOLDER_v0_UNVALIDATED,PASS,B_OK,False,Huber,b1-v0.3,b1-contract-0.6,SIH26170-MOCK-02
C0559,L011,CMOS_B,Propagation_Delay_ns,ns,4.47484,4.48348,4.59814,,,NONE,,0.1233,2.755,4.87378,4.93495,0.38581,5.046,8.5,UPPER,DATASHEET_CALIBRATED,3.90186,1.076,0.2,TEAM_PLACEHOLDER_v0_UNVALIDATED,PASS,B_OK,False,Huber,b1-v0.3,b1-contract-0.6,SIH26170-MOCK-02
C0560,L011,CMOS_B,Propagation_Delay_ns,ns,4.67407,4.66546,4.78675,,,NONE,,0.11268,2.411,4.87378,4.93495,0.38581,5.046,8.5,UPPER,DATASHEET_CALIBRATED,3.71325,1.024,0.2,TEAM_PLACEHOLDER_v0_UNVALIDATED,PASS,B_OK,False,Huber,b1-v0.3,b1-contract-0.6,SIH26170-MOCK-02
C0561,L011,CMOS_B,Propagation_Delay_ns,ns,5.14346,5.13893,5.2663,,,NONE,,0.12284,2.388,4.87378,4.93495,0.38581,5.046,8.5,UPPER,DATASHEET_CALIBRATED,3.2337,0.8918,0.2,TEAM_PLACEHOLDER_v0_UNVALIDATED,PASS,B_OK,False,Huber,b1-v0.3,b1-contract-0.6,SIH26170-MOCK-02
C0562,L011,CMOS_B,Propagation_Delay_ns,ns,5.28082,5.27282,5.40326,,,NONE,,0.12244,2.319,4.87378,4.93495,0.38581,5.046,8.5,UPPER,DATASHEET_CALIBRATED,3.09674,0.854,0.2,TEAM_PLACEHOLDER_v0_UNVALIDATED,PASS,B_OK,False,Huber,b1-v0.3,b1-contract-0.6,SIH26170-MOCK-02
C0563,L011,CMOS_B,Propagation_Delay_ns,ns,4.49206,4.56789,4.66887,,,NONE,,0.17681,3.936,4.87378,4.93495,0.38581,5.046,8.5,UPPER,DATASHEET_CALIBRATED,3.83113,1.0565,0.2,TEAM_PLACEHOLDER_v0_UNVALIDATED,PASS,B_OK,False,Huber,b1-v0.3,b1-contract-0.6,SIH26170-MOCK-02
C0564,L011,CMOS_B,Propagation_Delay_ns,ns,5.09261,5.04732,5.18516,,,NONE,,0.09255,1.817,4.87378,4.93495,0.38581,5.046,8.5,UPPER,DATASHEET_CALIBRATED,3.31484,0.9141,0.2,TEAM_PLACEHOLDER_v0_UNVALIDATED,PASS,B_OK,False,Huber,b1-v0.3,b1-contract-0.6,SIH26170-MOCK-02
C0565,L011,CMOS_B,Propagation_Delay_ns,ns,4.84677,4.8962,5.00568,,,NONE,,0.15891,3.279,4.87378,4.93495,0.38581,5.046,8.5,UPPER,DATASHEET_CALIBRATED,3.49432,0.9636,0.2,TEAM_PLACEHOLDER_v0_UNVALIDATED,PASS,B_OK,False,Huber,b1-v0.3,b1-contract-0.6,SIH26170-MOCK-02
C0566,L011,CMOS_B,Propagation_Delay_ns,ns,5.18717,5.25101,5.35957,,,NONE,,0.1724,3.324,4.87378,4.93495,0.38581,5.046,8.5,UPPER,DATASHEET_CALIBRATED,3.14043,0.866,0.2,TEAM_PLACEHOLDER_v0_UNVALIDATED,PASS,B_OK,False,Huber,b1-v0.3,b1-contract-0.6,SIH26170-MOCK-02
C0567,L011,CMOS_B,Propagation_Delay_ns,ns,5.0456,5.06123,5.18169,,,NONE,,0.13609,2.697,4.87378,4.93495,0.38581,5.046,8.5,UPPER,DATASHEET_CALIBRATED,3.31831,0.9151,0.2,TEAM_PLACEHOLDER_v0_UNVALIDATED,PASS,B_OK,False,Huber,b1-v0.3,b1-contract-0.6,SIH26170-MOCK-02
C0568,L011,CMOS_B,Propagation_Delay_ns,ns,4.59757,4.65831,4.76313,,,NONE,,0.16556,3.601,4.87378,4.93495,0.38581,5.046,8.5,UPPER,DATASHEET_CALIBRATED,3.73687,1.0305,0.2,TEAM_PLACEHOLDER_v0_UNVALIDATED,PASS,B_OK,False,Huber,b1-v0.3,b1-contract-0.6,SIH26170-MOCK-02
C0569,L011,CMOS_B,Propagation_Delay_ns,ns,5.03566,5.08164,5.19379,,,NONE,,0.15813,3.14,4.87378,4.93495,0.38581,5.046,8.5,UPPER,DATASHEET_CALIBRATED,3.30621,0.9118,0.2,TEAM_PLACEHOLDER_v0_UNVALIDATED,PASS,B_OK,False,Huber,b1-v0.3,b1-contract-0.6,SIH26170-MOCK-02
C0570,L011,CMOS_B,Propagation_Delay_ns,ns,4.68797,4.61514,4.7515,,,NONE,,0.06353,1.355,4.87378,4.93495,0.38581,5.046,8.5,UPPER,DATASHEET_CALIBRATED,3.7485,1.0337,0.2,TEAM_PLACEHOLDER_v0_UNVALIDATED,PASS,B_OK,False,Huber,b1-v0.3,b1-contract-0.6,SIH26170-MOCK-02
C0571,L011,CMOS_B,Propagation_Delay_ns,ns,4.82331,4.82388,4.94521,,,NONE,,0.1219,2.527,4.87378,4.93495,0.38581,5.046,8.5,UPPER,DATASHEET_CALIBRATED,3.55479,0.9803,0.2,TEAM_PLACEHOLDER_v0_UNVALIDATED,PASS,B_OK,False,Huber,b1-v0.3,b1-contract-0.6,SIH26170-MOCK-02
C0572,L011,CMOS_B,Propagation_Delay_ns,ns,5.14489,5.24885,5.3458,,,NONE,,0.20091,3.905,4.87378,4.93495,0.38581,5.046,8.5,UPPER,DATASHEET_CALIBRATED,3.1542,0.8698,0.2,TEAM_PLACEHOLDER_v0_UNVALIDATED,PASS,B_OK,False,Huber,b1-v0.3,b1-contract-0.6,SIH26170-MOCK-02
C0573,L011,CMOS_B,Propagation_Delay_ns,ns,5.10613,5.12417,5.24474,,,NONE,,0.13861,2.715,4.87378,4.93495,0.38581,5.046,8.5,UPPER,DATASHEET_CALIBRATED,3.25526,0.8977,0.2,TEAM_PLACEHOLDER_v0_UNVALIDATED,PASS,B_OK,False,Huber,b1-v0.3,b1-contract-0.6,SIH26170-MOCK-02
C0574,L011,CMOS_B,Propagation_Delay_ns,ns,4.88304,4.90056,5.01845,,,NONE,,0.13541,2.773,4.87378,4.93495,0.38581,5.046,8.5,UPPER,DATASHEET_CALIBRATED,3.48155,0.9601,0.2,TEAM_PLACEHOLDER_v0_UNVALIDATED,PASS,B_OK,False,Huber,b1-v0.3,b1-contract-0.6,SIH26170-MOCK-02
C0575,L011,CMOS_B,Propagation_Delay_ns,ns,4.47156,4.4258,4.55153,,,NONE,,0.07997,1.788,4.87378,4.93495,0.38581,5.046,8.5,UPPER,DATASHEET_CALIBRATED,3.94847,1.0889,0.2,TEAM_PLACEHOLDER_v0_UNVALIDATED,PASS,B_OK,False,Huber,b1-v0.3,b1-contract-0.6,SIH26170-MOCK-02
C0576,L011,CMOS_B,Propagation_Delay_ns,ns,5.42688,5.50611,5.612,,,NONE,,0.18512,3.411,4.87378,4.93495,0.38581,5.046,8.5,UPPER,DATASHEET_CALIBRATED,2.888,0.7964,0.2,TEAM_PLACEHOLDER_v0_UNVALIDATED,PASS,B_OK,False,Huber,b1-v0.3,b1-contract-0.6,SIH26170-MOCK-02
C0577,L011,CMOS_B,Propagation_Delay_ns,ns,4.81371,4.76684,4.89969,,,NONE,,0.08598,1.786,4.87378,4.93495,0.38581,5.046,8.5,UPPER,DATASHEET_CALIBRATED,3.60031,0.9929,0.2,TEAM_PLACEHOLDER_v0_UNVALIDATED,PASS,B_OK,False,Huber,b1-v0.3,b1-contract-0.6,SIH26170-MOCK-02
C0578,L011,CMOS_B,Propagation_Delay_ns,ns,4.75105,4.81785,4.92233,,,NONE,,0.17128,3.605,4.87378,4.93495,0.38581,5.046,8.5,UPPER,DATASHEET_CALIBRATED,3.57767,0.9866,0.2,TEAM_PLACEHOLDER_v0_UNVALIDATED,PASS,B_OK,False,Huber,b1-v0.3,b1-contract-0.6,SIH26170-MOCK-02
C0579,L011,CMOS_B,Propagation_Delay_ns,ns,5.27419,5.30173,5.42165,,,NONE,,0.14746,2.796,4.87378,4.93495,0.38581,5.046,8.5,UPPER,DATASHEET_CALIBRATED,3.07835,0.8489,0.2,TEAM_PLACEHOLDER_v0_UNVALIDATED,PASS,B_OK,False,Huber,b1-v0.3,b1-contract-0.6,SIH26170-MOCK-02
C0580,L011,CMOS_B,Propagation_Delay_ns,ns,4.58729,4.42112,4.57558,,,NONE,,-0.01171,-0.255,4.87378,4.93495,0.38581,5.046,8.5,UPPER,DATASHEET_CALIBRATED,3.92442,1.0822,0.2,TEAM_PLACEHOLDER_v0_UNVALIDATED,PASS,B_OK,False,Huber,b1-v0.3,b1-contract-0.6,SIH26170-MOCK-02
C0581,L011,CMOS_B,Propagation_Delay_ns,ns,5.59561,5.54548,5.69424,,,NONE,,0.09863,1.763,4.87378,4.93495,0.38581,5.046,8.5,UPPER,DATASHEET_CALIBRATED,2.80576,0.7737,0.2,TEAM_PLACEHOLDER_v0_UNVALIDATED,PASS,B_OK,False,Huber,b1-v0.3,b1-contract-0.6,SIH26170-MOCK-02
C0582,L011,CMOS_B,Propagation_Delay_ns,ns,4.82266,4.91348,5.01253,,,NONE,,0.18987,3.937,4.87378,4.93495,0.38581,5.046,8.5,UPPER,DATASHEET_CALIBRATED,3.48747,0.9617,0.2,TEAM_PLACEHOLDER_v0_UNVALIDATED,PASS,B_OK,False,Huber,b1-v0.3,b1-contract-0.6,SIH26170-MOCK-02
C0583,L011,CMOS_B,Propagation_Delay_ns,ns,4.84362,4.86651,4.98257,,,NONE,,0.13895,2.869,4.87378,4.93495,0.38581,5.046,8.5,UPPER,DATASHEET_CALIBRATED,3.51743,0.97,0.2,TEAM_PLACEHOLDER_v0_UNVALIDATED,PASS,B_OK,False,Huber,b1-v0.3,b1-contract-0.6,SIH26170-MOCK-02
C0584,L012,CMOS_B,Propagation_Delay_ns,ns,5.09226,5.19846,5.28695,,,NONE,,0.19469,3.823,5.10178,5.16414,0.35183,5.27423,8.5,UPPER,DATASHEET_CALIBRATED,3.21305,0.9455,0.2,TEAM_PLACEHOLDER_v0_UNVALIDATED,PASS,B_OK,False,Huber,b1-v0.3,b1-contract-0.6,SIH26170-MOCK-02
C0585,L012,CMOS_B,Propagation_Delay_ns,ns,5.37173,5.38342,5.50114,,,NONE,,0.12941,2.409,5.10178,5.16414,0.35183,5.27423,8.5,UPPER,DATASHEET_CALIBRATED,2.99886,0.8825,0.2,TEAM_PLACEHOLDER_v0_UNVALIDATED,PASS,B_OK,False,Huber,b1-v0.3,b1-contract-0.6,SIH26170-MOCK-02
C0586,L012,CMOS_B,Propagation_Delay_ns,ns,5.10222,5.19237,5.28532,,,NONE,,0.1831,3.589,5.10178,5.16414,0.35183,5.27423,8.5,UPPER,DATASHEET_CALIBRATED,3.21468,0.946,0.2,TEAM_PLACEHOLDER_v0_UNVALIDATED,PASS,B_OK,False,Huber,b1-v0.3,b1-contract-0.6,SIH26170-MOCK-02
C0587,L012,CMOS_B,Propagation_Delay_ns,ns,5.36227,5.25593,5.40909,,,NONE,,0.04682,0.873,5.10178,5.16414,0.35183,5.27423,8.5,UPPER,DATASHEET_CALIBRATED,3.09091,0.9096,0.2,TEAM_PLACEHOLDER_v0_UNVALIDATED,PASS,B_OK,False,Huber,b1-v0.3,b1-contract-0.6,SIH26170-MOCK-02
C0588,L012,CMOS_B,Propagation_Delay_ns,ns,5.52565,5.70458,5.77131,,,NONE,,0.24566,4.446,5.10178,5.16414,0.35183,5.27423,8.5,UPPER,DATASHEET_CALIBRATED,2.72869,0.803,0.2,TEAM_PLACEHOLDER_v0_UNVALIDATED,PASS,B_OK,False,Huber,b1-v0.3,b1-contract-0.6,SIH26170-MOCK-02
C0589,L012,CMOS_B,Propagation_Delay_ns,ns,5.65993,5.67156,5.79263,,,NONE,,0.1327,2.345,5.10178,5.16414,0.35183,5.27423,8.5,UPPER,DATASHEET_CALIBRATED,2.70737,0.7967,0.2,TEAM_PLACEHOLDER_v0_UNVALIDATED,PASS,B_OK,False,Huber,b1-v0.3,b1-contract-0.6,SIH26170-MOCK-02
C0590,L012,CMOS_B,Propagation_Delay_ns,ns,5.20951,5.21225,5.33067,,,NONE,,0.12116,2.326,5.10178,5.16414,0.35183,5.27423,8.5,UPPER,DATASHEET_CALIBRATED,3.16933,0.9326,0.2,TEAM_PLACEHOLDER_v0_UNVALIDATED,PASS,B_OK,False,Huber,b1-v0.3,b1-contract-0.6,SIH26170-MOCK-02
C0591,L012,CMOS_B,Propagation_Delay_ns,ns,5.49136,5.46938,5.599,,,NONE,,0.10764,1.96,5.10178,5.16414,0.35183,5.27423,8.5,UPPER,DATASHEET_CALIBRATED,2.901,0.8537,0.2,TEAM_PLACEHOLDER_v0_UNVALIDATED,PASS,B_OK,False,Huber,b1-v0.3,b1-contract-0.6,SIH26170-MOCK-02
C0592,L012,CMOS_B,Propagation_Delay_ns,ns,5.03341,5.37138,5.39732,,,NONE,,0.36391,7.23,5.10178,5.16414,0.35183,5.27423,8.5,UPPER,DATASHEET_CALIBRATED,3.10268,0.913,0.2,TEAM_PLACEHOLDER_v0_UNVALIDATED,PASS,B_OK,False,Huber,b1-v0.3,b1-contract-0.6,SIH26170-MOCK-02
C0593,L012,CMOS_B,Propagation_Delay_ns,ns,5.7708,5.70312,5.8521,,,NONE,,0.0813,1.409,5.10178,5.16414,0.35183,5.27423,8.5,UPPER,DATASHEET_CALIBRATED,2.6479,0.7792,0.2,TEAM_PLACEHOLDER_v0_UNVALIDATED,PASS,B_OK,False,Huber,b1-v0.3,b1-contract-0.6,SIH26170-MOCK-02
C0594,L012,CMOS_B,Propagation_Delay_ns,ns,5.25332,5.61052,5.62631,,,NONE,,0.37299,7.1,5.10178,5.16414,0.35183,5.27423,8.5,UPPER,DATASHEET_CALIBRATED,2.87369,0.8456,0.2,TEAM_PLACEHOLDER_v0_UNVALIDATED,PASS,B_OK,False,Huber,b1-v0.3,b1-contract-0.6,SIH26170-MOCK-02
C0595,L012,CMOS_B,Propagation_Delay_ns,ns,5.10134,5.06398,5.19215,,,NONE,,0.09081,1.78,5.10178,5.16414,0.35183,5.27423,8.5,UPPER,DATASHEET_CALIBRATED,3.30785,0.9734,0.2,TEAM_PLACEHOLDER_v0_UNVALIDATED,PASS,B_OK,False,Huber,b1-v0.3,b1-contract-0.6,SIH26170-MOCK-02
C0596,L012,CMOS_B,Propagation_Delay_ns,ns,4.77316,4.83004,4.93005,,,NONE,,0.15689,3.287,5.10178,5.16414,0.35183,5.27423,8.5,UPPER,DATASHEET_CALIBRATED,3.56995,1.0505,0.2,TEAM_PLACEHOLDER_v0_UNVALIDATED,PASS,B_OK,False,Huber,b1-v0.3,b1-contract-0.6,SIH26170-MOCK-02
C0597,L012,CMOS_B,Propagation_Delay_ns,ns,4.63901,4.61046,4.72894,,,NONE,,0.08993,1.938,5.10178,5.16414,0.35183,5.27423,8.5,UPPER,DATASHEET_CALIBRATED,3.77106,1.1097,0.2,TEAM_PLACEHOLDER_v0_UNVALIDATED,PASS,B_OK,False,Huber,b1-v0.3,b1-contract-0.6,SIH26170-MOCK-02
C0598,L012,CMOS_B,Propagation_Delay_ns,ns,5.00061,5.61288,5.56659,,,NONE,,0.56598,11.318,5.10178,5.16414,0.35183,5.27423,8.5,UPPER,DATASHEET_CALIBRATED,2.93341,0.8632,0.2,TEAM_PLACEHOLDER_v0_UNVALIDATED,PASS,B_OK,False,Huber,b1-v0.3,b1-contract-0.6,SIH26170-MOCK-02
C0599,L012,CMOS_B,Propagation_Delay_ns,ns,4.74274,4.70218,4.82517,,,NONE,,0.08243,1.738,5.10178,5.16414,0.35183,5.27423,8.5,UPPER,DATASHEET_CALIBRATED,3.67483,1.0814,0.2,TEAM_PLACEHOLDER_v0_UNVALIDATED,PASS,B_OK,False,Huber,b1-v0.3,b1-contract-0.6,SIH26170-MOCK-02
C0600,L012,CMOS_B,Propagation_Delay_ns,ns,5.00131,4.96589,5.09191,,,NONE,,0.0906,1.812,5.10178,5.16414,0.35183,5.27423,8.5,UPPER,DATASHEET_CALIBRATED,3.40809,1.0029,0.2,TEAM_PLACEHOLDER_v0_UNVALIDATED,PASS,B_OK,False,Huber,b1-v0.3,b1-contract-0.6,SIH26170-MOCK-02
C0601,L012,CMOS_B,Propagation_Delay_ns,ns,5.35111,5.27305,5.41747,,,NONE,,0.06636,1.24,5.10178,5.16414,0.35183,5.27423,8.5,UPPER,DATASHEET_CALIBRATED,3.08253,0.9071,0.2,TEAM_PLACEHOLDER_v0_UNVALIDATED,PASS,B_OK,False,Huber,b1-v0.3,b1-contract-0.6,SIH26170-MOCK-02
C0602,L012,CMOS_B,Propagation_Delay_ns,ns,4.74529,4.78889,4.89189,,,NONE,,0.1466,3.089,5.10178,5.16414,0.35183,5.27423,8.5,UPPER,DATASHEET_CALIBRATED,3.60811,1.0618,0.2,TEAM_PLACEHOLDER_v0_UNVALIDATED,PASS,B_OK,False,Huber,b1-v0.3,b1-contract-0.6,SIH26170-MOCK-02
C0603,L012,CMOS_B,Propagation_Delay_ns,ns,4.99397,5.05326,5.15403,,,NONE,,0.16006,3.205,5.10178,5.16414,0.35183,5.27423,8.5,UPPER,DATASHEET_CALIBRATED,3.34597,0.9846,0.2,TEAM_PLACEHOLDER_v0_UNVALIDATED,PASS,B_OK,False,Huber,b1-v0.3,b1-contract-0.6,SIH26170-MOCK-02
C0604,L012,CMOS_B,Propagation_Delay_ns,ns,5.17859,5.06931,5.21916,,,NONE,,0.04057,0.783,5.10178,5.16414,0.35183,5.27423,8.5,UPPER,DATASHEET_CALIBRATED,3.28084,0.9655,0.2,TEAM_PLACEHOLDER_v0_UNVALIDATED,PASS,B_OK,False,Huber,b1-v0.3,b1-contract-0.6,SIH26170-MOCK-02
C0605,L012,CMOS_B,Propagation_Delay_ns,ns,5.07581,5.12801,5.23125,,,NONE,,0.15544,3.062,5.10178,5.16414,0.35183,5.27423,8.5,UPPER,DATASHEET_CALIBRATED,3.26875,0.9619,0.2,TEAM_PLACEHOLDER_v0_UNVALIDATED,PASS,B_OK,False,Huber,b1-v0.3,b1-contract-0.6,SIH26170-MOCK-02
C0606,L012,CMOS_B,Propagation_Delay_ns,ns,5.47194,5.51272,5.62255,,,NONE,,0.15061,2.752,5.10178,5.16414,0.35183,5.27423,8.5,UPPER,DATASHEET_CALIBRATED,2.87745,0.8468,0.2,TEAM_PLACEHOLDER_v0_UNVALIDATED,PASS,B_OK,False,Huber,b1-v0.3,b1-contract-0.6,SIH26170-MOCK-02
C0607,L012,CMOS_B,Propagation_Delay_ns,ns,4.98646,4.93168,5.06258,,,NONE,,0.07612,1.527,5.10178,5.16414,0.35183,5.27423,8.5,UPPER,DATASHEET_CALIBRATED,3.43742,1.0115,0.2,TEAM_PLACEHOLDER_v0_UNVALIDATED,PASS,B_OK,False,Huber,b1-v0.3,b1-contract-0.6,SIH26170-MOCK-02
C0608,L012,CMOS_B,Propagation_Delay_ns,ns,5.12328,5.09823,5.22333,,,NONE,,0.10005,1.953,5.10178,5.16414,0.35183,5.27423,8.5,UPPER,DATASHEET_CALIBRATED,3.27667,0.9642,0.2,TEAM_PLACEHOLDER_v0_UNVALIDATED,PASS,B_OK,False,Huber,b1-v0.3,b1-contract-0.6,SIH26170-MOCK-02
C0609,L012,CMOS_B,Propagation_Delay_ns,ns,5.26154,5.29638,5.40608,,,NONE,,0.14454,2.747,5.10178,5.16414,0.35183,5.27423,8.5,UPPER,DATASHEET_CALIBRATED,3.09392,0.9105,0.2,TEAM_PLACEHOLDER_v0_UNVALIDATED,PASS,B_OK,False,Huber,b1-v0.3,b1-contract-0.6,SIH26170-MOCK-02
C0610,L012,CMOS_B,Propagation_Delay_ns,ns,5.50287,5.61635,5.70366,,,NONE,,0.20079,3.649,5.10178,5.16414,0.35183,5.27423,8.5,UPPER,DATASHEET_CALIBRATED,2.79634,0.8229,0.2,TEAM_PLACEHOLDER_v0_UNVALIDATED,PASS,B_OK,False,Huber,b1-v0.3,b1-contract-0.6,SIH26170-MOCK-02
C0611,L012,CMOS_B,Propagation_Delay_ns,ns,5.07137,4.96101,5.10865,,,NONE,,0.03728,0.735,5.10178,5.16414,0.35183,5.27423,8.5,UPPER,DATASHEET_CALIBRATED,3.39135,0.998,0.2,TEAM_PLACEHOLDER_v0_UNVALIDATED,PASS,B_OK,False,Huber,b1-v0.3,b1-contract-0.6,SIH26170-MOCK-02
C0612,L012,CMOS_B,Propagation_Delay_ns,ns,4.78385,4.69695,4.83188,,,NONE,,0.04803,1.004,5.10178,5.16414,0.35183,5.27423,8.5,UPPER,DATASHEET_CALIBRATED,3.66812,1.0794,0.2,TEAM_PLACEHOLDER_v0_UNVALIDATED,PASS,B_OK,False,Huber,b1-v0.3,b1-contract-0.6,SIH26170-MOCK-02
C0613,L012,CMOS_B,Propagation_Delay_ns,ns,5.44733,5.53599,5.63082,,,NONE,,0.18349,3.368,5.10178,5.16414,0.35183,5.27423,8.5,UPPER,DATASHEET_CALIBRATED,2.86918,0.8443,0.2,TEAM_PLACEHOLDER_v0_UNVALIDATED,PASS,B_OK,False,Huber,b1-v0.3,b1-contract-0.6,SIH26170-MOCK-02
C0614,L012,CMOS_B,Propagation_Delay_ns,ns,5.00286,4.99667,5.11493,,,NONE,,0.11207,2.24,5.10178,5.16414,0.35183,5.27423,8.5,UPPER,DATASHEET_CALIBRATED,3.38507,0.9961,0.2,TEAM_PLACEHOLDER_v0_UNVALIDATED,PASS,B_OK,False,Huber,b1-v0.3,b1-contract-0.6,SIH26170-MOCK-02
C0615,L012,CMOS_B,Propagation_Delay_ns,ns,5.12024,5.15461,5.26314,,,NONE,,0.1429,2.791,5.10178,5.16414,0.35183,5.27423,8.5,UPPER,DATASHEET_CALIBRATED,3.23686,0.9525,0.2,TEAM_PLACEHOLDER_v0_UNVALIDATED,PASS,B_OK,False,Huber,b1-v0.3,b1-contract-0.6,SIH26170-MOCK-02
C0616,L012,CMOS_B,Propagation_Delay_ns,ns,5.0595,5.11423,5.21666,,,NONE,,0.15716,3.106,5.10178,5.16414,0.35183,5.27423,8.5,UPPER,DATASHEET_CALIBRATED,3.28334,0.9662,0.2,TEAM_PLACEHOLDER_v0_UNVALIDATED,PASS,B_OK,False,Huber,b1-v0.3,b1-contract-0.6,SIH26170-MOCK-02
C0617,L012,CMOS_B,Propagation_Delay_ns,ns,4.77842,4.74906,4.86995,,,NONE,,0.09153,1.916,5.10178,5.16414,0.35183,5.27423,8.5,UPPER,DATASHEET_CALIBRATED,3.63005,1.0682,0.2,TEAM_PLACEHOLDER_v0_UNVALIDATED,PASS,B_OK,False,Huber,b1-v0.3,b1-contract-0.6,SIH26170-MOCK-02
C0618,L012,CMOS_B,Propagation_Delay_ns,ns,5.35852,5.34937,5.47321,,,NONE,,0.11469,2.14,5.10178,5.16414,0.35183,5.27423,8.5,UPPER,DATASHEET_CALIBRATED,3.02679,0.8907,0.2,TEAM_PLACEHOLDER_v0_UNVALIDATED,PASS,B_OK,False,Huber,b1-v0.3,b1-contract-0.6,SIH26170-MOCK-02
C0619,L012,CMOS_B,Propagation_Delay_ns,ns,5.26348,5.17368,5.31979,,,NONE,,0.05631,1.07,5.10178,5.16414,0.35183,5.27423,8.5,UPPER,DATASHEET_CALIBRATED,3.18021,0.9358,0.2,TEAM_PLACEHOLDER_v0_UNVALIDATED,PASS,B_OK,False,Huber,b1-v0.3,b1-contract-0.6,SIH26170-MOCK-02
C0620,L012,CMOS_B,Propagation_Delay_ns,ns,5.02123,4.98796,5.11373,,,NONE,,0.0925,1.842,5.10178,5.16414,0.35183,5.27423,8.5,UPPER,DATASHEET_CALIBRATED,3.38627,0.9965,0.2,TEAM_PLACEHOLDER_v0_UNVALIDATED,PASS,B_OK,False,Huber,b1-v0.3,b1-contract-0.6,SIH26170-MOCK-02
C0621,L012,CMOS_B,Propagation_Delay_ns,ns,4.54641,4.59935,4.6989,,,NONE,,0.15249,3.354,5.10178,5.16414,0.35183,5.27423,8.5,UPPER,DATASHEET_CALIBRATED,3.8011,1.1186,0.2,TEAM_PLACEHOLDER_v0_UNVALIDATED,PASS,B_OK,False,Huber,b1-v0.3,b1-contract-0.6,SIH26170-MOCK-02
C0622,L012,CMOS_B,Propagation_Delay_ns,ns,5.57447,5.49288,5.64276,,,NONE,,0.06829,1.225,5.10178,5.16414,0.35183,5.27423,8.5,UPPER,DATASHEET_CALIBRATED,2.85724,0.8408,0.2,TEAM_PLACEHOLDER_v0_UNVALIDATED,PASS,B_OK,False,Huber,b1-v0.3,b1-contract-0.6,SIH26170-MOCK-02
C0623,L012,CMOS_B,Propagation_Delay_ns,ns,4.99759,5.0335,5.14051,,,NONE,,0.14292,2.86,5.10178,5.16414,0.35183,5.27423,8.5,UPPER,DATASHEET_CALIBRATED,3.35949,0.9886,0.2,TEAM_PLACEHOLDER_v0_UNVALIDATED,PASS,B_OK,False,Huber,b1-v0.3,b1-contract-0.6,SIH26170-MOCK-02
C0624,L012,CMOS_B,Propagation_Delay_ns,ns,5.0477,5.12272,5.21958,,,NONE,,0.17188,3.405,5.10178,5.16414,0.35183,5.27423,8.5,UPPER,DATASHEET_CALIBRATED,3.28042,0.9653,0.2,TEAM_PLACEHOLDER_v0_UNVALIDATED,PASS,B_OK,False,Huber,b1-v0.3,b1-contract-0.6,SIH26170-MOCK-02
C0625,L012,CMOS_B,Propagation_Delay_ns,ns,5.2756,5.25867,5.38368,,,NONE,,0.10808,2.049,5.10178,5.16414,0.35183,5.27423,8.5,UPPER,DATASHEET_CALIBRATED,3.11632,0.917,0.2,TEAM_PLACEHOLDER_v0_UNVALIDATED,PASS,B_OK,False,Huber,b1-v0.3,b1-contract-0.6,SIH26170-MOCK-02
C0626,L012,CMOS_B,Propagation_Delay_ns,ns,5.17867,5.40966,5.4629,,,NONE,,0.28423,5.488,5.10178,5.16414,0.35183,5.27423,8.5,UPPER,DATASHEET_CALIBRATED,3.0371,0.8937,0.2,TEAM_PLACEHOLDER_v0_UNVALIDATED,PASS,B_OK,False,Huber,b1-v0.3,b1-contract-0.6,SIH26170-MOCK-02
C0627,L012,CMOS_B,Propagation_Delay_ns,ns,5.03901,5.07799,5.18453,,,NONE,,0.14552,2.888,5.10178,5.16414,0.35183,5.27423,8.5,UPPER,DATASHEET_CALIBRATED,3.31547,0.9756,0.2,TEAM_PLACEHOLDER_v0_UNVALIDATED,PASS,B_OK,False,Huber,b1-v0.3,b1-contract-0.6,SIH26170-MOCK-02
C0843,L017,CMOS_C,Propagation_Delay_ns,ns,3.40839,3.51218,3.54169,,,NONE,,0.1333,3.911,3.45137,3.48285,0.2232,3.54524,5.5,UPPER,DATASHEET_CALIBRATED,1.95831,0.9559,0.2,TEAM_PLACEHOLDER_v0_UNVALIDATED,PASS,B_OK,False,Huber,b1-v0.3,b1-contract-0.6,SIH26170-MOCK-02
C0844,L017,CMOS_C,Propagation_Delay_ns,ns,3.32142,3.31027,3.3995,,,NONE,,0.07808,2.351,3.45137,3.48285,0.2232,3.54524,5.5,UPPER,DATASHEET_CALIBRATED,2.1005,1.0253,0.2,TEAM_PLACEHOLDER_v0_UNVALIDATED,PASS,B_OK,False,Huber,b1-v0.3,b1-contract-0.6,SIH26170-MOCK-02
C0845,L017,CMOS_C,Propagation_Delay_ns,ns,3.2645,3.27415,3.35353,,,NONE,,0.08903,2.727,3.45137,3.48285,0.2232,3.54524,5.5,UPPER,DATASHEET_CALIBRATED,2.14647,1.0478,0.2,TEAM_PLACEHOLDER_v0_UNVALIDATED,PASS,B_OK,False,Huber,b1-v0.3,b1-contract-0.6,SIH26170-MOCK-02
C0846,L017,CMOS_C,Propagation_Delay_ns,ns,3.63729,3.713,3.75376,,,NONE,,0.11647,3.202,3.45137,3.48285,0.2232,3.54524,5.5,UPPER,DATASHEET_CALIBRATED,1.74624,0.8524,0.2,TEAM_PLACEHOLDER_v0_UNVALIDATED,PASS,B_OK,False,Huber,b1-v0.3,b1-contract-0.6,SIH26170-MOCK-02
C0847,L017,CMOS_C,Propagation_Delay_ns,ns,3.4709,3.54125,3.58697,,,NONE,,0.11607,3.344,3.45137,3.48285,0.2232,3.54524,5.5,UPPER,DATASHEET_CALIBRATED,1.91303,0.9338,0.2,TEAM_PLACEHOLDER_v0_UNVALIDATED,PASS,B_OK,False,Huber,b1-v0.3,b1-contract-0.6,SIH26170-MOCK-02
C0848,L017,CMOS_C,Propagation_Delay_ns,ns,3.45225,3.54036,3.57727,,,NONE,,0.12502,3.622,3.45137,3.48285,0.2232,3.54524,5.5,UPPER,DATASHEET_CALIBRATED,1.92273,0.9385,0.2,TEAM_PLACEHOLDER_v0_UNVALIDATED,PASS,B_OK,False,Huber,b1-v0.3,b1-contract-0.6,SIH26170-MOCK-02
C0849,L017,CMOS_C,Propagation_Delay_ns,ns,3.63479,3.66097,3.72704,,,NONE,,0.09225,2.538,3.45137,3.48285,0.2232,3.54524,5.5,UPPER,DATASHEET_CALIBRATED,1.77296,0.8654,0.2,TEAM_PLACEHOLDER_v0_UNVALIDATED,PASS,B_OK,False,Huber,b1-v0.3,b1-contract-0.6,SIH26170-MOCK-02
C0850,L017,CMOS_C,Propagation_Delay_ns,ns,3.55593,3.67397,3.69423,,,NONE,,0.1383,3.889,3.45137,3.48285,0.2232,3.54524,5.5,UPPER,DATASHEET_CALIBRATED,1.80577,0.8815,0.2,TEAM_PLACEHOLDER_v0_UNVALIDATED,PASS,B_OK,False,Huber,b1-v0.3,b1-contract-0.6,SIH26170-MOCK-02
C0851,L017,CMOS_C,Propagation_Delay_ns,ns,3.85055,3.79178,3.89841,,,NONE,,0.04786,1.243,3.45137,3.48285,0.2232,3.54524,5.5,UPPER,DATASHEET_CALIBRATED,1.60159,0.7818,0.2,TEAM_PLACEHOLDER_v0_UNVALIDATED,PASS,B_OK,False,Huber,b1-v0.3,b1-contract-0.6,SIH26170-MOCK-02
C0852,L017,CMOS_C,Propagation_Delay_ns,ns,3.78723,3.79032,3.86617,,,NONE,,0.07894,2.084,3.45137,3.48285,0.2232,3.54524,5.5,UPPER,DATASHEET_CALIBRATED,1.63383,0.7975,0.2,TEAM_PLACEHOLDER_v0_UNVALIDATED,PASS,B_OK,False,Huber,b1-v0.3,b1-contract-0.6,SIH26170-MOCK-02
C0853,L017,CMOS_C,Propagation_Delay_ns,ns,3.31143,3.3381,3.4082,,,NONE,,0.09677,2.922,3.45137,3.48285,0.2232,3.54524,5.5,UPPER,DATASHEET_CALIBRATED,2.0918,1.0211,0.2,TEAM_PLACEHOLDER_v0_UNVALIDATED,PASS,B_OK,False,Huber,b1-v0.3,b1-contract-0.6,SIH26170-MOCK-02
C0854,L017,CMOS_C,Propagation_Delay_ns,ns,3.62074,3.58739,3.68403,,,NONE,,0.06329,1.748,3.45137,3.48285,0.2232,3.54524,5.5,UPPER,DATASHEET_CALIBRATED,1.81597,0.8864,0.2,TEAM_PLACEHOLDER_v0_UNVALIDATED,PASS,B_OK,False,Huber,b1-v0.3,b1-contract-0.6,SIH26170-MOCK-02
C0855,L017,CMOS_C,Propagation_Delay_ns,ns,3.38179,3.53619,3.54027,,,NONE,,0.15848,4.686,3.45137,3.48285,0.2232,3.54524,5.5,UPPER,DATASHEET_CALIBRATED,1.95973,0.9566,0.2,TEAM_PLACEHOLDER_v0_UNVALIDATED,PASS,B_OK,False,Huber,b1-v0.3,b1-contract-0.6,SIH26170-MOCK-02
C0856,L017,CMOS_C,Propagation_Delay_ns,ns,3.45453,3.47663,3.54717,,,NONE,,0.09264,2.682,3.45137,3.48285,0.2232,3.54524,5.5,UPPER,DATASHEET_CALIBRATED,1.95283,0.9532,0.2,TEAM_PLACEHOLDER_v0_UNVALIDATED,PASS,B_OK,False,Huber,b1-v0.3,b1-contract-0.6,SIH26170-MOCK-02
C0857,L017,CMOS_C,Propagation_Delay_ns,ns,3.34957,3.3605,3.43811,,,NONE,,0.08854,2.643,3.45137,3.48285,0.2232,3.54524,5.5,UPPER,DATASHEET_CALIBRATED,2.06189,1.0065,0.2,TEAM_PLACEHOLDER_v0_UNVALIDATED,PASS,B_OK,False,Huber,b1-v0.3,b1-contract-0.6,SIH26170-MOCK-02
C0858,L017,CMOS_C,Propagation_Delay_ns,ns,3.31515,3.42988,3.45508,,,NONE,,0.13993,4.221,3.45137,3.48285,0.2232,3.54524,5.5,UPPER,DATASHEET_CALIBRATED,2.04492,0.9982,0.2,TEAM_PLACEHOLDER_v0_UNVALIDATED,PASS,B_OK,False,Huber,b1-v0.3,b1-contract-0.6,SIH26170-MOCK-02
C0859,L017,CMOS_C,Propagation_Delay_ns,ns,3.421,3.41884,3.50218,,,NONE,,0.08118,2.373,3.45137,3.48285,0.2232,3.54524,5.5,UPPER,DATASHEET_CALIBRATED,1.99782,0.9752,0.2,TEAM_PLACEHOLDER_v0_UNVALIDATED,PASS,B_OK,False,Huber,b1-v0.3,b1-contract-0.6,SIH26170-MOCK-02
C0860,L017,CMOS_C,Propagation_Delay_ns,ns,3.54585,3.52548,3.61647,,,NONE,,0.07062,1.992,3.45137,3.48285,0.2232,3.54524,5.5,UPPER,DATASHEET_CALIBRATED,1.88353,0.9194,0.2,TEAM_PLACEHOLDER_v0_UNVALIDATED,PASS,B_OK,False,Huber,b1-v0.3,b1-contract-0.6,SIH26170-MOCK-02
C0861,L017,CMOS_C,Propagation_Delay_ns,ns,3.4505,3.38491,3.5002,,,NONE,,0.0497,1.44,3.45137,3.48285,0.2232,3.54524,5.5,UPPER,DATASHEET_CALIBRATED,1.9998,0.9762,0.2,TEAM_PLACEHOLDER_v0_UNVALIDATED,PASS,B_OK,False,Huber,b1-v0.3,b1-contract-0.6,SIH26170-MOCK-02
C0862,L017,CMOS_C,Propagation_Delay_ns,ns,3.42938,3.4808,3.53672,,,NONE,,0.10734,3.13,3.45137,3.48285,0.2232,3.54524,5.5,UPPER,DATASHEET_CALIBRATED,1.96328,0.9583,0.2,TEAM_PLACEHOLDER_v0_UNVALIDATED,PASS,B_OK,False,Huber,b1-v0.3,b1-contract-0.6,SIH26170-MOCK-02
C0863,L017,CMOS_C,Propagation_Delay_ns,ns,3.73375,3.70013,3.79543,,,NONE,,0.06168,1.652,3.45137,3.48285,0.2232,3.54524,5.5,UPPER,DATASHEET_CALIBRATED,1.70457,0.8321,0.2,TEAM_PLACEHOLDER_v0_UNVALIDATED,PASS,B_OK,False,Huber,b1-v0.3,b1-contract-0.6,SIH26170-MOCK-02
C0864,L017,CMOS_C,Propagation_Delay_ns,ns,3.41846,3.43344,3.50808,,,NONE,,0.08962,2.622,3.45137,3.48285,0.2232,3.54524,5.5,UPPER,DATASHEET_CALIBRATED,1.99192,0.9723,0.2,TEAM_PLACEHOLDER_v0_UNVALIDATED,PASS,B_OK,False,Huber,b1-v0.3,b1-contract-0.6,SIH26170-MOCK-02
C0865,L017,CMOS_C,Propagation_Delay_ns,ns,3.60926,3.59957,3.68428,,,NONE,,0.07502,2.079,3.45137,3.48285,0.2232,3.54524,5.5,UPPER,DATASHEET_CALIBRATED,1.81572,0.8863,0.2,TEAM_PLACEHOLDER_v0_UNVALIDATED,PASS,B_OK,False,Huber,b1-v0.3,b1-contract-0.6,SIH26170-MOCK-02
C0866,L017,CMOS_C,Propagation_Delay_ns,ns,3.53298,3.46126,3.57861,,,NONE,,0.04563,1.292,3.45137,3.48285,0.2232,3.54524,5.5,UPPER,DATASHEET_CALIBRATED,1.92139,0.9379,0.2,TEAM_PLACEHOLDER_v0_UNVALIDATED,PASS,B_OK,False,Huber,b1-v0.3,b1-contract-0.6,SIH26170-MOCK-02
C0867,L017,CMOS_C,Propagation_Delay_ns,ns,3.80993,3.75465,3.86002,,,NONE,,0.05009,1.315,3.45137,3.48285,0.2232,3.54524,5.5,UPPER,DATASHEET_CALIBRATED,1.63998,0.8005,0.2,TEAM_PLACEHOLDER_v0_UNVALIDATED,PASS,B_OK,False,Huber,b1-v0.3,b1-contract-0.6,SIH26170-MOCK-02
C0868,L017,CMOS_C,Propagation_Delay_ns,ns,3.49148,3.43131,3.54331,,,NONE,,0.05183,1.484,3.45137,3.48285,0.2232,3.54524,5.5,UPPER,DATASHEET_CALIBRATED,1.95669,0.9551,0.2,TEAM_PLACEHOLDER_v0_UNVALIDATED,PASS,B_OK,False,Huber,b1-v0.3,b1-contract-0.6,SIH26170-MOCK-02
C0869,L017,CMOS_C,Propagation_Delay_ns,ns,3.43935,3.52606,3.56386,,,NONE,,0.12451,3.62,3.45137,3.48285,0.2232,3.54524,5.5,UPPER,DATASHEET_CALIBRATED,1.93614,0.9451,0.2,TEAM_PLACEHOLDER_v0_UNVALIDATED,PASS,B_OK,False,Huber,b1-v0.3,b1-contract-0.6,SIH26170-MOCK-02
C0870,L017,CMOS_C,Propagation_Delay_ns,ns,3.85443,3.87223,3.93968,,,NONE,,0.08525,2.212,3.45137,3.48285,0.2232,3.54524,5.5,UPPER,DATASHEET_CALIBRATED,1.56032,0.7616,0.2,TEAM_PLACEHOLDER_v0_UNVALIDATED,PASS,B_OK,False,Huber,b1-v0.3,b1-contract-0.6,SIH26170-MOCK-02
C0871,L017,CMOS_C,Propagation_Delay_ns,ns,3.27311,3.34736,3.39374,,,NONE,,0.12063,3.685,3.45137,3.48285,0.2232,3.54524,5.5,UPPER,DATASHEET_CALIBRATED,2.10626,1.0281,0.2,TEAM_PLACEHOLDER_v0_UNVALIDATED,PASS,B_OK,False,Huber,b1-v0.3,b1-contract-0.6,SIH26170-MOCK-02
C0872,L017,CMOS_C,Propagation_Delay_ns,ns,3.41824,3.43266,3.50759,,,NONE,,0.08935,2.614,3.45137,3.48285,0.2232,3.54524,5.5,UPPER,DATASHEET_CALIBRATED,1.99241,0.9726,0.2,TEAM_PLACEHOLDER_v0_UNVALIDATED,PASS,B_OK,False,Huber,b1-v0.3,b1-contract-0.6,SIH26170-MOCK-02
C0873,L017,CMOS_C,Propagation_Delay_ns,ns,3.5264,3.53678,3.61234,,,NONE,,0.08594,2.437,3.45137,3.48285,0.2232,3.54524,5.5,UPPER,DATASHEET_CALIBRATED,1.88766,0.9214,0.2,TEAM_PLACEHOLDER_v0_UNVALIDATED,PASS,B_OK,False,Huber,b1-v0.3,b1-contract-0.6,SIH26170-MOCK-02
C0874,L017,CMOS_C,Propagation_Delay_ns,ns,3.57688,3.4849,3.61202,,,NONE,,0.03514,0.982,3.45137,3.48285,0.2232,3.54524,5.5,UPPER,DATASHEET_CALIBRATED,1.88798,0.9216,0.2,TEAM_PLACEHOLDER_v0_UNVALIDATED,PASS,B_OK,False,Huber,b1-v0.3,b1-contract-0.6,SIH26170-MOCK-02
C0875,L017,CMOS_C,Propagation_Delay_ns,ns,3.42407,3.38668,3.48794,,,NONE,,0.06387,1.865,3.45137,3.48285,0.2232,3.54524,5.5,UPPER,DATASHEET_CALIBRATED,2.01206,0.9822,0.2,TEAM_PLACEHOLDER_v0_UNVALIDATED,PASS,B_OK,False,Huber,b1-v0.3,b1-contract-0.6,SIH26170-MOCK-02
C0876,L017,CMOS_C,Propagation_Delay_ns,ns,3.55953,3.57083,3.64549,,,NONE,,0.08596,2.415,3.45137,3.48285,0.2232,3.54524,5.5,UPPER,DATASHEET_CALIBRATED,1.85451,0.9052,0.2,TEAM_PLACEHOLDER_v0_UNVALIDATED,PASS,B_OK,False,Huber,b1-v0.3,b1-contract-0.6,SIH26170-MOCK-02
C0877,L017,CMOS_C,Propagation_Delay_ns,ns,3.25923,3.26525,3.34655,,,NONE,,0.08732,2.679,3.45137,3.48285,0.2232,3.54524,5.5,UPPER,DATASHEET_CALIBRATED,2.15345,1.0512,0.2,TEAM_PLACEHOLDER_v0_UNVALIDATED,PASS,B_OK,False,Huber,b1-v0.3,b1-contract-0.6,SIH26170-MOCK-02
C0878,L017,CMOS_C,Propagation_Delay_ns,ns,3.69666,3.64949,3.75219,,,NONE,,0.05553,1.502,3.45137,3.48285,0.2232,3.54524,5.5,UPPER,DATASHEET_CALIBRATED,1.74781,0.8532,0.2,TEAM_PLACEHOLDER_v0_UNVALIDATED,PASS,B_OK,False,Huber,b1-v0.3,b1-contract-0.6,SIH26170-MOCK-02
C0879,L017,CMOS_C,Propagation_Delay_ns,ns,3.05113,3.0754,3.15016,,,NONE,,0.09903,3.246,3.45137,3.48285,0.2232,3.54524,5.5,UPPER,DATASHEET_CALIBRATED,2.34984,1.147,0.2,TEAM_PLACEHOLDER_v0_UNVALIDATED,MONITOR,B_UNCERTAIN_EXTRAPOLATION,True,Huber,b1-v0.3,b1-contract-0.6,SIH26170-MOCK-02
C0880,L017,CMOS_C,Propagation_Delay_ns,ns,3.30958,3.38364,3.42963,,,NONE,,0.12005,3.627,3.45137,3.48285,0.2232,3.54524,5.5,UPPER,DATASHEET_CALIBRATED,2.07037,1.0106,0.2,TEAM_PLACEHOLDER_v0_UNVALIDATED,PASS,B_OK,False,Huber,b1-v0.3,b1-contract-0.6,SIH26170-MOCK-02
C0881,L017,CMOS_C,Propagation_Delay_ns,ns,3.16569,3.23582,3.28573,,,NONE,,0.12004,3.792,3.45137,3.48285,0.2232,3.54524,5.5,UPPER,DATASHEET_CALIBRATED,2.21427,1.0809,0.2,TEAM_PLACEHOLDER_v0_UNVALIDATED,PASS,B_OK,False,Huber,b1-v0.3,b1-contract-0.6,SIH26170-MOCK-02
C0882,L017,CMOS_C,Propagation_Delay_ns,ns,3.5596,3.51415,3.61776,,,NONE,,0.05816,1.634,3.45137,3.48285,0.2232,3.54524,5.5,UPPER,DATASHEET_CALIBRATED,1.88224,0.9188,0.2,TEAM_PLACEHOLDER_v0_UNVALIDATED,PASS,B_OK,False,Huber,b1-v0.3,b1-contract-0.6,SIH26170-MOCK-02
C0883,L017,CMOS_C,Propagation_Delay_ns,ns,3.29367,3.24982,3.35607,,,NONE,,0.0624,1.894,3.45137,3.48285,0.2232,3.54524,5.5,UPPER,DATASHEET_CALIBRATED,2.14393,1.0465,0.2,TEAM_PLACEHOLDER_v0_UNVALIDATED,PASS,B_OK,False,Huber,b1-v0.3,b1-contract-0.6,SIH26170-MOCK-02
C0884,L017,CMOS_C,Propagation_Delay_ns,ns,3.34716,3.3536,3.43353,,,NONE,,0.08637,2.58,3.45137,3.48285,0.2232,3.54524,5.5,UPPER,DATASHEET_CALIBRATED,2.06647,1.0087,0.2,TEAM_PLACEHOLDER_v0_UNVALIDATED,PASS,B_OK,False,Huber,b1-v0.3,b1-contract-0.6,SIH26170-MOCK-02
C0885,L017,CMOS_C,Propagation_Delay_ns,ns,3.1418,3.20345,3.258,,,NONE,,0.1162,3.698,3.45137,3.48285,0.2232,3.54524,5.5,UPPER,DATASHEET_CALIBRATED,2.242,1.0944,0.2,TEAM_PLACEHOLDER_v0_UNVALIDATED,PASS,B_OK,False,Huber,b1-v0.3,b1-contract-0.6,SIH26170-MOCK-02
C0886,L017,CMOS_C,Propagation_Delay_ns,ns,3.52162,3.50068,3.59228,,,NONE,,0.07066,2.006,3.45137,3.48285,0.2232,3.54524,5.5,UPPER,DATASHEET_CALIBRATED,1.90772,0.9312,0.2,TEAM_PLACEHOLDER_v0_UNVALIDATED,PASS,B_OK,False,Huber,b1-v0.3,b1-contract-0.6,SIH26170-MOCK-02
C0887,L018,CMOS_C,Propagation_Delay_ns,ns,3.51512,3.61047,3.6416,,,NONE,,0.12648,3.598,3.4834,3.522,0.20294,3.58404,5.5,UPPER,DATASHEET_CALIBRATED,1.8584,0.9215,0.2,TEAM_PLACEHOLDER_v0_UNVALIDATED,PASS,B_OK,False,Huber,b1-v0.3,b1-contract-0.6,SIH26170-MOCK-02
C0888,L018,CMOS_C,Propagation_Delay_ns,ns,3.42705,3.4456,3.5171,,,NONE,,0.09005,2.628,3.4834,3.522,0.20294,3.58404,5.5,UPPER,DATASHEET_CALIBRATED,1.9829,0.9833,0.2,TEAM_PLACEHOLDER_v0_UNVALIDATED,PASS,B_OK,False,Huber,b1-v0.3,b1-contract-0.6,SIH26170-MOCK-02
C0889,L018,CMOS_C,Propagation_Delay_ns,ns,3.40833,3.46126,3.51549,,,NONE,,0.10716,3.144,3.4834,3.522,0.20294,3.58404,5.5,UPPER,DATASHEET_CALIBRATED,1.98451,0.9841,0.2,TEAM_PLACEHOLDER_v0_UNVALIDATED,PASS,B_OK,False,Huber,b1-v0.3,b1-contract-0.6,SIH26170-MOCK-02
C0890,L018,CMOS_C,Propagation_Delay_ns,ns,3.53967,3.59839,3.64787,,,NONE,,0.1082,3.057,3.4834,3.522,0.20294,3.58404,5.5,UPPER,DATASHEET_CALIBRATED,1.85213,0.9184,0.2,TEAM_PLACEHOLDER_v0_UNVALIDATED,PASS,B_OK,False,Huber,b1-v0.3,b1-contract-0.6,SIH26170-MOCK-02
C0891,L018,CMOS_C,Propagation_Delay_ns,ns,3.47409,3.43306,3.5343,,,NONE,,0.06021,1.733,3.4834,3.522,0.20294,3.58404,5.5,UPPER,DATASHEET_CALIBRATED,1.9657,0.9748,0.2,TEAM_PLACEHOLDER_v0_UNVALIDATED,PASS,B_OK,False,Huber,b1-v0.3,b1-contract-0.6,SIH26170-MOCK-02
C0892,L018,CMOS_C,Propagation_Delay_ns,ns,3.13794,3.1676,3.23738,,,NONE,,0.09944,3.169,3.4834,3.522,0.20294,3.58404,5.5,UPPER,DATASHEET_CALIBRATED,2.26262,1.122,0.2,TEAM_PLACEHOLDER_v0_UNVALIDATED,PASS,B_OK,False,Huber,b1-v0.3,b1-contract-0.6,SIH26170-MOCK-02
C0893,L018,CMOS_C,Propagation_Delay_ns,ns,3.40041,3.42008,3.49137,,,NONE,,0.09096,2.675,3.4834,3.522,0.20294,3.58404,5.5,UPPER,DATASHEET_CALIBRATED,2.00863,0.996,0.2,TEAM_PLACEHOLDER_v0_UNVALIDATED,PASS,B_OK,False,Huber,b1-v0.3,b1-contract-0.6,SIH26170-MOCK-02
C0894,L018,CMOS_C,Propagation_Delay_ns,ns,3.3384,3.43302,3.46697,,,NONE,,0.12857,3.851,3.4834,3.522,0.20294,3.58404,5.5,UPPER,DATASHEET_CALIBRATED,2.03303,1.0081,0.2,TEAM_PLACEHOLDER_v0_UNVALIDATED,PASS,B_OK,False,Huber,b1-v0.3,b1-contract-0.6,SIH26170-MOCK-02
C0895,L018,CMOS_C,Propagation_Delay_ns,ns,3.49367,3.522,3.58761,,,NONE,,0.09394,2.689,3.4834,3.522,0.20294,3.58404,5.5,UPPER,DATASHEET_CALIBRATED,1.91239,0.9483,0.2,TEAM_PLACEHOLDER_v0_UNVALIDATED,PASS,B_OK,False,Huber,b1-v0.3,b1-contract-0.6,SIH26170-MOCK-02
C0896,L018,CMOS_C,Propagation_Delay_ns,ns,3.53829,3.5648,3.63073,,,NONE,,0.09244,2.612,3.4834,3.522,0.20294,3.58404,5.5,UPPER,DATASHEET_CALIBRATED,1.86927,0.9269,0.2,TEAM_PLACEHOLDER_v0_UNVALIDATED,PASS,B_OK,False,Huber,b1-v0.3,b1-contract-0.6,SIH26170-MOCK-02
C0897,L018,CMOS_C,Propagation_Delay_ns,ns,3.47515,3.49473,3.56505,,,NONE,,0.0899,2.587,3.4834,3.522,0.20294,3.58404,5.5,UPPER,DATASHEET_CALIBRATED,1.93495,0.9595,0.2,TEAM_PLACEHOLDER_v0_UNVALIDATED,PASS,B_OK,False,Huber,b1-v0.3,b1-contract-0.6,SIH26170-MOCK-02
C0898,L018,CMOS_C,Propagation_Delay_ns,ns,3.45384,3.49241,3.55334,,,NONE,,0.0995,2.881,3.4834,3.522,0.20294,3.58404,5.5,UPPER,DATASHEET_CALIBRATED,1.94666,0.9653,0.2,TEAM_PLACEHOLDER_v0_UNVALIDATED,PASS,B_OK,False,Huber,b1-v0.3,b1-contract-0.6,SIH26170-MOCK-02
C0899,L018,CMOS_C,Propagation_Delay_ns,ns,3.52445,3.45282,3.56899,,,NONE,,0.04454,1.264,3.4834,3.522,0.20294,3.58404,5.5,UPPER,DATASHEET_CALIBRATED,1.93101,0.9576,0.2,TEAM_PLACEHOLDER_v0_UNVALIDATED,PASS,B_OK,False,Huber,b1-v0.3,b1-contract-0.6,SIH26170-MOCK-02
C0900,L018,CMOS_C,Propagation_Delay_ns,ns,3.14454,3.18905,3.25119,,,NONE,,0.10665,3.392,3.4834,3.522,0.20294,3.58404,5.5,UPPER,DATASHEET_CALIBRATED,2.24881,1.1151,0.2,TEAM_PLACEHOLDER_v0_UNVALIDATED,PASS,B_OK,False,Huber,b1-v0.3,b1-contract-0.6,SIH26170-MOCK-02
C0901,L018,CMOS_C,Propagation_Delay_ns,ns,3.3877,3.39356,3.47206,,,NONE,,0.08436,2.49,3.4834,3.522,0.20294,3.58404,5.5,UPPER,DATASHEET_CALIBRATED,2.02794,1.0056,0.2,TEAM_PLACEHOLDER_v0_UNVALIDATED,PASS,B_OK,False,Huber,b1-v0.3,b1-contract-0.6,SIH26170-MOCK-02
C0902,L018,CMOS_C,Propagation_Delay_ns,ns,3.34011,3.32716,3.41589,,,NONE,,0.07578,2.269,3.4834,3.522,0.20294,3.58404,5.5,UPPER,DATASHEET_CALIBRATED,2.08411,1.0335,0.2,TEAM_PLACEHOLDER_v0_UNVALIDATED,PASS,B_OK,False,Huber,b1-v0.3,b1-contract-0.6,SIH26170-MOCK-02
C0903,L018,CMOS_C,Propagation_Delay_ns,ns,3.68846,3.75027,3.79613,,,NONE,,0.10767,2.919,3.4834,3.522,0.20294,3.58404,5.5,UPPER,DATASHEET_CALIBRATED,1.70387,0.8449,0.2,TEAM_PLACEHOLDER_v0_UNVALIDATED,PASS,B_OK,False,Huber,b1-v0.3,b1-contract-0.6,SIH26170-MOCK-02
C0904,L018,CMOS_C,Propagation_Delay_ns,ns,3.60058,3.6562,3.70642,,,NONE,,0.10584,2.94,3.4834,3.522,0.20294,3.58404,5.5,UPPER,DATASHEET_CALIBRATED,1.79358,0.8894,0.2,TEAM_PLACEHOLDER_v0_UNVALIDATED,PASS,B_OK,False,Huber,b1-v0.3,b1-contract-0.6,SIH26170-MOCK-02
C0905,L018,CMOS_C,Propagation_Delay_ns,ns,3.4834,3.52512,3.58404,,,NONE,,0.10064,2.889,3.4834,3.522,0.20294,3.58404,5.5,UPPER,DATASHEET_CALIBRATED,1.91596,0.9501,0.2,TEAM_PLACEHOLDER_v0_UNVALIDATED,PASS,B_OK,False,Huber,b1-v0.3,b1-contract-0.6,SIH26170-MOCK-02
C0906,L018,CMOS_C,Propagation_Delay_ns,ns,3.5934,3.59785,3.67428,,,NONE,,0.08088,2.251,3.4834,3.522,0.20294,3.58404,5.5,UPPER,DATASHEET_CALIBRATED,1.82572,0.9053,0.2,TEAM_PLACEHOLDER_v0_UNVALIDATED,PASS,B_OK,False,Huber,b1-v0.3,b1-contract-0.6,SIH26170-MOCK-02
C0907,L018,CMOS_C,Propagation_Delay_ns,ns,3.31675,3.25447,3.36864,,,NONE,,0.05189,1.565,3.4834,3.522,0.20294,3.58404,5.5,UPPER,DATASHEET_CALIBRATED,2.13136,1.0569,0.2,TEAM_PLACEHOLDER_v0_UNVALIDATED,PASS,B_OK,False,Huber,b1-v0.3,b1-contract-0.6,SIH26170-MOCK-02
C0908,L018,CMOS_C,Propagation_Delay_ns,ns,3.54518,3.78414,3.7416,,,NONE,,0.19642,5.541,3.4834,3.522,0.20294,3.58404,5.5,UPPER,DATASHEET_CALIBRATED,1.7584,0.872,0.2,TEAM_PLACEHOLDER_v0_UNVALIDATED,PASS,B_OK,False,Huber,b1-v0.3,b1-contract-0.6,SIH26170-MOCK-02
C0909,L018,CMOS_C,Propagation_Delay_ns,ns,3.33844,3.33617,3.41948,,,NONE,,0.08104,2.428,3.4834,3.522,0.20294,3.58404,5.5,UPPER,DATASHEET_CALIBRATED,2.08052,1.0317,0.2,TEAM_PLACEHOLDER_v0_UNVALIDATED,PASS,B_OK,False,Huber,b1-v0.3,b1-contract-0.6,SIH26170-MOCK-02
C0910,L018,CMOS_C,Propagation_Delay_ns,ns,3.52329,3.63482,3.65759,,,NONE,,0.1343,3.812,3.4834,3.522,0.20294,3.58404,5.5,UPPER,DATASHEET_CALIBRATED,1.84241,0.9136,0.2,TEAM_PLACEHOLDER_v0_UNVALIDATED,PASS,B_OK,False,Huber,b1-v0.3,b1-contract-0.6,SIH26170-MOCK-02
C0911,L018,CMOS_C,Propagation_Delay_ns,ns,3.27414,3.25671,3.34861,,,NONE,,0.07447,2.275,3.4834,3.522,0.20294,3.58404,5.5,UPPER,DATASHEET_CALIBRATED,2.15139,1.0668,0.2,TEAM_PLACEHOLDER_v0_UNVALIDATED,PASS,B_OK,False,Huber,b1-v0.3,b1-contract-0.6,SIH26170-MOCK-02
C0912,L018,CMOS_C,Propagation_Delay_ns,ns,3.27079,3.3346,3.38518,,,NONE,,0.11439,3.497,3.4834,3.522,0.20294,3.58404,5.5,UPPER,DATASHEET_CALIBRATED,2.11482,1.0487,0.2,TEAM_PLACEHOLDER_v0_UNVALIDATED,PASS,B_OK,False,Huber,b1-v0.3,b1-contract-0.6,SIH26170-MOCK-02
C0913,L018,CMOS_C,Propagation_Delay_ns,ns,3.67439,3.63803,3.73419,,,NONE,,0.0598,1.628,3.4834,3.522,0.20294,3.58404,5.5,UPPER,DATASHEET_CALIBRATED,1.76581,0.8756,0.2,TEAM_PLACEHOLDER_v0_UNVALIDATED,PASS,B_OK,False,Huber,b1-v0.3,b1-contract-0.6,SIH26170-MOCK-02
C0914,L018,CMOS_C,Propagation_Delay_ns,ns,3.5282,3.56256,3.62462,,,NONE,,0.09642,2.733,3.4834,3.522,0.20294,3.58404,5.5,UPPER,DATASHEET_CALIBRATED,1.87538,0.93,0.2,TEAM_PLACEHOLDER_v0_UNVALIDATED,PASS,B_OK,False,Huber,b1-v0.3,b1-contract-0.6,SIH26170-MOCK-02
C0915,L018,CMOS_C,Propagation_Delay_ns,ns,3.47772,3.54373,3.59034,,,NONE,,0.11262,3.238,3.4834,3.522,0.20294,3.58404,5.5,UPPER,DATASHEET_CALIBRATED,1.90966,0.947,0.2,TEAM_PLACEHOLDER_v0_UNVALIDATED,PASS,B_OK,False,Huber,b1-v0.3,b1-contract-0.6,SIH26170-MOCK-02
C0916,L018,CMOS_C,Propagation_Delay_ns,ns,3.84695,3.81091,3.90459,,,NONE,,0.05764,1.498,3.4834,3.522,0.20294,3.58404,5.5,UPPER,DATASHEET_CALIBRATED,1.59541,0.7911,0.2,TEAM_PLACEHOLDER_v0_UNVALIDATED,PASS,B_OK,False,Huber,b1-v0.3,b1-contract-0.6,SIH26170-MOCK-02
C0917,L018,CMOS_C,Propagation_Delay_ns,ns,3.4721,3.48148,3.55704,,,NONE,,0.08494,2.446,3.4834,3.522,0.20294,3.58404,5.5,UPPER,DATASHEET_CALIBRATED,1.94296,0.9635,0.2,TEAM_PLACEHOLDER_v0_UNVALIDATED,PASS,B_OK,False,Huber,b1-v0.3,b1-contract-0.6,SIH26170-MOCK-02
C0918,L018,CMOS_C,Propagation_Delay_ns,ns,3.63014,3.71173,3.74829,,,NONE,,0.11815,3.255,3.4834,3.522,0.20294,3.58404,5.5,UPPER,DATASHEET_CALIBRATED,1.75171,0.8686,0.2,TEAM_PLACEHOLDER_v0_UNVALIDATED,PASS,B_OK,False,Huber,b1-v0.3,b1-contract-0.6,SIH26170-MOCK-02
C0919,L018,CMOS_C,Propagation_Delay_ns,ns,3.72156,3.71433,3.79499,,,NONE,,0.07343,1.973,3.4834,3.522,0.20294,3.58404,5.5,UPPER,DATASHEET_CALIBRATED,1.70501,0.8455,0.2,TEAM_PLACEHOLDER_v0_UNVALIDATED,PASS,B_OK,False,Huber,b1-v0.3,b1-contract-0.6,SIH26170-MOCK-02
C0920,L018,CMOS_C,Propagation_Delay_ns,ns,3.31463,3.32809,3.40371,,,NONE,,0.08908,2.688,3.4834,3.522,0.20294,3.58404,5.5,UPPER,DATASHEET_CALIBRATED,2.09629,1.0395,0.2,TEAM_PLACEHOLDER_v0_UNVALIDATED,PASS,B_OK,False,Huber,b1-v0.3,b1-contract-0.6,SIH26170-MOCK-02
C0921,L018,CMOS_C,Propagation_Delay_ns,ns,3.27242,3.27338,3.35594,,,NONE,,0.08352,2.552,3.4834,3.522,0.20294,3.58404,5.5,UPPER,DATASHEET_CALIBRATED,2.14406,1.0632,0.2,TEAM_PLACEHOLDER_v0_UNVALIDATED,PASS,B_OK,False,Huber,b1-v0.3,b1-contract-0.6,SIH26170-MOCK-02
C0922,L018,CMOS_C,Propagation_Delay_ns,ns,3.69537,3.69416,3.7721,,,NONE,,0.07673,2.076,3.4834,3.522,0.20294,3.58404,5.5,UPPER,DATASHEET_CALIBRATED,1.7279,0.8568,0.2,TEAM_PLACEHOLDER_v0_UNVALIDATED,PASS,B_OK,False,Huber,b1-v0.3,b1-contract-0.6,SIH26170-MOCK-02
C0923,L018,CMOS_C,Propagation_Delay_ns,ns,3.69976,3.67625,3.76551,,,NONE,,0.06575,1.777,3.4834,3.522,0.20294,3.58404,5.5,UPPER,DATASHEET_CALIBRATED,1.73449,0.8601,0.2,TEAM_PLACEHOLDER_v0_UNVALIDATED,PASS,B_OK,False,Huber,b1-v0.3,b1-contract-0.6,SIH26170-MOCK-02
C0924,L018,CMOS_C,Propagation_Delay_ns,ns,3.58825,3.62826,3.68662,,,NONE,,0.09837,2.741,3.4834,3.522,0.20294,3.58404,5.5,UPPER,DATASHEET_CALIBRATED,1.81338,0.8992,0.2,TEAM_PLACEHOLDER_v0_UNVALIDATED,PASS,B_OK,False,Huber,b1-v0.3,b1-contract-0.6,SIH26170-MOCK-02
C0925,L018,CMOS_C,Propagation_Delay_ns,ns,3.49324,3.53993,3.59618,,,NONE,,0.10294,2.947,3.4834,3.522,0.20294,3.58404,5.5,UPPER,DATASHEET_CALIBRATED,1.90382,0.9441,0.2,TEAM_PLACEHOLDER_v0_UNVALIDATED,PASS,B_OK,False,Huber,b1-v0.3,b1-contract-0.6,SIH26170-MOCK-02
C0926,L018,CMOS_C,Propagation_Delay_ns,ns,3.77218,3.85077,3.88691,,,NONE,,0.11473,3.041,3.4834,3.522,0.20294,3.58404,5.5,UPPER,DATASHEET_CALIBRATED,1.61309,0.7999,0.2,TEAM_PLACEHOLDER_v0_UNVALIDATED,PASS,B_OK,False,Huber,b1-v0.3,b1-contract-0.6,SIH26170-MOCK-02
C0927,L018,CMOS_C,Propagation_Delay_ns,ns,3.42167,3.49342,3.53788,,,NONE,,0.11621,3.396,3.4834,3.522,0.20294,3.58404,5.5,UPPER,DATASHEET_CALIBRATED,1.96212,0.973,0.2,TEAM_PLACEHOLDER_v0_UNVALIDATED,PASS,B_OK,False,Huber,b1-v0.3,b1-contract-0.6,SIH26170-MOCK-02
C0928,L018,CMOS_C,Propagation_Delay_ns,ns,3.25985,3.36156,3.393,,,NONE,,0.13315,4.084,3.4834,3.522,0.20294,3.58404,5.5,UPPER,DATASHEET_CALIBRATED,2.107,1.0448,0.2,TEAM_PLACEHOLDER_v0_UNVALIDATED,PASS,B_OK,False,Huber,b1-v0.3,b1-contract-0.6,SIH26170-MOCK-02
C0929,L018,CMOS_C,Propagation_Delay_ns,ns,3.78119,3.76461,3.84924,,,NONE,,0.06805,1.8,3.4834,3.522,0.20294,3.58404,5.5,UPPER,DATASHEET_CALIBRATED,1.65076,0.8186,0.2,TEAM_PLACEHOLDER_v0_UNVALIDATED,PASS,B_OK,False,Huber,b1-v0.3,b1-contract-0.6,SIH26170-MOCK-02
C0930,L018,CMOS_C,Propagation_Delay_ns,ns,3.41888,3.44465,3.51258,,,NONE,,0.0937,2.741,3.4834,3.522,0.20294,3.58404,5.5,UPPER,DATASHEET_CALIBRATED,1.98742,0.9855,0.2,TEAM_PLACEHOLDER_v0_UNVALIDATED,PASS,B_OK,False,Huber,b1-v0.3,b1-contract-0.6,SIH26170-MOCK-02
C0931,L018,CMOS_C,Propagation_Delay_ns,ns,3.74291,3.7231,3.80989,,,NONE,,0.06698,1.79,3.4834,3.522,0.20294,3.58404,5.5,UPPER,DATASHEET_CALIBRATED,1.69011,0.8381,0.2,TEAM_PLACEHOLDER_v0_UNVALIDATED,PASS,B_OK,False,Huber,b1-v0.3,b1-contract-0.6,SIH26170-MOCK-02
C0932,L018,CMOS_C,Propagation_Delay_ns,ns,3.71912,3.65033,3.76245,,,NONE,,0.04333,1.165,3.4834,3.522,0.20294,3.58404,5.5,UPPER,DATASHEET_CALIBRATED,1.73755,0.8616,0.2,TEAM_PLACEHOLDER_v0_UNVALIDATED,PASS,B_OK,False,Huber,b1-v0.3,b1-contract-0.6,SIH26170-MOCK-02
C0933,L018,CMOS_C,Propagation_Delay_ns,ns,3.43067,3.52002,3.55538,,,NONE,,0.12471,3.635,3.4834,3.522,0.20294,3.58404,5.5,UPPER,DATASHEET_CALIBRATED,1.94462,0.9643,0.2,TEAM_PLACEHOLDER_v0_UNVALIDATED,PASS,B_OK,False,Huber,b1-v0.3,b1-contract-0.6,SIH26170-MOCK-02
C0218,L005,CMOS_A,Output_Rise_Time_ns,ns,7.61048,7.65104,7.8533,,,NONE,,0.24282,3.191,7.92399,7.9759,0.74375,8.18674,22.0,UPPER,DATASHEET_CALIBRATED,14.1467,1.005,0.2,TEAM_PLACEHOLDER_v0_UNVALIDATED,PASS,B_OK,False,median_ratio,b1-v0.3,b1-contract-0.6,SIH26170-MOCK-02
C0219,L005,CMOS_A,Output_Rise_Time_ns,ns,7.97241,7.9802,8.19116,,,NONE,,0.21875,2.744,7.92399,7.9759,0.74375,8.18674,22.0,UPPER,DATASHEET_CALIBRATED,13.80884,0.981,0.2,TEAM_PLACEHOLDER_v0_UNVALIDATED,PASS,B_OK,False,median_ratio,b1-v0.3,b1-contract-0.6,SIH26170-MOCK-02
C0220,L005,CMOS_A,Output_Rise_Time_ns,ns,8.03167,8.20634,8.42328,,,NONE,,0.39161,4.876,7.92399,7.9759,0.74375,8.18674,22.0,UPPER,DATASHEET_CALIBRATED,13.57672,0.9645,0.2,TEAM_PLACEHOLDER_v0_UNVALIDATED,PASS,B_OK,False,median_ratio,b1-v0.3,b1-contract-0.6,SIH26170-MOCK-02
C0221,L005,CMOS_A,Output_Rise_Time_ns,ns,8.00041,8.07741,8.29094,,,NONE,,0.29053,3.631,7.92399,7.9759,0.74375,8.18674,22.0,UPPER,DATASHEET_CALIBRATED,13.70906,0.9739,0.2,TEAM_PLACEHOLDER_v0_UNVALIDATED,PASS,B_OK,False,median_ratio,b1-v0.3,b1-contract-0.6,SIH26170-MOCK-02
C0222,L005,CMOS_A,Output_Rise_Time_ns,ns,7.23098,7.15931,7.34857,,,NONE,,0.11759,1.626,7.92399,7.9759,0.74375,8.18674,22.0,UPPER,DATASHEET_CALIBRATED,14.65143,1.0409,0.2,TEAM_PLACEHOLDER_v0_UNVALIDATED,PASS,B_OK,False,median_ratio,b1-v0.3,b1-contract-0.6,SIH26170-MOCK-02
C0223,L005,CMOS_A,Output_Rise_Time_ns,ns,7.37351,7.44182,7.63855,,,NONE,,0.26504,3.594,7.92399,7.9759,0.74375,8.18674,22.0,UPPER,DATASHEET_CALIBRATED,14.36145,1.0203,0.2,TEAM_PLACEHOLDER_v0_UNVALIDATED,PASS,B_OK,False,median_ratio,b1-v0.3,b1-contract-0.6,SIH26170-MOCK-02
C0224,L005,CMOS_A,Output_Rise_Time_ns,ns,7.43166,7.48421,7.68206,,,NONE,,0.2504,3.369,7.92399,7.9759,0.74375,8.18674,22.0,UPPER,DATASHEET_CALIBRATED,14.31794,1.0172,0.2,TEAM_PLACEHOLDER_v0_UNVALIDATED,PASS,B_OK,False,median_ratio,b1-v0.3,b1-contract-0.6,SIH26170-MOCK-02
C0225,L005,CMOS_A,Output_Rise_Time_ns,ns,7.67112,7.7312,7.93558,,,NONE,,0.26446,3.447,7.92399,7.9759,0.74375,8.18674,22.0,UPPER,DATASHEET_CALIBRATED,14.06442,0.9992,0.2,TEAM_PLACEHOLDER_v0_UNVALIDATED,PASS,B_OK,False,median_ratio,b1-v0.3,b1-contract-0.6,SIH26170-MOCK-02
C0226,L005,CMOS_A,Output_Rise_Time_ns,ns,8.85078,8.75035,8.98167,,,NONE,,0.13089,1.479,7.92399,7.9759,0.74375,8.18674,22.0,UPPER,DATASHEET_CALIBRATED,13.01833,0.9249,0.2,TEAM_PLACEHOLDER_v0_UNVALIDATED,MONITOR,B_UNCERTAIN_EXTRAPOLATION,True,median_ratio,b1-v0.3,b1-contract-0.6,SIH26170-MOCK-02
C0227,L005,CMOS_A,Output_Rise_Time_ns,ns,7.3166,7.44773,7.64462,,,NONE,,0.32802,4.483,7.92399,7.9759,0.74375,8.18674,22.0,UPPER,DATASHEET_CALIBRATED,14.35538,1.0198,0.2,TEAM_PLACEHOLDER_v0_UNVALIDATED,PASS,B_OK,False,median_ratio,b1-v0.3,b1-contract-0.6,SIH26170-MOCK-02
C0228,L005,CMOS_A,Output_Rise_Time_ns,ns,8.66057,8.89502,9.13017,,,NONE,,0.4696,5.422,7.92399,7.9759,0.74375,8.18674,22.0,UPPER,DATASHEET_CALIBRATED,12.86983,0.9143,0.2,TEAM_PLACEHOLDER_v0_UNVALIDATED,MONITOR,B_UNCERTAIN_EXTRAPOLATION,True,median_ratio,b1-v0.3,b1-contract-0.6,SIH26170-MOCK-02
C0229,L005,CMOS_A,Output_Rise_Time_ns,ns,8.27759,8.37571,8.59713,,,NONE,,0.31954,3.86,7.92399,7.9759,0.74375,8.18674,22.0,UPPER,DATASHEET_CALIBRATED,13.40287,0.9522,0.2,TEAM_PLACEHOLDER_v0_UNVALIDATED,PASS,B_OK,False,median_ratio,b1-v0.3,b1-contract-0.6,SIH26170-MOCK-02
C0230,L005,CMOS_A,Output_Rise_Time_ns,ns,7.36552,7.526,7.72496,,,NONE,,0.35944,4.88,7.92399,7.9759,0.74375,8.18674,22.0,UPPER,DATASHEET_CALIBRATED,14.27504,1.0141,0.2,TEAM_PLACEHOLDER_v0_UNVALIDATED,PASS,B_OK,False,median_ratio,b1-v0.3,b1-contract-0.6,SIH26170-MOCK-02
C0231,L005,CMOS_A,Output_Rise_Time_ns,ns,8.59772,8.80931,9.04219,,,NONE,,0.44447,5.17,7.92399,7.9759,0.74375,8.18674,22.0,UPPER,DATASHEET_CALIBRATED,12.95781,0.9206,0.2,TEAM_PLACEHOLDER_v0_UNVALIDATED,MONITOR,B_UNCERTAIN_EXTRAPOLATION,True,median_ratio,b1-v0.3,b1-contract-0.6,SIH26170-MOCK-02
C0232,L005,CMOS_A,Output_Rise_Time_ns,ns,7.95883,7.93456,8.14432,,,NONE,,0.18549,2.331,7.92399,7.9759,0.74375,8.18674,22.0,UPPER,DATASHEET_CALIBRATED,13.85568,0.9843,0.2,TEAM_PLACEHOLDER_v0_UNVALIDATED,PASS,B_OK,False,median_ratio,b1-v0.3,b1-contract-0.6,SIH26170-MOCK-02
C0233,L005,CMOS_A,Output_Rise_Time_ns,ns,8.28236,8.10839,8.32274,,,NONE,,0.04038,0.488,7.92399,7.9759,0.74375,8.18674,22.0,UPPER,DATASHEET_CALIBRATED,13.67726,0.9717,0.2,TEAM_PLACEHOLDER_v0_UNVALIDATED,PASS,B_OK,False,median_ratio,b1-v0.3,b1-contract-0.6,SIH26170-MOCK-02
C0234,L005,CMOS_A,Output_Rise_Time_ns,ns,8.27328,8.39255,8.61441,,,NONE,,0.34113,4.123,7.92399,7.9759,0.74375,8.18674,22.0,UPPER,DATASHEET_CALIBRATED,13.38559,0.951,0.2,TEAM_PLACEHOLDER_v0_UNVALIDATED,PASS,B_OK,False,median_ratio,b1-v0.3,b1-contract-0.6,SIH26170-MOCK-02
C0235,L005,CMOS_A,Output_Rise_Time_ns,ns,8.0824,8.18363,8.39997,,,NONE,,0.31757,3.929,7.92399,7.9759,0.74375,8.18674,22.0,UPPER,DATASHEET_CALIBRATED,13.60003,0.9662,0.2,TEAM_PLACEHOLDER_v0_UNVALIDATED,PASS,B_OK,False,median_ratio,b1-v0.3,b1-contract-0.6,SIH26170-MOCK-02
C0236,L005,CMOS_A,Output_Rise_Time_ns,ns,8.08526,8.1104,8.3248,,,NONE,,0.23954,2.963,7.92399,7.9759,0.74375,8.18674,22.0,UPPER,DATASHEET_CALIBRATED,13.6752,0.9715,0.2,TEAM_PLACEHOLDER_v0_UNVALIDATED,PASS,B_OK,False,median_ratio,b1-v0.3,b1-contract-0.6,SIH26170-MOCK-02
C0237,L005,CMOS_A,Output_Rise_Time_ns,ns,7.34575,7.41486,7.61088,,,NONE,,0.26513,3.609,7.92399,7.9759,0.74375,8.18674,22.0,UPPER,DATASHEET_CALIBRATED,14.38912,1.0222,0.2,TEAM_PLACEHOLDER_v0_UNVALIDATED,PASS,B_OK,False,median_ratio,b1-v0.3,b1-contract-0.6,SIH26170-MOCK-02
C0238,L005,CMOS_A,Output_Rise_Time_ns,ns,7.50246,7.53944,7.73875,,,NONE,,0.23629,3.15,7.92399,7.9759,0.74375,8.18674,22.0,UPPER,DATASHEET_CALIBRATED,14.26125,1.0132,0.2,TEAM_PLACEHOLDER_v0_UNVALIDATED,PASS,B_OK,False,median_ratio,b1-v0.3,b1-contract-0.6,SIH26170-MOCK-02
C0239,L005,CMOS_A,Output_Rise_Time_ns,ns,8.37915,8.49481,8.71938,,,NONE,,0.34023,4.06,7.92399,7.9759,0.74375,8.18674,22.0,UPPER,DATASHEET_CALIBRATED,13.28062,0.9435,0.2,TEAM_PLACEHOLDER_v0_UNVALIDATED,PASS,B_OK,False,median_ratio,b1-v0.3,b1-contract-0.6,SIH26170-MOCK-02
C0240,L005,CMOS_A,Output_Rise_Time_ns,ns,8.11407,8.19055,8.40707,,,NONE,,0.293,3.611,7.92399,7.9759,0.74375,8.18674,22.0,UPPER,DATASHEET_CALIBRATED,13.59293,0.9657,0.2,TEAM_PLACEHOLDER_v0_UNVALIDATED,PASS,B_OK,False,median_ratio,b1-v0.3,b1-contract-0.6,SIH26170-MOCK-02
C0241,L005,CMOS_A,Output_Rise_Time_ns,ns,6.85494,7.04011,7.22622,,,NONE,,0.37128,5.416,7.92399,7.9759,0.74375,8.18674,22.0,UPPER,DATASHEET_CALIBRATED,14.77378,1.0496,0.2,TEAM_PLACEHOLDER_v0_UNVALIDATED,PASS,B_OK,False,median_ratio,b1-v0.3,b1-contract-0.6,SIH26170-MOCK-02
C0242,L005,CMOS_A,Output_Rise_Time_ns,ns,8.46269,8.50508,8.72992,,,NONE,,0.26723,3.158,7.92399,7.9759,0.74375,8.18674,22.0,UPPER,DATASHEET_CALIBRATED,13.27008,0.9427,0.2,TEAM_PLACEHOLDER_v0_UNVALIDATED,MONITOR,B_UNCERTAIN_EXTRAPOLATION,True,median_ratio,b1-v0.3,b1-contract-0.6,SIH26170-MOCK-02
C0243,L005,CMOS_A,Output_Rise_Time_ns,ns,7.21377,7.14865,7.33763,,,NONE,,0.12386,1.717,7.92399,7.9759,0.74375,8.18674,22.0,UPPER,DATASHEET_CALIBRATED,14.66237,1.0417,0.2,TEAM_PLACEHOLDER_v0_UNVALIDATED,PASS,B_OK,False,median_ratio,b1-v0.3,b1-contract-0.6,SIH26170-MOCK-02
C0244,L005,CMOS_A,Output_Rise_Time_ns,ns,8.01963,8.37802,8.5995,,,NONE,,0.57987,7.231,7.92399,7.9759,0.74375,8.18674,22.0,UPPER,DATASHEET_CALIBRATED,13.4005,0.952,0.2,TEAM_PLACEHOLDER_v0_UNVALIDATED,PASS,B_OK,False,median_ratio,b1-v0.3,b1-contract-0.6,SIH26170-MOCK-02
C0245,L005,CMOS_A,Output_Rise_Time_ns,ns,7.71723,7.67547,7.87838,,,NONE,,0.16115,2.088,7.92399,7.9759,0.74375,8.18674,22.0,UPPER,DATASHEET_CALIBRATED,14.12162,1.0032,0.2,TEAM_PLACEHOLDER_v0_UNVALIDATED,PASS,B_OK,False,median_ratio,b1-v0.3,b1-contract-0.6,SIH26170-MOCK-02
C0246,L005,CMOS_A,Output_Rise_Time_ns,ns,7.32426,7.22101,7.4119,,,NONE,,0.08764,1.197,7.92399,7.9759,0.74375,8.18674,22.0,UPPER,DATASHEET_CALIBRATED,14.5881,1.0364,0.2,TEAM_PLACEHOLDER_v0_UNVALIDATED,PASS,B_OK,False,median_ratio,b1-v0.3,b1-contract-0.6,SIH26170-MOCK-02
C0247,L005,CMOS_A,Output_Rise_Time_ns,ns,7.80548,7.91031,8.11943,,,NONE,,0.31395,4.022,7.92399,7.9759,0.74375,8.18674,22.0,UPPER,DATASHEET_CALIBRATED,13.88057,0.9861,0.2,TEAM_PLACEHOLDER_v0_UNVALIDATED,PASS,B_OK,False,median_ratio,b1-v0.3,b1-contract-0.6,SIH26170-MOCK-02
C0248,L005,CMOS_A,Output_Rise_Time_ns,ns,7.45966,7.55328,7.75296,,,NONE,,0.2933,3.932,7.92399,7.9759,0.74375,8.18674,22.0,UPPER,DATASHEET_CALIBRATED,14.24704,1.0122,0.2,TEAM_PLACEHOLDER_v0_UNVALIDATED,PASS,B_OK,False,median_ratio,b1-v0.3,b1-contract-0.6,SIH26170-MOCK-02
C0249,L005,CMOS_A,Output_Rise_Time_ns,ns,8.26707,8.35353,8.57436,,,NONE,,0.30729,3.717,7.92399,7.9759,0.74375,8.18674,22.0,UPPER,DATASHEET_CALIBRATED,13.42564,0.9538,0.2,TEAM_PLACEHOLDER_v0_UNVALIDATED,PASS,B_OK,False,median_ratio,b1-v0.3,b1-contract-0.6,SIH26170-MOCK-02
C0250,L005,CMOS_A,Output_Rise_Time_ns,ns,8.06804,7.97159,8.18233,,,NONE,,0.11429,1.417,7.92399,7.9759,0.74375,8.18674,22.0,UPPER,DATASHEET_CALIBRATED,13.81767,0.9816,0.2,TEAM_PLACEHOLDER_v0_UNVALIDATED,PASS,B_OK,False,median_ratio,b1-v0.3,b1-contract-0.6,SIH26170-MOCK-02
C0251,L005,CMOS_A,Output_Rise_Time_ns,ns,7.52767,7.46982,7.66729,,,NONE,,0.13962,1.855,7.92399,7.9759,0.74375,8.18674,22.0,UPPER,DATASHEET_CALIBRATED,14.33271,1.0182,0.2,TEAM_PLACEHOLDER_v0_UNVALIDATED,PASS,B_OK,False,median_ratio,b1-v0.3,b1-contract-0.6,SIH26170-MOCK-02
C0252,L005,CMOS_A,Output_Rise_Time_ns,ns,8.41499,8.26834,8.48692,,,NONE,,0.07193,0.855,7.92399,7.9759,0.74375,8.18674,22.0,UPPER,DATASHEET_CALIBRATED,13.51308,0.96,0.2,TEAM_PLACEHOLDER_v0_UNVALIDATED,MONITOR,B_UNCERTAIN_EXTRAPOLATION,True,median_ratio,b1-v0.3,b1-contract-0.6,SIH26170-MOCK-02
C0253,L005,CMOS_A,Output_Rise_Time_ns,ns,7.78645,7.78799,7.99387,,,NONE,,0.20742,2.664,7.92399,7.9759,0.74375,8.18674,22.0,UPPER,DATASHEET_CALIBRATED,14.00613,0.995,0.2,TEAM_PLACEHOLDER_v0_UNVALIDATED,PASS,B_OK,False,median_ratio,b1-v0.3,b1-contract-0.6,SIH26170-MOCK-02
C0254,L005,CMOS_A,Output_Rise_Time_ns,ns,8.05093,8.34998,8.57072,,,NONE,,0.51979,6.456,7.92399,7.9759,0.74375,8.18674,22.0,UPPER,DATASHEET_CALIBRATED,13.42928,0.9541,0.2,TEAM_PLACEHOLDER_v0_UNVALIDATED,PASS,B_OK,False,median_ratio,b1-v0.3,b1-contract-0.6,SIH26170-MOCK-02
C0255,L005,CMOS_A,Output_Rise_Time_ns,ns,8.18373,8.03946,8.25199,,,NONE,,0.06826,0.834,7.92399,7.9759,0.74375,8.18674,22.0,UPPER,DATASHEET_CALIBRATED,13.74801,0.9767,0.2,TEAM_PLACEHOLDER_v0_UNVALIDATED,PASS,B_OK,False,median_ratio,b1-v0.3,b1-contract-0.6,SIH26170-MOCK-02
C0256,L005,CMOS_A,Output_Rise_Time_ns,ns,7.4768,7.40293,7.59863,,,NONE,,0.12183,1.629,7.92399,7.9759,0.74375,8.18674,22.0,UPPER,DATASHEET_CALIBRATED,14.40137,1.0231,0.2,TEAM_PLACEHOLDER_v0_UNVALIDATED,PASS,B_OK,False,median_ratio,b1-v0.3,b1-contract-0.6,SIH26170-MOCK-02
C0257,L005,CMOS_A,Output_Rise_Time_ns,ns,7.80459,8.07725,8.29078,,,NONE,,0.48619,6.23,7.92399,7.9759,0.74375,8.18674,22.0,UPPER,DATASHEET_CALIBRATED,13.70922,0.9739,0.2,TEAM_PLACEHOLDER_v0_UNVALIDATED,PASS,B_OK,False,median_ratio,b1-v0.3,b1-contract-0.6,SIH26170-MOCK-02
C0258,L005,CMOS_A,Output_Rise_Time_ns,ns,8.66657,8.78295,9.01513,,,NONE,,0.34856,4.022,7.92399,7.9759,0.74375,8.18674,22.0,UPPER,DATASHEET_CALIBRATED,12.98487,0.9225,0.2,TEAM_PLACEHOLDER_v0_UNVALIDATED,MONITOR,B_UNCERTAIN_EXTRAPOLATION,True,median_ratio,b1-v0.3,b1-contract-0.6,SIH26170-MOCK-02
C0259,L005,CMOS_A,Output_Rise_Time_ns,ns,7.00966,6.87805,7.05988,,,NONE,,0.05022,0.716,7.92399,7.9759,0.74375,8.18674,22.0,UPPER,DATASHEET_CALIBRATED,14.94012,1.0614,0.2,TEAM_PLACEHOLDER_v0_UNVALIDATED,PASS,B_OK,False,median_ratio,b1-v0.3,b1-contract-0.6,SIH26170-MOCK-02
C0260,L005,CMOS_A,Output_Rise_Time_ns,ns,8.80417,8.90019,9.13547,,,NONE,,0.3313,3.763,7.92399,7.9759,0.74375,8.18674,22.0,UPPER,DATASHEET_CALIBRATED,12.86453,0.9139,0.2,TEAM_PLACEHOLDER_v0_UNVALIDATED,MONITOR,B_UNCERTAIN_EXTRAPOLATION,True,median_ratio,b1-v0.3,b1-contract-0.6,SIH26170-MOCK-02
C0261,L005,CMOS_A,Output_Rise_Time_ns,ns,7.6212,7.74261,7.94729,,,NONE,,0.32609,4.279,7.92399,7.9759,0.74375,8.18674,22.0,UPPER,DATASHEET_CALIBRATED,14.05271,0.9983,0.2,TEAM_PLACEHOLDER_v0_UNVALIDATED,PASS,B_OK,False,median_ratio,b1-v0.3,b1-contract-0.6,SIH26170-MOCK-02
C0262,L005,CMOS_A,Output_Rise_Time_ns,ns,7.52329,7.56449,7.76446,,,NONE,,0.24117,3.206,7.92399,7.9759,0.74375,8.18674,22.0,UPPER,DATASHEET_CALIBRATED,14.23554,1.0113,0.2,TEAM_PLACEHOLDER_v0_UNVALIDATED,PASS,B_OK,False,median_ratio,b1-v0.3,b1-contract-0.6,SIH26170-MOCK-02
C0263,L005,CMOS_A,Output_Rise_Time_ns,ns,7.88915,8.51023,8.7352,,,NONE,,0.84605,10.724,7.92399,7.9759,0.74375,8.18674,22.0,UPPER,DATASHEET_CALIBRATED,13.2648,0.9424,0.2,TEAM_PLACEHOLDER_v0_UNVALIDATED,PASS,B_OK,False,median_ratio,b1-v0.3,b1-contract-0.6,SIH26170-MOCK-02
C0264,L005,CMOS_A,Output_Rise_Time_ns,ns,7.58465,7.60411,7.80513,,,NONE,,0.22048,2.907,7.92399,7.9759,0.74375,8.18674,22.0,UPPER,DATASHEET_CALIBRATED,14.19487,1.0084,0.2,TEAM_PLACEHOLDER_v0_UNVALIDATED,PASS,B_OK,False,median_ratio,b1-v0.3,b1-contract-0.6,SIH26170-MOCK-02
C0265,L005,CMOS_A,Output_Rise_Time_ns,ns,8.04695,8.01403,8.22589,,,NONE,,0.17894,2.224,7.92399,7.9759,0.74375,8.18674,22.0,UPPER,DATASHEET_CALIBRATED,13.77411,0.9786,0.2,TEAM_PLACEHOLDER_v0_UNVALIDATED,PASS,B_OK,False,median_ratio,b1-v0.3,b1-contract-0.6,SIH26170-MOCK-02
C0266,L005,CMOS_A,Output_Rise_Time_ns,ns,8.59583,8.36539,8.58654,,,NONE,,-0.00929,-0.108,7.92399,7.9759,0.74375,8.18674,22.0,UPPER,DATASHEET_CALIBRATED,13.41346,0.9529,0.2,TEAM_PLACEHOLDER_v0_UNVALIDATED,MONITOR,B_UNCERTAIN_EXTRAPOLATION,True,median_ratio,b1-v0.3,b1-contract-0.6,SIH26170-MOCK-02
C0267,L005,CMOS_A,Output_Rise_Time_ns,ns,8.14369,8.1143,8.32881,,,NONE,,0.18512,2.273,7.92399,7.9759,0.74375,8.18674,22.0,UPPER,DATASHEET_CALIBRATED,13.67119,0.9712,0.2,TEAM_PLACEHOLDER_v0_UNVALIDATED,PASS,B_OK,False,median_ratio,b1-v0.3,b1-contract-0.6,SIH26170-MOCK-02
C0268,L005,CMOS_A,Output_Rise_Time_ns,ns,6.82591,6.98888,7.17364,,,NONE,,0.34773,5.094,7.92399,7.9759,0.74375,8.18674,22.0,UPPER,DATASHEET_CALIBRATED,14.82636,1.0533,0.2,TEAM_PLACEHOLDER_v0_UNVALIDATED,PASS,B_OK,False,median_ratio,b1-v0.3,b1-contract-0.6,SIH26170-MOCK-02
C0269,L005,CMOS_A,Output_Rise_Time_ns,ns,7.59221,7.58295,7.78341,,,NONE,,0.1912,2.518,7.92399,7.9759,0.74375,8.18674,22.0,UPPER,DATASHEET_CALIBRATED,14.21659,1.01,0.2,TEAM_PLACEHOLDER_v0_UNVALIDATED,PASS,B_OK,False,median_ratio,b1-v0.3,b1-contract-0.6,SIH26170-MOCK-02
C0270,L005,CMOS_A,Output_Rise_Time_ns,ns,7.81317,7.817,8.02365,,,NONE,,0.21048,2.694,7.92399,7.9759,0.74375,8.18674,22.0,UPPER,DATASHEET_CALIBRATED,13.97635,0.9929,0.2,TEAM_PLACEHOLDER_v0_UNVALIDATED,PASS,B_OK,False,median_ratio,b1-v0.3,b1-contract-0.6,SIH26170-MOCK-02
C0271,L005,CMOS_A,Output_Rise_Time_ns,ns,8.2307,8.22935,8.4469,,,NONE,,0.2162,2.627,7.92399,7.9759,0.74375,8.18674,22.0,UPPER,DATASHEET_CALIBRATED,13.5531,0.9629,0.2,TEAM_PLACEHOLDER_v0_UNVALIDATED,PASS,B_OK,False,median_ratio,b1-v0.3,b1-contract-0.6,SIH26170-MOCK-02
C0272,L005,CMOS_A,Output_Rise_Time_ns,ns,8.29766,8.40364,8.6258,,,NONE,,0.32814,3.955,7.92399,7.9759,0.74375,8.18674,22.0,UPPER,DATASHEET_CALIBRATED,13.3742,0.9501,0.2,TEAM_PLACEHOLDER_v0_UNVALIDATED,PASS,B_OK,False,median_ratio,b1-v0.3,b1-contract-0.6,SIH26170-MOCK-02
C0273,L005,CMOS_A,Output_Rise_Time_ns,ns,7.42427,7.48032,7.67807,,,NONE,,0.2538,3.418,7.92399,7.9759,0.74375,8.18674,22.0,UPPER,DATASHEET_CALIBRATED,14.32193,1.0175,0.2,TEAM_PLACEHOLDER_v0_UNVALIDATED,PASS,B_OK,False,median_ratio,b1-v0.3,b1-contract-0.6,SIH26170-MOCK-02
C0274,L006,CMOS_A,Output_Rise_Time_ns,ns,8.49859,8.49949,8.72418,,,NONE,,0.22559,2.654,8.41755,8.45244,0.54599,8.67589,22.0,UPPER,DATASHEET_CALIBRATED,13.27582,0.9774,0.2,TEAM_PLACEHOLDER_v0_UNVALIDATED,MONITOR,B_UNCERTAIN_EXTRAPOLATION,True,median_ratio,b1-v0.3,b1-contract-0.6,SIH26170-MOCK-02
C0275,L006,CMOS_A,Output_Rise_Time_ns,ns,8.58579,8.39042,8.61223,,,NONE,,0.02644,0.308,8.41755,8.45244,0.54599,8.67589,22.0,UPPER,DATASHEET_CALIBRATED,13.38777,0.9857,0.2,TEAM_PLACEHOLDER_v0_UNVALIDATED,MONITOR,B_UNCERTAIN_EXTRAPOLATION,True,median_ratio,b1-v0.3,b1-contract-0.6,SIH26170-MOCK-02
C0276,L006,CMOS_A,Output_Rise_Time_ns,ns,9.06757,8.98054,9.21795,,,NONE,,0.15038,1.658,8.41755,8.45244,0.54599,8.67589,22.0,UPPER,DATASHEET_CALIBRATED,12.78205,0.9411,0.2,TEAM_PLACEHOLDER_v0_UNVALIDATED,MONITOR,B_UNCERTAIN_EXTRAPOLATION,True,median_ratio,b1-v0.3,b1-contract-0.6,SIH26170-MOCK-02
C0277,L006,CMOS_A,Output_Rise_Time_ns,ns,8.03085,8.05161,8.26446,,,NONE,,0.23361,2.909,8.41755,8.45244,0.54599,8.67589,22.0,UPPER,DATASHEET_CALIBRATED,13.73554,1.0113,0.2,TEAM_PLACEHOLDER_v0_UNVALIDATED,PASS,B_OK,False,median_ratio,b1-v0.3,b1-contract-0.6,SIH26170-MOCK-02
C0278,L006,CMOS_A,Output_Rise_Time_ns,ns,8.7148,8.73623,8.96718,,,NONE,,0.25238,2.896,8.41755,8.45244,0.54599,8.67589,22.0,UPPER,DATASHEET_CALIBRATED,13.03282,0.9595,0.2,TEAM_PLACEHOLDER_v0_UNVALIDATED,MONITOR,B_UNCERTAIN_EXTRAPOLATION,True,median_ratio,b1-v0.3,b1-contract-0.6,SIH26170-MOCK-02
C0279,L006,CMOS_A,Output_Rise_Time_ns,ns,8.03973,8.20843,8.42543,,,NONE,,0.3857,4.797,8.41755,8.45244,0.54599,8.67589,22.0,UPPER,DATASHEET_CALIBRATED,13.57457,0.9994,0.2,TEAM_PLACEHOLDER_v0_UNVALIDATED,PASS,B_OK,False,median_ratio,b1-v0.3,b1-contract-0.6,SIH26170-MOCK-02
C0280,L006,CMOS_A,Output_Rise_Time_ns,ns,8.38736,8.53937,8.76511,,,NONE,,0.37775,4.504,8.41755,8.45244,0.54599,8.67589,22.0,UPPER,DATASHEET_CALIBRATED,13.23489,0.9744,0.2,TEAM_PLACEHOLDER_v0_UNVALIDATED,PASS,B_OK,False,median_ratio,b1-v0.3,b1-contract-0.6,SIH26170-MOCK-02
C0281,L006,CMOS_A,Output_Rise_Time_ns,ns,8.11074,8.04305,8.25567,,,NONE,,0.14493,1.787,8.41755,8.45244,0.54599,8.67589,22.0,UPPER,DATASHEET_CALIBRATED,13.74433,1.0119,0.2,TEAM_PLACEHOLDER_v0_UNVALIDATED,PASS,B_OK,False,median_ratio,b1-v0.3,b1-contract-0.6,SIH26170-MOCK-02
C0282,L006,CMOS_A,Output_Rise_Time_ns,ns,8.40058,8.36027,8.58128,,,NONE,,0.1807,2.151,8.41755,8.45244,0.54599,8.67589,22.0,UPPER,DATASHEET_CALIBRATED,13.41872,0.9879,0.2,TEAM_PLACEHOLDER_v0_UNVALIDATED,MONITOR,B_UNCERTAIN_EXTRAPOLATION,True,median_ratio,b1-v0.3,b1-contract-0.6,SIH26170-MOCK-02
C0283,L006,CMOS_A,Output_Rise_Time_ns,ns,8.22721,7.91703,8.12632,,,NONE,,-0.10089,-1.226,8.41755,8.45244,0.54599,8.67589,22.0,UPPER,DATASHEET_CALIBRATED,13.87368,1.0214,0.2,TEAM_PLACEHOLDER_v0_UNVALIDATED,PASS,B_OK,False,median_ratio,b1-v0.3,b1-contract-0.6,SIH26170-MOCK-02
C0284,L006,CMOS_A,Output_Rise_Time_ns,ns,8.43452,8.61064,8.83827,,,NONE,,0.40375,4.787,8.41755,8.45244,0.54599,8.67589,22.0,UPPER,DATASHEET_CALIBRATED,13.16173,0.969,0.2,TEAM_PLACEHOLDER_v0_UNVALIDATED,MONITOR,B_UNCERTAIN_EXTRAPOLATION,True,median_ratio,b1-v0.3,b1-contract-0.6,SIH26170-MOCK-02
C0285,L006,CMOS_A,Output_Rise_Time_ns,ns,7.59804,7.82464,8.03149,,,NONE,,0.43345,5.705,8.41755,8.45244,0.54599,8.67589,22.0,UPPER,DATASHEET_CALIBRATED,13.96851,1.0284,0.2,TEAM_PLACEHOLDER_v0_UNVALIDATED,PASS,B_OK,False,median_ratio,b1-v0.3,b1-contract-0.6,SIH26170-MOCK-02
C0286,L006,CMOS_A,Output_Rise_Time_ns,ns,8.3128,8.05435,8.26727,,,NONE,,-0.04553,-0.548,8.41755,8.45244,0.54599,8.67589,22.0,UPPER,DATASHEET_CALIBRATED,13.73273,1.0111,0.2,TEAM_PLACEHOLDER_v0_UNVALIDATED,PASS,B_OK,False,median_ratio,b1-v0.3,b1-contract-0.6,SIH26170-MOCK-02
C0287,L006,CMOS_A,Output_Rise_Time_ns,ns,8.72677,8.72563,8.9563,,,NONE,,0.22953,2.63,8.41755,8.45244,0.54599,8.67589,22.0,UPPER,DATASHEET_CALIBRATED,13.0437,0.9603,0.2,TEAM_PLACEHOLDER_v0_UNVALIDATED,MONITOR,B_UNCERTAIN_EXTRAPOLATION,True,median_ratio,b1-v0.3,b1-contract-0.6,SIH26170-MOCK-02
C0288,L006,CMOS_A,Output_Rise_Time_ns,ns,8.37386,8.53939,8.76514,,,NONE,,0.39128,4.673,8.41755,8.45244,0.54599,8.67589,22.0,UPPER,DATASHEET_CALIBRATED,13.23486,0.9744,0.2,TEAM_PLACEHOLDER_v0_UNVALIDATED,PASS,B_OK,False,median_ratio,b1-v0.3,b1-contract-0.6,SIH26170-MOCK-02
C0289,L006,CMOS_A,Output_Rise_Time_ns,ns,8.6779,8.72287,8.95347,,,NONE,,0.27557,3.175,8.41755,8.45244,0.54599,8.67589,22.0,UPPER,DATASHEET_CALIBRATED,13.04653,0.9605,0.2,TEAM_PLACEHOLDER_v0_UNVALIDATED,MONITOR,B_UNCERTAIN_EXTRAPOLATION,True,median_ratio,b1-v0.3,b1-contract-0.6,SIH26170-MOCK-02
C0290,L006,CMOS_A,Output_Rise_Time_ns,ns,8.37508,8.48005,8.70423,,,NONE,,0.32915,3.93,8.41755,8.45244,0.54599,8.67589,22.0,UPPER,DATASHEET_CALIBRATED,13.29577,0.9789,0.2,TEAM_PLACEHOLDER_v0_UNVALIDATED,PASS,B_OK,False,median_ratio,b1-v0.3,b1-contract-0.6,SIH26170-MOCK-02
C0291,L006,CMOS_A,Output_Rise_Time_ns,ns,8.70378,8.65544,8.88425,,,NONE,,0.18047,2.074,8.41755,8.45244,0.54599,8.67589,22.0,UPPER,DATASHEET_CALIBRATED,13.11575,0.9656,0.2,TEAM_PLACEHOLDER_v0_UNVALIDATED,MONITOR,B_UNCERTAIN_EXTRAPOLATION,True,median_ratio,b1-v0.3,b1-contract-0.6,SIH26170-MOCK-02
C0292,L006,CMOS_A,Output_Rise_Time_ns,ns,8.18159,8.31842,8.53832,,,NONE,,0.35673,4.36,8.41755,8.45244,0.54599,8.67589,22.0,UPPER,DATASHEET_CALIBRATED,13.46168,0.9911,0.2,TEAM_PLACEHOLDER_v0_UNVALIDATED,PASS,B_OK,False,median_ratio,b1-v0.3,b1-contract-0.6,SIH26170-MOCK-02
C0293,L006,CMOS_A,Output_Rise_Time_ns,ns,8.45762,8.565,8.79142,,,NONE,,0.3338,3.947,8.41755,8.45244,0.54599,8.67589,22.0,UPPER,DATASHEET_CALIBRATED,13.20858,0.9725,0.2,TEAM_PLACEHOLDER_v0_UNVALIDATED,MONITOR,B_UNCERTAIN_EXTRAPOLATION,True,median_ratio,b1-v0.3,b1-contract-0.6,SIH26170-MOCK-02
C0294,L006,CMOS_A,Output_Rise_Time_ns,ns,7.30779,7.88521,8.09366,,,NONE,,0.78587,10.754,8.41755,8.45244,0.54599,8.67589,22.0,UPPER,DATASHEET_CALIBRATED,13.90634,1.0238,0.2,TEAM_PLACEHOLDER_v0_UNVALIDATED,PASS,B_OK,False,median_ratio,b1-v0.3,b1-contract-0.6,SIH26170-MOCK-02
C0295,L006,CMOS_A,Output_Rise_Time_ns,ns,9.12534,9.05579,9.29519,,,NONE,,0.16985,1.861,8.41755,8.45244,0.54599,8.67589,22.0,UPPER,DATASHEET_CALIBRATED,12.70481,0.9354,0.2,TEAM_PLACEHOLDER_v0_UNVALIDATED,MONITOR,B_UNCERTAIN_EXTRAPOLATION,True,median_ratio,b1-v0.3,b1-contract-0.6,SIH26170-MOCK-02
C0296,L006,CMOS_A,Output_Rise_Time_ns,ns,7.3505,7.54227,7.74166,,,NONE,,0.39116,5.321,8.41755,8.45244,0.54599,8.67589,22.0,UPPER,DATASHEET_CALIBRATED,14.25834,1.0498,0.2,TEAM_PLACEHOLDER_v0_UNVALIDATED,PASS,B_OK,False,median_ratio,b1-v0.3,b1-contract-0.6,SIH26170-MOCK-02
C0297,L006,CMOS_A,Output_Rise_Time_ns,ns,9.90458,9.81826,10.07781,,,NONE,,0.17323,1.749,8.41755,8.45244,0.54599,8.67589,22.0,UPPER,DATASHEET_CALIBRATED,11.92219,0.8778,0.2,TEAM_PLACEHOLDER_v0_UNVALIDATED,MONITOR,B_UNCERTAIN_EXTRAPOLATION,True,median_ratio,b1-v0.3,b1-contract-0.6,SIH26170-MOCK-02
C0298,L006,CMOS_A,Output_Rise_Time_ns,ns,8.48472,8.46411,8.68787,,,NONE,,0.20315,2.394,8.41755,8.45244,0.54599,8.67589,22.0,UPPER,DATASHEET_CALIBRATED,13.31213,0.9801,0.2,TEAM_PLACEHOLDER_v0_UNVALIDATED,MONITOR,B_UNCERTAIN_EXTRAPOLATION,True,median_ratio,b1-v0.3,b1-contract-0.6,SIH26170-MOCK-02
C0299,L006,CMOS_A,Output_Rise_Time_ns,ns,8.64898,8.68342,8.91297,,,NONE,,0.26399,3.052,8.41755,8.45244,0.54599,8.67589,22.0,UPPER,DATASHEET_CALIBRATED,13.08703,0.9635,0.2,TEAM_PLACEHOLDER_v0_UNVALIDATED,MONITOR,B_UNCERTAIN_EXTRAPOLATION,True,median_ratio,b1-v0.3,b1-contract-0.6,SIH26170-MOCK-02
C0300,L006,CMOS_A,Output_Rise_Time_ns,ns,8.1461,7.96948,8.18016,,,NONE,,0.03406,0.418,8.41755,8.45244,0.54599,8.67589,22.0,UPPER,DATASHEET_CALIBRATED,13.81984,1.0175,0.2,TEAM_PLACEHOLDER_v0_UNVALIDATED,PASS,B_OK,False,median_ratio,b1-v0.3,b1-contract-0.6,SIH26170-MOCK-02
C0301,L006,CMOS_A,Output_Rise_Time_ns,ns,14.52564,14.76865,15.15907,,,NONE,,0.63343,4.361,8.41755,8.45244,0.54599,8.67589,22.0,UPPER,DATASHEET_CALIBRATED,6.84093,0.5037,0.2,TEAM_PLACEHOLDER_v0_UNVALIDATED,MONITOR,B_UNCERTAIN_EXTRAPOLATION,True,median_ratio,b1-v0.3,b1-contract-0.6,SIH26170-MOCK-02
C0302,L006,CMOS_A,Output_Rise_Time_ns,ns,8.14691,8.21522,8.4324,,,NONE,,0.28549,3.504,8.41755,8.45244,0.54599,8.67589,22.0,UPPER,DATASHEET_CALIBRATED,13.5676,0.9989,0.2,TEAM_PLACEHOLDER_v0_UNVALIDATED,PASS,B_OK,False,median_ratio,b1-v0.3,b1-contract-0.6,SIH26170-MOCK-02
C0303,L006,CMOS_A,Output_Rise_Time_ns,ns,8.31686,8.16459,8.38043,,,NONE,,0.06357,0.764,8.41755,8.45244,0.54599,8.67589,22.0,UPPER,DATASHEET_CALIBRATED,13.61957,1.0027,0.2,TEAM_PLACEHOLDER_v0_UNVALIDATED,PASS,B_OK,False,median_ratio,b1-v0.3,b1-contract-0.6,SIH26170-MOCK-02
C0304,L006,CMOS_A,Output_Rise_Time_ns,ns,8.8943,8.65036,8.87904,,,NONE,,-0.01526,-0.172,8.41755,8.45244,0.54599,8.67589,22.0,UPPER,DATASHEET_CALIBRATED,13.12096,0.966,0.2,TEAM_PLACEHOLDER_v0_UNVALIDATED,MONITOR,B_UNCERTAIN_EXTRAPOLATION,True,median_ratio,b1-v0.3,b1-contract-0.6,SIH26170-MOCK-02
C0305,L006,CMOS_A,Output_Rise_Time_ns,ns,8.54622,8.54086,8.76664,,,NONE,,0.22042,2.579,8.41755,8.45244,0.54599,8.67589,22.0,UPPER,DATASHEET_CALIBRATED,13.23336,0.9743,0.2,TEAM_PLACEHOLDER_v0_UNVALIDATED,MONITOR,B_UNCERTAIN_EXTRAPOLATION,True,median_ratio,b1-v0.3,b1-contract-0.6,SIH26170-MOCK-02
C0306,L006,CMOS_A,Output_Rise_Time_ns,ns,8.81908,8.82718,9.06053,,,NONE,,0.24145,2.738,8.41755,8.45244,0.54599,8.67589,22.0,UPPER,DATASHEET_CALIBRATED,12.93947,0.9527,0.2,TEAM_PLACEHOLDER_v0_UNVALIDATED,MONITOR,B_UNCERTAIN_EXTRAPOLATION,True,median_ratio,b1-v0.3,b1-contract-0.6,SIH26170-MOCK-02
C0307,L006,CMOS_A,Output_Rise_Time_ns,ns,8.2236,8.30602,8.5256,,,NONE,,0.302,3.672,8.41755,8.45244,0.54599,8.67589,22.0,UPPER,DATASHEET_CALIBRATED,13.4744,0.992,0.2,TEAM_PLACEHOLDER_v0_UNVALIDATED,PASS,B_OK,False,median_ratio,b1-v0.3,b1-contract-0.6,SIH26170-MOCK-02
C0308,L006,CMOS_A,Output_Rise_Time_ns,ns,8.31331,8.27721,8.49602,,,NONE,,0.18271,2.198,8.41755,8.45244,0.54599,8.67589,22.0,UPPER,DATASHEET_CALIBRATED,13.50398,0.9942,0.2,TEAM_PLACEHOLDER_v0_UNVALIDATED,PASS,B_OK,False,median_ratio,b1-v0.3,b1-contract-0.6,SIH26170-MOCK-02
C0309,L006,CMOS_A,Output_Rise_Time_ns,ns,8.59725,8.79871,9.03131,,,NONE,,0.43406,5.049,8.41755,8.45244,0.54599,8.67589,22.0,UPPER,DATASHEET_CALIBRATED,12.96869,0.9548,0.2,TEAM_PLACEHOLDER_v0_UNVALIDATED,MONITOR,B_UNCERTAIN_EXTRAPOLATION,True,median_ratio,b1-v0.3,b1-contract-0.6,SIH26170-MOCK-02
C0310,L006,CMOS_A,Output_Rise_Time_ns,ns,9.32749,9.50431,9.75556,,,NONE,,0.42807,4.589,8.41755,8.45244,0.54599,8.67589,22.0,UPPER,DATASHEET_CALIBRATED,12.24444,0.9015,0.2,TEAM_PLACEHOLDER_v0_UNVALIDATED,MONITOR,B_UNCERTAIN_EXTRAPOLATION,True,median_ratio,b1-v0.3,b1-contract-0.6,SIH26170-MOCK-02
C0311,L006,CMOS_A,Output_Rise_Time_ns,ns,8.67728,8.4161,8.63859,,,NONE,,-0.03869,-0.446,8.41755,8.45244,0.54599,8.67589,22.0,UPPER,DATASHEET_CALIBRATED,13.36141,0.9837,0.2,TEAM_PLACEHOLDER_v0_UNVALIDATED,MONITOR,B_UNCERTAIN_EXTRAPOLATION,True,median_ratio,b1-v0.3,b1-contract-0.6,SIH26170-MOCK-02
C0312,L006,CMOS_A,Output_Rise_Time_ns,ns,8.1821,8.07041,8.28376,,,NONE,,0.10166,1.242,8.41755,8.45244,0.54599,8.67589,22.0,UPPER,DATASHEET_CALIBRATED,13.71624,1.0099,0.2,TEAM_PLACEHOLDER_v0_UNVALIDATED,PASS,B_OK,False,median_ratio,b1-v0.3,b1-contract-0.6,SIH26170-MOCK-02
C0313,L006,CMOS_A,Output_Rise_Time_ns,ns,8.73987,8.85874,9.09293,,,NONE,,0.35306,4.04,8.41755,8.45244,0.54599,8.67589,22.0,UPPER,DATASHEET_CALIBRATED,12.90707,0.9503,0.2,TEAM_PLACEHOLDER_v0_UNVALIDATED,MONITOR,B_UNCERTAIN_EXTRAPOLATION,True,median_ratio,b1-v0.3,b1-contract-0.6,SIH26170-MOCK-02
C0314,L006,CMOS_A,Output_Rise_Time_ns,ns,9.85517,9.70316,9.95967,,,NONE,,0.1045,1.06,8.41755,8.45244,0.54599,8.67589,22.0,UPPER,DATASHEET_CALIBRATED,12.04033,0.8865,0.2,TEAM_PLACEHOLDER_v0_UNVALIDATED,MONITOR,B_UNCERTAIN_EXTRAPOLATION,True,median_ratio,b1-v0.3,b1-contract-0.6,SIH26170-MOCK-02
C0315,L006,CMOS_A,Output_Rise_Time_ns,ns,8.44527,8.44077,8.66391,,,NONE,,0.21864,2.589,8.41755,8.45244,0.54599,8.67589,22.0,UPPER,DATASHEET_CALIBRATED,13.33609,0.9819,0.2,TEAM_PLACEHOLDER_v0_UNVALIDATED,MONITOR,B_UNCERTAIN_EXTRAPOLATION,True,median_ratio,b1-v0.3,b1-contract-0.6,SIH26170-MOCK-02
C0316,L006,CMOS_A,Output_Rise_Time_ns,ns,7.2972,7.74979,7.95466,,,NONE,,0.65746,9.01,8.41755,8.45244,0.54599,8.67589,22.0,UPPER,DATASHEET_CALIBRATED,14.04534,1.0341,0.2,TEAM_PLACEHOLDER_v0_UNVALIDATED,PASS,B_OK,False,median_ratio,b1-v0.3,b1-contract-0.6,SIH26170-MOCK-02
C0317,L006,CMOS_A,Output_Rise_Time_ns,ns,9.73196,9.91573,10.17786,,,NONE,,0.4459,4.582,8.41755,8.45244,0.54599,8.67589,22.0,UPPER,DATASHEET_CALIBRATED,11.82214,0.8704,0.2,TEAM_PLACEHOLDER_v0_UNVALIDATED,MONITOR,B_UNCERTAIN_EXTRAPOLATION,True,median_ratio,b1-v0.3,b1-contract-0.6,SIH26170-MOCK-02
C0318,L006,CMOS_A,Output_Rise_Time_ns,ns,8.0294,7.94376,8.15376,,,NONE,,0.12436,1.549,8.41755,8.45244,0.54599,8.67589,22.0,UPPER,DATASHEET_CALIBRATED,13.84624,1.0194,0.2,TEAM_PLACEHOLDER_v0_UNVALIDATED,PASS,B_OK,False,median_ratio,b1-v0.3,b1-contract-0.6,SIH26170-MOCK-02
C0319,L006,CMOS_A,Output_Rise_Time_ns,ns,7.85295,8.06693,8.28019,,,NONE,,0.42724,5.44,8.41755,8.45244,0.54599,8.67589,22.0,UPPER,DATASHEET_CALIBRATED,13.71981,1.0101,0.2,TEAM_PLACEHOLDER_v0_UNVALIDATED,PASS,B_OK,False,median_ratio,b1-v0.3,b1-contract-0.6,SIH26170-MOCK-02
C0320,L006,CMOS_A,Output_Rise_Time_ns,ns,8.66398,8.5378,8.7635,,,NONE,,0.09952,1.149,8.41755,8.45244,0.54599,8.67589,22.0,UPPER,DATASHEET_CALIBRATED,13.2365,0.9745,0.2,TEAM_PLACEHOLDER_v0_UNVALIDATED,MONITOR,B_UNCERTAIN_EXTRAPOLATION,True,median_ratio,b1-v0.3,b1-contract-0.6,SIH26170-MOCK-02
C0321,L006,CMOS_A,Output_Rise_Time_ns,ns,8.81604,8.68842,8.9181,,,NONE,,0.10206,1.158,8.41755,8.45244,0.54599,8.67589,22.0,UPPER,DATASHEET_CALIBRATED,13.0819,0.9631,0.2,TEAM_PLACEHOLDER_v0_UNVALIDATED,MONITOR,B_UNCERTAIN_EXTRAPOLATION,True,median_ratio,b1-v0.3,b1-contract-0.6,SIH26170-MOCK-02
C0322,L006,CMOS_A,Output_Rise_Time_ns,ns,8.44173,8.7834,9.0156,,,NONE,,0.57387,6.798,8.41755,8.45244,0.54599,8.67589,22.0,UPPER,DATASHEET_CALIBRATED,12.9844,0.956,0.2,TEAM_PLACEHOLDER_v0_UNVALIDATED,MONITOR,B_UNCERTAIN_EXTRAPOLATION,True,median_ratio,b1-v0.3,b1-contract-0.6,SIH26170-MOCK-02
C0323,L006,CMOS_A,Output_Rise_Time_ns,ns,8.92705,9.15753,9.39962,,,NONE,,0.47257,5.294,8.41755,8.45244,0.54599,8.67589,22.0,UPPER,DATASHEET_CALIBRATED,12.60038,0.9277,0.2,TEAM_PLACEHOLDER_v0_UNVALIDATED,MONITOR,B_UNCERTAIN_EXTRAPOLATION,True,median_ratio,b1-v0.3,b1-contract-0.6,SIH26170-MOCK-02
C0324,L006,CMOS_A,Output_Rise_Time_ns,ns,7.39535,7.22934,7.42045,,,NONE,,0.0251,0.339,8.41755,8.45244,0.54599,8.67589,22.0,UPPER,DATASHEET_CALIBRATED,14.57955,1.0734,0.2,TEAM_PLACEHOLDER_v0_UNVALIDATED,PASS,B_OK,False,median_ratio,b1-v0.3,b1-contract-0.6,SIH26170-MOCK-02
C0325,L006,CMOS_A,Output_Rise_Time_ns,ns,8.1152,8.11966,8.33431,,,NONE,,0.21911,2.7,8.41755,8.45244,0.54599,8.67589,22.0,UPPER,DATASHEET_CALIBRATED,13.66569,1.0061,0.2,TEAM_PLACEHOLDER_v0_UNVALIDATED,PASS,B_OK,False,median_ratio,b1-v0.3,b1-contract-0.6,SIH26170-MOCK-02
C0326,L006,CMOS_A,Output_Rise_Time_ns,ns,8.11019,8.21649,8.4337,,,NONE,,0.32351,3.989,8.41755,8.45244,0.54599,8.67589,22.0,UPPER,DATASHEET_CALIBRATED,13.5663,0.9988,0.2,TEAM_PLACEHOLDER_v0_UNVALIDATED,PASS,B_OK,False,median_ratio,b1-v0.3,b1-contract-0.6,SIH26170-MOCK-02
C0327,L006,CMOS_A,Output_Rise_Time_ns,ns,7.95155,8.08295,8.29663,,,NONE,,0.34508,4.34,8.41755,8.45244,0.54599,8.67589,22.0,UPPER,DATASHEET_CALIBRATED,13.70337,1.0089,0.2,TEAM_PLACEHOLDER_v0_UNVALIDATED,PASS,B_OK,False,median_ratio,b1-v0.3,b1-contract-0.6,SIH26170-MOCK-02
C0328,L006,CMOS_A,Output_Rise_Time_ns,ns,8.64351,8.49723,8.72186,,,NONE,,0.07835,0.906,8.41755,8.45244,0.54599,8.67589,22.0,UPPER,DATASHEET_CALIBRATED,13.27814,0.9776,0.2,TEAM_PLACEHOLDER_v0_UNVALIDATED,MONITOR,B_UNCERTAIN_EXTRAPOLATION,True,median_ratio,b1-v0.3,b1-contract-0.6,SIH26170-MOCK-02
C0329,L006,CMOS_A,Output_Rise_Time_ns,ns,8.5214,8.61334,8.84104,,,NONE,,0.31964,3.751,8.41755,8.45244,0.54599,8.67589,22.0,UPPER,DATASHEET_CALIBRATED,13.15896,0.9688,0.2,TEAM_PLACEHOLDER_v0_UNVALIDATED,MONITOR,B_UNCERTAIN_EXTRAPOLATION,True,median_ratio,b1-v0.3,b1-contract-0.6,SIH26170-MOCK-02
C0330,L006,CMOS_A,Output_Rise_Time_ns,ns,8.29546,8.43418,8.65714,,,NONE,,0.36168,4.36,8.41755,8.45244,0.54599,8.67589,22.0,UPPER,DATASHEET_CALIBRATED,13.34286,0.9824,0.2,TEAM_PLACEHOLDER_v0_UNVALIDATED,PASS,B_OK,False,median_ratio,b1-v0.3,b1-contract-0.6,SIH26170-MOCK-02
C0331,L006,CMOS_A,Output_Rise_Time_ns,ns,8.09061,7.8687,8.07672,,,NONE,,-0.01389,-0.172,8.41755,8.45244,0.54599,8.67589,22.0,UPPER,DATASHEET_CALIBRATED,13.92328,1.0251,0.2,TEAM_PLACEHOLDER_v0_UNVALIDATED,PASS,B_OK,False,median_ratio,b1-v0.3,b1-contract-0.6,SIH26170-MOCK-02
C0332,L006,CMOS_A,Output_Rise_Time_ns,ns,7.83514,7.96173,8.1722,,,NONE,,0.33706,4.302,8.41755,8.45244,0.54599,8.67589,22.0,UPPER,DATASHEET_CALIBRATED,13.8278,1.0181,0.2,TEAM_PLACEHOLDER_v0_UNVALIDATED,PASS,B_OK,False,median_ratio,b1-v0.3,b1-contract-0.6,SIH26170-MOCK-02
C0333,L006,CMOS_A,Output_Rise_Time_ns,ns,8.1789,8.3704,8.59168,,,NONE,,0.41278,5.047,8.41755,8.45244,0.54599,8.67589,22.0,UPPER,DATASHEET_CALIBRATED,13.40832,0.9872,0.2,TEAM_PLACEHOLDER_v0_UNVALIDATED,PASS,B_OK,False,median_ratio,b1-v0.3,b1-contract-0.6,SIH26170-MOCK-02
C0538,L011,CMOS_B,Output_Rise_Time_ns,ns,3.19789,3.19555,3.27383,,,NONE,,0.07594,2.375,3.71088,3.73134,0.30852,3.82274,8.0,UPPER,ASSUMED_MOCK,4.72617,1.1019,0.2,TEAM_PLACEHOLDER_v0_UNVALIDATED,PASS,B_OK,False,median_ratio,b1-v0.3,b1-contract-0.6,SIH26170-MOCK-02
C0539,L011,CMOS_B,Output_Rise_Time_ns,ns,4.00062,4.14418,4.2457,,,NONE,,0.24508,6.126,3.71088,3.73134,0.30852,3.82274,8.0,UPPER,ASSUMED_MOCK,3.7543,0.8753,0.2,TEAM_PLACEHOLDER_v0_UNVALIDATED,PASS,B_OK,False,median_ratio,b1-v0.3,b1-contract-0.6,SIH26170-MOCK-02
C0540,L011,CMOS_B,Output_Rise_Time_ns,ns,3.70136,3.73277,3.82421,,,NONE,,0.12285,3.319,3.71088,3.73134,0.30852,3.82274,8.0,UPPER,ASSUMED_MOCK,4.17579,0.9736,0.2,TEAM_PLACEHOLDER_v0_UNVALIDATED,PASS,B_OK,False,median_ratio,b1-v0.3,b1-contract-0.6,SIH26170-MOCK-02
C0541,L011,CMOS_B,Output_Rise_Time_ns,ns,3.43528,3.46088,3.54566,,,NONE,,0.11038,3.213,3.71088,3.73134,0.30852,3.82274,8.0,UPPER,ASSUMED_MOCK,4.45434,1.0385,0.2,TEAM_PLACEHOLDER_v0_UNVALIDATED,PASS,B_OK,False,median_ratio,b1-v0.3,b1-contract-0.6,SIH26170-MOCK-02
C0542,L011,CMOS_B,Output_Rise_Time_ns,ns,3.6152,3.66001,3.74967,,,NONE,,0.13447,3.719,3.71088,3.73134,0.30852,3.82274,8.0,UPPER,ASSUMED_MOCK,4.25033,0.991,0.2,TEAM_PLACEHOLDER_v0_UNVALIDATED,PASS,B_OK,False,median_ratio,b1-v0.3,b1-contract-0.6,SIH26170-MOCK-02
C0543,L011,CMOS_B,Output_Rise_Time_ns,ns,3.85393,3.86958,3.96437,,,NONE,,0.11044,2.866,3.71088,3.73134,0.30852,3.82274,8.0,UPPER,ASSUMED_MOCK,4.03563,0.9409,0.2,TEAM_PLACEHOLDER_v0_UNVALIDATED,PASS,B_OK,False,median_ratio,b1-v0.3,b1-contract-0.6,SIH26170-MOCK-02
C0544,L011,CMOS_B,Output_Rise_Time_ns,ns,3.8376,3.87405,3.96895,,,NONE,,0.13135,3.423,3.71088,3.73134,0.30852,3.82274,8.0,UPPER,ASSUMED_MOCK,4.03105,0.9398,0.2,TEAM_PLACEHOLDER_v0_UNVALIDATED,PASS,B_OK,False,median_ratio,b1-v0.3,b1-contract-0.6,SIH26170-MOCK-02
C0545,L011,CMOS_B,Output_Rise_Time_ns,ns,3.59466,3.63241,3.72139,,,NONE,,0.12673,3.526,3.71088,3.73134,0.30852,3.82274,8.0,UPPER,ASSUMED_MOCK,4.27861,0.9975,0.2,TEAM_PLACEHOLDER_v0_UNVALIDATED,PASS,B_OK,False,median_ratio,b1-v0.3,b1-contract-0.6,SIH26170-MOCK-02
C0546,L011,CMOS_B,Output_Rise_Time_ns,ns,3.76028,3.81036,3.9037,,,NONE,,0.14342,3.814,3.71088,3.73134,0.30852,3.82274,8.0,UPPER,ASSUMED_MOCK,4.0963,0.955,0.2,TEAM_PLACEHOLDER_v0_UNVALIDATED,PASS,B_OK,False,median_ratio,b1-v0.3,b1-contract-0.6,SIH26170-MOCK-02
C0547,L011,CMOS_B,Output_Rise_Time_ns,ns,3.57674,3.66035,3.75001,,,NONE,,0.17327,4.844,3.71088,3.73134,0.30852,3.82274,8.0,UPPER,ASSUMED_MOCK,4.24999,0.9909,0.2,TEAM_PLACEHOLDER_v0_UNVALIDATED,PASS,B_OK,False,median_ratio,b1-v0.3,b1-contract-0.6,SIH26170-MOCK-02
C0548,L011,CMOS_B,Output_Rise_Time_ns,ns,6.99946,7.22142,7.39832,,,NONE,,0.39886,5.698,3.71088,3.73134,0.30852,3.82274,8.0,UPPER,ASSUMED_MOCK,0.60168,0.1403,0.2,TEAM_PLACEHOLDER_v0_UNVALIDATED,MONITOR,B_MARGIN_LOW,False,median_ratio,b1-v0.3,b1-contract-0.6,SIH26170-MOCK-02
C0549,L011,CMOS_B,Output_Rise_Time_ns,ns,3.76847,3.87925,3.97428,,,NONE,,0.20581,5.461,3.71088,3.73134,0.30852,3.82274,8.0,UPPER,ASSUMED_MOCK,4.02572,0.9386,0.2,TEAM_PLACEHOLDER_v0_UNVALIDATED,PASS,B_OK,False,median_ratio,b1-v0.3,b1-contract-0.6,SIH26170-MOCK-02
C0550,L011,CMOS_B,Output_Rise_Time_ns,ns,3.78427,3.83284,3.92673,,,NONE,,0.14246,3.765,3.71088,3.73134,0.30852,3.82274,8.0,UPPER,ASSUMED_MOCK,4.07327,0.9497,0.2,TEAM_PLACEHOLDER_v0_UNVALIDATED,PASS,B_OK,False,median_ratio,b1-v0.3,b1-contract-0.6,SIH26170-MOCK-02
C0551,L011,CMOS_B,Output_Rise_Time_ns,ns,3.3554,3.40215,3.48549,,,NONE,,0.13009,3.877,3.71088,3.73134,0.30852,3.82274,8.0,UPPER,ASSUMED_MOCK,4.51451,1.0525,0.2,TEAM_PLACEHOLDER_v0_UNVALIDATED,PASS,B_OK,False,median_ratio,b1-v0.3,b1-contract-0.6,SIH26170-MOCK-02
C0552,L011,CMOS_B,Output_Rise_Time_ns,ns,3.4941,3.57576,3.66335,,,NONE,,0.16925,4.844,3.71088,3.73134,0.30852,3.82274,8.0,UPPER,ASSUMED_MOCK,4.33665,1.0111,0.2,TEAM_PLACEHOLDER_v0_UNVALIDATED,PASS,B_OK,False,median_ratio,b1-v0.3,b1-contract-0.6,SIH26170-MOCK-02
C0553,L011,CMOS_B,Output_Rise_Time_ns,ns,3.69046,3.66738,3.75722,,,NONE,,0.06676,1.809,3.71088,3.73134,0.30852,3.82274,8.0,UPPER,ASSUMED_MOCK,4.24278,0.9892,0.2,TEAM_PLACEHOLDER_v0_UNVALIDATED,PASS,B_OK,False,median_ratio,b1-v0.3,b1-contract-0.6,SIH26170-MOCK-02
C0554,L011,CMOS_B,Output_Rise_Time_ns,ns,3.87464,3.90102,3.99658,,,NONE,,0.12194,3.147,3.71088,3.73134,0.30852,3.82274,8.0,UPPER,ASSUMED_MOCK,4.00342,0.9334,0.2,TEAM_PLACEHOLDER_v0_UNVALIDATED,PASS,B_OK,False,median_ratio,b1-v0.3,b1-contract-0.6,SIH26170-MOCK-02
C0555,L011,CMOS_B,Output_Rise_Time_ns,ns,3.96175,3.99157,4.08935,,,NONE,,0.1276,3.221,3.71088,3.73134,0.30852,3.82274,8.0,UPPER,ASSUMED_MOCK,3.91065,0.9118,0.2,TEAM_PLACEHOLDER_v0_UNVALIDATED,PASS,B_OK,False,median_ratio,b1-v0.3,b1-contract-0.6,SIH26170-MOCK-02
C0556,L011,CMOS_B,Output_Rise_Time_ns,ns,3.51788,3.54921,3.63615,,,NONE,,0.11827,3.362,3.71088,3.73134,0.30852,3.82274,8.0,UPPER,ASSUMED_MOCK,4.36385,1.0174,0.2,TEAM_PLACEHOLDER_v0_UNVALIDATED,PASS,B_OK,False,median_ratio,b1-v0.3,b1-contract-0.6,SIH26170-MOCK-02
C0557,L011,CMOS_B,Output_Rise_Time_ns,ns,3.75884,3.8602,3.95476,,,NONE,,0.19592,5.212,3.71088,3.73134,0.30852,3.82274,8.0,UPPER,ASSUMED_MOCK,4.04524,0.9431,0.2,TEAM_PLACEHOLDER_v0_UNVALIDATED,PASS,B_OK,False,median_ratio,b1-v0.3,b1-contract-0.6,SIH26170-MOCK-02
C0558,L011,CMOS_B,Output_Rise_Time_ns,ns,3.57944,3.54234,3.62911,,,NONE,,0.04967,1.388,3.71088,3.73134,0.30852,3.82274,8.0,UPPER,ASSUMED_MOCK,4.37089,1.0191,0.2,TEAM_PLACEHOLDER_v0_UNVALIDATED,PASS,B_OK,False,median_ratio,b1-v0.3,b1-contract-0.6,SIH26170-MOCK-02
C0559,L011,CMOS_B,Output_Rise_Time_ns,ns,3.33313,3.32737,3.40888,,,NONE,,0.07575,2.273,3.71088,3.73134,0.30852,3.82274,8.0,UPPER,ASSUMED_MOCK,4.59112,1.0704,0.2,TEAM_PLACEHOLDER_v0_UNVALIDATED,PASS,B_OK,False,median_ratio,b1-v0.3,b1-contract-0.6,SIH26170-MOCK-02
C0560,L011,CMOS_B,Output_Rise_Time_ns,ns,3.7554,3.8313,3.92515,,,NONE,,0.16975,4.52,3.71088,3.73134,0.30852,3.82274,8.0,UPPER,ASSUMED_MOCK,4.07485,0.95,0.2,TEAM_PLACEHOLDER_v0_UNVALIDATED,PASS,B_OK,False,median_ratio,b1-v0.3,b1-contract-0.6,SIH26170-MOCK-02
C0561,L011,CMOS_B,Output_Rise_Time_ns,ns,3.74482,3.69857,3.78917,,,NONE,,0.04435,1.184,3.71088,3.73134,0.30852,3.82274,8.0,UPPER,ASSUMED_MOCK,4.21083,0.9817,0.2,TEAM_PLACEHOLDER_v0_UNVALIDATED,PASS,B_OK,False,median_ratio,b1-v0.3,b1-contract-0.6,SIH26170-MOCK-02
C0562,L011,CMOS_B,Output_Rise_Time_ns,ns,3.85785,3.88749,3.98272,,,NONE,,0.12487,3.237,3.71088,3.73134,0.30852,3.82274,8.0,UPPER,ASSUMED_MOCK,4.01728,0.9366,0.2,TEAM_PLACEHOLDER_v0_UNVALIDATED,PASS,B_OK,False,median_ratio,b1-v0.3,b1-contract-0.6,SIH26170-MOCK-02
C0563,L011,CMOS_B,Output_Rise_Time_ns,ns,3.52898,3.49897,3.58468,,,NONE,,0.0557,1.578,3.71088,3.73134,0.30852,3.82274,8.0,UPPER,ASSUMED_MOCK,4.41532,1.0294,0.2,TEAM_PLACEHOLDER_v0_UNVALIDATED,PASS,B_OK,False,median_ratio,b1-v0.3,b1-contract-0.6,SIH26170-MOCK-02
C0564,L011,CMOS_B,Output_Rise_Time_ns,ns,3.74464,3.7299,3.82127,,,NONE,,0.07663,2.046,3.71088,3.73134,0.30852,3.82274,8.0,UPPER,ASSUMED_MOCK,4.17873,0.9743,0.2,TEAM_PLACEHOLDER_v0_UNVALIDATED,PASS,B_OK,False,median_ratio,b1-v0.3,b1-contract-0.6,SIH26170-MOCK-02
C0565,L011,CMOS_B,Output_Rise_Time_ns,ns,3.50566,3.57301,3.66054,,,NONE,,0.15488,4.418,3.71088,3.73134,0.30852,3.82274,8.0,UPPER,ASSUMED_MOCK,4.33946,1.0117,0.2,TEAM_PLACEHOLDER_v0_UNVALIDATED,PASS,B_OK,False,median_ratio,b1-v0.3,b1-contract-0.6,SIH26170-MOCK-02
C0566,L011,CMOS_B,Output_Rise_Time_ns,ns,3.8039,3.76612,3.85838,,,NONE,,0.05448,1.432,3.71088,3.73134,0.30852,3.82274,8.0,UPPER,ASSUMED_MOCK,4.14162,0.9656,0.2,TEAM_PLACEHOLDER_v0_UNVALIDATED,PASS,B_OK,False,median_ratio,b1-v0.3,b1-contract-0.6,SIH26170-MOCK-02
C0567,L011,CMOS_B,Output_Rise_Time_ns,ns,3.7204,3.74654,3.83832,,,NONE,,0.11792,3.169,3.71088,3.73134,0.30852,3.82274,8.0,UPPER,ASSUMED_MOCK,4.16168,0.9703,0.2,TEAM_PLACEHOLDER_v0_UNVALIDATED,PASS,B_OK,False,median_ratio,b1-v0.3,b1-contract-0.6,SIH26170-MOCK-02
C0568,L011,CMOS_B,Output_Rise_Time_ns,ns,3.551,3.68551,3.77579,,,NONE,,0.22479,6.33,3.71088,3.73134,0.30852,3.82274,8.0,UPPER,ASSUMED_MOCK,4.22421,0.9849,0.2,TEAM_PLACEHOLDER_v0_UNVALIDATED,PASS,B_OK,False,median_ratio,b1-v0.3,b1-contract-0.6,SIH26170-MOCK-02
C0569,L011,CMOS_B,Output_Rise_Time_ns,ns,3.84864,3.88147,3.97655,,,NONE,,0.12791,3.324,3.71088,3.73134,0.30852,3.82274,8.0,UPPER,ASSUMED_MOCK,4.02345,0.9381,0.2,TEAM_PLACEHOLDER_v0_UNVALIDATED,PASS,B_OK,False,median_ratio,b1-v0.3,b1-contract-0.6,SIH26170-MOCK-02
C0570,L011,CMOS_B,Output_Rise_Time_ns,ns,3.48129,3.46699,3.55192,,,NONE,,0.07063,2.029,3.71088,3.73134,0.30852,3.82274,8.0,UPPER,ASSUMED_MOCK,4.44808,1.0371,0.2,TEAM_PLACEHOLDER_v0_UNVALIDATED,PASS,B_OK,False,median_ratio,b1-v0.3,b1-contract-0.6,SIH26170-MOCK-02
C0571,L011,CMOS_B,Output_Rise_Time_ns,ns,3.45379,3.46351,3.54835,,,NONE,,0.09456,2.738,3.71088,3.73134,0.30852,3.82274,8.0,UPPER,ASSUMED_MOCK,4.45165,1.0379,0.2,TEAM_PLACEHOLDER_v0_UNVALIDATED,PASS,B_OK,False,median_ratio,b1-v0.3,b1-contract-0.6,SIH26170-MOCK-02
C0572,L011,CMOS_B,Output_Rise_Time_ns,ns,3.91516,4.01843,4.11687,,,NONE,,0.20171,5.152,3.71088,3.73134,0.30852,3.82274,8.0,UPPER,ASSUMED_MOCK,3.88313,0.9053,0.2,TEAM_PLACEHOLDER_v0_UNVALIDATED,PASS,B_OK,False,median_ratio,b1-v0.3,b1-contract-0.6,SIH26170-MOCK-02
C0573,L011,CMOS_B,Output_Rise_Time_ns,ns,3.73899,3.83615,3.93012,,,NONE,,0.19113,5.112,3.71088,3.73134,0.30852,3.82274,8.0,UPPER,ASSUMED_MOCK,4.06988,0.9489,0.2,TEAM_PLACEHOLDER_v0_UNVALIDATED,PASS,B_OK,False,median_ratio,b1-v0.3,b1-contract-0.6,SIH26170-MOCK-02
C0574,L011,CMOS_B,Output_Rise_Time_ns,ns,3.76966,3.7455,3.83725,,,NONE,,0.06759,1.793,3.71088,3.73134,0.30852,3.82274,8.0,UPPER,ASSUMED_MOCK,4.16275,0.9705,0.2,TEAM_PLACEHOLDER_v0_UNVALIDATED,PASS,B_OK,False,median_ratio,b1-v0.3,b1-contract-0.6,SIH26170-MOCK-02
C0575,L011,CMOS_B,Output_Rise_Time_ns,ns,3.34495,3.32947,3.41103,,,NONE,,0.06608,1.975,3.71088,3.73134,0.30852,3.82274,8.0,UPPER,ASSUMED_MOCK,4.58897,1.0699,0.2,TEAM_PLACEHOLDER_v0_UNVALIDATED,PASS,B_OK,False,median_ratio,b1-v0.3,b1-contract-0.6,SIH26170-MOCK-02
C0576,L011,CMOS_B,Output_Rise_Time_ns,ns,3.95691,3.90849,4.00423,,,NONE,,0.04732,1.196,3.71088,3.73134,0.30852,3.82274,8.0,UPPER,ASSUMED_MOCK,3.99577,0.9316,0.2,TEAM_PLACEHOLDER_v0_UNVALIDATED,PASS,B_OK,False,median_ratio,b1-v0.3,b1-contract-0.6,SIH26170-MOCK-02
C0577,L011,CMOS_B,Output_Rise_Time_ns,ns,3.65522,3.67925,3.76938,,,NONE,,0.11416,3.123,3.71088,3.73134,0.30852,3.82274,8.0,UPPER,ASSUMED_MOCK,4.23062,0.9864,0.2,TEAM_PLACEHOLDER_v0_UNVALIDATED,PASS,B_OK,False,median_ratio,b1-v0.3,b1-contract-0.6,SIH26170-MOCK-02
C0578,L011,CMOS_B,Output_Rise_Time_ns,ns,3.61322,3.64431,3.73358,,,NONE,,0.12036,3.331,3.71088,3.73134,0.30852,3.82274,8.0,UPPER,ASSUMED_MOCK,4.26642,0.9947,0.2,TEAM_PLACEHOLDER_v0_UNVALIDATED,PASS,B_OK,False,median_ratio,b1-v0.3,b1-contract-0.6,SIH26170-MOCK-02
C0579,L011,CMOS_B,Output_Rise_Time_ns,ns,3.67791,3.76233,3.85449,,,NONE,,0.17658,4.801,3.71088,3.73134,0.30852,3.82274,8.0,UPPER,ASSUMED_MOCK,4.14551,0.9665,0.2,TEAM_PLACEHOLDER_v0_UNVALIDATED,PASS,B_OK,False,median_ratio,b1-v0.3,b1-contract-0.6,SIH26170-MOCK-02
C0580,L011,CMOS_B,Output_Rise_Time_ns,ns,3.46896,3.47309,3.55817,,,NONE,,0.08921,2.572,3.71088,3.73134,0.30852,3.82274,8.0,UPPER,ASSUMED_MOCK,4.44183,1.0356,0.2,TEAM_PLACEHOLDER_v0_UNVALIDATED,PASS,B_OK,False,median_ratio,b1-v0.3,b1-contract-0.6,SIH26170-MOCK-02
C0581,L011,CMOS_B,Output_Rise_Time_ns,ns,4.37711,4.30416,4.4096,,,NONE,,0.03249,0.742,3.71088,3.73134,0.30852,3.82274,8.0,UPPER,ASSUMED_MOCK,3.5904,0.8371,0.2,TEAM_PLACEHOLDER_v0_UNVALIDATED,PASS,B_OK,False,median_ratio,b1-v0.3,b1-contract-0.6,SIH26170-MOCK-02
C0582,L011,CMOS_B,Output_Rise_Time_ns,ns,3.85226,3.90034,3.99588,,,NONE,,0.14362,3.728,3.71088,3.73134,0.30852,3.82274,8.0,UPPER,ASSUMED_MOCK,4.00412,0.9336,0.2,TEAM_PLACEHOLDER_v0_UNVALIDATED,PASS,B_OK,False,median_ratio,b1-v0.3,b1-contract-0.6,SIH26170-MOCK-02
C0583,L011,CMOS_B,Output_Rise_Time_ns,ns,3.3087,3.38537,3.4683,,,NONE,,0.1596,4.824,3.71088,3.73134,0.30852,3.82274,8.0,UPPER,ASSUMED_MOCK,4.5317,1.0566,0.2,TEAM_PLACEHOLDER_v0_UNVALIDATED,PASS,B_OK,False,median_ratio,b1-v0.3,b1-contract-0.6,SIH26170-MOCK-02
C0584,L012,CMOS_B,Output_Rise_Time_ns,ns,3.92867,3.92334,4.01945,,,NONE,,0.09078,2.311,3.80101,3.87452,0.2786,3.96943,8.0,UPPER,ASSUMED_MOCK,3.98055,0.948,0.2,TEAM_PLACEHOLDER_v0_UNVALIDATED,PASS,B_OK,False,median_ratio,b1-v0.3,b1-contract-0.6,SIH26170-MOCK-02
C0585,L012,CMOS_B,Output_Rise_Time_ns,ns,4.11957,4.15168,4.25338,,,NONE,,0.13381,3.248,3.80101,3.87452,0.2786,3.96943,8.0,UPPER,ASSUMED_MOCK,3.74662,0.8923,0.2,TEAM_PLACEHOLDER_v0_UNVALIDATED,PASS,B_OK,False,median_ratio,b1-v0.3,b1-contract-0.6,SIH26170-MOCK-02
C0586,L012,CMOS_B,Output_Rise_Time_ns,ns,3.97035,3.97136,4.06864,,,NONE,,0.09829,2.476,3.80101,3.87452,0.2786,3.96943,8.0,UPPER,ASSUMED_MOCK,3.93136,0.9363,0.2,TEAM_PLACEHOLDER_v0_UNVALIDATED,PASS,B_OK,False,median_ratio,b1-v0.3,b1-contract-0.6,SIH26170-MOCK-02
C0587,L012,CMOS_B,Output_Rise_Time_ns,ns,4.21343,4.21004,4.31317,,,NONE,,0.09974,2.367,3.80101,3.87452,0.2786,3.96943,8.0,UPPER,ASSUMED_MOCK,3.68683,0.878,0.2,TEAM_PLACEHOLDER_v0_UNVALIDATED,PASS,B_OK,False,median_ratio,b1-v0.3,b1-contract-0.6,SIH26170-MOCK-02
C0588,L012,CMOS_B,Output_Rise_Time_ns,ns,3.85589,4.0943,4.19459,,,NONE,,0.3387,8.784,3.80101,3.87452,0.2786,3.96943,8.0,UPPER,ASSUMED_MOCK,3.80541,0.9063,0.2,TEAM_PLACEHOLDER_v0_UNVALIDATED,PASS,B_OK,False,median_ratio,b1-v0.3,b1-contract-0.6,SIH26170-MOCK-02
C0589,L012,CMOS_B,Output_Rise_Time_ns,ns,4.38829,4.31339,4.41905,,,NONE,,0.03076,0.701,3.80101,3.87452,0.2786,3.96943,8.0,UPPER,ASSUMED_MOCK,3.58095,0.8528,0.2,TEAM_PLACEHOLDER_v0_UNVALIDATED,PASS,B_OK,False,median_ratio,b1-v0.3,b1-contract-0.6,SIH26170-MOCK-02
C0590,L012,CMOS_B,Output_Rise_Time_ns,ns,4.08072,4.14931,4.25095,,,NONE,,0.17023,4.172,3.80101,3.87452,0.2786,3.96943,8.0,UPPER,ASSUMED_MOCK,3.74905,0.8928,0.2,TEAM_PLACEHOLDER_v0_UNVALIDATED,PASS,B_OK,False,median_ratio,b1-v0.3,b1-contract-0.6,SIH26170-MOCK-02
C0591,L012,CMOS_B,Output_Rise_Time_ns,ns,3.97102,3.90965,4.00542,,,NONE,,0.0344,0.866,3.80101,3.87452,0.2786,3.96943,8.0,UPPER,ASSUMED_MOCK,3.99458,0.9513,0.2,TEAM_PLACEHOLDER_v0_UNVALIDATED,PASS,B_OK,False,median_ratio,b1-v0.3,b1-contract-0.6,SIH26170-MOCK-02
C0592,L012,CMOS_B,Output_Rise_Time_ns,ns,3.59126,3.77247,3.86488,,,NONE,,0.27362,7.619,3.80101,3.87452,0.2786,3.96943,8.0,UPPER,ASSUMED_MOCK,4.13512,0.9848,0.2,TEAM_PLACEHOLDER_v0_UNVALIDATED,PASS,B_OK,False,median_ratio,b1-v0.3,b1-contract-0.6,SIH26170-MOCK-02
C0593,L012,CMOS_B,Output_Rise_Time_ns,ns,4.19132,4.12332,4.22433,,,NONE,,0.03301,0.787,3.80101,3.87452,0.2786,3.96943,8.0,UPPER,ASSUMED_MOCK,3.77567,0.8992,0.2,TEAM_PLACEHOLDER_v0_UNVALIDATED,PASS,B_OK,False,median_ratio,b1-v0.3,b1-contract-0.6,SIH26170-MOCK-02
C0594,L012,CMOS_B,Output_Rise_Time_ns,ns,4.27357,4.38287,4.49023,,,NONE,,0.21666,5.07,3.80101,3.87452,0.2786,3.96943,8.0,UPPER,ASSUMED_MOCK,3.50977,0.8359,0.2,TEAM_PLACEHOLDER_v0_UNVALIDATED,PASS,B_OK,False,median_ratio,b1-v0.3,b1-contract-0.6,SIH26170-MOCK-02
C0595,L012,CMOS_B,Output_Rise_Time_ns,ns,3.57098,3.60158,3.68981,,,NONE,,0.11883,3.328,3.80101,3.87452,0.2786,3.96943,8.0,UPPER,ASSUMED_MOCK,4.31019,1.0265,0.2,TEAM_PLACEHOLDER_v0_UNVALIDATED,PASS,B_OK,False,median_ratio,b1-v0.3,b1-contract-0.6,SIH26170-MOCK-02
C0596,L012,CMOS_B,Output_Rise_Time_ns,ns,3.72518,3.63035,3.71928,,,NONE,,-0.0059,-0.158,3.80101,3.87452,0.2786,3.96943,8.0,UPPER,ASSUMED_MOCK,4.28072,1.0195,0.2,TEAM_PLACEHOLDER_v0_UNVALIDATED,PASS,B_OK,False,median_ratio,b1-v0.3,b1-contract-0.6,SIH26170-MOCK-02
C0597,L012,CMOS_B,Output_Rise_Time_ns,ns,3.53553,3.6426,3.73183,,,NONE,,0.1963,5.552,3.80101,3.87452,0.2786,3.96943,8.0,UPPER,ASSUMED_MOCK,4.26817,1.0165,0.2,TEAM_PLACEHOLDER_v0_UNVALIDATED,PASS,B_OK,False,median_ratio,b1-v0.3,b1-contract-0.6,SIH26170-MOCK-02
C0598,L012,CMOS_B,Output_Rise_Time_ns,ns,3.71589,4.06079,4.16026,,,NONE,,0.44437,11.959,3.80101,3.87452,0.2786,3.96943,8.0,UPPER,ASSUMED_MOCK,3.83974,0.9144,0.2,TEAM_PLACEHOLDER_v0_UNVALIDATED,PASS,B_OK,False,median_ratio,b1-v0.3,b1-contract-0.6,SIH26170-MOCK-02
C0599,L012,CMOS_B,Output_Rise_Time_ns,ns,3.53193,3.47732,3.5625,,,NONE,,0.03057,0.866,3.80101,3.87452,0.2786,3.96943,8.0,UPPER,ASSUMED_MOCK,4.4375,1.0568,0.2,TEAM_PLACEHOLDER_v0_UNVALIDATED,PASS,B_OK,False,median_ratio,b1-v0.3,b1-contract-0.6,SIH26170-MOCK-02
C0600,L012,CMOS_B,Output_Rise_Time_ns,ns,3.81435,3.85253,3.9469,,,NONE,,0.13255,3.475,3.80101,3.87452,0.2786,3.96943,8.0,UPPER,ASSUMED_MOCK,4.0531,0.9653,0.2,TEAM_PLACEHOLDER_v0_UNVALIDATED,PASS,B_OK,False,median_ratio,b1-v0.3,b1-contract-0.6,SIH26170-MOCK-02
C0601,L012,CMOS_B,Output_Rise_Time_ns,ns,3.78767,3.79227,3.88517,,,NONE,,0.0975,2.574,3.80101,3.87452,0.2786,3.96943,8.0,UPPER,ASSUMED_MOCK,4.11483,0.98,0.2,TEAM_PLACEHOLDER_v0_UNVALIDATED,PASS,B_OK,False,median_ratio,b1-v0.3,b1-contract-0.6,SIH26170-MOCK-02
C0602,L012,CMOS_B,Output_Rise_Time_ns,ns,3.777,3.72486,3.81611,,,NONE,,0.03911,1.035,3.80101,3.87452,0.2786,3.96943,8.0,UPPER,ASSUMED_MOCK,4.18389,0.9964,0.2,TEAM_PLACEHOLDER_v0_UNVALIDATED,PASS,B_OK,False,median_ratio,b1-v0.3,b1-contract-0.6,SIH26170-MOCK-02
C0603,L012,CMOS_B,Output_Rise_Time_ns,ns,3.89267,3.89651,3.99196,,,NONE,,0.09929,2.551,3.80101,3.87452,0.2786,3.96943,8.0,UPPER,ASSUMED_MOCK,4.00804,0.9545,0.2,TEAM_PLACEHOLDER_v0_UNVALIDATED,PASS,B_OK,False,median_ratio,b1-v0.3,b1-contract-0.6,SIH26170-MOCK-02
C0604,L012,CMOS_B,Output_Rise_Time_ns,ns,3.78334,3.80341,3.89658,,,NONE,,0.11324,2.993,3.80101,3.87452,0.2786,3.96943,8.0,UPPER,ASSUMED_MOCK,4.10342,0.9772,0.2,TEAM_PLACEHOLDER_v0_UNVALIDATED,PASS,B_OK,False,median_ratio,b1-v0.3,b1-contract-0.6,SIH26170-MOCK-02
C0605,L012,CMOS_B,Output_Rise_Time_ns,ns,3.33042,3.39063,3.47369,,,NONE,,0.14327,4.302,3.80101,3.87452,0.2786,3.96943,8.0,UPPER,ASSUMED_MOCK,4.52631,1.078,0.2,TEAM_PLACEHOLDER_v0_UNVALIDATED,PASS,B_OK,False,median_ratio,b1-v0.3,b1-contract-0.6,SIH26170-MOCK-02
C0606,L012,CMOS_B,Output_Rise_Time_ns,ns,3.96296,3.97399,4.07134,,,NONE,,0.10838,2.735,3.80101,3.87452,0.2786,3.96943,8.0,UPPER,ASSUMED_MOCK,3.92866,0.9356,0.2,TEAM_PLACEHOLDER_v0_UNVALIDATED,PASS,B_OK,False,median_ratio,b1-v0.3,b1-contract-0.6,SIH26170-MOCK-02
C0607,L012,CMOS_B,Output_Rise_Time_ns,ns,3.68301,3.61558,3.70415,,,NONE,,0.02114,0.574,3.80101,3.87452,0.2786,3.96943,8.0,UPPER,ASSUMED_MOCK,4.29585,1.0231,0.2,TEAM_PLACEHOLDER_v0_UNVALIDATED,PASS,B_OK,False,median_ratio,b1-v0.3,b1-contract-0.6,SIH26170-MOCK-02
C0608,L012,CMOS_B,Output_Rise_Time_ns,ns,3.67481,3.67881,3.76893,,,NONE,,0.09412,2.561,3.80101,3.87452,0.2786,3.96943,8.0,UPPER,ASSUMED_MOCK,4.23107,1.0076,0.2,TEAM_PLACEHOLDER_v0_UNVALIDATED,PASS,B_OK,False,median_ratio,b1-v0.3,b1-contract-0.6,SIH26170-MOCK-02
C0609,L012,CMOS_B,Output_Rise_Time_ns,ns,3.9453,4.03812,4.13704,,,NONE,,0.19174,4.86,3.80101,3.87452,0.2786,3.96943,8.0,UPPER,ASSUMED_MOCK,3.86296,0.92,0.2,TEAM_PLACEHOLDER_v0_UNVALIDATED,PASS,B_OK,False,median_ratio,b1-v0.3,b1-contract-0.6,SIH26170-MOCK-02
C0610,L012,CMOS_B,Output_Rise_Time_ns,ns,4.09102,4.02395,4.12252,,,NONE,,0.0315,0.77,3.80101,3.87452,0.2786,3.96943,8.0,UPPER,ASSUMED_MOCK,3.87748,0.9234,0.2,TEAM_PLACEHOLDER_v0_UNVALIDATED,PASS,B_OK,False,median_ratio,b1-v0.3,b1-contract-0.6,SIH26170-MOCK-02
C0611,L012,CMOS_B,Output_Rise_Time_ns,ns,3.47169,3.52231,3.60859,,,NONE,,0.1369,3.943,3.80101,3.87452,0.2786,3.96943,8.0,UPPER,ASSUMED_MOCK,4.39141,1.0458,0.2,TEAM_PLACEHOLDER_v0_UNVALIDATED,PASS,B_OK,False,median_ratio,b1-v0.3,b1-contract-0.6,SIH26170-MOCK-02
C0612,L012,CMOS_B,Output_Rise_Time_ns,ns,3.85702,3.93077,4.02706,,,NONE,,0.17004,4.409,3.80101,3.87452,0.2786,3.96943,8.0,UPPER,ASSUMED_MOCK,3.97294,0.9462,0.2,TEAM_PLACEHOLDER_v0_UNVALIDATED,PASS,B_OK,False,median_ratio,b1-v0.3,b1-contract-0.6,SIH26170-MOCK-02
C0613,L012,CMOS_B,Output_Rise_Time_ns,ns,3.92019,3.91254,4.00838,,,NONE,,0.08819,2.25,3.80101,3.87452,0.2786,3.96943,8.0,UPPER,ASSUMED_MOCK,3.99162,0.9506,0.2,TEAM_PLACEHOLDER_v0_UNVALIDATED,PASS,B_OK,False,median_ratio,b1-v0.3,b1-contract-0.6,SIH26170-MOCK-02
C0614,L012,CMOS_B,Output_Rise_Time_ns,ns,3.78263,3.77473,3.8672,,,NONE,,0.08457,2.236,3.80101,3.87452,0.2786,3.96943,8.0,UPPER,ASSUMED_MOCK,4.1328,0.9842,0.2,TEAM_PLACEHOLDER_v0_UNVALIDATED,PASS,B_OK,False,median_ratio,b1-v0.3,b1-contract-0.6,SIH26170-MOCK-02
C0615,L012,CMOS_B,Output_Rise_Time_ns,ns,3.73365,3.63178,3.72074,,,NONE,,-0.01291,-0.346,3.80101,3.87452,0.2786,3.96943,8.0,UPPER,ASSUMED_MOCK,4.27926,1.0191,0.2,TEAM_PLACEHOLDER_v0_UNVALIDATED,PASS,B_OK,False,median_ratio,b1-v0.3,b1-contract-0.6,SIH26170-MOCK-02
C0616,L012,CMOS_B,Output_Rise_Time_ns,ns,3.73183,3.63995,3.72912,,,NONE,,-0.00271,-0.073,3.80101,3.87452,0.2786,3.96943,8.0,UPPER,ASSUMED_MOCK,4.27088,1.0171,0.2,TEAM_PLACEHOLDER_v0_UNVALIDATED,PASS,B_OK,False,median_ratio,b1-v0.3,b1-contract-0.6,SIH26170-MOCK-02
C0617,L012,CMOS_B,Output_Rise_Time_ns,ns,3.56221,3.60133,3.68955,,,NONE,,0.12734,3.575,3.80101,3.87452,0.2786,3.96943,8.0,UPPER,ASSUMED_MOCK,4.31045,1.0265,0.2,TEAM_PLACEHOLDER_v0_UNVALIDATED,PASS,B_OK,False,median_ratio,b1-v0.3,b1-contract-0.6,SIH26170-MOCK-02
C0618,L012,CMOS_B,Output_Rise_Time_ns,ns,3.70586,3.76753,3.85982,,,NONE,,0.15396,4.155,3.80101,3.87452,0.2786,3.96943,8.0,UPPER,ASSUMED_MOCK,4.14018,0.986,0.2,TEAM_PLACEHOLDER_v0_UNVALIDATED,PASS,B_OK,False,median_ratio,b1-v0.3,b1-contract-0.6,SIH26170-MOCK-02
C0619,L012,CMOS_B,Output_Rise_Time_ns,ns,3.75859,3.82936,3.92316,,,NONE,,0.16457,4.379,3.80101,3.87452,0.2786,3.96943,8.0,UPPER,ASSUMED_MOCK,4.07684,0.9709,0.2,TEAM_PLACEHOLDER_v0_UNVALIDATED,PASS,B_OK,False,median_ratio,b1-v0.3,b1-contract-0.6,SIH26170-MOCK-02
C0620,L012,CMOS_B,Output_Rise_Time_ns,ns,4.20221,4.26914,4.37372,,,NONE,,0.17151,4.081,3.80101,3.87452,0.2786,3.96943,8.0,UPPER,ASSUMED_MOCK,3.62628,0.8636,0.2,TEAM_PLACEHOLDER_v0_UNVALIDATED,PASS,B_OK,False,median_ratio,b1-v0.3,b1-contract-0.6,SIH26170-MOCK-02
C0621,L012,CMOS_B,Output_Rise_Time_ns,ns,3.49219,3.50262,3.58842,,,NONE,,0.09623,2.756,3.80101,3.87452,0.2786,3.96943,8.0,UPPER,ASSUMED_MOCK,4.41158,1.0506,0.2,TEAM_PLACEHOLDER_v0_UNVALIDATED,PASS,B_OK,False,median_ratio,b1-v0.3,b1-contract-0.6,SIH26170-MOCK-02
C0622,L012,CMOS_B,Output_Rise_Time_ns,ns,3.84876,3.94242,4.03899,,,NONE,,0.19023,4.943,3.80101,3.87452,0.2786,3.96943,8.0,UPPER,ASSUMED_MOCK,3.96101,0.9433,0.2,TEAM_PLACEHOLDER_v0_UNVALIDATED,PASS,B_OK,False,median_ratio,b1-v0.3,b1-contract-0.6,SIH26170-MOCK-02
C0623,L012,CMOS_B,Output_Rise_Time_ns,ns,3.53279,3.41399,3.49762,,,NONE,,-0.03517,-0.996,3.80101,3.87452,0.2786,3.96943,8.0,UPPER,ASSUMED_MOCK,4.50238,1.0723,0.2,TEAM_PLACEHOLDER_v0_UNVALIDATED,PASS,B_OK,False,median_ratio,b1-v0.3,b1-contract-0.6,SIH26170-MOCK-02
C0624,L012,CMOS_B,Output_Rise_Time_ns,ns,3.68728,3.62163,3.71035,,,NONE,,0.02307,0.626,3.80101,3.87452,0.2786,3.96943,8.0,UPPER,ASSUMED_MOCK,4.28965,1.0216,0.2,TEAM_PLACEHOLDER_v0_UNVALIDATED,PASS,B_OK,False,median_ratio,b1-v0.3,b1-contract-0.6,SIH26170-MOCK-02
C0625,L012,CMOS_B,Output_Rise_Time_ns,ns,4.06563,4.0366,4.13548,,,NONE,,0.06985,1.718,3.80101,3.87452,0.2786,3.96943,8.0,UPPER,ASSUMED_MOCK,3.86452,0.9203,0.2,TEAM_PLACEHOLDER_v0_UNVALIDATED,PASS,B_OK,False,median_ratio,b1-v0.3,b1-contract-0.6,SIH26170-MOCK-02
C0626,L012,CMOS_B,Output_Rise_Time_ns,ns,3.90366,4.0226,4.12114,,,NONE,,0.21748,5.571,3.80101,3.87452,0.2786,3.96943,8.0,UPPER,ASSUMED_MOCK,3.87886,0.9238,0.2,TEAM_PLACEHOLDER_v0_UNVALIDATED,PASS,B_OK,False,median_ratio,b1-v0.3,b1-contract-0.6,SIH26170-MOCK-02
C0627,L012,CMOS_B,Output_Rise_Time_ns,ns,3.90186,4.0483,4.14747,,,NONE,,0.24561,6.295,3.80101,3.87452,0.2786,3.96943,8.0,UPPER,ASSUMED_MOCK,3.85253,0.9175,0.2,TEAM_PLACEHOLDER_v0_UNVALIDATED,PASS,B_OK,False,median_ratio,b1-v0.3,b1-contract-0.6,SIH26170-MOCK-02
C0843,L017,CMOS_C,Output_Rise_Time_ns,ns,1.84708,1.86915,1.91496,,,NONE,,0.06788,3.675,1.7017,1.74232,0.12942,1.78503,4.5,UPPER,ASSUMED_MOCK,2.58504,0.9238,0.2,TEAM_PLACEHOLDER_v0_UNVALIDATED,PASS,B_OK,False,median_ratio,b1-v0.3,b1-contract-0.6,SIH26170-MOCK-02
C0844,L017,CMOS_C,Output_Rise_Time_ns,ns,1.73788,1.75648,1.79953,,,NONE,,0.06165,3.548,1.7017,1.74232,0.12942,1.78503,4.5,UPPER,ASSUMED_MOCK,2.70047,0.965,0.2,TEAM_PLACEHOLDER_v0_UNVALIDATED,PASS,B_OK,False,median_ratio,b1-v0.3,b1-contract-0.6,SIH26170-MOCK-02
C0845,L017,CMOS_C,Output_Rise_Time_ns,ns,1.56986,1.5687,1.60715,,,NONE,,0.03729,2.375,1.7017,1.74232,0.12942,1.78503,4.5,UPPER,ASSUMED_MOCK,2.89285,1.0338,0.2,TEAM_PLACEHOLDER_v0_UNVALIDATED,PASS,B_OK,False,median_ratio,b1-v0.3,b1-contract-0.6,SIH26170-MOCK-02
C0846,L017,CMOS_C,Output_Rise_Time_ns,ns,1.82391,1.85105,1.89642,,,NONE,,0.07251,3.976,1.7017,1.74232,0.12942,1.78503,4.5,UPPER,ASSUMED_MOCK,2.60358,0.9304,0.2,TEAM_PLACEHOLDER_v0_UNVALIDATED,PASS,B_OK,False,median_ratio,b1-v0.3,b1-contract-0.6,SIH26170-MOCK-02
C0847,L017,CMOS_C,Output_Rise_Time_ns,ns,1.73132,1.72337,1.76561,,,NONE,,0.03429,1.981,1.7017,1.74232,0.12942,1.78503,4.5,UPPER,ASSUMED_MOCK,2.73439,0.9772,0.2,TEAM_PLACEHOLDER_v0_UNVALIDATED,PASS,B_OK,False,median_ratio,b1-v0.3,b1-contract-0.6,SIH26170-MOCK-02
C0848,L017,CMOS_C,Output_Rise_Time_ns,ns,1.6947,1.69763,1.73924,,,NONE,,0.04454,2.628,1.7017,1.74232,0.12942,1.78503,4.5,UPPER,ASSUMED_MOCK,2.76076,0.9866,0.2,TEAM_PLACEHOLDER_v0_UNVALIDATED,PASS,B_OK,False,median_ratio,b1-v0.3,b1-contract-0.6,SIH26170-MOCK-02
C0849,L017,CMOS_C,Output_Rise_Time_ns,ns,1.84791,1.90052,1.9471,,,NONE,,0.09919,5.368,1.7017,1.74232,0.12942,1.78503,4.5,UPPER,ASSUMED_MOCK,2.5529,0.9123,0.2,TEAM_PLACEHOLDER_v0_UNVALIDATED,PASS,B_OK,False,median_ratio,b1-v0.3,b1-contract-0.6,SIH26170-MOCK-02
C0850,L017,CMOS_C,Output_Rise_Time_ns,ns,1.77587,1.79317,1.83712,,,NONE,,0.06125,3.449,1.7017,1.74232,0.12942,1.78503,4.5,UPPER,ASSUMED_MOCK,2.66288,0.9516,0.2,TEAM_PLACEHOLDER_v0_UNVALIDATED,PASS,B_OK,False,median_ratio,b1-v0.3,b1-contract-0.6,SIH26170-MOCK-02
C0851,L017,CMOS_C,Output_Rise_Time_ns,ns,1.81453,1.79691,1.84095,,,NONE,,0.02642,1.456,1.7017,1.74232,0.12942,1.78503,4.5,UPPER,ASSUMED_MOCK,2.65905,0.9502,0.2,TEAM_PLACEHOLDER_v0_UNVALIDATED,PASS,B_OK,False,median_ratio,b1-v0.3,b1-contract-0.6,SIH26170-MOCK-02
C0852,L017,CMOS_C,Output_Rise_Time_ns,ns,1.92732,1.97101,2.01932,,,NONE,,0.092,4.774,1.7017,1.74232,0.12942,1.78503,4.5,UPPER,ASSUMED_MOCK,2.48068,0.8865,0.2,TEAM_PLACEHOLDER_v0_UNVALIDATED,PASS,B_OK,False,median_ratio,b1-v0.3,b1-contract-0.6,SIH26170-MOCK-02
C0853,L017,CMOS_C,Output_Rise_Time_ns,ns,1.67791,1.72938,1.77177,,,NONE,,0.09386,5.594,1.7017,1.74232,0.12942,1.78503,4.5,UPPER,ASSUMED_MOCK,2.72823,0.975,0.2,TEAM_PLACEHOLDER_v0_UNVALIDATED,PASS,B_OK,False,median_ratio,b1-v0.3,b1-contract-0.6,SIH26170-MOCK-02
C0854,L017,CMOS_C,Output_Rise_Time_ns,ns,1.89308,1.94806,1.99581,,,NONE,,0.10273,5.427,1.7017,1.74232,0.12942,1.78503,4.5,UPPER,ASSUMED_MOCK,2.50419,0.8949,0.2,TEAM_PLACEHOLDER_v0_UNVALIDATED,PASS,B_OK,False,median_ratio,b1-v0.3,b1-contract-0.6,SIH26170-MOCK-02
C0855,L017,CMOS_C,Output_Rise_Time_ns,ns,1.73897,1.75747,1.80055,,,NONE,,0.06158,3.541,1.7017,1.74232,0.12942,1.78503,4.5,UPPER,ASSUMED_MOCK,2.69945,0.9647,0.2,TEAM_PLACEHOLDER_v0_UNVALIDATED,PASS,B_OK,False,median_ratio,b1-v0.3,b1-contract-0.6,SIH26170-MOCK-02
C0856,L017,CMOS_C,Output_Rise_Time_ns,ns,1.71271,1.75175,1.79469,,,NONE,,0.08198,4.786,1.7017,1.74232,0.12942,1.78503,4.5,UPPER,ASSUMED_MOCK,2.70531,0.9668,0.2,TEAM_PLACEHOLDER_v0_UNVALIDATED,PASS,B_OK,False,median_ratio,b1-v0.3,b1-contract-0.6,SIH26170-MOCK-02
C0857,L017,CMOS_C,Output_Rise_Time_ns,ns,1.57299,1.55849,1.59669,,,NONE,,0.0237,1.507,1.7017,1.74232,0.12942,1.78503,4.5,UPPER,ASSUMED_MOCK,2.90331,1.0375,0.2,TEAM_PLACEHOLDER_v0_UNVALIDATED,PASS,B_OK,False,median_ratio,b1-v0.3,b1-contract-0.6,SIH26170-MOCK-02
C0858,L017,CMOS_C,Output_Rise_Time_ns,ns,1.59018,1.66741,1.70828,,,NONE,,0.1181,7.427,1.7017,1.74232,0.12942,1.78503,4.5,UPPER,ASSUMED_MOCK,2.79172,0.9976,0.2,TEAM_PLACEHOLDER_v0_UNVALIDATED,PASS,B_OK,False,median_ratio,b1-v0.3,b1-contract-0.6,SIH26170-MOCK-02
C0859,L017,CMOS_C,Output_Rise_Time_ns,ns,1.86114,1.84893,1.89425,,,NONE,,0.03311,1.779,1.7017,1.74232,0.12942,1.78503,4.5,UPPER,ASSUMED_MOCK,2.60575,0.9312,0.2,TEAM_PLACEHOLDER_v0_UNVALIDATED,PASS,B_OK,False,median_ratio,b1-v0.3,b1-contract-0.6,SIH26170-MOCK-02
C0860,L017,CMOS_C,Output_Rise_Time_ns,ns,1.79993,1.76173,1.80491,,,NONE,,0.00498,0.277,1.7017,1.74232,0.12942,1.78503,4.5,UPPER,ASSUMED_MOCK,2.69509,0.9631,0.2,TEAM_PLACEHOLDER_v0_UNVALIDATED,PASS,B_OK,False,median_ratio,b1-v0.3,b1-contract-0.6,SIH26170-MOCK-02
C0861,L017,CMOS_C,Output_Rise_Time_ns,ns,1.74243,1.77369,1.81717,,,NONE,,0.07474,4.289,1.7017,1.74232,0.12942,1.78503,4.5,UPPER,ASSUMED_MOCK,2.68283,0.9587,0.2,TEAM_PLACEHOLDER_v0_UNVALIDATED,PASS,B_OK,False,median_ratio,b1-v0.3,b1-contract-0.6,SIH26170-MOCK-02
C0862,L017,CMOS_C,Output_Rise_Time_ns,ns,1.65465,1.6365,1.67661,,,NONE,,0.02196,1.327,1.7017,1.74232,0.12942,1.78503,4.5,UPPER,ASSUMED_MOCK,2.82339,1.009,0.2,TEAM_PLACEHOLDER_v0_UNVALIDATED,PASS,B_OK,False,median_ratio,b1-v0.3,b1-contract-0.6,SIH26170-MOCK-02
C0863,L017,CMOS_C,Output_Rise_Time_ns,ns,1.91062,1.96443,2.01258,,,NONE,,0.10196,5.337,1.7017,1.74232,0.12942,1.78503,4.5,UPPER,ASSUMED_MOCK,2.48742,0.8889,0.2,TEAM_PLACEHOLDER_v0_UNVALIDATED,PASS,B_OK,False,median_ratio,b1-v0.3,b1-contract-0.6,SIH26170-MOCK-02
C0864,L017,CMOS_C,Output_Rise_Time_ns,ns,1.70029,1.71204,1.754,,,NONE,,0.05371,3.159,1.7017,1.74232,0.12942,1.78503,4.5,UPPER,ASSUMED_MOCK,2.746,0.9813,0.2,TEAM_PLACEHOLDER_v0_UNVALIDATED,PASS,B_OK,False,median_ratio,b1-v0.3,b1-contract-0.6,SIH26170-MOCK-02
C0865,L017,CMOS_C,Output_Rise_Time_ns,ns,1.69905,1.70289,1.74463,,,NONE,,0.04558,2.683,1.7017,1.74232,0.12942,1.78503,4.5,UPPER,ASSUMED_MOCK,2.75537,0.9847,0.2,TEAM_PLACEHOLDER_v0_UNVALIDATED,PASS,B_OK,False,median_ratio,b1-v0.3,b1-contract-0.6,SIH26170-MOCK-02
C0866,L017,CMOS_C,Output_Rise_Time_ns,ns,1.68932,1.74157,1.78426,,,NONE,,0.09494,5.62,1.7017,1.74232,0.12942,1.78503,4.5,UPPER,ASSUMED_MOCK,2.71574,0.9705,0.2,TEAM_PLACEHOLDER_v0_UNVALIDATED,PASS,B_OK,False,median_ratio,b1-v0.3,b1-contract-0.6,SIH26170-MOCK-02
C0867,L017,CMOS_C,Output_Rise_Time_ns,ns,2.04805,2.008,2.05722,,,NONE,,0.00917,0.448,1.7017,1.74232,0.12942,1.78503,4.5,UPPER,ASSUMED_MOCK,2.44278,0.873,0.2,TEAM_PLACEHOLDER_v0_UNVALIDATED,PASS,B_OK,False,median_ratio,b1-v0.3,b1-contract-0.6,SIH26170-MOCK-02
C0868,L017,CMOS_C,Output_Rise_Time_ns,ns,1.79599,1.80112,1.84527,,,NONE,,0.04928,2.744,1.7017,1.74232,0.12942,1.78503,4.5,UPPER,ASSUMED_MOCK,2.65473,0.9487,0.2,TEAM_PLACEHOLDER_v0_UNVALIDATED,PASS,B_OK,False,median_ratio,b1-v0.3,b1-contract-0.6,SIH26170-MOCK-02
C0869,L017,CMOS_C,Output_Rise_Time_ns,ns,1.66272,1.6624,1.70315,,,NONE,,0.04043,2.431,1.7017,1.74232,0.12942,1.78503,4.5,UPPER,ASSUMED_MOCK,2.79685,0.9995,0.2,TEAM_PLACEHOLDER_v0_UNVALIDATED,PASS,B_OK,False,median_ratio,b1-v0.3,b1-contract-0.6,SIH26170-MOCK-02
C0870,L017,CMOS_C,Output_Rise_Time_ns,ns,1.83832,1.84125,1.88638,,,NONE,,0.04806,2.614,1.7017,1.74232,0.12942,1.78503,4.5,UPPER,ASSUMED_MOCK,2.61362,0.934,0.2,TEAM_PLACEHOLDER_v0_UNVALIDATED,PASS,B_OK,False,median_ratio,b1-v0.3,b1-contract-0.6,SIH26170-MOCK-02
C0871,L017,CMOS_C,Output_Rise_Time_ns,ns,1.67382,1.6832,1.72446,,,NONE,,0.05064,3.025,1.7017,1.74232,0.12942,1.78503,4.5,UPPER,ASSUMED_MOCK,2.77554,0.9919,0.2,TEAM_PLACEHOLDER_v0_UNVALIDATED,PASS,B_OK,False,median_ratio,b1-v0.3,b1-contract-0.6,SIH26170-MOCK-02
C0872,L017,CMOS_C,Output_Rise_Time_ns,ns,1.69462,1.7236,1.76585,,,NONE,,0.07123,4.203,1.7017,1.74232,0.12942,1.78503,4.5,UPPER,ASSUMED_MOCK,2.73415,0.9771,0.2,TEAM_PLACEHOLDER_v0_UNVALIDATED,PASS,B_OK,False,median_ratio,b1-v0.3,b1-contract-0.6,SIH26170-MOCK-02
C0873,L017,CMOS_C,Output_Rise_Time_ns,ns,1.69712,1.6987,1.74034,,,NONE,,0.04322,2.546,1.7017,1.74232,0.12942,1.78503,4.5,UPPER,ASSUMED_MOCK,2.75966,0.9862,0.2,TEAM_PLACEHOLDER_v0_UNVALIDATED,PASS,B_OK,False,median_ratio,b1-v0.3,b1-contract-0.6,SIH26170-MOCK-02
C0874,L017,CMOS_C,Output_Rise_Time_ns,ns,1.53722,1.59716,1.63631,,,NONE,,0.09909,6.446,1.7017,1.74232,0.12942,1.78503,4.5,UPPER,ASSUMED_MOCK,2.86369,1.0234,0.2,TEAM_PLACEHOLDER_v0_UNVALIDATED,PASS,B_OK,False,median_ratio,b1-v0.3,b1-contract-0.6,SIH26170-MOCK-02
C0875,L017,CMOS_C,Output_Rise_Time_ns,ns,1.71585,1.75433,1.79733,,,NONE,,0.08148,4.749,1.7017,1.74232,0.12942,1.78503,4.5,UPPER,ASSUMED_MOCK,2.70267,0.9658,0.2,TEAM_PLACEHOLDER_v0_UNVALIDATED,PASS,B_OK,False,median_ratio,b1-v0.3,b1-contract-0.6,SIH26170-MOCK-02
C0876,L017,CMOS_C,Output_Rise_Time_ns,ns,1.75608,1.75119,1.79411,,,NONE,,0.03803,2.166,1.7017,1.74232,0.12942,1.78503,4.5,UPPER,ASSUMED_MOCK,2.70589,0.967,0.2,TEAM_PLACEHOLDER_v0_UNVALIDATED,PASS,B_OK,False,median_ratio,b1-v0.3,b1-contract-0.6,SIH26170-MOCK-02
C0877,L017,CMOS_C,Output_Rise_Time_ns,ns,1.52018,1.529,1.56648,,,NONE,,0.0463,3.046,1.7017,1.74232,0.12942,1.78503,4.5,UPPER,ASSUMED_MOCK,2.93352,1.0483,0.2,TEAM_PLACEHOLDER_v0_UNVALIDATED,PASS,B_OK,False,median_ratio,b1-v0.3,b1-contract-0.6,SIH26170-MOCK-02
C0878,L017,CMOS_C,Output_Rise_Time_ns,ns,1.94036,1.93598,1.98343,,,NONE,,0.04307,2.22,1.7017,1.74232,0.12942,1.78503,4.5,UPPER,ASSUMED_MOCK,2.51657,0.8993,0.2,TEAM_PLACEHOLDER_v0_UNVALIDATED,PASS,B_OK,False,median_ratio,b1-v0.3,b1-contract-0.6,SIH26170-MOCK-02
C0879,L017,CMOS_C,Output_Rise_Time_ns,ns,1.54621,1.56615,1.60454,,,NONE,,0.05833,3.772,1.7017,1.74232,0.12942,1.78503,4.5,UPPER,ASSUMED_MOCK,2.89546,1.0347,0.2,TEAM_PLACEHOLDER_v0_UNVALIDATED,PASS,B_OK,False,median_ratio,b1-v0.3,b1-contract-0.6,SIH26170-MOCK-02
C0880,L017,CMOS_C,Output_Rise_Time_ns,ns,1.61703,1.7531,1.79607,,,NONE,,0.17904,11.072,1.7017,1.74232,0.12942,1.78503,4.5,UPPER,ASSUMED_MOCK,2.70393,0.9663,0.2,TEAM_PLACEHOLDER_v0_UNVALIDATED,PASS,B_OK,False,median_ratio,b1-v0.3,b1-contract-0.6,SIH26170-MOCK-02
C0881,L017,CMOS_C,Output_Rise_Time_ns,ns,1.69819,1.74308,1.7858,,,NONE,,0.08761,5.159,1.7017,1.74232,0.12942,1.78503,4.5,UPPER,ASSUMED_MOCK,2.7142,0.9699,0.2,TEAM_PLACEHOLDER_v0_UNVALIDATED,PASS,B_OK,False,median_ratio,b1-v0.3,b1-contract-0.6,SIH26170-MOCK-02
C0882,L017,CMOS_C,Output_Rise_Time_ns,ns,1.60317,1.65318,1.6937,,,NONE,,0.09053,5.647,1.7017,1.74232,0.12942,1.78503,4.5,UPPER,ASSUMED_MOCK,2.8063,1.0029,0.2,TEAM_PLACEHOLDER_v0_UNVALIDATED,PASS,B_OK,False,median_ratio,b1-v0.3,b1-contract-0.6,SIH26170-MOCK-02
C0883,L017,CMOS_C,Output_Rise_Time_ns,ns,1.67427,1.70468,1.74646,,,NONE,,0.07219,4.312,1.7017,1.74232,0.12942,1.78503,4.5,UPPER,ASSUMED_MOCK,2.75354,0.984,0.2,TEAM_PLACEHOLDER_v0_UNVALIDATED,PASS,B_OK,False,median_ratio,b1-v0.3,b1-contract-0.6,SIH26170-MOCK-02
C0884,L017,CMOS_C,Output_Rise_Time_ns,ns,1.68469,1.71903,1.76117,,,NONE,,0.07648,4.539,1.7017,1.74232,0.12942,1.78503,4.5,UPPER,ASSUMED_MOCK,2.73883,0.9787,0.2,TEAM_PLACEHOLDER_v0_UNVALIDATED,PASS,B_OK,False,median_ratio,b1-v0.3,b1-contract-0.6,SIH26170-MOCK-02
C0885,L017,CMOS_C,Output_Rise_Time_ns,ns,1.7031,1.69762,1.73923,,,NONE,,0.03613,2.121,1.7017,1.74232,0.12942,1.78503,4.5,UPPER,ASSUMED_MOCK,2.76077,0.9866,0.2,TEAM_PLACEHOLDER_v0_UNVALIDATED,PASS,B_OK,False,median_ratio,b1-v0.3,b1-contract-0.6,SIH26170-MOCK-02
C0886,L017,CMOS_C,Output_Rise_Time_ns,ns,1.68081,1.69519,1.73674,,,NONE,,0.05593,3.328,1.7017,1.74232,0.12942,1.78503,4.5,UPPER,ASSUMED_MOCK,2.76326,0.9875,0.2,TEAM_PLACEHOLDER_v0_UNVALIDATED,PASS,B_OK,False,median_ratio,b1-v0.3,b1-contract-0.6,SIH26170-MOCK-02
C0887,L018,CMOS_C,Output_Rise_Time_ns,ns,1.78541,1.76303,1.80624,,,NONE,,0.02083,1.167,1.70542,1.72173,0.1015,1.76393,4.5,UPPER,ASSUMED_MOCK,2.69376,0.9639,0.2,TEAM_PLACEHOLDER_v0_UNVALIDATED,PASS,B_OK,False,median_ratio,b1-v0.3,b1-contract-0.6,SIH26170-MOCK-02
C0888,L018,CMOS_C,Output_Rise_Time_ns,ns,1.69658,1.72917,1.77155,,,NONE,,0.07497,4.419,1.70542,1.72173,0.1015,1.76393,4.5,UPPER,ASSUMED_MOCK,2.72845,0.9763,0.2,TEAM_PLACEHOLDER_v0_UNVALIDATED,PASS,B_OK,False,median_ratio,b1-v0.3,b1-contract-0.6,SIH26170-MOCK-02
C0889,L018,CMOS_C,Output_Rise_Time_ns,ns,1.68026,1.72173,1.76393,,,NONE,,0.08367,4.98,1.70542,1.72173,0.1015,1.76393,4.5,UPPER,ASSUMED_MOCK,2.73607,0.9791,0.2,TEAM_PLACEHOLDER_v0_UNVALIDATED,PASS,B_OK,False,median_ratio,b1-v0.3,b1-contract-0.6,SIH26170-MOCK-02
C0890,L018,CMOS_C,Output_Rise_Time_ns,ns,1.77552,1.74767,1.79051,,,NONE,,0.01499,0.844,1.70542,1.72173,0.1015,1.76393,4.5,UPPER,ASSUMED_MOCK,2.70949,0.9696,0.2,TEAM_PLACEHOLDER_v0_UNVALIDATED,PASS,B_OK,False,median_ratio,b1-v0.3,b1-contract-0.6,SIH26170-MOCK-02
C0891,L018,CMOS_C,Output_Rise_Time_ns,ns,1.67307,1.63559,1.67568,,,NONE,,0.00261,0.156,1.70542,1.72173,0.1015,1.76393,4.5,UPPER,ASSUMED_MOCK,2.82432,1.0106,0.2,TEAM_PLACEHOLDER_v0_UNVALIDATED,PASS,B_OK,False,median_ratio,b1-v0.3,b1-contract-0.6,SIH26170-MOCK-02
C0892,L018,CMOS_C,Output_Rise_Time_ns,ns,1.58435,1.58478,1.62362,,,NONE,,0.03927,2.479,1.70542,1.72173,0.1015,1.76393,4.5,UPPER,ASSUMED_MOCK,2.87638,1.0293,0.2,TEAM_PLACEHOLDER_v0_UNVALIDATED,PASS,B_OK,False,median_ratio,b1-v0.3,b1-contract-0.6,SIH26170-MOCK-02
C0893,L018,CMOS_C,Output_Rise_Time_ns,ns,1.66217,1.64412,1.68442,,,NONE,,0.02225,1.339,1.70542,1.72173,0.1015,1.76393,4.5,UPPER,ASSUMED_MOCK,2.81558,1.0075,0.2,TEAM_PLACEHOLDER_v0_UNVALIDATED,PASS,B_OK,False,median_ratio,b1-v0.3,b1-contract-0.6,SIH26170-MOCK-02
C0894,L018,CMOS_C,Output_Rise_Time_ns,ns,1.62893,1.62535,1.66519,,,NONE,,0.03626,2.226,1.70542,1.72173,0.1015,1.76393,4.5,UPPER,ASSUMED_MOCK,2.83481,1.0144,0.2,TEAM_PLACEHOLDER_v0_UNVALIDATED,PASS,B_OK,False,median_ratio,b1-v0.3,b1-contract-0.6,SIH26170-MOCK-02
C0895,L018,CMOS_C,Output_Rise_Time_ns,ns,1.75377,1.80137,1.84552,,,NONE,,0.09175,5.232,1.70542,1.72173,0.1015,1.76393,4.5,UPPER,ASSUMED_MOCK,2.65448,0.9499,0.2,TEAM_PLACEHOLDER_v0_UNVALIDATED,PASS,B_OK,False,median_ratio,b1-v0.3,b1-contract-0.6,SIH26170-MOCK-02
C0896,L018,CMOS_C,Output_Rise_Time_ns,ns,1.77404,1.77437,1.81786,,,NONE,,0.04382,2.47,1.70542,1.72173,0.1015,1.76393,4.5,UPPER,ASSUMED_MOCK,2.68214,0.9598,0.2,TEAM_PLACEHOLDER_v0_UNVALIDATED,PASS,B_OK,False,median_ratio,b1-v0.3,b1-contract-0.6,SIH26170-MOCK-02
C0897,L018,CMOS_C,Output_Rise_Time_ns,ns,1.71493,1.75955,1.80268,,,NONE,,0.08775,5.117,1.70542,1.72173,0.1015,1.76393,4.5,UPPER,ASSUMED_MOCK,2.69732,0.9652,0.2,TEAM_PLACEHOLDER_v0_UNVALIDATED,PASS,B_OK,False,median_ratio,b1-v0.3,b1-contract-0.6,SIH26170-MOCK-02
C0898,L018,CMOS_C,Output_Rise_Time_ns,ns,1.71598,1.71378,1.75579,,,NONE,,0.03981,2.32,1.70542,1.72173,0.1015,1.76393,4.5,UPPER,ASSUMED_MOCK,2.74421,0.982,0.2,TEAM_PLACEHOLDER_v0_UNVALIDATED,PASS,B_OK,False,median_ratio,b1-v0.3,b1-contract-0.6,SIH26170-MOCK-02
C0899,L018,CMOS_C,Output_Rise_Time_ns,ns,1.70542,1.69165,1.73311,,,NONE,,0.02769,1.624,1.70542,1.72173,0.1015,1.76393,4.5,UPPER,ASSUMED_MOCK,2.76689,0.9901,0.2,TEAM_PLACEHOLDER_v0_UNVALIDATED,PASS,B_OK,False,median_ratio,b1-v0.3,b1-contract-0.6,SIH26170-MOCK-02
C0900,L018,CMOS_C,Output_Rise_Time_ns,ns,1.66523,1.64186,1.6821,,,NONE,,0.01687,1.013,1.70542,1.72173,0.1015,1.76393,4.5,UPPER,ASSUMED_MOCK,2.8179,1.0083,0.2,TEAM_PLACEHOLDER_v0_UNVALIDATED,PASS,B_OK,False,median_ratio,b1-v0.3,b1-contract-0.6,SIH26170-MOCK-02
C0901,L018,CMOS_C,Output_Rise_Time_ns,ns,1.74698,1.75482,1.79783,,,NONE,,0.05085,2.911,1.70542,1.72173,0.1015,1.76393,4.5,UPPER,ASSUMED_MOCK,2.70217,0.9669,0.2,TEAM_PLACEHOLDER_v0_UNVALIDATED,PASS,B_OK,False,median_ratio,b1-v0.3,b1-contract-0.6,SIH26170-MOCK-02
C0902,L018,CMOS_C,Output_Rise_Time_ns,ns,1.67775,1.71334,1.75534,,,NONE,,0.07759,4.624,1.70542,1.72173,0.1015,1.76393,4.5,UPPER,ASSUMED_MOCK,2.74466,0.9821,0.2,TEAM_PLACEHOLDER_v0_UNVALIDATED,PASS,B_OK,False,median_ratio,b1-v0.3,b1-contract-0.6,SIH26170-MOCK-02
C0903,L018,CMOS_C,Output_Rise_Time_ns,ns,1.75271,1.76833,1.81167,,,NONE,,0.05896,3.364,1.70542,1.72173,0.1015,1.76393,4.5,UPPER,ASSUMED_MOCK,2.68833,0.962,0.2,TEAM_PLACEHOLDER_v0_UNVALIDATED,PASS,B_OK,False,median_ratio,b1-v0.3,b1-contract-0.6,SIH26170-MOCK-02
C0904,L018,CMOS_C,Output_Rise_Time_ns,ns,1.75467,1.77771,1.82128,,,NONE,,0.06661,3.796,1.70542,1.72173,0.1015,1.76393,4.5,UPPER,ASSUMED_MOCK,2.67872,0.9585,0.2,TEAM_PLACEHOLDER_v0_UNVALIDATED,PASS,B_OK,False,median_ratio,b1-v0.3,b1-contract-0.6,SIH26170-MOCK-02
C0905,L018,CMOS_C,Output_Rise_Time_ns,ns,1.59153,1.6096,1.64905,,,NONE,,0.05752,3.614,1.70542,1.72173,0.1015,1.76393,4.5,UPPER,ASSUMED_MOCK,2.85095,1.0202,0.2,TEAM_PLACEHOLDER_v0_UNVALIDATED,PASS,B_OK,False,median_ratio,b1-v0.3,b1-contract-0.6,SIH26170-MOCK-02
C0906,L018,CMOS_C,Output_Rise_Time_ns,ns,1.87803,1.86222,1.90787,,,NONE,,0.02984,1.589,1.70542,1.72173,0.1015,1.76393,4.5,UPPER,ASSUMED_MOCK,2.59213,0.9276,0.2,TEAM_PLACEHOLDER_v0_UNVALIDATED,PASS,B_OK,False,median_ratio,b1-v0.3,b1-contract-0.6,SIH26170-MOCK-02
C0907,L018,CMOS_C,Output_Rise_Time_ns,ns,1.6641,1.72841,1.77078,,,NONE,,0.10668,6.41,1.70542,1.72173,0.1015,1.76393,4.5,UPPER,ASSUMED_MOCK,2.72922,0.9766,0.2,TEAM_PLACEHOLDER_v0_UNVALIDATED,PASS,B_OK,False,median_ratio,b1-v0.3,b1-contract-0.6,SIH26170-MOCK-02
C0908,L018,CMOS_C,Output_Rise_Time_ns,ns,1.72454,1.87515,1.92111,,,NONE,,0.19657,11.399,1.70542,1.72173,0.1015,1.76393,4.5,UPPER,ASSUMED_MOCK,2.57889,0.9228,0.2,TEAM_PLACEHOLDER_v0_UNVALIDATED,PASS,B_OK,False,median_ratio,b1-v0.3,b1-contract-0.6,SIH26170-MOCK-02
C0909,L018,CMOS_C,Output_Rise_Time_ns,ns,1.64518,1.65732,1.69794,,,NONE,,0.05276,3.207,1.70542,1.72173,0.1015,1.76393,4.5,UPPER,ASSUMED_MOCK,2.80206,1.0027,0.2,TEAM_PLACEHOLDER_v0_UNVALIDATED,PASS,B_OK,False,median_ratio,b1-v0.3,b1-contract-0.6,SIH26170-MOCK-02
C0910,L018,CMOS_C,Output_Rise_Time_ns,ns,1.62208,1.68852,1.72991,,,NONE,,0.10783,6.647,1.70542,1.72173,0.1015,1.76393,4.5,UPPER,ASSUMED_MOCK,2.77009,0.9912,0.2,TEAM_PLACEHOLDER_v0_UNVALIDATED,PASS,B_OK,False,median_ratio,b1-v0.3,b1-contract-0.6,SIH26170-MOCK-02
C0911,L018,CMOS_C,Output_Rise_Time_ns,ns,1.58416,1.57498,1.61358,,,NONE,,0.02942,1.857,1.70542,1.72173,0.1015,1.76393,4.5,UPPER,ASSUMED_MOCK,2.88642,1.0329,0.2,TEAM_PLACEHOLDER_v0_UNVALIDATED,PASS,B_OK,False,median_ratio,b1-v0.3,b1-contract-0.6,SIH26170-MOCK-02
C0912,L018,CMOS_C,Output_Rise_Time_ns,ns,1.76015,1.74713,1.78995,,,NONE,,0.0298,1.693,1.70542,1.72173,0.1015,1.76393,4.5,UPPER,ASSUMED_MOCK,2.71005,0.9698,0.2,TEAM_PLACEHOLDER_v0_UNVALIDATED,PASS,B_OK,False,median_ratio,b1-v0.3,b1-contract-0.6,SIH26170-MOCK-02
C0913,L018,CMOS_C,Output_Rise_Time_ns,ns,1.71353,1.70821,1.75008,,,NONE,,0.03655,2.133,1.70542,1.72173,0.1015,1.76393,4.5,UPPER,ASSUMED_MOCK,2.74992,0.984,0.2,TEAM_PLACEHOLDER_v0_UNVALIDATED,PASS,B_OK,False,median_ratio,b1-v0.3,b1-contract-0.6,SIH26170-MOCK-02
C0914,L018,CMOS_C,Output_Rise_Time_ns,ns,1.69843,1.70796,1.74982,,,NONE,,0.05139,3.026,1.70542,1.72173,0.1015,1.76393,4.5,UPPER,ASSUMED_MOCK,2.75018,0.9841,0.2,TEAM_PLACEHOLDER_v0_UNVALIDATED,PASS,B_OK,False,median_ratio,b1-v0.3,b1-contract-0.6,SIH26170-MOCK-02
C0915,L018,CMOS_C,Output_Rise_Time_ns,ns,1.78836,1.77148,1.8149,,,NONE,,0.02654,1.484,1.70542,1.72173,0.1015,1.76393,4.5,UPPER,ASSUMED_MOCK,2.6851,0.9608,0.2,TEAM_PLACEHOLDER_v0_UNVALIDATED,PASS,B_OK,False,median_ratio,b1-v0.3,b1-contract-0.6,SIH26170-MOCK-02
C0916,L018,CMOS_C,Output_Rise_Time_ns,ns,1.75777,1.75792,1.80101,,,NONE,,0.04324,2.46,1.70542,1.72173,0.1015,1.76393,4.5,UPPER,ASSUMED_MOCK,2.69899,0.9658,0.2,TEAM_PLACEHOLDER_v0_UNVALIDATED,PASS,B_OK,False,median_ratio,b1-v0.3,b1-contract-0.6,SIH26170-MOCK-02
C0917,L018,CMOS_C,Output_Rise_Time_ns,ns,1.73887,1.73766,1.78025,,,NONE,,0.04138,2.38,1.70542,1.72173,0.1015,1.76393,4.5,UPPER,ASSUMED_MOCK,2.71975,0.9732,0.2,TEAM_PLACEHOLDER_v0_UNVALIDATED,PASS,B_OK,False,median_ratio,b1-v0.3,b1-contract-0.6,SIH26170-MOCK-02
C0918,L018,CMOS_C,Output_Rise_Time_ns,ns,1.68799,1.68507,1.72637,,,NONE,,0.03838,2.274,1.70542,1.72173,0.1015,1.76393,4.5,UPPER,ASSUMED_MOCK,2.77363,0.9925,0.2,TEAM_PLACEHOLDER_v0_UNVALIDATED,PASS,B_OK,False,median_ratio,b1-v0.3,b1-contract-0.6,SIH26170-MOCK-02
C0919,L018,CMOS_C,Output_Rise_Time_ns,ns,1.61079,1.61605,1.65566,,,NONE,,0.04487,2.786,1.70542,1.72173,0.1015,1.76393,4.5,UPPER,ASSUMED_MOCK,2.84434,1.0178,0.2,TEAM_PLACEHOLDER_v0_UNVALIDATED,PASS,B_OK,False,median_ratio,b1-v0.3,b1-contract-0.6,SIH26170-MOCK-02
C0920,L018,CMOS_C,Output_Rise_Time_ns,ns,1.63949,1.65498,1.69555,,,NONE,,0.05606,3.419,1.70542,1.72173,0.1015,1.76393,4.5,UPPER,ASSUMED_MOCK,2.80445,1.0035,0.2,TEAM_PLACEHOLDER_v0_UNVALIDATED,PASS,B_OK,False,median_ratio,b1-v0.3,b1-contract-0.6,SIH26170-MOCK-02
C0921,L018,CMOS_C,Output_Rise_Time_ns,ns,1.59285,1.53817,1.57587,,,NONE,,-0.01698,-1.066,1.70542,1.72173,0.1015,1.76393,4.5,UPPER,ASSUMED_MOCK,2.92413,1.0464,0.2,TEAM_PLACEHOLDER_v0_UNVALIDATED,PASS,B_OK,False,median_ratio,b1-v0.3,b1-contract-0.6,SIH26170-MOCK-02
C0922,L018,CMOS_C,Output_Rise_Time_ns,ns,1.69696,1.73791,1.78051,,,NONE,,0.08355,4.923,1.70542,1.72173,0.1015,1.76393,4.5,UPPER,ASSUMED_MOCK,2.71949,0.9731,0.2,TEAM_PLACEHOLDER_v0_UNVALIDATED,PASS,B_OK,False,median_ratio,b1-v0.3,b1-contract-0.6,SIH26170-MOCK-02
C0923,L018,CMOS_C,Output_Rise_Time_ns,ns,1.69165,1.65643,1.69703,,,NONE,,0.00538,0.318,1.70542,1.72173,0.1015,1.76393,4.5,UPPER,ASSUMED_MOCK,2.80297,1.003,0.2,TEAM_PLACEHOLDER_v0_UNVALIDATED,PASS,B_OK,False,median_ratio,b1-v0.3,b1-contract-0.6,SIH26170-MOCK-02
C0924,L018,CMOS_C,Output_Rise_Time_ns,ns,1.7985,1.85027,1.89562,,,NONE,,0.09712,5.4,1.70542,1.72173,0.1015,1.76393,4.5,UPPER,ASSUMED_MOCK,2.60438,0.9319,0.2,TEAM_PLACEHOLDER_v0_UNVALIDATED,PASS,B_OK,False,median_ratio,b1-v0.3,b1-contract-0.6,SIH26170-MOCK-02
C0925,L018,CMOS_C,Output_Rise_Time_ns,ns,1.55724,1.53356,1.57115,,,NONE,,0.01391,0.893,1.70542,1.72173,0.1015,1.76393,4.5,UPPER,ASSUMED_MOCK,2.92885,1.048,0.2,TEAM_PLACEHOLDER_v0_UNVALIDATED,PASS,B_OK,False,median_ratio,b1-v0.3,b1-contract-0.6,SIH26170-MOCK-02
C0926,L018,CMOS_C,Output_Rise_Time_ns,ns,1.82286,1.79824,1.84232,,,NONE,,0.01946,1.067,1.70542,1.72173,0.1015,1.76393,4.5,UPPER,ASSUMED_MOCK,2.65768,0.951,0.2,TEAM_PLACEHOLDER_v0_UNVALIDATED,PASS,B_OK,False,median_ratio,b1-v0.3,b1-contract-0.6,SIH26170-MOCK-02
C0927,L018,CMOS_C,Output_Rise_Time_ns,ns,1.61512,1.6677,1.70858,,,NONE,,0.09346,5.786,1.70542,1.72173,0.1015,1.76393,4.5,UPPER,ASSUMED_MOCK,2.79142,0.9989,0.2,TEAM_PLACEHOLDER_v0_UNVALIDATED,PASS,B_OK,False,median_ratio,b1-v0.3,b1-contract-0.6,SIH26170-MOCK-02
C0928,L018,CMOS_C,Output_Rise_Time_ns,ns,1.75079,1.74656,1.78937,,,NONE,,0.03858,2.204,1.70542,1.72173,0.1015,1.76393,4.5,UPPER,ASSUMED_MOCK,2.71063,0.97,0.2,TEAM_PLACEHOLDER_v0_UNVALIDATED,PASS,B_OK,False,median_ratio,b1-v0.3,b1-contract-0.6,SIH26170-MOCK-02
C0929,L018,CMOS_C,Output_Rise_Time_ns,ns,1.88282,1.91781,1.96482,,,NONE,,0.082,4.355,1.70542,1.72173,0.1015,1.76393,4.5,UPPER,ASSUMED_MOCK,2.53518,0.9072,0.2,TEAM_PLACEHOLDER_v0_UNVALIDATED,PASS,B_OK,False,median_ratio,b1-v0.3,b1-contract-0.6,SIH26170-MOCK-02
C0930,L018,CMOS_C,Output_Rise_Time_ns,ns,1.64794,1.65552,1.6961,,,NONE,,0.04816,2.922,1.70542,1.72173,0.1015,1.76393,4.5,UPPER,ASSUMED_MOCK,2.8039,1.0033,0.2,TEAM_PLACEHOLDER_v0_UNVALIDATED,PASS,B_OK,False,median_ratio,b1-v0.3,b1-contract-0.6,SIH26170-MOCK-02
C0931,L018,CMOS_C,Output_Rise_Time_ns,ns,1.75533,1.70761,1.74947,,,NONE,,-0.00586,-0.334,1.70542,1.72173,0.1015,1.76393,4.5,UPPER,ASSUMED_MOCK,2.75053,0.9842,0.2,TEAM_PLACEHOLDER_v0_UNVALIDATED,PASS,B_OK,False,median_ratio,b1-v0.3,b1-contract-0.6,SIH26170-MOCK-02
C0932,L018,CMOS_C,Output_Rise_Time_ns,ns,1.89391,1.92189,1.969,,,NONE,,0.07509,3.965,1.70542,1.72173,0.1015,1.76393,4.5,UPPER,ASSUMED_MOCK,2.531,0.9057,0.2,TEAM_PLACEHOLDER_v0_UNVALIDATED,PASS,B_OK,False,median_ratio,b1-v0.3,b1-contract-0.6,SIH26170-MOCK-02
C0933,L018,CMOS_C,Output_Rise_Time_ns,ns,1.78289,1.79042,1.83431,,,NONE,,0.05142,2.884,1.70542,1.72173,0.1015,1.76393,4.5,UPPER,ASSUMED_MOCK,2.66569,0.9539,0.2,TEAM_PLACEHOLDER_v0_UNVALIDATED,PASS,B_OK,False,median_ratio,b1-v0.3,b1-contract-0.6,SIH26170-MOCK-02
C0218,L005,CMOS_A,Output_Fall_Time_ns,ns,7.69755,7.42461,7.72712,,,NONE,,0.02957,0.384,7.67122,7.67855,0.43584,7.88672,22.0,UPPER,DATASHEET_CALIBRATED,14.27288,0.9961,0.2,TEAM_PLACEHOLDER_v0_UNVALIDATED,PASS,B_OK,False,Huber,b1-v0.3,b1-contract-0.6,SIH26170-MOCK-02
C0219,L005,CMOS_A,Output_Fall_Time_ns,ns,7.45622,7.47411,7.67601,,,NONE,,0.21979,2.948,7.67122,7.67855,0.43584,7.88672,22.0,UPPER,DATASHEET_CALIBRATED,14.32399,0.9997,0.2,TEAM_PLACEHOLDER_v0_UNVALIDATED,PASS,B_OK,False,Huber,b1-v0.3,b1-contract-0.6,SIH26170-MOCK-02
C0220,L005,CMOS_A,Output_Fall_Time_ns,ns,7.38991,7.37352,7.58655,,,NONE,,0.19664,2.661,7.67122,7.67855,0.43584,7.88672,22.0,UPPER,DATASHEET_CALIBRATED,14.41345,1.0059,0.2,TEAM_PLACEHOLDER_v0_UNVALIDATED,PASS,B_OK,False,Huber,b1-v0.3,b1-contract-0.6,SIH26170-MOCK-02
C0221,L005,CMOS_A,Output_Fall_Time_ns,ns,7.63085,7.779,7.93798,,,NONE,,0.30713,4.025,7.67122,7.67855,0.43584,7.88672,22.0,UPPER,DATASHEET_CALIBRATED,14.06202,0.9814,0.2,TEAM_PLACEHOLDER_v0_UNVALIDATED,PASS,B_OK,False,Huber,b1-v0.3,b1-contract-0.6,SIH26170-MOCK-02
C0222,L005,CMOS_A,Output_Fall_Time_ns,ns,7.66819,7.70677,7.90324,,,NONE,,0.23505,3.065,7.67122,7.67855,0.43584,7.88672,22.0,UPPER,DATASHEET_CALIBRATED,14.09676,0.9838,0.2,TEAM_PLACEHOLDER_v0_UNVALIDATED,PASS,B_OK,False,Huber,b1-v0.3,b1-contract-0.6,SIH26170-MOCK-02
C0223,L005,CMOS_A,Output_Fall_Time_ns,ns,7.43909,7.67649,7.80375,,,NONE,,0.36466,4.902,7.67122,7.67855,0.43584,7.88672,22.0,UPPER,DATASHEET_CALIBRATED,14.19625,0.9908,0.2,TEAM_PLACEHOLDER_v0_UNVALIDATED,PASS,B_OK,False,Huber,b1-v0.3,b1-contract-0.6,SIH26170-MOCK-02
C0224,L005,CMOS_A,Output_Fall_Time_ns,ns,6.6736,6.83071,6.97956,,,NONE,,0.30596,4.585,7.67122,7.67855,0.43584,7.88672,22.0,UPPER,DATASHEET_CALIBRATED,15.02044,1.0483,0.2,TEAM_PLACEHOLDER_v0_UNVALIDATED,PASS,B_OK,False,Huber,b1-v0.3,b1-contract-0.6,SIH26170-MOCK-02
C0225,L005,CMOS_A,Output_Fall_Time_ns,ns,7.17502,7.12858,7.35016,,,NONE,,0.17514,2.441,7.67122,7.67855,0.43584,7.88672,22.0,UPPER,DATASHEET_CALIBRATED,14.64984,1.0224,0.2,TEAM_PLACEHOLDER_v0_UNVALIDATED,PASS,B_OK,False,Huber,b1-v0.3,b1-contract-0.6,SIH26170-MOCK-02
C0226,L005,CMOS_A,Output_Fall_Time_ns,ns,7.8288,7.93084,8.10696,,,NONE,,0.27816,3.553,7.67122,7.67855,0.43584,7.88672,22.0,UPPER,DATASHEET_CALIBRATED,13.89304,0.9696,0.2,TEAM_PLACEHOLDER_v0_UNVALIDATED,PASS,B_OK,False,Huber,b1-v0.3,b1-contract-0.6,SIH26170-MOCK-02
C0227,L005,CMOS_A,Output_Fall_Time_ns,ns,7.03807,7.07012,7.26405,,,NONE,,0.22598,3.211,7.67122,7.67855,0.43584,7.88672,22.0,UPPER,DATASHEET_CALIBRATED,14.73595,1.0284,0.2,TEAM_PLACEHOLDER_v0_UNVALIDATED,PASS,B_OK,False,Huber,b1-v0.3,b1-contract-0.6,SIH26170-MOCK-02
C0228,L005,CMOS_A,Output_Fall_Time_ns,ns,8.49236,8.68542,8.83553,,,NONE,,0.34317,4.041,7.67122,7.67855,0.43584,7.88672,22.0,UPPER,DATASHEET_CALIBRATED,13.16447,0.9187,0.2,TEAM_PLACEHOLDER_v0_UNVALIDATED,PASS,B_OK,False,Huber,b1-v0.3,b1-contract-0.6,SIH26170-MOCK-02
C0229,L005,CMOS_A,Output_Fall_Time_ns,ns,8.53817,8.28588,8.58793,,,NONE,,0.04976,0.583,7.67122,7.67855,0.43584,7.88672,22.0,UPPER,DATASHEET_CALIBRATED,13.41207,0.936,0.2,TEAM_PLACEHOLDER_v0_UNVALIDATED,PASS,B_OK,False,Huber,b1-v0.3,b1-contract-0.6,SIH26170-MOCK-02
C0230,L005,CMOS_A,Output_Fall_Time_ns,ns,7.30997,7.31422,7.51964,,,NONE,,0.20967,2.868,7.67122,7.67855,0.43584,7.88672,22.0,UPPER,DATASHEET_CALIBRATED,14.48036,1.0106,0.2,TEAM_PLACEHOLDER_v0_UNVALIDATED,PASS,B_OK,False,Huber,b1-v0.3,b1-contract-0.6,SIH26170-MOCK-02
C0231,L005,CMOS_A,Output_Fall_Time_ns,ns,8.68598,8.6351,8.86972,,,NONE,,0.18374,2.115,7.67122,7.67855,0.43584,7.88672,22.0,UPPER,DATASHEET_CALIBRATED,13.13028,0.9164,0.2,TEAM_PLACEHOLDER_v0_UNVALIDATED,PASS,B_OK,False,Huber,b1-v0.3,b1-contract-0.6,SIH26170-MOCK-02
C0232,L005,CMOS_A,Output_Fall_Time_ns,ns,7.82191,7.87187,8.06563,,,NONE,,0.24372,3.116,7.67122,7.67855,0.43584,7.88672,22.0,UPPER,DATASHEET_CALIBRATED,13.93437,0.9725,0.2,TEAM_PLACEHOLDER_v0_UNVALIDATED,PASS,B_OK,False,Huber,b1-v0.3,b1-contract-0.6,SIH26170-MOCK-02
C0233,L005,CMOS_A,Output_Fall_Time_ns,ns,8.27787,8.23144,8.46143,,,NONE,,0.18356,2.217,7.67122,7.67855,0.43584,7.88672,22.0,UPPER,DATASHEET_CALIBRATED,13.53857,0.9449,0.2,TEAM_PLACEHOLDER_v0_UNVALIDATED,PASS,B_OK,False,Huber,b1-v0.3,b1-contract-0.6,SIH26170-MOCK-02
C0234,L005,CMOS_A,Output_Fall_Time_ns,ns,8.42094,8.46953,8.66827,,,NONE,,0.24733,2.937,7.67122,7.67855,0.43584,7.88672,22.0,UPPER,DATASHEET_CALIBRATED,13.33173,0.9304,0.2,TEAM_PLACEHOLDER_v0_UNVALIDATED,PASS,B_OK,False,Huber,b1-v0.3,b1-contract-0.6,SIH26170-MOCK-02
C0235,L005,CMOS_A,Output_Fall_Time_ns,ns,8.37227,8.35758,8.57749,,,NONE,,0.20522,2.451,7.67122,7.67855,0.43584,7.88672,22.0,UPPER,DATASHEET_CALIBRATED,13.42251,0.9368,0.2,TEAM_PLACEHOLDER_v0_UNVALIDATED,PASS,B_OK,False,Huber,b1-v0.3,b1-contract-0.6,SIH26170-MOCK-02
C0236,L005,CMOS_A,Output_Fall_Time_ns,ns,8.58705,8.64898,8.84444,,,NONE,,0.25739,2.997,7.67122,7.67855,0.43584,7.88672,22.0,UPPER,DATASHEET_CALIBRATED,13.15556,0.9181,0.2,TEAM_PLACEHOLDER_v0_UNVALIDATED,PASS,B_OK,False,Huber,b1-v0.3,b1-contract-0.6,SIH26170-MOCK-02
C0237,L005,CMOS_A,Output_Fall_Time_ns,ns,7.32537,7.24413,7.47867,,,NONE,,0.1533,2.093,7.67122,7.67855,0.43584,7.88672,22.0,UPPER,DATASHEET_CALIBRATED,14.52133,1.0134,0.2,TEAM_PLACEHOLDER_v0_UNVALIDATED,PASS,B_OK,False,Huber,b1-v0.3,b1-contract-0.6,SIH26170-MOCK-02
C0238,L005,CMOS_A,Output_Fall_Time_ns,ns,7.0873,6.96292,7.21026,,,NONE,,0.12296,1.735,7.67122,7.67855,0.43584,7.88672,22.0,UPPER,DATASHEET_CALIBRATED,14.78974,1.0322,0.2,TEAM_PLACEHOLDER_v0_UNVALIDATED,PASS,B_OK,False,Huber,b1-v0.3,b1-contract-0.6,SIH26170-MOCK-02
C0239,L005,CMOS_A,Output_Fall_Time_ns,ns,7.72551,7.38567,7.71112,,,NONE,,-0.01439,-0.186,7.67122,7.67855,0.43584,7.88672,22.0,UPPER,DATASHEET_CALIBRATED,14.28888,0.9972,0.2,TEAM_PLACEHOLDER_v0_UNVALIDATED,PASS,B_OK,False,Huber,b1-v0.3,b1-contract-0.6,SIH26170-MOCK-02
C0240,L005,CMOS_A,Output_Fall_Time_ns,ns,7.64717,7.7183,7.90356,,,NONE,,0.25639,3.353,7.67122,7.67855,0.43584,7.88672,22.0,UPPER,DATASHEET_CALIBRATED,14.09644,0.9838,0.2,TEAM_PLACEHOLDER_v0_UNVALIDATED,PASS,B_OK,False,Huber,b1-v0.3,b1-contract-0.6,SIH26170-MOCK-02
C0241,L005,CMOS_A,Output_Fall_Time_ns,ns,7.36939,7.25188,7.49906,,,NONE,,0.12967,1.76,7.67122,7.67855,0.43584,7.88672,22.0,UPPER,DATASHEET_CALIBRATED,14.50094,1.012,0.2,TEAM_PLACEHOLDER_v0_UNVALIDATED,PASS,B_OK,False,Huber,b1-v0.3,b1-contract-0.6,SIH26170-MOCK-02
C0242,L005,CMOS_A,Output_Fall_Time_ns,ns,8.08368,8.30546,8.44277,,,NONE,,0.35909,4.442,7.67122,7.67855,0.43584,7.88672,22.0,UPPER,DATASHEET_CALIBRATED,13.55723,0.9462,0.2,TEAM_PLACEHOLDER_v0_UNVALIDATED,PASS,B_OK,False,Huber,b1-v0.3,b1-contract-0.6,SIH26170-MOCK-02
C0243,L005,CMOS_A,Output_Fall_Time_ns,ns,7.67646,7.61512,7.84559,,,NONE,,0.16913,2.203,7.67122,7.67855,0.43584,7.88672,22.0,UPPER,DATASHEET_CALIBRATED,14.15441,0.9878,0.2,TEAM_PLACEHOLDER_v0_UNVALIDATED,PASS,B_OK,False,Huber,b1-v0.3,b1-contract-0.6,SIH26170-MOCK-02
C0244,L005,CMOS_A,Output_Fall_Time_ns,ns,7.92928,7.83384,8.07783,,,NONE,,0.14855,1.873,7.67122,7.67855,0.43584,7.88672,22.0,UPPER,DATASHEET_CALIBRATED,13.92217,0.9716,0.2,TEAM_PLACEHOLDER_v0_UNVALIDATED,PASS,B_OK,False,Huber,b1-v0.3,b1-contract-0.6,SIH26170-MOCK-02
C0245,L005,CMOS_A,Output_Fall_Time_ns,ns,7.12214,7.18945,7.37206,,,NONE,,0.24992,3.509,7.67122,7.67855,0.43584,7.88672,22.0,UPPER,DATASHEET_CALIBRATED,14.62794,1.0209,0.2,TEAM_PLACEHOLDER_v0_UNVALIDATED,PASS,B_OK,False,Huber,b1-v0.3,b1-contract-0.6,SIH26170-MOCK-02
C0246,L005,CMOS_A,Output_Fall_Time_ns,ns,7.58751,7.71972,7.88379,,,NONE,,0.29628,3.905,7.67122,7.67855,0.43584,7.88672,22.0,UPPER,DATASHEET_CALIBRATED,14.11621,0.9852,0.2,TEAM_PLACEHOLDER_v0_UNVALIDATED,PASS,B_OK,False,Huber,b1-v0.3,b1-contract-0.6,SIH26170-MOCK-02
C0247,L005,CMOS_A,Output_Fall_Time_ns,ns,7.52041,7.43457,7.67217,,,NONE,,0.15176,2.018,7.67122,7.67855,0.43584,7.88672,22.0,UPPER,DATASHEET_CALIBRATED,14.32783,0.9999,0.2,TEAM_PLACEHOLDER_v0_UNVALIDATED,PASS,B_OK,False,Huber,b1-v0.3,b1-contract-0.6,SIH26170-MOCK-02
C0248,L005,CMOS_A,Output_Fall_Time_ns,ns,6.69832,6.77627,6.9521,,,NONE,,0.25378,3.789,7.67122,7.67855,0.43584,7.88672,22.0,UPPER,DATASHEET_CALIBRATED,15.0479,1.0502,0.2,TEAM_PLACEHOLDER_v0_UNVALIDATED,PASS,B_OK,False,Huber,b1-v0.3,b1-contract-0.6,SIH26170-MOCK-02
C0249,L005,CMOS_A,Output_Fall_Time_ns,ns,7.6006,7.62044,7.82277,,,NONE,,0.22217,2.923,7.67122,7.67855,0.43584,7.88672,22.0,UPPER,DATASHEET_CALIBRATED,14.17723,0.9894,0.2,TEAM_PLACEHOLDER_v0_UNVALIDATED,PASS,B_OK,False,Huber,b1-v0.3,b1-contract-0.6,SIH26170-MOCK-02
C0250,L005,CMOS_A,Output_Fall_Time_ns,ns,7.76944,7.6848,7.9239,,,NONE,,0.15446,1.988,7.67122,7.67855,0.43584,7.88672,22.0,UPPER,DATASHEET_CALIBRATED,14.0761,0.9824,0.2,TEAM_PLACEHOLDER_v0_UNVALIDATED,PASS,B_OK,False,Huber,b1-v0.3,b1-contract-0.6,SIH26170-MOCK-02
C0251,L005,CMOS_A,Output_Fall_Time_ns,ns,6.7111,6.97525,7.08814,,,NONE,,0.37704,5.618,7.67122,7.67855,0.43584,7.88672,22.0,UPPER,DATASHEET_CALIBRATED,14.91186,1.0407,0.2,TEAM_PLACEHOLDER_v0_UNVALIDATED,PASS,B_OK,False,Huber,b1-v0.3,b1-contract-0.6,SIH26170-MOCK-02
C0252,L005,CMOS_A,Output_Fall_Time_ns,ns,7.76815,7.68578,7.9241,,,NONE,,0.15595,2.008,7.67122,7.67855,0.43584,7.88672,22.0,UPPER,DATASHEET_CALIBRATED,14.0759,0.9824,0.2,TEAM_PLACEHOLDER_v0_UNVALIDATED,PASS,B_OK,False,Huber,b1-v0.3,b1-contract-0.6,SIH26170-MOCK-02
C0253,L005,CMOS_A,Output_Fall_Time_ns,ns,7.79923,7.64333,7.90687,,,NONE,,0.10764,1.38,7.67122,7.67855,0.43584,7.88672,22.0,UPPER,DATASHEET_CALIBRATED,14.09313,0.9836,0.2,TEAM_PLACEHOLDER_v0_UNVALIDATED,PASS,B_OK,False,Huber,b1-v0.3,b1-contract-0.6,SIH26170-MOCK-02
C0254,L005,CMOS_A,Output_Fall_Time_ns,ns,8.27762,8.15849,8.41321,,,NONE,,0.13559,1.638,7.67122,7.67855,0.43584,7.88672,22.0,UPPER,DATASHEET_CALIBRATED,13.58679,0.9482,0.2,TEAM_PLACEHOLDER_v0_UNVALIDATED,PASS,B_OK,False,Huber,b1-v0.3,b1-contract-0.6,SIH26170-MOCK-02
C0255,L005,CMOS_A,Output_Fall_Time_ns,ns,7.37561,7.40979,7.60555,,,NONE,,0.22994,3.118,7.67122,7.67855,0.43584,7.88672,22.0,UPPER,DATASHEET_CALIBRATED,14.39445,1.0046,0.2,TEAM_PLACEHOLDER_v0_UNVALIDATED,PASS,B_OK,False,Huber,b1-v0.3,b1-contract-0.6,SIH26170-MOCK-02
C0256,L005,CMOS_A,Output_Fall_Time_ns,ns,7.62666,7.65316,7.85342,,,NONE,,0.22676,2.973,7.67122,7.67855,0.43584,7.88672,22.0,UPPER,DATASHEET_CALIBRATED,14.14658,0.9873,0.2,TEAM_PLACEHOLDER_v0_UNVALIDATED,PASS,B_OK,False,Huber,b1-v0.3,b1-contract-0.6,SIH26170-MOCK-02
C0257,L005,CMOS_A,Output_Fall_Time_ns,ns,7.69471,7.93901,8.06581,,,NONE,,0.3711,4.823,7.67122,7.67855,0.43584,7.88672,22.0,UPPER,DATASHEET_CALIBRATED,13.93419,0.9725,0.2,TEAM_PLACEHOLDER_v0_UNVALIDATED,PASS,B_OK,False,Huber,b1-v0.3,b1-contract-0.6,SIH26170-MOCK-02
C0258,L005,CMOS_A,Output_Fall_Time_ns,ns,7.72211,7.85652,8.02085,,,NONE,,0.29874,3.869,7.67122,7.67855,0.43584,7.88672,22.0,UPPER,DATASHEET_CALIBRATED,13.97915,0.9756,0.2,TEAM_PLACEHOLDER_v0_UNVALIDATED,PASS,B_OK,False,Huber,b1-v0.3,b1-contract-0.6,SIH26170-MOCK-02
C0259,L005,CMOS_A,Output_Fall_Time_ns,ns,7.44421,7.32053,7.57038,,,NONE,,0.12617,1.695,7.67122,7.67855,0.43584,7.88672,22.0,UPPER,DATASHEET_CALIBRATED,14.42962,1.007,0.2,TEAM_PLACEHOLDER_v0_UNVALIDATED,PASS,B_OK,False,Huber,b1-v0.3,b1-contract-0.6,SIH26170-MOCK-02
C0260,L005,CMOS_A,Output_Fall_Time_ns,ns,7.67792,7.79723,7.96636,,,NONE,,0.28844,3.757,7.67122,7.67855,0.43584,7.88672,22.0,UPPER,DATASHEET_CALIBRATED,14.03364,0.9794,0.2,TEAM_PLACEHOLDER_v0_UNVALIDATED,PASS,B_OK,False,Huber,b1-v0.3,b1-contract-0.6,SIH26170-MOCK-02
C0261,L005,CMOS_A,Output_Fall_Time_ns,ns,7.72075,7.7694,7.96285,,,NONE,,0.2421,3.136,7.67122,7.67855,0.43584,7.88672,22.0,UPPER,DATASHEET_CALIBRATED,14.03715,0.9796,0.2,TEAM_PLACEHOLDER_v0_UNVALIDATED,PASS,B_OK,False,Huber,b1-v0.3,b1-contract-0.6,SIH26170-MOCK-02
C0262,L005,CMOS_A,Output_Fall_Time_ns,ns,7.04975,7.20934,7.36013,,,NONE,,0.31038,4.403,7.67122,7.67855,0.43584,7.88672,22.0,UPPER,DATASHEET_CALIBRATED,14.63987,1.0217,0.2,TEAM_PLACEHOLDER_v0_UNVALIDATED,PASS,B_OK,False,Huber,b1-v0.3,b1-contract-0.6,SIH26170-MOCK-02
C0263,L005,CMOS_A,Output_Fall_Time_ns,ns,7.64579,8.09194,8.14983,,,NONE,,0.50404,6.592,7.67122,7.67855,0.43584,7.88672,22.0,UPPER,DATASHEET_CALIBRATED,13.85017,0.9666,0.2,TEAM_PLACEHOLDER_v0_UNVALIDATED,PASS,B_OK,False,Huber,b1-v0.3,b1-contract-0.6,SIH26170-MOCK-02
C0264,L005,CMOS_A,Output_Fall_Time_ns,ns,7.38146,7.25089,7.5026,,,NONE,,0.12114,1.641,7.67122,7.67855,0.43584,7.88672,22.0,UPPER,DATASHEET_CALIBRATED,14.4974,1.0118,0.2,TEAM_PLACEHOLDER_v0_UNVALIDATED,PASS,B_OK,False,Huber,b1-v0.3,b1-contract-0.6,SIH26170-MOCK-02
C0265,L005,CMOS_A,Output_Fall_Time_ns,ns,8.08935,8.28951,8.43422,,,NONE,,0.34487,4.263,7.67122,7.67855,0.43584,7.88672,22.0,UPPER,DATASHEET_CALIBRATED,13.56578,0.9468,0.2,TEAM_PLACEHOLDER_v0_UNVALIDATED,PASS,B_OK,False,Huber,b1-v0.3,b1-contract-0.6,SIH26170-MOCK-02
C0266,L005,CMOS_A,Output_Fall_Time_ns,ns,8.82636,8.90988,9.09978,,,NONE,,0.27342,3.098,7.67122,7.67855,0.43584,7.88672,22.0,UPPER,DATASHEET_CALIBRATED,12.90022,0.9003,0.2,TEAM_PLACEHOLDER_v0_UNVALIDATED,PASS,B_OK,False,Huber,b1-v0.3,b1-contract-0.6,SIH26170-MOCK-02
C0267,L005,CMOS_A,Output_Fall_Time_ns,ns,8.05616,8.05131,8.26547,,,NONE,,0.20931,2.598,7.67122,7.67855,0.43584,7.88672,22.0,UPPER,DATASHEET_CALIBRATED,13.73453,0.9585,0.2,TEAM_PLACEHOLDER_v0_UNVALIDATED,PASS,B_OK,False,Huber,b1-v0.3,b1-contract-0.6,SIH26170-MOCK-02
C0268,L005,CMOS_A,Output_Fall_Time_ns,ns,7.50838,7.41726,7.65656,,,NONE,,0.14818,1.973,7.67122,7.67855,0.43584,7.88672,22.0,UPPER,DATASHEET_CALIBRATED,14.34344,1.001,0.2,TEAM_PLACEHOLDER_v0_UNVALIDATED,PASS,B_OK,False,Huber,b1-v0.3,b1-contract-0.6,SIH26170-MOCK-02
C0269,L005,CMOS_A,Output_Fall_Time_ns,ns,7.57295,7.6287,7.81862,,,NONE,,0.24567,3.244,7.67122,7.67855,0.43584,7.88672,22.0,UPPER,DATASHEET_CALIBRATED,14.18138,0.9897,0.2,TEAM_PLACEHOLDER_v0_UNVALIDATED,PASS,B_OK,False,Huber,b1-v0.3,b1-contract-0.6,SIH26170-MOCK-02
C0270,L005,CMOS_A,Output_Fall_Time_ns,ns,7.36372,7.61003,7.73372,,,NONE,,0.37,5.025,7.67122,7.67855,0.43584,7.88672,22.0,UPPER,DATASHEET_CALIBRATED,14.26628,0.9956,0.2,TEAM_PLACEHOLDER_v0_UNVALIDATED,PASS,B_OK,False,Huber,b1-v0.3,b1-contract-0.6,SIH26170-MOCK-02
C0271,L005,CMOS_A,Output_Fall_Time_ns,ns,7.80503,7.68061,7.9335,,,NONE,,0.12847,1.646,7.67122,7.67855,0.43584,7.88672,22.0,UPPER,DATASHEET_CALIBRATED,14.0665,0.9817,0.2,TEAM_PLACEHOLDER_v0_UNVALIDATED,PASS,B_OK,False,Huber,b1-v0.3,b1-contract-0.6,SIH26170-MOCK-02
C0272,L005,CMOS_A,Output_Fall_Time_ns,ns,7.73259,7.48942,7.78209,,,NONE,,0.0495,0.64,7.67122,7.67855,0.43584,7.88672,22.0,UPPER,DATASHEET_CALIBRATED,14.21791,0.9923,0.2,TEAM_PLACEHOLDER_v0_UNVALIDATED,PASS,B_OK,False,Huber,b1-v0.3,b1-contract-0.6,SIH26170-MOCK-02
C0273,L005,CMOS_A,Output_Fall_Time_ns,ns,7.67425,7.68299,7.88964,,,NONE,,0.21539,2.807,7.67122,7.67855,0.43584,7.88672,22.0,UPPER,DATASHEET_CALIBRATED,14.11036,0.9848,0.2,TEAM_PLACEHOLDER_v0_UNVALIDATED,PASS,B_OK,False,Huber,b1-v0.3,b1-contract-0.6,SIH26170-MOCK-02
C0274,L006,CMOS_A,Output_Fall_Time_ns,ns,7.54621,7.48214,7.71267,,,NONE,,0.16646,2.206,7.6846,7.73546,0.61322,7.87735,22.0,UPPER,DATASHEET_CALIBRATED,14.28733,0.998,0.2,TEAM_PLACEHOLDER_v0_UNVALIDATED,PASS,B_OK,False,Huber,b1-v0.3,b1-contract-0.6,SIH26170-MOCK-02
C0275,L006,CMOS_A,Output_Fall_Time_ns,ns,7.70976,7.99186,8.10606,,,NONE,,0.3963,5.14,7.6846,7.73546,0.61322,7.87735,22.0,UPPER,DATASHEET_CALIBRATED,13.89394,0.9706,0.2,TEAM_PLACEHOLDER_v0_UNVALIDATED,PASS,B_OK,False,Huber,b1-v0.3,b1-contract-0.6,SIH26170-MOCK-02
C0276,L006,CMOS_A,Output_Fall_Time_ns,ns,8.325,8.14358,8.42,,,NONE,,0.095,1.141,7.6846,7.73546,0.61322,7.87735,22.0,UPPER,DATASHEET_CALIBRATED,13.58,0.9486,0.2,TEAM_PLACEHOLDER_v0_UNVALIDATED,PASS,B_OK,False,Huber,b1-v0.3,b1-contract-0.6,SIH26170-MOCK-02
C0277,L006,CMOS_A,Output_Fall_Time_ns,ns,7.85097,7.83338,8.05045,,,NONE,,0.19948,2.541,7.6846,7.73546,0.61322,7.87735,22.0,UPPER,DATASHEET_CALIBRATED,13.94955,0.9744,0.2,TEAM_PLACEHOLDER_v0_UNVALIDATED,PASS,B_OK,False,Huber,b1-v0.3,b1-contract-0.6,SIH26170-MOCK-02
C0278,L006,CMOS_A,Output_Fall_Time_ns,ns,8.749,8.79764,8.99898,,,NONE,,0.24998,2.857,7.6846,7.73546,0.61322,7.87735,22.0,UPPER,DATASHEET_CALIBRATED,13.00102,0.9082,0.2,TEAM_PLACEHOLDER_v0_UNVALIDATED,PASS,B_OK,False,Huber,b1-v0.3,b1-contract-0.6,SIH26170-MOCK-02
C0279,L006,CMOS_A,Output_Fall_Time_ns,ns,7.57155,7.67499,7.84884,,,NONE,,0.27729,3.662,7.6846,7.73546,0.61322,7.87735,22.0,UPPER,DATASHEET_CALIBRATED,14.15116,0.9885,0.2,TEAM_PLACEHOLDER_v0_UNVALIDATED,PASS,B_OK,False,Huber,b1-v0.3,b1-contract-0.6,SIH26170-MOCK-02
C0280,L006,CMOS_A,Output_Fall_Time_ns,ns,8.15899,8.08713,8.325,,,NONE,,0.16601,2.035,7.6846,7.73546,0.61322,7.87735,22.0,UPPER,DATASHEET_CALIBRATED,13.675,0.9553,0.2,TEAM_PLACEHOLDER_v0_UNVALIDATED,PASS,B_OK,False,Huber,b1-v0.3,b1-contract-0.6,SIH26170-MOCK-02
C0281,L006,CMOS_A,Output_Fall_Time_ns,ns,7.56678,7.66295,7.83923,,,NONE,,0.27245,3.601,7.6846,7.73546,0.61322,7.87735,22.0,UPPER,DATASHEET_CALIBRATED,14.16077,0.9892,0.2,TEAM_PLACEHOLDER_v0_UNVALIDATED,PASS,B_OK,False,Huber,b1-v0.3,b1-contract-0.6,SIH26170-MOCK-02
C0282,L006,CMOS_A,Output_Fall_Time_ns,ns,8.33015,8.1397,8.41923,,,NONE,,0.08908,1.069,7.6846,7.73546,0.61322,7.87735,22.0,UPPER,DATASHEET_CALIBRATED,13.58077,0.9487,0.2,TEAM_PLACEHOLDER_v0_UNVALIDATED,PASS,B_OK,False,Huber,b1-v0.3,b1-contract-0.6,SIH26170-MOCK-02
C0283,L006,CMOS_A,Output_Fall_Time_ns,ns,7.40482,7.47614,7.65964,,,NONE,,0.25482,3.441,7.6846,7.73546,0.61322,7.87735,22.0,UPPER,DATASHEET_CALIBRATED,14.34036,1.0017,0.2,TEAM_PLACEHOLDER_v0_UNVALIDATED,PASS,B_OK,False,Huber,b1-v0.3,b1-contract-0.6,SIH26170-MOCK-02
C0284,L006,CMOS_A,Output_Fall_Time_ns,ns,7.93478,8.03563,8.21308,,,NONE,,0.2783,3.507,7.6846,7.73546,0.61322,7.87735,22.0,UPPER,DATASHEET_CALIBRATED,13.78692,0.9631,0.2,TEAM_PLACEHOLDER_v0_UNVALIDATED,PASS,B_OK,False,Huber,b1-v0.3,b1-contract-0.6,SIH26170-MOCK-02
C0285,L006,CMOS_A,Output_Fall_Time_ns,ns,7.02177,6.911,7.15334,,,NONE,,0.13157,1.874,7.6846,7.73546,0.61322,7.87735,22.0,UPPER,DATASHEET_CALIBRATED,14.84666,1.0371,0.2,TEAM_PLACEHOLDER_v0_UNVALIDATED,PASS,B_OK,False,Huber,b1-v0.3,b1-contract-0.6,SIH26170-MOCK-02
C0286,L006,CMOS_A,Output_Fall_Time_ns,ns,8.19067,8.18205,8.39865,,,NONE,,0.20798,2.539,7.6846,7.73546,0.61322,7.87735,22.0,UPPER,DATASHEET_CALIBRATED,13.60135,0.9501,0.2,TEAM_PLACEHOLDER_v0_UNVALIDATED,PASS,B_OK,False,Huber,b1-v0.3,b1-contract-0.6,SIH26170-MOCK-02
C0287,L006,CMOS_A,Output_Fall_Time_ns,ns,7.69391,7.57017,7.8221,,,NONE,,0.12819,1.666,7.6846,7.73546,0.61322,7.87735,22.0,UPPER,DATASHEET_CALIBRATED,14.1779,0.9904,0.2,TEAM_PLACEHOLDER_v0_UNVALIDATED,PASS,B_OK,False,Huber,b1-v0.3,b1-contract-0.6,SIH26170-MOCK-02
C0288,L006,CMOS_A,Output_Fall_Time_ns,ns,7.41197,7.44939,7.64445,,,NONE,,0.23248,3.137,7.6846,7.73546,0.61322,7.87735,22.0,UPPER,DATASHEET_CALIBRATED,14.35555,1.0028,0.2,TEAM_PLACEHOLDER_v0_UNVALIDATED,PASS,B_OK,False,Huber,b1-v0.3,b1-contract-0.6,SIH26170-MOCK-02
C0289,L006,CMOS_A,Output_Fall_Time_ns,ns,7.76041,7.80331,7.99914,,,NONE,,0.23873,3.076,7.6846,7.73546,0.61322,7.87735,22.0,UPPER,DATASHEET_CALIBRATED,14.00086,0.978,0.2,TEAM_PLACEHOLDER_v0_UNVALIDATED,PASS,B_OK,False,Huber,b1-v0.3,b1-contract-0.6,SIH26170-MOCK-02
C0290,L006,CMOS_A,Output_Fall_Time_ns,ns,7.56385,7.60471,7.79975,,,NONE,,0.2359,3.119,7.6846,7.73546,0.61322,7.87735,22.0,UPPER,DATASHEET_CALIBRATED,14.20025,0.992,0.2,TEAM_PLACEHOLDER_v0_UNVALIDATED,PASS,B_OK,False,Huber,b1-v0.3,b1-contract-0.6,SIH26170-MOCK-02
C0291,L006,CMOS_A,Output_Fall_Time_ns,ns,7.56027,7.72528,7.87814,,,NONE,,0.31787,4.204,7.6846,7.73546,0.61322,7.87735,22.0,UPPER,DATASHEET_CALIBRATED,14.12186,0.9865,0.2,TEAM_PLACEHOLDER_v0_UNVALIDATED,PASS,B_OK,False,Huber,b1-v0.3,b1-contract-0.6,SIH26170-MOCK-02
C0292,L006,CMOS_A,Output_Fall_Time_ns,ns,7.01629,7.42048,7.48825,,,NONE,,0.47196,6.727,7.6846,7.73546,0.61322,7.87735,22.0,UPPER,DATASHEET_CALIBRATED,14.51175,1.0137,0.2,TEAM_PLACEHOLDER_v0_UNVALIDATED,PASS,B_OK,False,Huber,b1-v0.3,b1-contract-0.6,SIH26170-MOCK-02
C0293,L006,CMOS_A,Output_Fall_Time_ns,ns,7.93298,7.75178,8.02508,,,NONE,,0.0921,1.161,7.6846,7.73546,0.61322,7.87735,22.0,UPPER,DATASHEET_CALIBRATED,13.97492,0.9762,0.2,TEAM_PLACEHOLDER_v0_UNVALIDATED,PASS,B_OK,False,Huber,b1-v0.3,b1-contract-0.6,SIH26170-MOCK-02
C0294,L006,CMOS_A,Output_Fall_Time_ns,ns,7.10175,7.96321,7.87656,,,NONE,,0.77481,10.91,7.6846,7.73546,0.61322,7.87735,22.0,UPPER,DATASHEET_CALIBRATED,14.12344,0.9866,0.2,TEAM_PLACEHOLDER_v0_UNVALIDATED,PASS,B_OK,False,Huber,b1-v0.3,b1-contract-0.6,SIH26170-MOCK-02
C0295,L006,CMOS_A,Output_Fall_Time_ns,ns,8.72749,8.7663,8.97083,,,NONE,,0.24334,2.788,7.6846,7.73546,0.61322,7.87735,22.0,UPPER,DATASHEET_CALIBRATED,13.02917,0.9102,0.2,TEAM_PLACEHOLDER_v0_UNVALIDATED,PASS,B_OK,False,Huber,b1-v0.3,b1-contract-0.6,SIH26170-MOCK-02
C0296,L006,CMOS_A,Output_Fall_Time_ns,ns,7.45257,7.44604,7.65633,,,NONE,,0.20376,2.734,7.6846,7.73546,0.61322,7.87735,22.0,UPPER,DATASHEET_CALIBRATED,14.34367,1.002,0.2,TEAM_PLACEHOLDER_v0_UNVALIDATED,PASS,B_OK,False,Huber,b1-v0.3,b1-contract-0.6,SIH26170-MOCK-02
C0297,L006,CMOS_A,Output_Fall_Time_ns,ns,8.29528,8.44792,8.61046,,,NONE,,0.31518,3.799,7.6846,7.73546,0.61322,7.87735,22.0,UPPER,DATASHEET_CALIBRATED,13.38954,0.9353,0.2,TEAM_PLACEHOLDER_v0_UNVALIDATED,PASS,B_OK,False,Huber,b1-v0.3,b1-contract-0.6,SIH26170-MOCK-02
C0298,L006,CMOS_A,Output_Fall_Time_ns,ns,7.50937,7.54841,7.74366,,,NONE,,0.23429,3.12,7.6846,7.73546,0.61322,7.87735,22.0,UPPER,DATASHEET_CALIBRATED,14.25634,0.9959,0.2,TEAM_PLACEHOLDER_v0_UNVALIDATED,PASS,B_OK,False,Huber,b1-v0.3,b1-contract-0.6,SIH26170-MOCK-02
C0299,L006,CMOS_A,Output_Fall_Time_ns,ns,8.36249,8.11066,8.41133,,,NONE,,0.04884,0.584,7.6846,7.73546,0.61322,7.87735,22.0,UPPER,DATASHEET_CALIBRATED,13.58867,0.9492,0.2,TEAM_PLACEHOLDER_v0_UNVALIDATED,PASS,B_OK,False,Huber,b1-v0.3,b1-contract-0.6,SIH26170-MOCK-02
C0300,L006,CMOS_A,Output_Fall_Time_ns,ns,7.62624,7.62173,7.83265,,,NONE,,0.20641,2.707,7.6846,7.73546,0.61322,7.87735,22.0,UPPER,DATASHEET_CALIBRATED,14.16735,0.9897,0.2,TEAM_PLACEHOLDER_v0_UNVALIDATED,PASS,B_OK,False,Huber,b1-v0.3,b1-contract-0.6,SIH26170-MOCK-02
C0301,L006,CMOS_A,Output_Fall_Time_ns,ns,12.36919,12.33168,12.58992,,,NONE,,0.22073,1.785,7.6846,7.73546,0.61322,7.87735,22.0,UPPER,DATASHEET_CALIBRATED,9.41008,0.6573,0.2,TEAM_PLACEHOLDER_v0_UNVALIDATED,MONITOR,B_UNCERTAIN_EXTRAPOLATION,True,Huber,b1-v0.3,b1-contract-0.6,SIH26170-MOCK-02
C0302,L006,CMOS_A,Output_Fall_Time_ns,ns,7.31168,7.22076,7.45861,,,NONE,,0.14693,2.009,7.6846,7.73546,0.61322,7.87735,22.0,UPPER,DATASHEET_CALIBRATED,14.54139,1.0158,0.2,TEAM_PLACEHOLDER_v0_UNVALIDATED,PASS,B_OK,False,Huber,b1-v0.3,b1-contract-0.6,SIH26170-MOCK-02
C0303,L006,CMOS_A,Output_Fall_Time_ns,ns,7.6431,7.49708,7.75618,,,NONE,,0.11308,1.48,7.6846,7.73546,0.61322,7.87735,22.0,UPPER,DATASHEET_CALIBRATED,14.24382,0.995,0.2,TEAM_PLACEHOLDER_v0_UNVALIDATED,PASS,B_OK,False,Huber,b1-v0.3,b1-contract-0.6,SIH26170-MOCK-02
C0304,L006,CMOS_A,Output_Fall_Time_ns,ns,7.88179,8.24171,8.33072,,,NONE,,0.44893,5.696,7.6846,7.73546,0.61322,7.87735,22.0,UPPER,DATASHEET_CALIBRATED,13.66928,0.9549,0.2,TEAM_PLACEHOLDER_v0_UNVALIDATED,PASS,B_OK,False,Huber,b1-v0.3,b1-contract-0.6,SIH26170-MOCK-02
C0305,L006,CMOS_A,Output_Fall_Time_ns,ns,7.53197,7.49051,7.71326,,,NONE,,0.18129,2.407,7.6846,7.73546,0.61322,7.87735,22.0,UPPER,DATASHEET_CALIBRATED,14.28674,0.998,0.2,TEAM_PLACEHOLDER_v0_UNVALIDATED,PASS,B_OK,False,Huber,b1-v0.3,b1-contract-0.6,SIH26170-MOCK-02
C0306,L006,CMOS_A,Output_Fall_Time_ns,ns,8.02362,7.89518,8.15125,,,NONE,,0.12763,1.591,7.6846,7.73546,0.61322,7.87735,22.0,UPPER,DATASHEET_CALIBRATED,13.84875,0.9674,0.2,TEAM_PLACEHOLDER_v0_UNVALIDATED,PASS,B_OK,False,Huber,b1-v0.3,b1-contract-0.6,SIH26170-MOCK-02
C0307,L006,CMOS_A,Output_Fall_Time_ns,ns,7.40873,7.55396,7.71241,,,NONE,,0.30368,4.099,7.6846,7.73546,0.61322,7.87735,22.0,UPPER,DATASHEET_CALIBRATED,14.28759,0.9981,0.2,TEAM_PLACEHOLDER_v0_UNVALIDATED,PASS,B_OK,False,Huber,b1-v0.3,b1-contract-0.6,SIH26170-MOCK-02
C0308,L006,CMOS_A,Output_Fall_Time_ns,ns,8.02848,8.12556,8.305,,,NONE,,0.27652,3.444,7.6846,7.73546,0.61322,7.87735,22.0,UPPER,DATASHEET_CALIBRATED,13.695,0.9567,0.2,TEAM_PLACEHOLDER_v0_UNVALIDATED,PASS,B_OK,False,Huber,b1-v0.3,b1-contract-0.6,SIH26170-MOCK-02
C0309,L006,CMOS_A,Output_Fall_Time_ns,ns,8.06372,7.85481,8.13855,,,NONE,,0.07483,0.928,7.6846,7.73546,0.61322,7.87735,22.0,UPPER,DATASHEET_CALIBRATED,13.86145,0.9683,0.2,TEAM_PLACEHOLDER_v0_UNVALIDATED,PASS,B_OK,False,Huber,b1-v0.3,b1-contract-0.6,SIH26170-MOCK-02
C0310,L006,CMOS_A,Output_Fall_Time_ns,ns,8.71216,8.76143,8.96228,,,NONE,,0.25012,2.871,7.6846,7.73546,0.61322,7.87735,22.0,UPPER,DATASHEET_CALIBRATED,13.03772,0.9107,0.2,TEAM_PLACEHOLDER_v0_UNVALIDATED,PASS,B_OK,False,Huber,b1-v0.3,b1-contract-0.6,SIH26170-MOCK-02
C0311,L006,CMOS_A,Output_Fall_Time_ns,ns,7.21413,7.17697,7.39583,,,NONE,,0.1817,2.519,7.6846,7.73546,0.61322,7.87735,22.0,UPPER,DATASHEET_CALIBRATED,14.60417,1.0202,0.2,TEAM_PLACEHOLDER_v0_UNVALIDATED,PASS,B_OK,False,Huber,b1-v0.3,b1-contract-0.6,SIH26170-MOCK-02
C0312,L006,CMOS_A,Output_Fall_Time_ns,ns,7.67529,7.56249,7.81056,,,NONE,,0.13527,1.762,7.6846,7.73546,0.61322,7.87735,22.0,UPPER,DATASHEET_CALIBRATED,14.18944,0.9912,0.2,TEAM_PLACEHOLDER_v0_UNVALIDATED,PASS,B_OK,False,Huber,b1-v0.3,b1-contract-0.6,SIH26170-MOCK-02
C0313,L006,CMOS_A,Output_Fall_Time_ns,ns,8.2514,8.16956,8.41153,,,NONE,,0.16013,1.941,7.6846,7.73546,0.61322,7.87735,22.0,UPPER,DATASHEET_CALIBRATED,13.58847,0.9492,0.2,TEAM_PLACEHOLDER_v0_UNVALIDATED,PASS,B_OK,False,Huber,b1-v0.3,b1-contract-0.6,SIH26170-MOCK-02
C0314,L006,CMOS_A,Output_Fall_Time_ns,ns,7.99358,7.94243,8.17199,,,NONE,,0.17841,2.232,7.6846,7.73546,0.61322,7.87735,22.0,UPPER,DATASHEET_CALIBRATED,13.82801,0.966,0.2,TEAM_PLACEHOLDER_v0_UNVALIDATED,PASS,B_OK,False,Huber,b1-v0.3,b1-contract-0.6,SIH26170-MOCK-02
C0315,L006,CMOS_A,Output_Fall_Time_ns,ns,7.86278,8.03484,8.18755,,,NONE,,0.32477,4.131,7.6846,7.73546,0.61322,7.87735,22.0,UPPER,DATASHEET_CALIBRATED,13.81245,0.9649,0.2,TEAM_PLACEHOLDER_v0_UNVALIDATED,PASS,B_OK,False,Huber,b1-v0.3,b1-contract-0.6,SIH26170-MOCK-02
C0316,L006,CMOS_A,Output_Fall_Time_ns,ns,7.07701,6.94989,7.1982,,,NONE,,0.12119,1.712,7.6846,7.73546,0.61322,7.87735,22.0,UPPER,DATASHEET_CALIBRATED,14.8018,1.034,0.2,TEAM_PLACEHOLDER_v0_UNVALIDATED,PASS,B_OK,False,Huber,b1-v0.3,b1-contract-0.6,SIH26170-MOCK-02
C0317,L006,CMOS_A,Output_Fall_Time_ns,ns,7.87375,7.797,8.03435,,,NONE,,0.1606,2.04,7.6846,7.73546,0.61322,7.87735,22.0,UPPER,DATASHEET_CALIBRATED,13.96565,0.9756,0.2,TEAM_PLACEHOLDER_v0_UNVALIDATED,PASS,B_OK,False,Huber,b1-v0.3,b1-contract-0.6,SIH26170-MOCK-02
C0318,L006,CMOS_A,Output_Fall_Time_ns,ns,7.09944,7.18882,7.36391,,,NONE,,0.26447,3.725,7.6846,7.73546,0.61322,7.87735,22.0,UPPER,DATASHEET_CALIBRATED,14.63609,1.0224,0.2,TEAM_PLACEHOLDER_v0_UNVALIDATED,PASS,B_OK,False,Huber,b1-v0.3,b1-contract-0.6,SIH26170-MOCK-02
C0319,L006,CMOS_A,Output_Fall_Time_ns,ns,7.59093,7.74565,7.90223,,,NONE,,0.3113,4.101,7.6846,7.73546,0.61322,7.87735,22.0,UPPER,DATASHEET_CALIBRATED,14.09777,0.9848,0.2,TEAM_PLACEHOLDER_v0_UNVALIDATED,PASS,B_OK,False,Huber,b1-v0.3,b1-contract-0.6,SIH26170-MOCK-02
C0320,L006,CMOS_A,Output_Fall_Time_ns,ns,7.00698,6.98296,7.19579,,,NONE,,0.18881,2.695,7.6846,7.73546,0.61322,7.87735,22.0,UPPER,DATASHEET_CALIBRATED,14.80421,1.0341,0.2,TEAM_PLACEHOLDER_v0_UNVALIDATED,PASS,B_OK,False,Huber,b1-v0.3,b1-contract-0.6,SIH26170-MOCK-02
C0321,L006,CMOS_A,Output_Fall_Time_ns,ns,7.26086,7.42591,7.57654,,,NONE,,0.31568,4.348,7.6846,7.73546,0.61322,7.87735,22.0,UPPER,DATASHEET_CALIBRATED,14.42346,1.0075,0.2,TEAM_PLACEHOLDER_v0_UNVALIDATED,PASS,B_OK,False,Huber,b1-v0.3,b1-contract-0.6,SIH26170-MOCK-02
C0322,L006,CMOS_A,Output_Fall_Time_ns,ns,8.18025,8.14524,8.37074,,,NONE,,0.19049,2.329,7.6846,7.73546,0.61322,7.87735,22.0,UPPER,DATASHEET_CALIBRATED,13.62926,0.9521,0.2,TEAM_PLACEHOLDER_v0_UNVALIDATED,PASS,B_OK,False,Huber,b1-v0.3,b1-contract-0.6,SIH26170-MOCK-02
C0323,L006,CMOS_A,Output_Fall_Time_ns,ns,7.97133,7.97492,8.18571,,,NONE,,0.21438,2.689,7.6846,7.73546,0.61322,7.87735,22.0,UPPER,DATASHEET_CALIBRATED,13.81429,0.965,0.2,TEAM_PLACEHOLDER_v0_UNVALIDATED,PASS,B_OK,False,Huber,b1-v0.3,b1-contract-0.6,SIH26170-MOCK-02
C0324,L006,CMOS_A,Output_Fall_Time_ns,ns,7.13247,7.22426,7.39878,,,NONE,,0.26631,3.734,7.6846,7.73546,0.61322,7.87735,22.0,UPPER,DATASHEET_CALIBRATED,14.60122,1.02,0.2,TEAM_PLACEHOLDER_v0_UNVALIDATED,PASS,B_OK,False,Huber,b1-v0.3,b1-contract-0.6,SIH26170-MOCK-02
C0325,L006,CMOS_A,Output_Fall_Time_ns,ns,7.58094,7.68139,7.85633,,,NONE,,0.27539,3.633,7.6846,7.73546,0.61322,7.87735,22.0,UPPER,DATASHEET_CALIBRATED,14.14367,0.988,0.2,TEAM_PLACEHOLDER_v0_UNVALIDATED,PASS,B_OK,False,Huber,b1-v0.3,b1-contract-0.6,SIH26170-MOCK-02
C0326,L006,CMOS_A,Output_Fall_Time_ns,ns,7.27713,7.28688,7.49031,,,NONE,,0.21318,2.929,7.6846,7.73546,0.61322,7.87735,22.0,UPPER,DATASHEET_CALIBRATED,14.50969,1.0136,0.2,TEAM_PLACEHOLDER_v0_UNVALIDATED,PASS,B_OK,False,Huber,b1-v0.3,b1-contract-0.6,SIH26170-MOCK-02
C0327,L006,CMOS_A,Output_Fall_Time_ns,ns,6.94334,7.21964,7.33022,,,NONE,,0.38688,5.572,7.6846,7.73546,0.61322,7.87735,22.0,UPPER,DATASHEET_CALIBRATED,14.66978,1.0248,0.2,TEAM_PLACEHOLDER_v0_UNVALIDATED,PASS,B_OK,False,Huber,b1-v0.3,b1-contract-0.6,SIH26170-MOCK-02
C0328,L006,CMOS_A,Output_Fall_Time_ns,ns,7.72134,7.59123,7.84554,,,NONE,,0.1242,1.608,7.6846,7.73546,0.61322,7.87735,22.0,UPPER,DATASHEET_CALIBRATED,14.15446,0.9888,0.2,TEAM_PLACEHOLDER_v0_UNVALIDATED,PASS,B_OK,False,Huber,b1-v0.3,b1-contract-0.6,SIH26170-MOCK-02
C0329,L006,CMOS_A,Output_Fall_Time_ns,ns,7.57043,7.60201,7.80025,,,NONE,,0.22982,3.036,7.6846,7.73546,0.61322,7.87735,22.0,UPPER,DATASHEET_CALIBRATED,14.19975,0.9919,0.2,TEAM_PLACEHOLDER_v0_UNVALIDATED,PASS,B_OK,False,Huber,b1-v0.3,b1-contract-0.6,SIH26170-MOCK-02
C0330,L006,CMOS_A,Output_Fall_Time_ns,ns,7.83257,7.90211,8.08943,,,NONE,,0.25686,3.279,7.6846,7.73546,0.61322,7.87735,22.0,UPPER,DATASHEET_CALIBRATED,13.91057,0.9717,0.2,TEAM_PLACEHOLDER_v0_UNVALIDATED,PASS,B_OK,False,Huber,b1-v0.3,b1-contract-0.6,SIH26170-MOCK-02
C0331,L006,CMOS_A,Output_Fall_Time_ns,ns,7.38405,7.41454,7.61174,,,NONE,,0.22769,3.084,7.6846,7.73546,0.61322,7.87735,22.0,UPPER,DATASHEET_CALIBRATED,14.38826,1.0051,0.2,TEAM_PLACEHOLDER_v0_UNVALIDATED,PASS,B_OK,False,Huber,b1-v0.3,b1-contract-0.6,SIH26170-MOCK-02
C0332,L006,CMOS_A,Output_Fall_Time_ns,ns,7.80671,8.09014,8.2046,,,NONE,,0.39789,5.097,7.6846,7.73546,0.61322,7.87735,22.0,UPPER,DATASHEET_CALIBRATED,13.7954,0.9637,0.2,TEAM_PLACEHOLDER_v0_UNVALIDATED,PASS,B_OK,False,Huber,b1-v0.3,b1-contract-0.6,SIH26170-MOCK-02
C0333,L006,CMOS_A,Output_Fall_Time_ns,ns,8.02666,8.08883,8.28012,,,NONE,,0.25346,3.158,7.6846,7.73546,0.61322,7.87735,22.0,UPPER,DATASHEET_CALIBRATED,13.71988,0.9584,0.2,TEAM_PLACEHOLDER_v0_UNVALIDATED,PASS,B_OK,False,Huber,b1-v0.3,b1-contract-0.6,SIH26170-MOCK-02
C0538,L011,CMOS_B,Output_Fall_Time_ns,ns,3.24823,3.2156,3.32226,,,NONE,,0.07403,2.279,3.42243,3.44985,0.26002,3.53086,8.0,UPPER,ASSUMED_MOCK,4.67774,1.0219,0.2,TEAM_PLACEHOLDER_v0_UNVALIDATED,PASS,B_OK,False,Huber,b1-v0.3,b1-contract-0.6,SIH26170-MOCK-02
C0539,L011,CMOS_B,Output_Fall_Time_ns,ns,3.54485,3.58818,3.68252,,,NONE,,0.13767,3.884,3.42243,3.44985,0.26002,3.53086,8.0,UPPER,ASSUMED_MOCK,4.31748,0.9432,0.2,TEAM_PLACEHOLDER_v0_UNVALIDATED,PASS,B_OK,False,Huber,b1-v0.3,b1-contract-0.6,SIH26170-MOCK-02
C0540,L011,CMOS_B,Output_Fall_Time_ns,ns,3.27105,3.28417,3.37579,,,NONE,,0.10474,3.202,3.42243,3.44985,0.26002,3.53086,8.0,UPPER,ASSUMED_MOCK,4.62421,1.0102,0.2,TEAM_PLACEHOLDER_v0_UNVALIDATED,PASS,B_OK,False,Huber,b1-v0.3,b1-contract-0.6,SIH26170-MOCK-02
C0541,L011,CMOS_B,Output_Fall_Time_ns,ns,3.47455,3.48682,3.58606,,,NONE,,0.11151,3.209,3.42243,3.44985,0.26002,3.53086,8.0,UPPER,ASSUMED_MOCK,4.41394,0.9643,0.2,TEAM_PLACEHOLDER_v0_UNVALIDATED,PASS,B_OK,False,Huber,b1-v0.3,b1-contract-0.6,SIH26170-MOCK-02
C0542,L011,CMOS_B,Output_Fall_Time_ns,ns,3.55578,3.54858,3.65528,,,NONE,,0.0995,2.798,3.42243,3.44985,0.26002,3.53086,8.0,UPPER,ASSUMED_MOCK,4.34472,0.9491,0.2,TEAM_PLACEHOLDER_v0_UNVALIDATED,PASS,B_OK,False,Huber,b1-v0.3,b1-contract-0.6,SIH26170-MOCK-02
C0543,L011,CMOS_B,Output_Fall_Time_ns,ns,3.6592,3.60348,3.72295,,,NONE,,0.06375,1.742,3.42243,3.44985,0.26002,3.53086,8.0,UPPER,ASSUMED_MOCK,4.27705,0.9343,0.2,TEAM_PLACEHOLDER_v0_UNVALIDATED,PASS,B_OK,False,Huber,b1-v0.3,b1-contract-0.6,SIH26170-MOCK-02
C0544,L011,CMOS_B,Output_Fall_Time_ns,ns,3.47453,3.70772,3.74897,,,NONE,,0.27444,7.899,3.42243,3.44985,0.26002,3.53086,8.0,UPPER,ASSUMED_MOCK,4.25103,0.9287,0.2,TEAM_PLACEHOLDER_v0_UNVALIDATED,PASS,B_OK,False,Huber,b1-v0.3,b1-contract-0.6,SIH26170-MOCK-02
C0545,L011,CMOS_B,Output_Fall_Time_ns,ns,3.34238,3.36495,3.45624,,,NONE,,0.11386,3.406,3.42243,3.44985,0.26002,3.53086,8.0,UPPER,ASSUMED_MOCK,4.54376,0.9926,0.2,TEAM_PLACEHOLDER_v0_UNVALIDATED,PASS,B_OK,False,Huber,b1-v0.3,b1-contract-0.6,SIH26170-MOCK-02
C0546,L011,CMOS_B,Output_Fall_Time_ns,ns,3.50461,3.37666,3.51231,,,NONE,,0.0077,0.22,3.42243,3.44985,0.26002,3.53086,8.0,UPPER,ASSUMED_MOCK,4.48769,0.9804,0.2,TEAM_PLACEHOLDER_v0_UNVALIDATED,PASS,B_OK,False,Huber,b1-v0.3,b1-contract-0.6,SIH26170-MOCK-02
C0547,L011,CMOS_B,Output_Fall_Time_ns,ns,3.42656,3.51502,3.59124,,,NONE,,0.16468,4.806,3.42243,3.44985,0.26002,3.53086,8.0,UPPER,ASSUMED_MOCK,4.40876,0.9631,0.2,TEAM_PLACEHOLDER_v0_UNVALIDATED,PASS,B_OK,False,Huber,b1-v0.3,b1-contract-0.6,SIH26170-MOCK-02
C0548,L011,CMOS_B,Output_Fall_Time_ns,ns,7.39742,7.60842,7.91498,,,NONE,,0.51756,6.996,3.42243,3.44985,0.26002,3.53086,8.0,UPPER,ASSUMED_MOCK,0.08502,0.0186,0.2,TEAM_PLACEHOLDER_v0_UNVALIDATED,MONITOR,B_MARGIN_LOW,False,Huber,b1-v0.3,b1-contract-0.6,SIH26170-MOCK-02
C0549,L011,CMOS_B,Output_Fall_Time_ns,ns,3.39763,3.37235,3.47972,,,NONE,,0.08209,2.416,3.42243,3.44985,0.26002,3.53086,8.0,UPPER,ASSUMED_MOCK,4.52028,0.9875,0.2,TEAM_PLACEHOLDER_v0_UNVALIDATED,PASS,B_OK,False,Huber,b1-v0.3,b1-contract-0.6,SIH26170-MOCK-02
C0550,L011,CMOS_B,Output_Fall_Time_ns,ns,3.5046,3.57752,3.66254,,,NONE,,0.15794,4.507,3.42243,3.44985,0.26002,3.53086,8.0,UPPER,ASSUMED_MOCK,4.33746,0.9475,0.2,TEAM_PLACEHOLDER_v0_UNVALIDATED,PASS,B_OK,False,Huber,b1-v0.3,b1-contract-0.6,SIH26170-MOCK-02
C0551,L011,CMOS_B,Output_Fall_Time_ns,ns,3.5683,3.53061,3.6447,,,NONE,,0.0764,2.141,3.42243,3.44985,0.26002,3.53086,8.0,UPPER,ASSUMED_MOCK,4.3553,0.9514,0.2,TEAM_PLACEHOLDER_v0_UNVALIDATED,PASS,B_OK,False,Huber,b1-v0.3,b1-contract-0.6,SIH26170-MOCK-02
C0552,L011,CMOS_B,Output_Fall_Time_ns,ns,3.37851,3.43797,3.51974,,,NONE,,0.14123,4.18,3.42243,3.44985,0.26002,3.53086,8.0,UPPER,ASSUMED_MOCK,4.48026,0.9787,0.2,TEAM_PLACEHOLDER_v0_UNVALIDATED,PASS,B_OK,False,Huber,b1-v0.3,b1-contract-0.6,SIH26170-MOCK-02
C0553,L011,CMOS_B,Output_Fall_Time_ns,ns,3.57964,3.50138,3.62489,,,NONE,,0.04525,1.264,3.42243,3.44985,0.26002,3.53086,8.0,UPPER,ASSUMED_MOCK,4.37511,0.9558,0.2,TEAM_PLACEHOLDER_v0_UNVALIDATED,PASS,B_OK,False,Huber,b1-v0.3,b1-contract-0.6,SIH26170-MOCK-02
C0554,L011,CMOS_B,Output_Fall_Time_ns,ns,3.35096,3.48415,3.54178,,,NONE,,0.19082,5.695,3.42243,3.44985,0.26002,3.53086,8.0,UPPER,ASSUMED_MOCK,4.45822,0.9739,0.2,TEAM_PLACEHOLDER_v0_UNVALIDATED,PASS,B_OK,False,Huber,b1-v0.3,b1-contract-0.6,SIH26170-MOCK-02
C0555,L011,CMOS_B,Output_Fall_Time_ns,ns,3.2349,3.31729,3.38316,,,NONE,,0.14826,4.583,3.42243,3.44985,0.26002,3.53086,8.0,UPPER,ASSUMED_MOCK,4.61684,1.0086,0.2,TEAM_PLACEHOLDER_v0_UNVALIDATED,PASS,B_OK,False,Huber,b1-v0.3,b1-contract-0.6,SIH26170-MOCK-02
C0556,L011,CMOS_B,Output_Fall_Time_ns,ns,3.02945,3.08069,3.14654,,,NONE,,0.11709,3.865,3.42243,3.44985,0.26002,3.53086,8.0,UPPER,ASSUMED_MOCK,4.85346,1.0603,0.2,TEAM_PLACEHOLDER_v0_UNVALIDATED,PASS,B_OK,False,Huber,b1-v0.3,b1-contract-0.6,SIH26170-MOCK-02
C0557,L011,CMOS_B,Output_Fall_Time_ns,ns,3.30402,3.40664,3.47035,,,NONE,,0.16633,5.034,3.42243,3.44985,0.26002,3.53086,8.0,UPPER,ASSUMED_MOCK,4.52965,0.9895,0.2,TEAM_PLACEHOLDER_v0_UNVALIDATED,PASS,B_OK,False,Huber,b1-v0.3,b1-contract-0.6,SIH26170-MOCK-02
C0558,L011,CMOS_B,Output_Fall_Time_ns,ns,3.38866,3.39782,3.49489,,,NONE,,0.10623,3.135,3.42243,3.44985,0.26002,3.53086,8.0,UPPER,ASSUMED_MOCK,4.50511,0.9842,0.2,TEAM_PLACEHOLDER_v0_UNVALIDATED,PASS,B_OK,False,Huber,b1-v0.3,b1-contract-0.6,SIH26170-MOCK-02
C0559,L011,CMOS_B,Output_Fall_Time_ns,ns,3.01462,2.96041,3.07268,,,NONE,,0.05806,1.926,3.42243,3.44985,0.26002,3.53086,8.0,UPPER,ASSUMED_MOCK,4.92732,1.0764,0.2,TEAM_PLACEHOLDER_v0_UNVALIDATED,PASS,B_OK,False,Huber,b1-v0.3,b1-contract-0.6,SIH26170-MOCK-02
C0560,L011,CMOS_B,Output_Fall_Time_ns,ns,3.32538,3.34143,3.4341,,,NONE,,0.10872,3.27,3.42243,3.44985,0.26002,3.53086,8.0,UPPER,ASSUMED_MOCK,4.5659,0.9974,0.2,TEAM_PLACEHOLDER_v0_UNVALIDATED,PASS,B_OK,False,Huber,b1-v0.3,b1-contract-0.6,SIH26170-MOCK-02
C0561,L011,CMOS_B,Output_Fall_Time_ns,ns,3.47735,3.50941,3.60357,,,NONE,,0.12622,3.63,3.42243,3.44985,0.26002,3.53086,8.0,UPPER,ASSUMED_MOCK,4.39643,0.9604,0.2,TEAM_PLACEHOLDER_v0_UNVALIDATED,PASS,B_OK,False,Huber,b1-v0.3,b1-contract-0.6,SIH26170-MOCK-02
C0562,L011,CMOS_B,Output_Fall_Time_ns,ns,3.66014,3.75124,3.84124,,,NONE,,0.1811,4.948,3.42243,3.44985,0.26002,3.53086,8.0,UPPER,ASSUMED_MOCK,4.15876,0.9085,0.2,TEAM_PLACEHOLDER_v0_UNVALIDATED,PASS,B_OK,False,Huber,b1-v0.3,b1-contract-0.6,SIH26170-MOCK-02
C0563,L011,CMOS_B,Output_Fall_Time_ns,ns,3.27819,3.31064,3.39604,,,NONE,,0.11785,3.595,3.42243,3.44985,0.26002,3.53086,8.0,UPPER,ASSUMED_MOCK,4.60396,1.0058,0.2,TEAM_PLACEHOLDER_v0_UNVALIDATED,PASS,B_OK,False,Huber,b1-v0.3,b1-contract-0.6,SIH26170-MOCK-02
C0564,L011,CMOS_B,Output_Fall_Time_ns,ns,3.41199,3.42241,3.51993,,,NONE,,0.10794,3.164,3.42243,3.44985,0.26002,3.53086,8.0,UPPER,ASSUMED_MOCK,4.48007,0.9787,0.2,TEAM_PLACEHOLDER_v0_UNVALIDATED,PASS,B_OK,False,Huber,b1-v0.3,b1-contract-0.6,SIH26170-MOCK-02
C0565,L011,CMOS_B,Output_Fall_Time_ns,ns,3.46656,3.48389,3.5815,,,NONE,,0.11494,3.316,3.42243,3.44985,0.26002,3.53086,8.0,UPPER,ASSUMED_MOCK,4.4185,0.9653,0.2,TEAM_PLACEHOLDER_v0_UNVALIDATED,PASS,B_OK,False,Huber,b1-v0.3,b1-contract-0.6,SIH26170-MOCK-02
C0566,L011,CMOS_B,Output_Fall_Time_ns,ns,3.72925,3.77429,3.87668,,,NONE,,0.14743,3.953,3.42243,3.44985,0.26002,3.53086,8.0,UPPER,ASSUMED_MOCK,4.12332,0.9008,0.2,TEAM_PLACEHOLDER_v0_UNVALIDATED,PASS,B_OK,False,Huber,b1-v0.3,b1-contract-0.6,SIH26170-MOCK-02
C0567,L011,CMOS_B,Output_Fall_Time_ns,ns,3.26116,3.33368,3.40462,,,NONE,,0.14346,4.399,3.42243,3.44985,0.26002,3.53086,8.0,UPPER,ASSUMED_MOCK,4.59538,1.0039,0.2,TEAM_PLACEHOLDER_v0_UNVALIDATED,PASS,B_OK,False,Huber,b1-v0.3,b1-contract-0.6,SIH26170-MOCK-02
C0568,L011,CMOS_B,Output_Fall_Time_ns,ns,3.43003,3.49924,3.58104,,,NONE,,0.15101,4.402,3.42243,3.44985,0.26002,3.53086,8.0,UPPER,ASSUMED_MOCK,4.41896,0.9654,0.2,TEAM_PLACEHOLDER_v0_UNVALIDATED,PASS,B_OK,False,Huber,b1-v0.3,b1-contract-0.6,SIH26170-MOCK-02
C0569,L011,CMOS_B,Output_Fall_Time_ns,ns,3.5805,3.62734,3.72252,,,NONE,,0.14202,3.966,3.42243,3.44985,0.26002,3.53086,8.0,UPPER,ASSUMED_MOCK,4.27748,0.9344,0.2,TEAM_PLACEHOLDER_v0_UNVALIDATED,PASS,B_OK,False,Huber,b1-v0.3,b1-contract-0.6,SIH26170-MOCK-02
C0570,L011,CMOS_B,Output_Fall_Time_ns,ns,3.17338,3.18718,3.27495,,,NONE,,0.10157,3.201,3.42243,3.44985,0.26002,3.53086,8.0,UPPER,ASSUMED_MOCK,4.72505,1.0322,0.2,TEAM_PLACEHOLDER_v0_UNVALIDATED,PASS,B_OK,False,Huber,b1-v0.3,b1-contract-0.6,SIH26170-MOCK-02
C0571,L011,CMOS_B,Output_Fall_Time_ns,ns,3.27736,3.31123,3.39611,,,NONE,,0.11875,3.623,3.42243,3.44985,0.26002,3.53086,8.0,UPPER,ASSUMED_MOCK,4.60389,1.0057,0.2,TEAM_PLACEHOLDER_v0_UNVALIDATED,PASS,B_OK,False,Huber,b1-v0.3,b1-contract-0.6,SIH26170-MOCK-02
C0572,L011,CMOS_B,Output_Fall_Time_ns,ns,3.62902,3.63299,3.73947,,,NONE,,0.11045,3.044,3.42243,3.44985,0.26002,3.53086,8.0,UPPER,ASSUMED_MOCK,4.26053,0.9307,0.2,TEAM_PLACEHOLDER_v0_UNVALIDATED,PASS,B_OK,False,Huber,b1-v0.3,b1-contract-0.6,SIH26170-MOCK-02
C0573,L011,CMOS_B,Output_Fall_Time_ns,ns,3.44244,3.46383,3.55942,,,NONE,,0.11698,3.398,3.42243,3.44985,0.26002,3.53086,8.0,UPPER,ASSUMED_MOCK,4.44058,0.9701,0.2,TEAM_PLACEHOLDER_v0_UNVALIDATED,PASS,B_OK,False,Huber,b1-v0.3,b1-contract-0.6,SIH26170-MOCK-02
C0574,L011,CMOS_B,Output_Fall_Time_ns,ns,3.46578,3.46173,3.56499,,,NONE,,0.09921,2.862,3.42243,3.44985,0.26002,3.53086,8.0,UPPER,ASSUMED_MOCK,4.43501,0.9689,0.2,TEAM_PLACEHOLDER_v0_UNVALIDATED,PASS,B_OK,False,Huber,b1-v0.3,b1-contract-0.6,SIH26170-MOCK-02
C0575,L011,CMOS_B,Output_Fall_Time_ns,ns,3.05346,3.04847,3.13982,,,NONE,,0.08636,2.828,3.42243,3.44985,0.26002,3.53086,8.0,UPPER,ASSUMED_MOCK,4.86018,1.0617,0.2,TEAM_PLACEHOLDER_v0_UNVALIDATED,PASS,B_OK,False,Huber,b1-v0.3,b1-contract-0.6,SIH26170-MOCK-02
C0576,L011,CMOS_B,Output_Fall_Time_ns,ns,3.77494,3.90646,3.99657,,,NONE,,0.22163,5.871,3.42243,3.44985,0.26002,3.53086,8.0,UPPER,ASSUMED_MOCK,4.00343,0.8746,0.2,TEAM_PLACEHOLDER_v0_UNVALIDATED,PASS,B_OK,False,Huber,b1-v0.3,b1-contract-0.6,SIH26170-MOCK-02
C0577,L011,CMOS_B,Output_Fall_Time_ns,ns,3.1585,3.20899,3.28211,,,NONE,,0.12361,3.913,3.42243,3.44985,0.26002,3.53086,8.0,UPPER,ASSUMED_MOCK,4.71789,1.0307,0.2,TEAM_PLACEHOLDER_v0_UNVALIDATED,PASS,B_OK,False,Huber,b1-v0.3,b1-contract-0.6,SIH26170-MOCK-02
C0578,L011,CMOS_B,Output_Fall_Time_ns,ns,3.4183,3.38047,3.49184,,,NONE,,0.07354,2.151,3.42243,3.44985,0.26002,3.53086,8.0,UPPER,ASSUMED_MOCK,4.50816,0.9848,0.2,TEAM_PLACEHOLDER_v0_UNVALIDATED,PASS,B_OK,False,Huber,b1-v0.3,b1-contract-0.6,SIH26170-MOCK-02
C0579,L011,CMOS_B,Output_Fall_Time_ns,ns,3.54412,3.51591,3.62729,,,NONE,,0.08317,2.347,3.42243,3.44985,0.26002,3.53086,8.0,UPPER,ASSUMED_MOCK,4.37271,0.9552,0.2,TEAM_PLACEHOLDER_v0_UNVALIDATED,PASS,B_OK,False,Huber,b1-v0.3,b1-contract-0.6,SIH26170-MOCK-02
C0580,L011,CMOS_B,Output_Fall_Time_ns,ns,3.16744,3.13459,3.23988,,,NONE,,0.07244,2.287,3.42243,3.44985,0.26002,3.53086,8.0,UPPER,ASSUMED_MOCK,4.76012,1.0399,0.2,TEAM_PLACEHOLDER_v0_UNVALIDATED,PASS,B_OK,False,Huber,b1-v0.3,b1-contract-0.6,SIH26170-MOCK-02
C0581,L011,CMOS_B,Output_Fall_Time_ns,ns,3.94117,4.02199,4.12955,,,NONE,,0.18838,4.78,3.42243,3.44985,0.26002,3.53086,8.0,UPPER,ASSUMED_MOCK,3.87045,0.8455,0.2,TEAM_PLACEHOLDER_v0_UNVALIDATED,PASS,B_OK,False,Huber,b1-v0.3,b1-contract-0.6,SIH26170-MOCK-02
C0582,L011,CMOS_B,Output_Fall_Time_ns,ns,3.41801,3.4097,3.51273,,,NONE,,0.09472,2.771,3.42243,3.44985,0.26002,3.53086,8.0,UPPER,ASSUMED_MOCK,4.48727,0.9803,0.2,TEAM_PLACEHOLDER_v0_UNVALIDATED,PASS,B_OK,False,Huber,b1-v0.3,b1-contract-0.6,SIH26170-MOCK-02
C0583,L011,CMOS_B,Output_Fall_Time_ns,ns,3.3665,3.38766,3.48034,,,NONE,,0.11384,3.381,3.42243,3.44985,0.26002,3.53086,8.0,UPPER,ASSUMED_MOCK,4.51966,0.9873,0.2,TEAM_PLACEHOLDER_v0_UNVALIDATED,PASS,B_OK,False,Huber,b1-v0.3,b1-contract-0.6,SIH26170-MOCK-02
C0584,L012,CMOS_B,Output_Fall_Time_ns,ns,3.31208,3.41785,3.47957,,,NONE,,0.16749,5.057,3.4414,3.4718,0.23202,3.56205,8.0,UPPER,ASSUMED_MOCK,4.52043,0.9916,0.2,TEAM_PLACEHOLDER_v0_UNVALIDATED,PASS,B_OK,False,Huber,b1-v0.3,b1-contract-0.6,SIH26170-MOCK-02
C0585,L012,CMOS_B,Output_Fall_Time_ns,ns,3.29684,3.31087,3.40158,,,NONE,,0.10474,3.177,3.4414,3.4718,0.23202,3.56205,8.0,UPPER,ASSUMED_MOCK,4.59842,1.0087,0.2,TEAM_PLACEHOLDER_v0_UNVALIDATED,PASS,B_OK,False,Huber,b1-v0.3,b1-contract-0.6,SIH26170-MOCK-02
C0586,L012,CMOS_B,Output_Fall_Time_ns,ns,3.3765,3.44845,3.52483,,,NONE,,0.14833,4.393,3.4414,3.4718,0.23202,3.56205,8.0,UPPER,ASSUMED_MOCK,4.47517,0.9817,0.2,TEAM_PLACEHOLDER_v0_UNVALIDATED,PASS,B_OK,False,Huber,b1-v0.3,b1-contract-0.6,SIH26170-MOCK-02
C0587,L012,CMOS_B,Output_Fall_Time_ns,ns,3.30292,3.3581,3.43563,,,NONE,,0.13271,4.018,3.4414,3.4718,0.23202,3.56205,8.0,UPPER,ASSUMED_MOCK,4.56437,1.0013,0.2,TEAM_PLACEHOLDER_v0_UNVALIDATED,PASS,B_OK,False,Huber,b1-v0.3,b1-contract-0.6,SIH26170-MOCK-02
C0588,L012,CMOS_B,Output_Fall_Time_ns,ns,3.79359,4.0377,4.10946,,,NONE,,0.31587,8.326,3.4414,3.4718,0.23202,3.56205,8.0,UPPER,ASSUMED_MOCK,3.89054,0.8535,0.2,TEAM_PLACEHOLDER_v0_UNVALIDATED,PASS,B_OK,False,Huber,b1-v0.3,b1-contract-0.6,SIH26170-MOCK-02
C0589,L012,CMOS_B,Output_Fall_Time_ns,ns,3.70718,3.64603,3.76558,,,NONE,,0.0584,1.575,3.4414,3.4718,0.23202,3.56205,8.0,UPPER,ASSUMED_MOCK,4.23442,0.9289,0.2,TEAM_PLACEHOLDER_v0_UNVALIDATED,PASS,B_OK,False,Huber,b1-v0.3,b1-contract-0.6,SIH26170-MOCK-02
C0590,L012,CMOS_B,Output_Fall_Time_ns,ns,3.54455,3.63292,3.71492,,,NONE,,0.17037,4.806,3.4414,3.4718,0.23202,3.56205,8.0,UPPER,ASSUMED_MOCK,4.28508,0.94,0.2,TEAM_PLACEHOLDER_v0_UNVALIDATED,PASS,B_OK,False,Huber,b1-v0.3,b1-contract-0.6,SIH26170-MOCK-02
C0591,L012,CMOS_B,Output_Fall_Time_ns,ns,3.46204,3.44628,3.55097,,,NONE,,0.08893,2.569,3.4414,3.4718,0.23202,3.56205,8.0,UPPER,ASSUMED_MOCK,4.44903,0.976,0.2,TEAM_PLACEHOLDER_v0_UNVALIDATED,PASS,B_OK,False,Huber,b1-v0.3,b1-contract-0.6,SIH26170-MOCK-02
C0592,L012,CMOS_B,Output_Fall_Time_ns,ns,3.47141,3.55642,3.63479,,,NONE,,0.16338,4.707,3.4414,3.4718,0.23202,3.56205,8.0,UPPER,ASSUMED_MOCK,4.36521,0.9576,0.2,TEAM_PLACEHOLDER_v0_UNVALIDATED,PASS,B_OK,False,Huber,b1-v0.3,b1-contract-0.6,SIH26170-MOCK-02
C0593,L012,CMOS_B,Output_Fall_Time_ns,ns,3.6227,3.78379,3.85504,,,NONE,,0.23234,6.413,3.4414,3.4718,0.23202,3.56205,8.0,UPPER,ASSUMED_MOCK,4.14496,0.9093,0.2,TEAM_PLACEHOLDER_v0_UNVALIDATED,PASS,B_OK,False,Huber,b1-v0.3,b1-contract-0.6,SIH26170-MOCK-02
C0594,L012,CMOS_B,Output_Fall_Time_ns,ns,3.59021,3.74102,3.81184,,,NONE,,0.22163,6.173,3.4414,3.4718,0.23202,3.56205,8.0,UPPER,ASSUMED_MOCK,4.18816,0.9187,0.2,TEAM_PLACEHOLDER_v0_UNVALIDATED,PASS,B_OK,False,Huber,b1-v0.3,b1-contract-0.6,SIH26170-MOCK-02
C0595,L012,CMOS_B,Output_Fall_Time_ns,ns,3.26919,3.26947,3.36382,,,NONE,,0.09463,2.895,3.4414,3.4718,0.23202,3.56205,8.0,UPPER,ASSUMED_MOCK,4.63618,1.017,0.2,TEAM_PLACEHOLDER_v0_UNVALIDATED,PASS,B_OK,False,Huber,b1-v0.3,b1-contract-0.6,SIH26170-MOCK-02
C0596,L012,CMOS_B,Output_Fall_Time_ns,ns,3.52812,3.59119,3.67836,,,NONE,,0.15024,4.258,3.4414,3.4718,0.23202,3.56205,8.0,UPPER,ASSUMED_MOCK,4.32164,0.948,0.2,TEAM_PLACEHOLDER_v0_UNVALIDATED,PASS,B_OK,False,Huber,b1-v0.3,b1-contract-0.6,SIH26170-MOCK-02
C0597,L012,CMOS_B,Output_Fall_Time_ns,ns,3.16617,3.18186,3.2671,,,NONE,,0.10093,3.188,3.4414,3.4718,0.23202,3.56205,8.0,UPPER,ASSUMED_MOCK,4.7329,1.0382,0.2,TEAM_PLACEHOLDER_v0_UNVALIDATED,PASS,B_OK,False,Huber,b1-v0.3,b1-contract-0.6,SIH26170-MOCK-02
C0598,L012,CMOS_B,Output_Fall_Time_ns,ns,3.30823,4.03883,3.89807,,,NONE,,0.58984,17.829,3.4414,3.4718,0.23202,3.56205,8.0,UPPER,ASSUMED_MOCK,4.10193,0.8998,0.2,TEAM_PLACEHOLDER_v0_UNVALIDATED,PASS,B_OK,False,Huber,b1-v0.3,b1-contract-0.6,SIH26170-MOCK-02
C0599,L012,CMOS_B,Output_Fall_Time_ns,ns,3.19973,3.24038,3.31773,,,NONE,,0.118,3.688,3.4414,3.4718,0.23202,3.56205,8.0,UPPER,ASSUMED_MOCK,4.68227,1.0271,0.2,TEAM_PLACEHOLDER_v0_UNVALIDATED,PASS,B_OK,False,Huber,b1-v0.3,b1-contract-0.6,SIH26170-MOCK-02
C0600,L012,CMOS_B,Output_Fall_Time_ns,ns,3.3658,3.29442,3.41343,,,NONE,,0.04763,1.415,3.4414,3.4718,0.23202,3.56205,8.0,UPPER,ASSUMED_MOCK,4.58657,1.0061,0.2,TEAM_PLACEHOLDER_v0_UNVALIDATED,PASS,B_OK,False,Huber,b1-v0.3,b1-contract-0.6,SIH26170-MOCK-02
C0601,L012,CMOS_B,Output_Fall_Time_ns,ns,3.70066,3.60298,3.72932,,,NONE,,0.02866,0.775,3.4414,3.4718,0.23202,3.56205,8.0,UPPER,ASSUMED_MOCK,4.27068,0.9368,0.2,TEAM_PLACEHOLDER_v0_UNVALIDATED,PASS,B_OK,False,Huber,b1-v0.3,b1-contract-0.6,SIH26170-MOCK-02
C0602,L012,CMOS_B,Output_Fall_Time_ns,ns,3.44455,3.46317,3.55802,,,NONE,,0.11347,3.294,3.4414,3.4718,0.23202,3.56205,8.0,UPPER,ASSUMED_MOCK,4.44198,0.9744,0.2,TEAM_PLACEHOLDER_v0_UNVALIDATED,PASS,B_OK,False,Huber,b1-v0.3,b1-contract-0.6,SIH26170-MOCK-02
C0603,L012,CMOS_B,Output_Fall_Time_ns,ns,3.46681,3.54762,3.62682,,,NONE,,0.16001,4.616,3.4414,3.4718,0.23202,3.56205,8.0,UPPER,ASSUMED_MOCK,4.37318,0.9593,0.2,TEAM_PLACEHOLDER_v0_UNVALIDATED,PASS,B_OK,False,Huber,b1-v0.3,b1-contract-0.6,SIH26170-MOCK-02
C0604,L012,CMOS_B,Output_Fall_Time_ns,ns,3.43826,3.51482,3.59348,,,NONE,,0.15522,4.515,3.4414,3.4718,0.23202,3.56205,8.0,UPPER,ASSUMED_MOCK,4.40652,0.9666,0.2,TEAM_PLACEHOLDER_v0_UNVALIDATED,PASS,B_OK,False,Huber,b1-v0.3,b1-contract-0.6,SIH26170-MOCK-02
C0605,L012,CMOS_B,Output_Fall_Time_ns,ns,3.41699,3.31964,3.44626,,,NONE,,0.02927,0.857,3.4414,3.4718,0.23202,3.56205,8.0,UPPER,ASSUMED_MOCK,4.55374,0.9989,0.2,TEAM_PLACEHOLDER_v0_UNVALIDATED,PASS,B_OK,False,Huber,b1-v0.3,b1-contract-0.6,SIH26170-MOCK-02
C0606,L012,CMOS_B,Output_Fall_Time_ns,ns,3.52971,3.52863,3.6315,,,NONE,,0.10179,2.884,3.4414,3.4718,0.23202,3.56205,8.0,UPPER,ASSUMED_MOCK,4.3685,0.9583,0.2,TEAM_PLACEHOLDER_v0_UNVALIDATED,PASS,B_OK,False,Huber,b1-v0.3,b1-contract-0.6,SIH26170-MOCK-02
C0607,L012,CMOS_B,Output_Fall_Time_ns,ns,3.17198,3.25734,3.31643,,,NONE,,0.14445,4.554,3.4414,3.4718,0.23202,3.56205,8.0,UPPER,ASSUMED_MOCK,4.68357,1.0274,0.2,TEAM_PLACEHOLDER_v0_UNVALIDATED,PASS,B_OK,False,Huber,b1-v0.3,b1-contract-0.6,SIH26170-MOCK-02
C0608,L012,CMOS_B,Output_Fall_Time_ns,ns,3.21265,3.23426,3.31912,,,NONE,,0.10647,3.314,3.4414,3.4718,0.23202,3.56205,8.0,UPPER,ASSUMED_MOCK,4.68088,1.0268,0.2,TEAM_PLACEHOLDER_v0_UNVALIDATED,PASS,B_OK,False,Huber,b1-v0.3,b1-contract-0.6,SIH26170-MOCK-02
C0609,L012,CMOS_B,Output_Fall_Time_ns,ns,3.43063,3.48042,3.56608,,,NONE,,0.13545,3.948,3.4414,3.4718,0.23202,3.56205,8.0,UPPER,ASSUMED_MOCK,4.43392,0.9727,0.2,TEAM_PLACEHOLDER_v0_UNVALIDATED,PASS,B_OK,False,Huber,b1-v0.3,b1-contract-0.6,SIH26170-MOCK-02
C0610,L012,CMOS_B,Output_Fall_Time_ns,ns,3.46543,3.54497,3.62443,,,NONE,,0.159,4.588,3.4414,3.4718,0.23202,3.56205,8.0,UPPER,ASSUMED_MOCK,4.37557,0.9599,0.2,TEAM_PLACEHOLDER_v0_UNVALIDATED,PASS,B_OK,False,Huber,b1-v0.3,b1-contract-0.6,SIH26170-MOCK-02
C0611,L012,CMOS_B,Output_Fall_Time_ns,ns,3.1569,3.08357,3.20272,,,NONE,,0.04582,1.451,3.4414,3.4718,0.23202,3.56205,8.0,UPPER,ASSUMED_MOCK,4.79728,1.0524,0.2,TEAM_PLACEHOLDER_v0_UNVALIDATED,PASS,B_OK,False,Huber,b1-v0.3,b1-contract-0.6,SIH26170-MOCK-02
C0612,L012,CMOS_B,Output_Fall_Time_ns,ns,3.25905,3.34414,3.40909,,,NONE,,0.15004,4.604,3.4414,3.4718,0.23202,3.56205,8.0,UPPER,ASSUMED_MOCK,4.59091,1.0071,0.2,TEAM_PLACEHOLDER_v0_UNVALIDATED,PASS,B_OK,False,Huber,b1-v0.3,b1-contract-0.6,SIH26170-MOCK-02
C0613,L012,CMOS_B,Output_Fall_Time_ns,ns,3.48844,3.43788,3.55222,,,NONE,,0.06378,1.828,3.4414,3.4718,0.23202,3.56205,8.0,UPPER,ASSUMED_MOCK,4.44778,0.9757,0.2,TEAM_PLACEHOLDER_v0_UNVALIDATED,PASS,B_OK,False,Huber,b1-v0.3,b1-contract-0.6,SIH26170-MOCK-02
C0614,L012,CMOS_B,Output_Fall_Time_ns,ns,3.25053,3.33181,3.39752,,,NONE,,0.14699,4.522,3.4414,3.4718,0.23202,3.56205,8.0,UPPER,ASSUMED_MOCK,4.60248,1.0096,0.2,TEAM_PLACEHOLDER_v0_UNVALIDATED,PASS,B_OK,False,Huber,b1-v0.3,b1-contract-0.6,SIH26170-MOCK-02
C0615,L012,CMOS_B,Output_Fall_Time_ns,ns,3.39213,3.44494,3.52781,,,NONE,,0.13568,4.0,3.4414,3.4718,0.23202,3.56205,8.0,UPPER,ASSUMED_MOCK,4.47219,0.981,0.2,TEAM_PLACEHOLDER_v0_UNVALIDATED,PASS,B_OK,False,Huber,b1-v0.3,b1-contract-0.6,SIH26170-MOCK-02
C0616,L012,CMOS_B,Output_Fall_Time_ns,ns,3.40397,3.41468,3.51027,,,NONE,,0.1063,3.123,3.4414,3.4718,0.23202,3.56205,8.0,UPPER,ASSUMED_MOCK,4.48973,0.9849,0.2,TEAM_PLACEHOLDER_v0_UNVALIDATED,PASS,B_OK,False,Huber,b1-v0.3,b1-contract-0.6,SIH26170-MOCK-02
C0617,L012,CMOS_B,Output_Fall_Time_ns,ns,3.51964,3.49099,3.60035,,,NONE,,0.08071,2.293,3.4414,3.4718,0.23202,3.56205,8.0,UPPER,ASSUMED_MOCK,4.39965,0.9651,0.2,TEAM_PLACEHOLDER_v0_UNVALIDATED,PASS,B_OK,False,Huber,b1-v0.3,b1-contract-0.6,SIH26170-MOCK-02
C0618,L012,CMOS_B,Output_Fall_Time_ns,ns,3.50844,3.5083,3.61027,,,NONE,,0.10183,2.903,3.4414,3.4718,0.23202,3.56205,8.0,UPPER,ASSUMED_MOCK,4.38973,0.963,0.2,TEAM_PLACEHOLDER_v0_UNVALIDATED,PASS,B_OK,False,Huber,b1-v0.3,b1-contract-0.6,SIH26170-MOCK-02
C0619,L012,CMOS_B,Output_Fall_Time_ns,ns,3.6745,3.67282,3.78029,,,NONE,,0.10579,2.879,3.4414,3.4718,0.23202,3.56205,8.0,UPPER,ASSUMED_MOCK,4.21971,0.9257,0.2,TEAM_PLACEHOLDER_v0_UNVALIDATED,PASS,B_OK,False,Huber,b1-v0.3,b1-contract-0.6,SIH26170-MOCK-02
C0620,L012,CMOS_B,Output_Fall_Time_ns,ns,3.55793,3.5326,3.64202,,,NONE,,0.08409,2.363,3.4414,3.4718,0.23202,3.56205,8.0,UPPER,ASSUMED_MOCK,4.35798,0.956,0.2,TEAM_PLACEHOLDER_v0_UNVALIDATED,PASS,B_OK,False,Huber,b1-v0.3,b1-contract-0.6,SIH26170-MOCK-02
C0621,L012,CMOS_B,Output_Fall_Time_ns,ns,3.13442,3.10278,3.20548,,,NONE,,0.07106,2.267,3.4414,3.4718,0.23202,3.56205,8.0,UPPER,ASSUMED_MOCK,4.79452,1.0518,0.2,TEAM_PLACEHOLDER_v0_UNVALIDATED,PASS,B_OK,False,Huber,b1-v0.3,b1-contract-0.6,SIH26170-MOCK-02
C0622,L012,CMOS_B,Output_Fall_Time_ns,ns,3.57007,3.50782,3.626,,,NONE,,0.05593,1.567,3.4414,3.4718,0.23202,3.56205,8.0,UPPER,ASSUMED_MOCK,4.374,0.9595,0.2,TEAM_PLACEHOLDER_v0_UNVALIDATED,PASS,B_OK,False,Huber,b1-v0.3,b1-contract-0.6,SIH26170-MOCK-02
C0623,L012,CMOS_B,Output_Fall_Time_ns,ns,3.37464,3.37215,3.47064,,,NONE,,0.096,2.845,3.4414,3.4718,0.23202,3.56205,8.0,UPPER,ASSUMED_MOCK,4.52936,0.9936,0.2,TEAM_PLACEHOLDER_v0_UNVALIDATED,PASS,B_OK,False,Huber,b1-v0.3,b1-contract-0.6,SIH26170-MOCK-02
C0624,L012,CMOS_B,Output_Fall_Time_ns,ns,3.51833,3.55166,3.64567,,,NONE,,0.12734,3.619,3.4414,3.4718,0.23202,3.56205,8.0,UPPER,ASSUMED_MOCK,4.35433,0.9552,0.2,TEAM_PLACEHOLDER_v0_UNVALIDATED,PASS,B_OK,False,Huber,b1-v0.3,b1-contract-0.6,SIH26170-MOCK-02
C0625,L012,CMOS_B,Output_Fall_Time_ns,ns,3.59706,3.58559,3.69284,,,NONE,,0.09578,2.663,3.4414,3.4718,0.23202,3.56205,8.0,UPPER,ASSUMED_MOCK,4.30716,0.9448,0.2,TEAM_PLACEHOLDER_v0_UNVALIDATED,PASS,B_OK,False,Huber,b1-v0.3,b1-contract-0.6,SIH26170-MOCK-02
C0626,L012,CMOS_B,Output_Fall_Time_ns,ns,3.28819,3.42903,3.4774,,,NONE,,0.18921,5.754,3.4414,3.4718,0.23202,3.56205,8.0,UPPER,ASSUMED_MOCK,4.5226,0.9921,0.2,TEAM_PLACEHOLDER_v0_UNVALIDATED,PASS,B_OK,False,Huber,b1-v0.3,b1-contract-0.6,SIH26170-MOCK-02
C0627,L012,CMOS_B,Output_Fall_Time_ns,ns,3.60062,3.5288,3.64942,,,NONE,,0.0488,1.355,3.4414,3.4718,0.23202,3.56205,8.0,UPPER,ASSUMED_MOCK,4.35058,0.9544,0.2,TEAM_PLACEHOLDER_v0_UNVALIDATED,PASS,B_OK,False,Huber,b1-v0.3,b1-contract-0.6,SIH26170-MOCK-02
C0843,L017,CMOS_C,Output_Fall_Time_ns,ns,1.78983,1.7823,1.83834,,,NONE,,0.04851,2.711,1.78403,1.78912,0.12982,1.84436,4.5,UPPER,ASSUMED_MOCK,2.66166,0.98,0.2,TEAM_PLACEHOLDER_v0_UNVALIDATED,PASS,B_OK,False,Huber,b1-v0.3,b1-contract-0.6,SIH26170-MOCK-02
C0844,L017,CMOS_C,Output_Fall_Time_ns,ns,1.77258,1.83512,1.86183,,,NONE,,0.08925,5.035,1.78403,1.78912,0.12982,1.84436,4.5,UPPER,ASSUMED_MOCK,2.63817,0.9714,0.2,TEAM_PLACEHOLDER_v0_UNVALIDATED,PASS,B_OK,False,Huber,b1-v0.3,b1-contract-0.6,SIH26170-MOCK-02
C0845,L017,CMOS_C,Output_Fall_Time_ns,ns,1.78542,1.79732,1.84551,,,NONE,,0.06009,3.365,1.78403,1.78912,0.12982,1.84436,4.5,UPPER,ASSUMED_MOCK,2.65449,0.9774,0.2,TEAM_PLACEHOLDER_v0_UNVALIDATED,PASS,B_OK,False,Huber,b1-v0.3,b1-contract-0.6,SIH26170-MOCK-02
C0846,L017,CMOS_C,Output_Fall_Time_ns,ns,1.77009,1.78392,1.83096,,,NONE,,0.06087,3.439,1.78403,1.78912,0.12982,1.84436,4.5,UPPER,ASSUMED_MOCK,2.66904,0.9827,0.2,TEAM_PLACEHOLDER_v0_UNVALIDATED,PASS,B_OK,False,Huber,b1-v0.3,b1-contract-0.6,SIH26170-MOCK-02
C0847,L017,CMOS_C,Output_Fall_Time_ns,ns,1.64538,1.66204,1.70429,,,NONE,,0.05891,3.58,1.78403,1.78912,0.12982,1.84436,4.5,UPPER,ASSUMED_MOCK,2.79571,1.0294,0.2,TEAM_PLACEHOLDER_v0_UNVALIDATED,PASS,B_OK,False,Huber,b1-v0.3,b1-contract-0.6,SIH26170-MOCK-02
C0848,L017,CMOS_C,Output_Fall_Time_ns,ns,1.82102,1.82842,1.87902,,,NONE,,0.058,3.185,1.78403,1.78912,0.12982,1.84436,4.5,UPPER,ASSUMED_MOCK,2.62098,0.965,0.2,TEAM_PLACEHOLDER_v0_UNVALIDATED,PASS,B_OK,False,Huber,b1-v0.3,b1-contract-0.6,SIH26170-MOCK-02
C0849,L017,CMOS_C,Output_Fall_Time_ns,ns,1.90119,1.90514,1.95802,,,NONE,,0.05683,2.989,1.78403,1.78912,0.12982,1.84436,4.5,UPPER,ASSUMED_MOCK,2.54198,0.9359,0.2,TEAM_PLACEHOLDER_v0_UNVALIDATED,PASS,B_OK,False,Huber,b1-v0.3,b1-contract-0.6,SIH26170-MOCK-02
C0850,L017,CMOS_C,Output_Fall_Time_ns,ns,1.85745,1.85772,1.91125,,,NONE,,0.0538,2.896,1.78403,1.78912,0.12982,1.84436,4.5,UPPER,ASSUMED_MOCK,2.58875,0.9532,0.2,TEAM_PLACEHOLDER_v0_UNVALIDATED,PASS,B_OK,False,Huber,b1-v0.3,b1-contract-0.6,SIH26170-MOCK-02
C0851,L017,CMOS_C,Output_Fall_Time_ns,ns,1.81349,1.84997,1.88958,,,NONE,,0.07609,4.196,1.78403,1.78912,0.12982,1.84436,4.5,UPPER,ASSUMED_MOCK,2.61042,0.9611,0.2,TEAM_PLACEHOLDER_v0_UNVALIDATED,PASS,B_OK,False,Huber,b1-v0.3,b1-contract-0.6,SIH26170-MOCK-02
C0852,L017,CMOS_C,Output_Fall_Time_ns,ns,1.81544,1.84637,1.88813,,,NONE,,0.07269,4.004,1.78403,1.78912,0.12982,1.84436,4.5,UPPER,ASSUMED_MOCK,2.61187,0.9617,0.2,TEAM_PLACEHOLDER_v0_UNVALIDATED,PASS,B_OK,False,Huber,b1-v0.3,b1-contract-0.6,SIH26170-MOCK-02
C0853,L017,CMOS_C,Output_Fall_Time_ns,ns,1.81951,1.85446,1.89492,,,NONE,,0.07541,4.144,1.78403,1.78912,0.12982,1.84436,4.5,UPPER,ASSUMED_MOCK,2.60508,0.9592,0.2,TEAM_PLACEHOLDER_v0_UNVALIDATED,PASS,B_OK,False,Huber,b1-v0.3,b1-contract-0.6,SIH26170-MOCK-02
C0854,L017,CMOS_C,Output_Fall_Time_ns,ns,1.80186,1.81401,1.86246,,,NONE,,0.0606,3.363,1.78403,1.78912,0.12982,1.84436,4.5,UPPER,ASSUMED_MOCK,2.63754,0.9711,0.2,TEAM_PLACEHOLDER_v0_UNVALIDATED,PASS,B_OK,False,Huber,b1-v0.3,b1-contract-0.6,SIH26170-MOCK-02
C0855,L017,CMOS_C,Output_Fall_Time_ns,ns,1.83151,1.90998,1.93556,,,NONE,,0.10405,5.681,1.78403,1.78912,0.12982,1.84436,4.5,UPPER,ASSUMED_MOCK,2.56444,0.9442,0.2,TEAM_PLACEHOLDER_v0_UNVALIDATED,PASS,B_OK,False,Huber,b1-v0.3,b1-contract-0.6,SIH26170-MOCK-02
C0856,L017,CMOS_C,Output_Fall_Time_ns,ns,1.83954,1.78449,1.85701,,,NONE,,0.01747,0.949,1.78403,1.78912,0.12982,1.84436,4.5,UPPER,ASSUMED_MOCK,2.64299,0.9731,0.2,TEAM_PLACEHOLDER_v0_UNVALIDATED,PASS,B_OK,False,Huber,b1-v0.3,b1-contract-0.6,SIH26170-MOCK-02
C0857,L017,CMOS_C,Output_Fall_Time_ns,ns,1.76704,1.78981,1.83297,,,NONE,,0.06593,3.731,1.78403,1.78912,0.12982,1.84436,4.5,UPPER,ASSUMED_MOCK,2.66703,0.982,0.2,TEAM_PLACEHOLDER_v0_UNVALIDATED,PASS,B_OK,False,Huber,b1-v0.3,b1-contract-0.6,SIH26170-MOCK-02
C0858,L017,CMOS_C,Output_Fall_Time_ns,ns,1.60175,1.61363,1.65754,,,NONE,,0.05579,3.483,1.78403,1.78912,0.12982,1.84436,4.5,UPPER,ASSUMED_MOCK,2.84246,1.0466,0.2,TEAM_PLACEHOLDER_v0_UNVALIDATED,PASS,B_OK,False,Huber,b1-v0.3,b1-contract-0.6,SIH26170-MOCK-02
C0859,L017,CMOS_C,Output_Fall_Time_ns,ns,1.78596,1.88849,1.9001,,,NONE,,0.11414,6.391,1.78403,1.78912,0.12982,1.84436,4.5,UPPER,ASSUMED_MOCK,2.5999,0.9573,0.2,TEAM_PLACEHOLDER_v0_UNVALIDATED,PASS,B_OK,False,Huber,b1-v0.3,b1-contract-0.6,SIH26170-MOCK-02
C0860,L017,CMOS_C,Output_Fall_Time_ns,ns,1.81194,1.81163,1.86497,,,NONE,,0.05303,2.927,1.78403,1.78912,0.12982,1.84436,4.5,UPPER,ASSUMED_MOCK,2.63503,0.9702,0.2,TEAM_PLACEHOLDER_v0_UNVALIDATED,PASS,B_OK,False,Huber,b1-v0.3,b1-contract-0.6,SIH26170-MOCK-02
C0861,L017,CMOS_C,Output_Fall_Time_ns,ns,1.80454,1.87298,1.89991,,,NONE,,0.09537,5.285,1.78403,1.78912,0.12982,1.84436,4.5,UPPER,ASSUMED_MOCK,2.60009,0.9573,0.2,TEAM_PLACEHOLDER_v0_UNVALIDATED,PASS,B_OK,False,Huber,b1-v0.3,b1-contract-0.6,SIH26170-MOCK-02
C0862,L017,CMOS_C,Output_Fall_Time_ns,ns,1.70871,1.63712,1.72476,,,NONE,,0.01605,0.939,1.78403,1.78912,0.12982,1.84436,4.5,UPPER,ASSUMED_MOCK,2.77524,1.0218,0.2,TEAM_PLACEHOLDER_v0_UNVALIDATED,PASS,B_OK,False,Huber,b1-v0.3,b1-contract-0.6,SIH26170-MOCK-02
C0863,L017,CMOS_C,Output_Fall_Time_ns,ns,1.9031,1.89589,1.95193,,,NONE,,0.04883,2.566,1.78403,1.78912,0.12982,1.84436,4.5,UPPER,ASSUMED_MOCK,2.54807,0.9382,0.2,TEAM_PLACEHOLDER_v0_UNVALIDATED,PASS,B_OK,False,Huber,b1-v0.3,b1-contract-0.6,SIH26170-MOCK-02
C0864,L017,CMOS_C,Output_Fall_Time_ns,ns,1.64817,1.66163,1.70578,,,NONE,,0.05761,3.496,1.78403,1.78912,0.12982,1.84436,4.5,UPPER,ASSUMED_MOCK,2.79422,1.0288,0.2,TEAM_PLACEHOLDER_v0_UNVALIDATED,PASS,B_OK,False,Huber,b1-v0.3,b1-contract-0.6,SIH26170-MOCK-02
C0865,L017,CMOS_C,Output_Fall_Time_ns,ns,1.78158,1.78359,1.83573,,,NONE,,0.05415,3.04,1.78403,1.78912,0.12982,1.84436,4.5,UPPER,ASSUMED_MOCK,2.66427,0.981,0.2,TEAM_PLACEHOLDER_v0_UNVALIDATED,PASS,B_OK,False,Huber,b1-v0.3,b1-contract-0.6,SIH26170-MOCK-02
C0866,L017,CMOS_C,Output_Fall_Time_ns,ns,1.78264,1.8112,1.85254,,,NONE,,0.0699,3.921,1.78403,1.78912,0.12982,1.84436,4.5,UPPER,ASSUMED_MOCK,2.64746,0.9748,0.2,TEAM_PLACEHOLDER_v0_UNVALIDATED,PASS,B_OK,False,Huber,b1-v0.3,b1-contract-0.6,SIH26170-MOCK-02
C0867,L017,CMOS_C,Output_Fall_Time_ns,ns,2.05886,2.04089,2.09879,,,NONE,,0.03993,1.939,1.78403,1.78912,0.12982,1.84436,4.5,UPPER,ASSUMED_MOCK,2.40121,0.8841,0.2,TEAM_PLACEHOLDER_v0_UNVALIDATED,PASS,B_OK,False,Huber,b1-v0.3,b1-contract-0.6,SIH26170-MOCK-02
C0868,L017,CMOS_C,Output_Fall_Time_ns,ns,1.66787,1.70271,1.73575,,,NONE,,0.06788,4.07,1.78403,1.78912,0.12982,1.84436,4.5,UPPER,ASSUMED_MOCK,2.76425,1.0178,0.2,TEAM_PLACEHOLDER_v0_UNVALIDATED,PASS,B_OK,False,Huber,b1-v0.3,b1-contract-0.6,SIH26170-MOCK-02
C0869,L017,CMOS_C,Output_Fall_Time_ns,ns,1.67657,1.70443,1.74164,,,NONE,,0.06507,3.881,1.78403,1.78912,0.12982,1.84436,4.5,UPPER,ASSUMED_MOCK,2.75836,1.0156,0.2,TEAM_PLACEHOLDER_v0_UNVALIDATED,PASS,B_OK,False,Huber,b1-v0.3,b1-contract-0.6,SIH26170-MOCK-02
C0870,L017,CMOS_C,Output_Fall_Time_ns,ns,1.88372,1.90067,1.94941,,,NONE,,0.06569,3.487,1.78403,1.78912,0.12982,1.84436,4.5,UPPER,ASSUMED_MOCK,2.55059,0.9391,0.2,TEAM_PLACEHOLDER_v0_UNVALIDATED,PASS,B_OK,False,Huber,b1-v0.3,b1-contract-0.6,SIH26170-MOCK-02
C0871,L017,CMOS_C,Output_Fall_Time_ns,ns,1.60871,1.60226,1.65774,,,NONE,,0.04903,3.048,1.78403,1.78912,0.12982,1.84436,4.5,UPPER,ASSUMED_MOCK,2.84226,1.0465,0.2,TEAM_PLACEHOLDER_v0_UNVALIDATED,PASS,B_OK,False,Huber,b1-v0.3,b1-contract-0.6,SIH26170-MOCK-02
C0872,L017,CMOS_C,Output_Fall_Time_ns,ns,1.75057,1.7404,1.79761,,,NONE,,0.04704,2.687,1.78403,1.78912,0.12982,1.84436,4.5,UPPER,ASSUMED_MOCK,2.70239,0.995,0.2,TEAM_PLACEHOLDER_v0_UNVALIDATED,PASS,B_OK,False,Huber,b1-v0.3,b1-contract-0.6,SIH26170-MOCK-02
C0873,L017,CMOS_C,Output_Fall_Time_ns,ns,1.79974,1.86222,1.89106,,,NONE,,0.09132,5.074,1.78403,1.78912,0.12982,1.84436,4.5,UPPER,ASSUMED_MOCK,2.60894,0.9606,0.2,TEAM_PLACEHOLDER_v0_UNVALIDATED,PASS,B_OK,False,Huber,b1-v0.3,b1-contract-0.6,SIH26170-MOCK-02
C0874,L017,CMOS_C,Output_Fall_Time_ns,ns,1.79278,1.78844,1.84322,,,NONE,,0.05044,2.814,1.78403,1.78912,0.12982,1.84436,4.5,UPPER,ASSUMED_MOCK,2.65678,0.9782,0.2,TEAM_PLACEHOLDER_v0_UNVALIDATED,PASS,B_OK,False,Huber,b1-v0.3,b1-contract-0.6,SIH26170-MOCK-02
C0875,L017,CMOS_C,Output_Fall_Time_ns,ns,1.88034,1.85043,1.91335,,,NONE,,0.03301,1.756,1.78403,1.78912,0.12982,1.84436,4.5,UPPER,ASSUMED_MOCK,2.58665,0.9524,0.2,TEAM_PLACEHOLDER_v0_UNVALIDATED,PASS,B_OK,False,Huber,b1-v0.3,b1-contract-0.6,SIH26170-MOCK-02
C0876,L017,CMOS_C,Output_Fall_Time_ns,ns,1.83615,1.82693,1.88359,,,NONE,,0.04744,2.584,1.78403,1.78912,0.12982,1.84436,4.5,UPPER,ASSUMED_MOCK,2.61641,0.9633,0.2,TEAM_PLACEHOLDER_v0_UNVALIDATED,PASS,B_OK,False,Huber,b1-v0.3,b1-contract-0.6,SIH26170-MOCK-02
C0877,L017,CMOS_C,Output_Fall_Time_ns,ns,1.64306,1.60375,1.67816,,,NONE,,0.0351,2.136,1.78403,1.78912,0.12982,1.84436,4.5,UPPER,ASSUMED_MOCK,2.82184,1.039,0.2,TEAM_PLACEHOLDER_v0_UNVALIDATED,PASS,B_OK,False,Huber,b1-v0.3,b1-contract-0.6,SIH26170-MOCK-02
C0878,L017,CMOS_C,Output_Fall_Time_ns,ns,1.89423,1.92628,1.9709,,,NONE,,0.07667,4.048,1.78403,1.78912,0.12982,1.84436,4.5,UPPER,ASSUMED_MOCK,2.5291,0.9312,0.2,TEAM_PLACEHOLDER_v0_UNVALIDATED,PASS,B_OK,False,Huber,b1-v0.3,b1-contract-0.6,SIH26170-MOCK-02
C0879,L017,CMOS_C,Output_Fall_Time_ns,ns,1.52598,1.50621,1.57162,,,NONE,,0.04564,2.991,1.78403,1.78912,0.12982,1.84436,4.5,UPPER,ASSUMED_MOCK,2.92838,1.0782,0.2,TEAM_PLACEHOLDER_v0_UNVALIDATED,PASS,B_OK,False,Huber,b1-v0.3,b1-contract-0.6,SIH26170-MOCK-02
C0880,L017,CMOS_C,Output_Fall_Time_ns,ns,1.69457,1.74282,1.77041,,,NONE,,0.07584,4.475,1.78403,1.78912,0.12982,1.84436,4.5,UPPER,ASSUMED_MOCK,2.72959,1.005,0.2,TEAM_PLACEHOLDER_v0_UNVALIDATED,PASS,B_OK,False,Huber,b1-v0.3,b1-contract-0.6,SIH26170-MOCK-02
C0881,L017,CMOS_C,Output_Fall_Time_ns,ns,1.66379,1.66871,1.71796,,,NONE,,0.05417,3.256,1.78403,1.78912,0.12982,1.84436,4.5,UPPER,ASSUMED_MOCK,2.78204,1.0243,0.2,TEAM_PLACEHOLDER_v0_UNVALIDATED,PASS,B_OK,False,Huber,b1-v0.3,b1-contract-0.6,SIH26170-MOCK-02
C0882,L017,CMOS_C,Output_Fall_Time_ns,ns,1.66906,1.6812,1.72661,,,NONE,,0.05755,3.448,1.78403,1.78912,0.12982,1.84436,4.5,UPPER,ASSUMED_MOCK,2.77339,1.0211,0.2,TEAM_PLACEHOLDER_v0_UNVALIDATED,PASS,B_OK,False,Huber,b1-v0.3,b1-contract-0.6,SIH26170-MOCK-02
C0883,L017,CMOS_C,Output_Fall_Time_ns,ns,1.7519,1.7504,1.80377,,,NONE,,0.05187,2.961,1.78403,1.78912,0.12982,1.84436,4.5,UPPER,ASSUMED_MOCK,2.69623,0.9927,0.2,TEAM_PLACEHOLDER_v0_UNVALIDATED,PASS,B_OK,False,Huber,b1-v0.3,b1-contract-0.6,SIH26170-MOCK-02
C0884,L017,CMOS_C,Output_Fall_Time_ns,ns,1.73556,1.77684,1.81037,,,NONE,,0.07481,4.31,1.78403,1.78912,0.12982,1.84436,4.5,UPPER,ASSUMED_MOCK,2.68963,0.9903,0.2,TEAM_PLACEHOLDER_v0_UNVALIDATED,PASS,B_OK,False,Huber,b1-v0.3,b1-contract-0.6,SIH26170-MOCK-02
C0885,L017,CMOS_C,Output_Fall_Time_ns,ns,1.63293,1.65611,1.69414,,,NONE,,0.06121,3.748,1.78403,1.78912,0.12982,1.84436,4.5,UPPER,ASSUMED_MOCK,2.80586,1.0331,0.2,TEAM_PLACEHOLDER_v0_UNVALIDATED,PASS,B_OK,False,Huber,b1-v0.3,b1-contract-0.6,SIH26170-MOCK-02
C0886,L017,CMOS_C,Output_Fall_Time_ns,ns,1.761,1.75967,1.81303,,,NONE,,0.05203,2.955,1.78403,1.78912,0.12982,1.84436,4.5,UPPER,ASSUMED_MOCK,2.68697,0.9893,0.2,TEAM_PLACEHOLDER_v0_UNVALIDATED,PASS,B_OK,False,Huber,b1-v0.3,b1-contract-0.6,SIH26170-MOCK-02
C0887,L018,CMOS_C,Output_Fall_Time_ns,ns,1.71062,1.69882,1.75785,,,NONE,,0.04723,2.761,1.70924,1.69289,0.12551,1.75258,4.5,UPPER,ASSUMED_MOCK,2.74215,0.9826,0.2,TEAM_PLACEHOLDER_v0_UNVALIDATED,PASS,B_OK,False,Huber,b1-v0.3,b1-contract-0.6,SIH26170-MOCK-02
C0888,L018,CMOS_C,Output_Fall_Time_ns,ns,1.71888,1.68105,1.75258,,,NONE,,0.0337,1.961,1.70924,1.69289,0.12551,1.75258,4.5,UPPER,ASSUMED_MOCK,2.74742,0.9845,0.2,TEAM_PLACEHOLDER_v0_UNVALIDATED,PASS,B_OK,False,Huber,b1-v0.3,b1-contract-0.6,SIH26170-MOCK-02
C0889,L018,CMOS_C,Output_Fall_Time_ns,ns,1.62908,1.59303,1.66672,,,NONE,,0.03764,2.311,1.70924,1.69289,0.12551,1.75258,4.5,UPPER,ASSUMED_MOCK,2.83328,1.0152,0.2,TEAM_PLACEHOLDER_v0_UNVALIDATED,PASS,B_OK,False,Huber,b1-v0.3,b1-contract-0.6,SIH26170-MOCK-02
C0890,L018,CMOS_C,Output_Fall_Time_ns,ns,1.67222,1.65647,1.71773,,,NONE,,0.04551,2.722,1.70924,1.69289,0.12551,1.75258,4.5,UPPER,ASSUMED_MOCK,2.78227,0.997,0.2,TEAM_PLACEHOLDER_v0_UNVALIDATED,PASS,B_OK,False,Huber,b1-v0.3,b1-contract-0.6,SIH26170-MOCK-02
C0891,L018,CMOS_C,Output_Fall_Time_ns,ns,1.68305,1.66722,1.72844,,,NONE,,0.04539,2.697,1.70924,1.69289,0.12551,1.75258,4.5,UPPER,ASSUMED_MOCK,2.77156,0.9931,0.2,TEAM_PLACEHOLDER_v0_UNVALIDATED,PASS,B_OK,False,Huber,b1-v0.3,b1-contract-0.6,SIH26170-MOCK-02
C0892,L018,CMOS_C,Output_Fall_Time_ns,ns,1.51979,1.55175,1.57874,,,NONE,,0.05895,3.879,1.70924,1.69289,0.12551,1.75258,4.5,UPPER,ASSUMED_MOCK,2.92126,1.0468,0.2,TEAM_PLACEHOLDER_v0_UNVALIDATED,PASS,B_OK,False,Huber,b1-v0.3,b1-contract-0.6,SIH26170-MOCK-02
C0893,L018,CMOS_C,Output_Fall_Time_ns,ns,1.69248,1.67583,1.73739,,,NONE,,0.04491,2.654,1.70924,1.69289,0.12551,1.75258,4.5,UPPER,ASSUMED_MOCK,2.76261,0.9899,0.2,TEAM_PLACEHOLDER_v0_UNVALIDATED,PASS,B_OK,False,Huber,b1-v0.3,b1-contract-0.6,SIH26170-MOCK-02
C0894,L018,CMOS_C,Output_Fall_Time_ns,ns,1.55327,1.5495,1.6035,,,NONE,,0.05023,3.234,1.70924,1.69289,0.12551,1.75258,4.5,UPPER,ASSUMED_MOCK,2.8965,1.0379,0.2,TEAM_PLACEHOLDER_v0_UNVALIDATED,PASS,B_OK,False,Huber,b1-v0.3,b1-contract-0.6,SIH26170-MOCK-02
C0895,L018,CMOS_C,Output_Fall_Time_ns,ns,1.62741,1.62546,1.67887,,,NONE,,0.05146,3.162,1.70924,1.69289,0.12551,1.75258,4.5,UPPER,ASSUMED_MOCK,2.82113,1.0109,0.2,TEAM_PLACEHOLDER_v0_UNVALIDATED,PASS,B_OK,False,Huber,b1-v0.3,b1-contract-0.6,SIH26170-MOCK-02
C0896,L018,CMOS_C,Output_Fall_Time_ns,ns,1.77203,1.73882,1.80671,,,NONE,,0.03468,1.957,1.70924,1.69289,0.12551,1.75258,4.5,UPPER,ASSUMED_MOCK,2.69329,0.9651,0.2,TEAM_PLACEHOLDER_v0_UNVALIDATED,PASS,B_OK,False,Huber,b1-v0.3,b1-contract-0.6,SIH26170-MOCK-02
C0897,L018,CMOS_C,Output_Fall_Time_ns,ns,1.66718,1.66203,1.71756,,,NONE,,0.05038,3.022,1.70924,1.69289,0.12551,1.75258,4.5,UPPER,ASSUMED_MOCK,2.78244,0.997,0.2,TEAM_PLACEHOLDER_v0_UNVALIDATED,PASS,B_OK,False,Huber,b1-v0.3,b1-contract-0.6,SIH26170-MOCK-02
C0898,L018,CMOS_C,Output_Fall_Time_ns,ns,1.74021,1.76005,1.8046,,,NONE,,0.06439,3.7,1.70924,1.69289,0.12551,1.75258,4.5,UPPER,ASSUMED_MOCK,2.6954,0.9658,0.2,TEAM_PLACEHOLDER_v0_UNVALIDATED,PASS,B_OK,False,Huber,b1-v0.3,b1-contract-0.6,SIH26170-MOCK-02
C0899,L018,CMOS_C,Output_Fall_Time_ns,ns,1.785,1.74351,1.81443,,,NONE,,0.02943,1.649,1.70924,1.69289,0.12551,1.75258,4.5,UPPER,ASSUMED_MOCK,2.68557,0.9623,0.2,TEAM_PLACEHOLDER_v0_UNVALIDATED,PASS,B_OK,False,Huber,b1-v0.3,b1-contract-0.6,SIH26170-MOCK-02
C0900,L018,CMOS_C,Output_Fall_Time_ns,ns,1.58537,1.60306,1.64324,,,NONE,,0.05787,3.65,1.70924,1.69289,0.12551,1.75258,4.5,UPPER,ASSUMED_MOCK,2.85676,1.0237,0.2,TEAM_PLACEHOLDER_v0_UNVALIDATED,PASS,B_OK,False,Huber,b1-v0.3,b1-contract-0.6,SIH26170-MOCK-02
C0901,L018,CMOS_C,Output_Fall_Time_ns,ns,1.60542,1.60817,1.65843,,,NONE,,0.05301,3.302,1.70924,1.69289,0.12551,1.75258,4.5,UPPER,ASSUMED_MOCK,2.84157,1.0182,0.2,TEAM_PLACEHOLDER_v0_UNVALIDATED,PASS,B_OK,False,Huber,b1-v0.3,b1-contract-0.6,SIH26170-MOCK-02
C0902,L018,CMOS_C,Output_Fall_Time_ns,ns,1.82148,1.81518,1.87204,,,NONE,,0.05056,2.776,1.70924,1.69289,0.12551,1.75258,4.5,UPPER,ASSUMED_MOCK,2.62796,0.9417,0.2,TEAM_PLACEHOLDER_v0_UNVALIDATED,PASS,B_OK,False,Huber,b1-v0.3,b1-contract-0.6,SIH26170-MOCK-02
C0903,L018,CMOS_C,Output_Fall_Time_ns,ns,1.92474,1.89128,1.9558,,,NONE,,0.03106,1.614,1.70924,1.69289,0.12551,1.75258,4.5,UPPER,ASSUMED_MOCK,2.5442,0.9117,0.2,TEAM_PLACEHOLDER_v0_UNVALIDATED,PASS,B_OK,False,Huber,b1-v0.3,b1-contract-0.6,SIH26170-MOCK-02
C0904,L018,CMOS_C,Output_Fall_Time_ns,ns,1.84603,1.88208,1.9247,,,NONE,,0.07867,4.262,1.70924,1.69289,0.12551,1.75258,4.5,UPPER,ASSUMED_MOCK,2.5753,0.9228,0.2,TEAM_PLACEHOLDER_v0_UNVALIDATED,PASS,B_OK,False,Huber,b1-v0.3,b1-contract-0.6,SIH26170-MOCK-02
C0905,L018,CMOS_C,Output_Fall_Time_ns,ns,1.70924,1.69765,1.75658,,,NONE,,0.04734,2.77,1.70924,1.69289,0.12551,1.75258,4.5,UPPER,ASSUMED_MOCK,2.74342,0.983,0.2,TEAM_PLACEHOLDER_v0_UNVALIDATED,PASS,B_OK,False,Huber,b1-v0.3,b1-contract-0.6,SIH26170-MOCK-02
C0906,L018,CMOS_C,Output_Fall_Time_ns,ns,1.78212,1.81149,1.8536,,,NONE,,0.07148,4.011,1.70924,1.69289,0.12551,1.75258,4.5,UPPER,ASSUMED_MOCK,2.6464,0.9483,0.2,TEAM_PLACEHOLDER_v0_UNVALIDATED,PASS,B_OK,False,Huber,b1-v0.3,b1-contract-0.6,SIH26170-MOCK-02
C0907,L018,CMOS_C,Output_Fall_Time_ns,ns,1.59054,1.66138,1.66737,,,NONE,,0.07683,4.83,1.70924,1.69289,0.12551,1.75258,4.5,UPPER,ASSUMED_MOCK,2.83263,1.015,0.2,TEAM_PLACEHOLDER_v0_UNVALIDATED,PASS,B_OK,False,Huber,b1-v0.3,b1-contract-0.6,SIH26170-MOCK-02
C0908,L018,CMOS_C,Output_Fall_Time_ns,ns,1.75573,2.01896,1.9575,,,NONE,,0.20177,11.492,1.70924,1.69289,0.12551,1.75258,4.5,UPPER,ASSUMED_MOCK,2.5425,0.911,0.2,TEAM_PLACEHOLDER_v0_UNVALIDATED,PASS,B_OK,False,Huber,b1-v0.3,b1-contract-0.6,SIH26170-MOCK-02
C0909,L018,CMOS_C,Output_Fall_Time_ns,ns,1.5989,1.61681,1.65734,,,NONE,,0.05844,3.655,1.70924,1.69289,0.12551,1.75258,4.5,UPPER,ASSUMED_MOCK,2.84266,1.0186,0.2,TEAM_PLACEHOLDER_v0_UNVALIDATED,PASS,B_OK,False,Huber,b1-v0.3,b1-contract-0.6,SIH26170-MOCK-02
C0910,L018,CMOS_C,Output_Fall_Time_ns,ns,1.76962,1.79744,1.83964,,,NONE,,0.07002,3.957,1.70924,1.69289,0.12551,1.75258,4.5,UPPER,ASSUMED_MOCK,2.66036,0.9533,0.2,TEAM_PLACEHOLDER_v0_UNVALIDATED,PASS,B_OK,False,Huber,b1-v0.3,b1-contract-0.6,SIH26170-MOCK-02
C0911,L018,CMOS_C,Output_Fall_Time_ns,ns,1.63425,1.66735,1.70024,,,NONE,,0.06599,4.038,1.70924,1.69289,0.12551,1.75258,4.5,UPPER,ASSUMED_MOCK,2.79976,1.0032,0.2,TEAM_PLACEHOLDER_v0_UNVALIDATED,PASS,B_OK,False,Huber,b1-v0.3,b1-contract-0.6,SIH26170-MOCK-02
C0912,L018,CMOS_C,Output_Fall_Time_ns,ns,1.51113,1.50788,1.56122,,,NONE,,0.05009,3.315,1.70924,1.69289,0.12551,1.75258,4.5,UPPER,ASSUMED_MOCK,2.93878,1.053,0.2,TEAM_PLACEHOLDER_v0_UNVALIDATED,PASS,B_OK,False,Huber,b1-v0.3,b1-contract-0.6,SIH26170-MOCK-02
C0913,L018,CMOS_C,Output_Fall_Time_ns,ns,1.71805,1.72983,1.77748,,,NONE,,0.05943,3.459,1.70924,1.69289,0.12551,1.75258,4.5,UPPER,ASSUMED_MOCK,2.72252,0.9755,0.2,TEAM_PLACEHOLDER_v0_UNVALIDATED,PASS,B_OK,False,Huber,b1-v0.3,b1-contract-0.6,SIH26170-MOCK-02
C0914,L018,CMOS_C,Output_Fall_Time_ns,ns,1.64207,1.66475,1.70408,,,NONE,,0.06201,3.777,1.70924,1.69289,0.12551,1.75258,4.5,UPPER,ASSUMED_MOCK,2.79592,1.0018,0.2,TEAM_PLACEHOLDER_v0_UNVALIDATED,PASS,B_OK,False,Huber,b1-v0.3,b1-contract-0.6,SIH26170-MOCK-02
C0915,L018,CMOS_C,Output_Fall_Time_ns,ns,1.64716,1.65709,1.70391,,,NONE,,0.05675,3.445,1.70924,1.69289,0.12551,1.75258,4.5,UPPER,ASSUMED_MOCK,2.79609,1.0019,0.2,TEAM_PLACEHOLDER_v0_UNVALIDATED,PASS,B_OK,False,Huber,b1-v0.3,b1-contract-0.6,SIH26170-MOCK-02
C0916,L018,CMOS_C,Output_Fall_Time_ns,ns,1.66748,1.67663,1.72437,,,NONE,,0.05689,3.412,1.70924,1.69289,0.12551,1.75258,4.5,UPPER,ASSUMED_MOCK,2.77563,0.9946,0.2,TEAM_PLACEHOLDER_v0_UNVALIDATED,PASS,B_OK,False,Huber,b1-v0.3,b1-contract-0.6,SIH26170-MOCK-02
C0917,L018,CMOS_C,Output_Fall_Time_ns,ns,1.76407,1.75864,1.81484,,,NONE,,0.05077,2.878,1.70924,1.69289,0.12551,1.75258,4.5,UPPER,ASSUMED_MOCK,2.68516,0.9622,0.2,TEAM_PLACEHOLDER_v0_UNVALIDATED,PASS,B_OK,False,Huber,b1-v0.3,b1-contract-0.6,SIH26170-MOCK-02
C0918,L018,CMOS_C,Output_Fall_Time_ns,ns,1.75638,1.73011,1.79537,,,NONE,,0.03899,2.22,1.70924,1.69289,0.12551,1.75258,4.5,UPPER,ASSUMED_MOCK,2.70463,0.9691,0.2,TEAM_PLACEHOLDER_v0_UNVALIDATED,PASS,B_OK,False,Huber,b1-v0.3,b1-contract-0.6,SIH26170-MOCK-02
C0919,L018,CMOS_C,Output_Fall_Time_ns,ns,1.76327,1.77794,1.82551,,,NONE,,0.06224,3.53,1.70924,1.69289,0.12551,1.75258,4.5,UPPER,ASSUMED_MOCK,2.67449,0.9583,0.2,TEAM_PLACEHOLDER_v0_UNVALIDATED,PASS,B_OK,False,Huber,b1-v0.3,b1-contract-0.6,SIH26170-MOCK-02
C0920,L018,CMOS_C,Output_Fall_Time_ns,ns,1.61977,1.62407,1.67362,,,NONE,,0.05385,3.324,1.70924,1.69289,0.12551,1.75258,4.5,UPPER,ASSUMED_MOCK,2.82638,1.0128,0.2,TEAM_PLACEHOLDER_v0_UNVALIDATED,PASS,B_OK,False,Huber,b1-v0.3,b1-contract-0.6,SIH26170-MOCK-02
C0921,L018,CMOS_C,Output_Fall_Time_ns,ns,1.61159,1.64579,1.67672,,,NONE,,0.06513,4.041,1.70924,1.69289,0.12551,1.75258,4.5,UPPER,ASSUMED_MOCK,2.82328,1.0117,0.2,TEAM_PLACEHOLDER_v0_UNVALIDATED,PASS,B_OK,False,Huber,b1-v0.3,b1-contract-0.6,SIH26170-MOCK-02
C0922,L018,CMOS_C,Output_Fall_Time_ns,ns,1.75204,1.72536,1.79088,,,NONE,,0.03884,2.217,1.70924,1.69289,0.12551,1.75258,4.5,UPPER,ASSUMED_MOCK,2.70912,0.9707,0.2,TEAM_PLACEHOLDER_v0_UNVALIDATED,PASS,B_OK,False,Huber,b1-v0.3,b1-contract-0.6,SIH26170-MOCK-02
C0923,L018,CMOS_C,Output_Fall_Time_ns,ns,1.96573,1.92737,1.99219,,,NONE,,0.02646,1.346,1.70924,1.69289,0.12551,1.75258,4.5,UPPER,ASSUMED_MOCK,2.50781,0.8986,0.2,TEAM_PLACEHOLDER_v0_UNVALIDATED,PASS,B_OK,False,Huber,b1-v0.3,b1-contract-0.6,SIH26170-MOCK-02
C0924,L018,CMOS_C,Output_Fall_Time_ns,ns,1.7276,1.73332,1.78407,,,NONE,,0.05647,3.269,1.70924,1.69289,0.12551,1.75258,4.5,UPPER,ASSUMED_MOCK,2.71593,0.9732,0.2,TEAM_PLACEHOLDER_v0_UNVALIDATED,PASS,B_OK,False,Huber,b1-v0.3,b1-contract-0.6,SIH26170-MOCK-02
C0925,L018,CMOS_C,Output_Fall_Time_ns,ns,1.64513,1.62439,1.68874,,,NONE,,0.04361,2.651,1.70924,1.69289,0.12551,1.75258,4.5,UPPER,ASSUMED_MOCK,2.81126,1.0073,0.2,TEAM_PLACEHOLDER_v0_UNVALIDATED,PASS,B_OK,False,Huber,b1-v0.3,b1-contract-0.6,SIH26170-MOCK-02
C0926,L018,CMOS_C,Output_Fall_Time_ns,ns,1.77594,1.75744,1.81913,,,NONE,,0.04319,2.432,1.70924,1.69289,0.12551,1.75258,4.5,UPPER,ASSUMED_MOCK,2.68087,0.9606,0.2,TEAM_PLACEHOLDER_v0_UNVALIDATED,PASS,B_OK,False,Huber,b1-v0.3,b1-contract-0.6,SIH26170-MOCK-02
C0927,L018,CMOS_C,Output_Fall_Time_ns,ns,1.72709,1.70486,1.76877,,,NONE,,0.04168,2.413,1.70924,1.69289,0.12551,1.75258,4.5,UPPER,ASSUMED_MOCK,2.73123,0.9787,0.2,TEAM_PLACEHOLDER_v0_UNVALIDATED,PASS,B_OK,False,Huber,b1-v0.3,b1-contract-0.6,SIH26170-MOCK-02
C0928,L018,CMOS_C,Output_Fall_Time_ns,ns,1.65341,1.69289,1.72325,,,NONE,,0.06984,4.224,1.70924,1.69289,0.12551,1.75258,4.5,UPPER,ASSUMED_MOCK,2.77675,0.995,0.2,TEAM_PLACEHOLDER_v0_UNVALIDATED,PASS,B_OK,False,Huber,b1-v0.3,b1-contract-0.6,SIH26170-MOCK-02
C0929,L018,CMOS_C,Output_Fall_Time_ns,ns,1.68697,1.66897,1.73128,,,NONE,,0.04431,2.627,1.70924,1.69289,0.12551,1.75258,4.5,UPPER,ASSUMED_MOCK,2.76872,0.9921,0.2,TEAM_PLACEHOLDER_v0_UNVALIDATED,PASS,B_OK,False,Huber,b1-v0.3,b1-contract-0.6,SIH26170-MOCK-02
C0930,L018,CMOS_C,Output_Fall_Time_ns,ns,1.74099,1.78411,1.8181,,,NONE,,0.07711,4.429,1.70924,1.69289,0.12551,1.75258,4.5,UPPER,ASSUMED_MOCK,2.6819,0.961,0.2,TEAM_PLACEHOLDER_v0_UNVALIDATED,PASS,B_OK,False,Huber,b1-v0.3,b1-contract-0.6,SIH26170-MOCK-02
C0931,L018,CMOS_C,Output_Fall_Time_ns,ns,1.66629,1.65855,1.71549,,,NONE,,0.0492,2.952,1.70924,1.69289,0.12551,1.75258,4.5,UPPER,ASSUMED_MOCK,2.78451,0.9978,0.2,TEAM_PLACEHOLDER_v0_UNVALIDATED,PASS,B_OK,False,Huber,b1-v0.3,b1-contract-0.6,SIH26170-MOCK-02
C0932,L018,CMOS_C,Output_Fall_Time_ns,ns,1.77519,1.78466,1.83473,,,NONE,,0.05954,3.354,1.70924,1.69289,0.12551,1.75258,4.5,UPPER,ASSUMED_MOCK,2.66527,0.955,0.2,TEAM_PLACEHOLDER_v0_UNVALIDATED,PASS,B_OK,False,Huber,b1-v0.3,b1-contract-0.6,SIH26170-MOCK-02
C0933,L018,CMOS_C,Output_Fall_Time_ns,ns,1.80372,1.81672,1.86607,,,NONE,,0.06235,3.457,1.70924,1.69289,0.12551,1.75258,4.5,UPPER,ASSUMED_MOCK,2.63393,0.9438,0.2,TEAM_PLACEHOLDER_v0_UNVALIDATED,PASS,B_OK,False,Huber,b1-v0.3,b1-contract-0.6,SIH26170-MOCK-02
